# basilosaurus_ad reconstructed from live game memory
v 0.00001 51.05593 -88.72409
v 0.00001 49.63711 -92.95184
v 5.75519 50.73366 -91.61969
v 5.91259 52.13022 -87.98314
v 2.20629 33.83964 -118.67366
v 5.84013 33.86556 -111.05431
v 0.00000 32.06696 -111.08160
v 0.00000 32.40574 -116.62541
v 6.68167 37.51317 -110.81998
v 8.79846 37.50817 -104.46182
v 8.45503 42.40955 -104.66643
v 6.58067 42.30700 -110.96947
v 10.49871 48.40201 -86.97067
v 9.78409 47.29883 -90.30458
v 10.14574 44.80364 -87.69753
v 10.48945 45.00441 -91.63203
v 14.44976 42.30646 -85.81860
v 12.58238 42.43340 -90.22000
v 13.62881 44.20551 -83.90799
v 12.24093 47.54850 -83.70287
v 18.93742 35.46271 -63.51449
v 18.21568 34.31465 -77.08478
v 18.58190 28.95300 -77.24205
v 20.06862 27.89979 -64.27826
v 10.23959 30.04937 -97.78055
v 8.84954 23.46074 -88.44690
v 13.86753 24.51224 -88.38586
v 10.60068 20.68590 -76.86987
v 16.07378 22.88932 -77.11258
v 2.18818 44.45633 -117.56813
v 3.42992 46.68492 -110.88159
v 0.00001 48.07625 -110.80916
v 0.00001 44.69162 -118.53748
v 0.00001 41.52614 -120.37439
v 2.73167 41.07751 -119.18822
v 2.46372 37.56370 -119.10832
v 8.33634 43.64867 143.84619
v 6.73884 42.61510 159.36392
v -0.00001 46.79872 159.07837
v -0.00001 48.88313 143.97505
v -0.00001 51.78721 126.66840
v 11.06580 44.66174 125.98766
v 13.43933 36.34438 143.85783
v 16.27618 36.29104 125.88696
v 11.05473 26.74944 125.98721
v 9.01121 29.11438 144.06638
v 0.00000 58.93368 -21.65417
v 0.00000 57.69691 -30.69548
v 12.69749 53.24128 -30.65800
v 13.10699 53.93830 -21.64961
v -0.00001 54.98357 105.32937
v -0.00001 55.60818 97.95876
v 9.21650 52.19763 98.31458
v 8.76272 51.36786 106.66491
v 32.32822 35.21638 -11.92057
v 24.70117 46.33691 -12.31609
v 23.42183 46.95309 -21.95858
v 30.25125 36.52551 -22.09681
v 10.88809 36.34423 159.33997
v 10.00281 47.40730 -87.19832
v 9.51781 46.50247 -89.46492
v 11.63160 45.00527 -87.58640
v 10.00221 45.17414 -90.61261
v 11.16576 43.28041 -89.06497
v 12.12757 43.30225 -86.36992
v 12.74668 44.20700 -84.37514
v 11.39936 46.79888 -84.30679
v 8.86849 51.71592 -71.01646
v 10.23276 49.49599 -61.72858
v 0.00001 52.61103 -60.96247
v 0.00001 54.24511 -70.02303
v 18.03019 29.46366 117.47464
v 16.27618 36.29104 125.88696
v 17.67254 35.24295 116.00755
v 10.21883 33.84322 -97.75365
v 15.15019 29.56416 -87.82230
v 13.81446 33.92559 -87.94063
v 22.04329 47.01902 -30.67838
v 27.08087 36.55581 -30.82166
v 19.15247 35.21635 108.86121
v 21.57701 31.98002 109.61777
v 20.35376 30.71112 113.66591
v 32.06566 31.68716 113.26682
v 33.51401 30.08656 108.62309
v 39.66821 29.63882 110.88901
v 38.38779 31.25178 115.25399
v 37.34501 30.26997 118.88273
v 30.64390 30.49568 117.50911
v 45.35589 29.87194 113.84131
v 47.61211 30.16496 117.79081
v 44.49866 30.84734 116.88152
v 43.79514 29.78351 118.80930
v 20.29890 29.22407 114.39224
v 21.56889 27.00254 109.16240
v 30.24009 29.25645 118.17281
v 37.05536 29.46147 119.69663
v 36.64534 28.20699 118.26595
v 44.46333 28.08890 116.87594
v 47.52232 28.35702 117.19151
v 45.09274 28.27911 114.46870
v 43.54800 29.23136 119.55548
v 47.43850 29.12844 119.02860
v 47.15616 28.40471 118.19776
v 43.99396 28.35999 118.70675
v 23.08031 29.22934 104.62270
v 22.41923 30.60689 105.45813
v 22.21455 33.05738 99.12400
v 47.43850 29.12844 119.02860
v 36.69810 27.94101 114.00085
v 40.00037 28.95345 109.96992
v 45.60008 29.06961 113.13461
v 45.60008 29.06961 113.13461
v 40.00037 28.95345 109.96992
v 39.11042 28.26592 111.01337
v 48.21098 29.01263 116.62514
v 0.00000 16.45663 -30.78690
v 0.00000 14.27147 -22.01578
v 21.86286 16.16183 -21.96212
v 21.39497 19.33645 -30.67167
v 48.64049 29.11029 118.07114
v 11.05473 26.74944 125.98721
v 12.16814 24.97034 117.00410
v 48.21098 29.01263 116.62514
v -0.00000 13.12467 -12.15685
v 22.13822 15.08136 -12.07346
v 22.13822 15.08136 -12.07346
v -0.00000 13.12467 -12.15685
v -0.00000 14.00302 -0.33430
v 20.94582 16.25305 -0.26130
v -0.00000 11.08768 34.82891
v -0.00000 13.29946 55.83507
v 19.67116 16.15989 55.81713
v 21.70093 14.10629 34.82732
v 7.89899 50.23443 116.81757
v 2.84514 60.07548 119.72862
v -0.00001 62.96589 115.37949
v -0.00001 54.93760 105.64674
v 15.19882 22.22638 99.15079
v 13.19510 23.70331 109.04735
v 33.85797 28.98812 107.85419
v 48.64049 29.11029 118.07114
v 22.41923 30.60689 105.45813
v 27.36872 30.09137 107.75880
v 26.21622 31.12789 111.56844
v 21.57701 31.98002 109.61777
v 25.10543 30.28068 114.54845
v 20.35376 30.71112 113.66591
v 24.93520 29.34824 115.08350
v 20.29890 29.22407 114.39224
v 27.60358 29.24665 107.02401
v 25.95660 27.85885 111.35313
v 27.60358 29.24665 107.02401
v 23.08031 29.22934 104.62270
v 21.56889 27.00254 109.16240
v 32.04362 27.90541 112.85354
v 33.85797 28.98812 107.85419
v 29.36067 30.74343 55.71675
v 32.17424 31.30001 34.93959
v 10.63327 53.07231 70.25295
v -0.00000 56.90438 70.24259
v -0.00000 58.63023 55.53421
v 11.98988 54.59989 55.52475
v 10.21883 33.84322 -97.75365
v 13.81446 33.92559 -87.94063
v 0.00000 27.92521 -87.27036
v 0.00000 30.43246 -97.51027
v 16.76766 19.60039 85.58506
v -0.00001 16.76889 85.58053
v -0.00001 19.46648 98.99131
v 24.56605 32.44820 85.58578
v -0.00001 21.09399 108.78543
v -0.00001 22.54683 117.09283
v 24.30932 45.04987 0.14568
v 24.70117 46.33691 -12.31609
v 32.32822 35.21638 -11.92057
v 31.32660 32.76233 -0.16495
v 25.43582 45.09859 34.96637
v 23.20546 44.79714 55.68224
v 17.87164 44.71622 98.55800
v 15.63019 44.76291 108.10826
v 25.67436 31.34069 70.10542
v 20.22889 44.33009 70.11736
v 13.71302 44.80613 115.93725
v 6.68167 37.51317 -110.81998
v 0.00001 41.59345 -110.99515
v 0.00001 41.69061 -104.69902
v 8.79846 37.50817 -104.46182
v 2.46372 37.56370 -119.10832
v 0.00001 38.56813 -118.90256
v 14.08284 21.66199 -64.97737
v 0.00000 55.39330 -40.50621
v 12.21866 51.53977 -40.46400
v 22.54754 37.19736 -40.84380
v 22.46634 28.69789 -41.41508
v 25.14524 27.32527 -33.21308
v 19.90581 46.35416 -40.47827
v 17.05222 44.74531 -62.61575
v 20.13933 37.18518 -51.69684
v 17.95711 45.49563 -51.48673
v 8.90218 36.34294 185.80362
v 9.09635 36.34404 172.78539
v 6.20797 31.81168 172.81537
v 6.88472 32.85911 185.69223
v 0.00000 59.06103 -12.26491
v 13.00023 54.07768 -12.22827
v 12.16164 52.92226 0.18582
v 0.00000 58.19699 0.28718
v 13.00023 54.07768 -12.22827
v 0.00000 59.06103 -12.26491
v 12.89782 55.49313 34.94439
v -0.00000 60.08890 34.96220
v 38.29748 26.39374 -22.07358
v 38.62023 24.56192 -17.20751
v 32.15977 26.11607 -16.78814
v 31.56612 27.38468 -22.22865
v 37.36908 25.04335 -27.64861
v 47.01080 23.87674 -27.98146
v 46.91660 25.40279 -21.97322
v 32.21647 22.00846 -15.22331
v 38.56808 21.42280 -15.76470
v 37.01810 20.52365 -22.02349
v 29.72906 20.61697 -22.14978
v 45.11801 20.43032 -21.92468
v 46.76731 21.77903 -29.36512
v 37.11743 21.98173 -29.32718
v 46.37379 23.00778 -16.61058
v 56.46947 25.12761 -19.92544
v 55.52441 22.43562 -12.84559
v 57.21935 23.16289 -26.83803
v 46.21278 20.83715 -15.28979
v 54.95961 20.01371 -11.67541
v 55.64922 19.54132 -20.40638
v 57.07965 21.33910 -28.40724
v 74.58244 21.21669 -7.69349
v 76.12846 23.22351 -13.59446
v 82.81268 21.42421 -10.62761
v 81.15964 20.74094 -6.94440
v 77.14807 21.65120 -19.67997
v 82.42327 21.29576 -15.04372
v 76.38980 18.70766 -14.10495
v 74.45419 18.78559 -6.53939
v 81.47501 18.92767 -5.70708
v 82.81755 18.37709 -11.14772
v 77.51028 19.96622 -21.05788
v 83.36706 19.86096 -15.89769
v 32.21647 22.00846 -15.22331
v 38.56808 21.42280 -15.76470
v 54.95961 20.01371 -11.67541
v 46.21278 20.83715 -15.28979
v 74.45419 18.78559 -6.53939
v 81.47501 18.92767 -5.70708
v 21.10383 39.44849 196.32651
v 22.25717 36.33569 195.52545
v 39.18739 35.14771 209.54675
v 38.58133 36.60411 210.76208
v 46.93974 34.06299 222.50150
v 46.56093 35.07530 223.12163
v 48.84226 34.04632 235.62091
v 85.63289 19.70858 -10.31256
v 85.63289 19.70858 -10.31256
v 33.91854 37.12070 217.47740
v 16.34177 39.36119 207.99770
v 43.50529 35.66220 226.47694
v 32.21647 22.00846 -15.22331
v 30.03608 22.96217 -10.42928
v 32.15977 26.11607 -16.78814
v 29.72906 20.61697 -22.14978
v 28.94762 22.18443 -28.82888
v 32.15977 26.11607 -16.78814
v 31.56612 27.38468 -22.22865
v 30.05806 26.20996 -27.42456
v 42.18752 35.87003 229.23366
v 32.24549 36.97002 222.42218
v 14.97248 38.42336 215.86409
v -0.00002 39.47174 213.11230
v -0.00002 40.98891 204.29549
v 20.73764 33.52930 196.61746
v 37.84152 33.73052 210.27138
v 46.02003 33.07592 223.24471
v 15.48686 33.49569 209.48372
v 32.42594 34.09218 218.24425
v 41.83141 34.51603 227.37988
v -0.00002 32.63204 196.74120
v -0.00002 33.30539 205.83658
v 42.18752 35.87003 229.23366
v 32.24549 36.97002 222.42218
v 14.97248 38.42336 215.86409
v -0.00002 39.47174 213.11230
v 21.11786 28.62619 -52.35868
v 0.00000 53.45251 -51.02777
v 11.10294 49.98050 -51.13136
v 15.48664 22.63787 -52.93193
v 0.00001 19.53100 -65.35188
v 0.00001 20.43854 -53.17451
v -0.00000 56.80867 85.54278
v 9.95182 52.80188 85.53636
v 17.06881 18.99786 70.08401
v -0.00000 16.10019 70.07942
v 19.29693 44.37955 85.53848
v 65.31096 21.83324 -9.70574
v 66.32128 24.66000 -17.07053
v 67.20512 22.26458 -23.94750
v 64.93044 19.30704 -8.62715
v 66.32315 19.12088 -17.72296
v 67.33945 20.50271 -25.60859
v 64.93044 19.30704 -8.62715
v 32.21647 22.00846 -15.22331
v 22.32431 14.12419 13.36365
v -0.00000 11.36111 13.32572
v 33.15928 31.73490 13.48400
v 26.25191 45.03470 13.57408
v 13.02061 55.01699 13.83365
v 0.00000 59.96795 13.88086
v 7.38136 30.71864 159.29559
v 5.69390 41.61659 172.74922
v -0.00002 44.91302 172.81082
v -0.00001 66.76371 120.61018
v 11.06580 44.66174 125.98766
v -0.00001 68.64423 124.13258
v 23.08031 29.22934 104.62270
v 6.37586 40.33158 185.81796
v -0.00002 43.18553 185.80377
v 18.21568 34.31465 -77.08478
v 0.00001 24.92858 -71.83551
v 4.06395 46.99209 -104.42058
v 7.75482 33.83976 -104.92549
v 0.00000 31.24972 -104.98441
v 2.33197 31.80658 -118.00679
v 0.00000 31.11585 -118.91745
v 0.00000 28.82555 -111.21599
v 5.76705 30.63904 -111.10822
v 5.84013 33.86556 -111.05431
v 2.20629 33.83964 -118.67366
v 0.00000 33.82531 -119.71292
v 7.75482 33.83976 -104.92549
v 7.29727 30.29810 -104.93193
v -0.00001 24.04432 126.03107
v -0.00001 24.04432 126.03107
v -0.00001 26.59958 144.07300
v -0.00001 28.22583 159.29694
v -0.00001 29.72920 172.75842
v -0.00001 31.30572 185.76944
v 4.69797 48.29330 -97.60065
v 10.85825 37.50316 -97.26479
v 0.00001 42.34940 -97.84032
v 0.00001 41.54783 -84.93602
v 13.57257 37.45486 -87.77461
v 13.57257 37.45486 -87.77461
v 10.32938 43.07375 -97.80078
v 10.85825 37.50316 -97.26479
v 18.21568 34.31465 -77.08478
v 0.00001 39.21899 -70.06874
v 16.94255 40.69083 -76.01886
v 15.20065 47.13808 -73.64763
v 7.26680 50.93335 -79.24930
v 6.88851 52.31271 -83.67915
v 17.01653 21.82389 -42.04230
v 0.00000 22.96014 -88.38881
v 0.00001 19.82173 -76.84181
v 0.00000 26.86080 -97.64154
v 0.00001 53.59063 -77.93495
v -0.00001 51.78721 126.66840
v -0.00001 51.89625 126.37939
v 0.00000 19.85553 -42.17382
v 0.00000 27.79707 -104.91632
v 0.00001 49.15515 -97.48311
v 0.00001 48.49150 -104.32559
v 0.00000 33.82531 -119.71292
v 0.00001 37.92890 -120.54070
v 0.00001 52.02422 -83.99197
v 0.00001 37.92890 -120.54070
v 0.00001 24.92858 -71.83551
v 5.21634 38.47107 -110.56389
v 3.75484 38.38350 -113.97231
v 3.58265 35.04441 -112.14261
v 3.69217 38.41885 -114.03162
v 2.32076 38.31913 -117.14558
v 2.18127 35.28928 -115.46387
v 2.35226 38.20369 -117.26740
v 0.49346 38.14172 -119.70633
v 0.90407 35.73550 -118.28181
v 6.53545 38.09323 -107.41219
v 5.07838 37.95254 -110.70134
v 4.97206 34.93421 -108.97612
v 7.90694 38.06091 -103.56985
v 6.67568 38.52218 -107.60559
v 6.64164 34.83204 -105.35707
v 9.00914 37.99878 -100.25374
v 8.00463 38.05754 -103.27309
v 8.21310 34.95084 -101.80942
v 10.42812 37.95160 -96.69495
v 9.32090 38.01833 -100.20935
v 9.22619 34.89192 -98.25134
v 11.52210 38.51304 -93.22357
v 10.39664 38.38003 -96.61655
v 10.28932 35.15805 -94.80919
v 12.75153 37.96986 -89.15906
v 11.50851 37.78723 -92.70770
v 11.27519 35.08381 -91.05164
v 14.11337 37.87757 -85.71866
v 12.77778 37.71592 -88.81319
v 12.80976 35.08570 -87.21297
v 15.07902 37.35566 -81.88805
v 13.85654 37.56243 -85.08659
v 13.75303 34.76495 -83.77850
v 9.90499 32.94450 -94.77995
v 11.03312 33.21407 -91.39531
v 10.17611 36.42397 -93.02904
v 8.87527 32.94450 -98.16101
v 9.69213 33.21407 -94.69453
v 8.98656 36.42397 -96.39401
v 11.30498 32.76942 -90.69685
v 12.43311 33.03899 -87.31221
v 11.57610 36.24888 -88.94594
v 13.01714 32.66738 -87.02571
v 14.14527 32.93695 -83.64107
v 13.28827 36.14685 -85.27480
v 7.51838 32.94451 -101.87167
v 8.64651 33.21407 -98.48703
v 7.78950 36.42397 -100.12077
v 6.67819 32.94452 -105.27847
v 7.80632 33.21408 -101.89383
v 6.94931 36.42398 -103.52756
v 5.71712 32.94452 -109.10060
v 6.84526 33.21408 -105.71593
v 5.98825 36.42398 -107.34966
v 4.55527 32.94452 -112.72842
v 5.68339 33.21409 -109.34378
v 4.82639 36.42398 -110.97752
v 2.73708 32.94452 -115.86349
v 4.30052 33.21409 -112.64314
v 3.23589 36.42398 -114.15958
v 0.99871 33.14713 -118.47906
v 2.65600 33.37299 -115.96385
v 1.60268 36.06247 -117.11444
v 30.05806 26.20996 -27.42456
v 28.94762 22.18443 -28.82888
v -0.00002 41.99750 196.19905
v -0.00001 60.85050 124.35881
v -5.91257 52.13022 -87.98314
v -5.75518 50.73366 -91.61969
v -2.20629 33.83964 -118.67366
v -5.84013 33.86556 -111.05431
v -6.68166 37.51317 -110.81998
v -6.58065 42.30700 -110.96947
v -8.45501 42.40955 -104.66643
v -8.79845 37.50817 -104.46182
v -10.49870 48.40201 -86.97067
v -10.14573 44.80364 -87.69753
v -9.78408 47.29883 -90.30458
v -10.48944 45.00441 -91.63203
v -14.44975 42.30646 -85.81860
v -12.58237 42.43340 -90.22000
v -13.62880 44.20551 -83.90799
v -12.24092 47.54850 -83.70287
v -18.93741 35.46271 -63.51450
v -20.06861 27.89979 -64.27826
v -18.58189 28.95300 -77.24205
v -18.21567 34.31465 -77.08478
v -10.23958 30.04937 -97.78055
v -13.86752 24.51224 -88.38586
v -8.84953 23.46074 -88.44690
v -16.07377 22.88932 -77.11258
v -10.60067 20.68590 -76.86987
v -2.18817 44.45633 -117.56813
v -3.42991 46.68492 -110.88159
v -2.73166 41.07751 -119.18822
v -2.46371 37.56370 -119.10832
v -8.33637 43.64867 143.84619
v -0.00001 48.88313 143.97505
v -0.00001 46.79872 159.07837
v -6.73887 42.61510 159.36392
v -11.06582 44.66174 125.98766
v -13.43935 36.34438 143.85783
v -9.01124 29.11438 144.06638
v -11.05475 26.74944 125.98721
v -16.27620 36.29105 125.88696
v -13.10698 53.93830 -21.64961
v -12.69748 53.24128 -30.65800
v -8.76274 51.36786 106.66491
v -9.21651 52.19763 98.31458
v -32.32822 35.21638 -11.92058
v -30.25124 36.52551 -22.09681
v -23.42183 46.95309 -21.95859
v -24.70116 46.33691 -12.31609
v -10.88812 36.34423 159.33997
v -10.00280 47.40730 -87.19832
v -11.63159 45.00527 -87.58640
v -9.51780 46.50247 -89.46492
v -10.00219 45.17414 -90.61261
v -11.16574 43.28041 -89.06497
v -12.12756 43.30225 -86.36992
v -12.74667 44.20700 -84.37514
v -11.39935 46.79888 -84.30679
v -8.86847 51.71592 -71.01646
v -10.23275 49.49599 -61.72858
v -18.03021 29.46366 117.47464
v -17.67256 35.24295 116.00755
v -16.27620 36.29105 125.88696
v -10.21882 33.84322 -97.75365
v -13.81445 33.92559 -87.94063
v -15.15018 29.56416 -87.82230
v -27.08087 36.55581 -30.82166
v -22.04329 47.01902 -30.67838
v -20.35378 30.71112 113.66591
v -21.57702 31.98002 109.61777
v -19.15248 35.21635 108.86121
v -32.06567 31.68716 113.26682
v -38.38780 31.25178 115.25397
v -39.66822 29.63882 110.88900
v -33.51402 30.08656 108.62308
v -30.64392 30.49569 117.50909
v -37.34503 30.26997 118.88271
v -45.35590 29.87194 113.84130
v -44.49868 30.84734 116.88151
v -47.61212 30.16496 117.79079
v -43.79516 29.78352 118.80928
v -21.56890 27.00255 109.16240
v -20.29891 29.22408 114.39224
v -30.24011 29.25646 118.17280
v -36.64536 28.20699 118.26592
v -37.05537 29.46148 119.69662
v -44.46335 28.08890 116.87592
v -45.09276 28.27911 114.46868
v -47.52234 28.35702 117.19149
v -43.54802 29.23137 119.55547
v -43.99398 28.36000 118.70673
v -47.15618 28.40471 118.19775
v -47.43851 29.12844 119.02859
v -23.08032 29.22934 104.62270
v -22.21456 33.05738 99.12400
v -22.41924 30.60690 105.45811
v -47.43851 29.12844 119.02859
v -36.69812 27.94101 114.00082
v -45.60010 29.06961 113.13459
v -40.00039 28.95345 109.96990
v -45.60010 29.06961 113.13459
v -39.11042 28.26592 111.01337
v -40.00039 28.95345 109.96990
v -48.21099 29.01263 116.62513
v -21.39496 19.33645 -30.67167
v -21.86286 16.16183 -21.96212
v -48.64051 29.11029 118.07113
v -11.05475 26.74944 125.98721
v -12.16815 24.97034 117.00410
v -48.21099 29.01263 116.62513
v -22.13822 15.08136 -12.07346
v -22.13822 15.08136 -12.07346
v -20.94582 16.25305 -0.26130
v -0.00000 14.00302 -0.33430
v -19.67117 16.15989 55.81713
v -0.00000 11.08768 34.82891
v -21.70094 14.10629 34.82732
v -7.89900 50.23443 116.81757
v -2.84515 60.07548 119.72862
v -15.19884 22.22638 99.15079
v -13.19512 23.70331 109.04735
v -33.85798 28.98812 107.85417
v -48.64051 29.11029 118.07113
v -22.41924 30.60690 105.45811
v -21.57702 31.98002 109.61777
v -26.21624 31.12789 111.56843
v -27.36873 30.09137 107.75880
v -20.35378 30.71112 113.66591
v -25.10545 30.28069 114.54845
v -20.29891 29.22408 114.39224
v -24.93522 29.34825 115.08349
v -27.60359 29.24665 107.02399
v -25.95662 27.85886 111.35312
v -21.56890 27.00255 109.16240
v -23.08032 29.22934 104.62270
v -27.60359 29.24665 107.02399
v -32.04364 27.90541 112.85353
v -33.85798 28.98812 107.85417
v -29.36068 30.74343 55.71675
v -32.17425 31.30002 34.93958
v -10.63327 53.07231 70.25295
v -11.98988 54.59989 55.52475
v -0.00000 58.63023 55.53421
v -10.21882 33.84322 -97.75365
v -13.81445 33.92559 -87.94063
v -16.76768 19.60039 85.58506
v -24.56606 32.44820 85.58578
v -24.30932 45.04987 0.14568
v -31.32660 32.76233 -0.16496
v -32.32822 35.21638 -11.92058
v -24.70116 46.33691 -12.31609
v -25.43582 45.09859 34.96637
v -23.20547 44.79714 55.68224
v -17.87165 44.71622 98.55800
v -15.63020 44.76291 108.10826
v -20.22890 44.33009 70.11736
v -25.67437 31.34069 70.10542
v -13.71304 44.80613 115.93725
v -6.68166 37.51317 -110.81998
v -8.79845 37.50817 -104.46182
v -2.46371 37.56370 -119.10832
v -14.08282 21.66199 -64.97737
v -12.21865 51.53977 -40.46400
v -25.14523 27.32527 -33.21308
v -22.46634 28.69789 -41.41508
v -22.54754 37.19736 -40.84380
v -19.90581 46.35416 -40.47827
v -17.05221 44.74531 -62.61575
v -17.95710 45.49563 -51.48674
v -20.13933 37.18518 -51.69685
v -8.90221 36.34294 185.80362
v -6.88475 32.85911 185.69223
v -6.20800 31.81167 172.81537
v -9.09638 36.34403 172.78539
v -12.16163 52.92226 0.18582
v -13.00023 54.07768 -12.22827
v -13.00023 54.07768 -12.22827
v -12.89782 55.49313 34.94439
v -0.00000 60.08890 34.96220
v -38.29748 26.39374 -22.07359
v -31.56612 27.38469 -22.22865
v -32.15977 26.11607 -16.78814
v -38.62023 24.56192 -17.20751
v -46.91660 25.40279 -21.97322
v -47.01080 23.87674 -27.98147
v -37.36908 25.04335 -27.64861
v -32.21647 22.00846 -15.22331
v -29.72906 20.61697 -22.14978
v -37.01810 20.52365 -22.02350
v -38.56808 21.42281 -15.76470
v -45.11801 20.43032 -21.92469
v -37.11743 21.98173 -29.32718
v -46.76730 21.77903 -29.36513
v -46.37379 23.00778 -16.61059
v -55.52441 22.43562 -12.84559
v -56.46947 25.12761 -19.92545
v -57.21934 23.16289 -26.83804
v -46.21278 20.83715 -15.28980
v -55.64922 19.54132 -20.40639
v -54.95961 20.01371 -11.67542
v -57.07965 21.33910 -28.40724
v -74.58244 21.21669 -7.69349
v -81.15964 20.74095 -6.94440
v -82.81268 21.42421 -10.62761
v -76.12846 23.22351 -13.59446
v -82.42328 21.29576 -15.04372
v -77.14807 21.65120 -19.67997
v -76.38981 18.70766 -14.10495
v -82.81755 18.37709 -11.14772
v -81.47501 18.92767 -5.70707
v -74.45419 18.78559 -6.53939
v -77.51028 19.96622 -21.05789
v -83.36707 19.86096 -15.89769
v -32.21647 22.00846 -15.22331
v -38.56808 21.42281 -15.76470
v -46.21278 20.83715 -15.28980
v -54.95961 20.01371 -11.67542
v -74.45419 18.78559 -6.53939
v -81.47501 18.92767 -5.70707
v -21.10386 39.44849 196.32654
v -38.58137 36.60411 210.76208
v -39.18744 35.14771 209.54678
v -22.25720 36.33569 195.52547
v -46.56097 35.07530 223.12166
v -46.93978 34.06299 222.50153
v -48.84230 34.04632 235.62094
v -85.63289 19.70858 -10.31255
v -85.63289 19.70858 -10.31255
v -16.34180 39.36118 207.99771
v -33.91858 37.12070 217.47743
v -43.50533 35.66220 226.47697
v -32.21647 22.00846 -15.22331
v -32.15977 26.11607 -16.78814
v -30.03608 22.96218 -10.42928
v -29.72906 20.61697 -22.14978
v -28.94761 22.18443 -28.82888
v -32.15977 26.11607 -16.78814
v -31.56612 27.38469 -22.22865
v -30.05806 26.20996 -27.42457
v -42.18756 35.87003 229.23369
v -32.24554 36.97002 222.42221
v -14.97251 38.42336 215.86411
v -20.73767 33.52930 196.61746
v -37.84156 33.73052 210.27141
v -46.02008 33.07592 223.24474
v -32.42598 34.09218 218.24428
v -15.48689 33.49569 209.48373
v -41.83146 34.51603 227.37991
v -42.18756 35.87003 229.23369
v -32.24554 36.97002 222.42221
v -14.97251 38.42336 215.86411
v -21.11785 28.62619 -52.35868
v -11.10294 49.98050 -51.13136
v -15.48663 22.63787 -52.93193
v -9.95183 52.80188 85.53636
v -17.06882 18.99786 70.08401
v -0.00000 16.10019 70.07942
v -19.29694 44.37955 85.53848
v -66.32129 24.66001 -17.07053
v -65.31096 21.83324 -9.70574
v -67.20512 22.26458 -23.94751
v -64.93044 19.30705 -8.62715
v -66.32315 19.12089 -17.72296
v -67.33945 20.50271 -25.60859
v -64.93044 19.30705 -8.62715
v -32.21647 22.00846 -15.22331
v -22.32431 14.12419 13.36365
v -0.00000 11.36111 13.32572
v -26.25191 45.03471 13.57408
v -33.15928 31.73491 13.48400
v -13.02061 55.01699 13.83365
v -7.38139 30.71864 159.29559
v -0.00002 44.91302 172.81082
v -5.69393 41.61659 172.74922
v -11.06582 44.66174 125.98766
v -23.08032 29.22934 104.62270
v -0.00002 43.18553 185.80377
v -6.37590 40.33158 185.81796
v -18.21567 34.31465 -77.08478
v -4.06394 46.99209 -104.42058
v -7.75482 33.83976 -104.92549
v -2.33196 31.80658 -118.00679
v -5.76705 30.63904 -111.10822
v -2.20629 33.83964 -118.67366
v -5.84013 33.86556 -111.05431
v -7.29726 30.29810 -104.93193
v -7.75482 33.83976 -104.92549
v -0.00001 26.59958 144.07300
v -0.00001 28.22583 159.29694
v -0.00001 29.72920 172.75842
v -0.00001 31.30572 185.76944
v -4.69796 48.29330 -97.60065
v -10.85824 37.50316 -97.26479
v -13.57256 37.45486 -87.77461
v -13.57256 37.45486 -87.77461
v -10.85824 37.50316 -97.26479
v -10.32937 43.07375 -97.80078
v -18.21567 34.31465 -77.08478
v -16.94254 40.69083 -76.01886
v -15.20064 47.13808 -73.64763
v -6.88850 52.31271 -83.67915
v -7.26679 50.93335 -79.24930
v -17.01653 21.82389 -42.04230
v -5.21633 38.47107 -110.56389
v -3.58263 35.04441 -112.14261
v -3.75483 38.38350 -113.97231
v -3.69216 38.41885 -114.03162
v -2.18126 35.28928 -115.46387
v -2.32074 38.31913 -117.14558
v -2.35225 38.20369 -117.26740
v -0.90405 35.73550 -118.28181
v -0.49345 38.14172 -119.70633
v -6.53544 38.09323 -107.41219
v -4.97205 34.93421 -108.97612
v -5.07837 37.95254 -110.70134
v -7.90693 38.06091 -103.56985
v -6.64163 34.83204 -105.35707
v -6.67566 38.52218 -107.60559
v -9.00913 37.99878 -100.25374
v -8.21309 34.95084 -101.80942
v -8.00462 38.05754 -103.27309
v -10.42811 37.95160 -96.69495
v -9.22618 34.89192 -98.25134
v -9.32089 38.01833 -100.20935
v -11.52209 38.51304 -93.22357
v -10.28931 35.15805 -94.80919
v -10.39662 38.38003 -96.61655
v -12.75152 37.96986 -89.15906
v -11.27518 35.08381 -91.05164
v -11.50850 37.78723 -92.70770
v -14.11336 37.87757 -85.71866
v -12.80975 35.08570 -87.21297
v -12.77777 37.71592 -88.81319
v -15.07901 37.35566 -81.88805
v -13.75302 34.76495 -83.77850
v -13.85652 37.56243 -85.08659
v -9.90498 32.94450 -94.77995
v -10.17610 36.42397 -93.02904
v -11.03311 33.21407 -91.39531
v -8.87526 32.94450 -98.16101
v -8.98655 36.42397 -96.39401
v -9.69212 33.21407 -94.69453
v -11.30497 32.76942 -90.69685
v -11.57609 36.24888 -88.94594
v -12.43310 33.03899 -87.31221
v -13.01713 32.66738 -87.02571
v -13.28826 36.14685 -85.27480
v -14.14526 32.93695 -83.64107
v -7.51837 32.94451 -101.87167
v -7.78949 36.42397 -100.12077
v -8.64650 33.21407 -98.48703
v -6.67818 32.94452 -105.27847
v -6.94930 36.42398 -103.52756
v -7.80631 33.21408 -101.89383
v -5.71712 32.94452 -109.10060
v -5.98824 36.42398 -107.34966
v -6.84525 33.21408 -105.71593
v -4.55526 32.94452 -112.72842
v -4.82638 36.42398 -110.97752
v -5.68339 33.21409 -109.34378
v -2.73707 32.94452 -115.86349
v -3.23589 36.42398 -114.15958
v -4.30052 33.21409 -112.64314
v -0.99871 33.14713 -118.47906
v -1.60267 36.06247 -117.11444
v -2.65600 33.37299 -115.96385
v -30.05806 26.20996 -27.42457
v -28.94761 22.18443 -28.82888
vt 0.173094 0.937522
vt 0.149960 0.927159
vt 0.168419 0.904256
vt 0.186838 0.911385
vt 0.494633 0.279196
vt 0.469783 0.213086
vt 0.520187 0.229793
vt 0.515685 0.254112
vt 0.077469 0.826474
vt 0.111147 0.826717
vt 0.109864 0.851341
vt 0.077634 0.850095
vt 0.197335 0.884978
vt 0.179649 0.879820
vt 0.193436 0.868331
vt 0.174343 0.866611
vt 0.208365 0.847779
vt 0.183921 0.850564
vt 0.217101 0.859817
vt 0.216636 0.879220
vt 0.320468 0.812664
vt 0.252209 0.802097
vt 0.256908 0.773355
vt 0.320618 0.771032
vt 0.154630 0.735425
vt 0.203180 0.711417
vt 0.207810 0.735704
vt 0.259180 0.710838
vt 0.260433 0.740457
vt 0.041074 0.864615
vt 0.073171 0.875556
vt 0.067387 0.892909
vt 0.030750 0.870868
vt 0.020662 0.854307
vt 0.034235 0.848301
vt 0.030541 0.831422
vt 0.769056 0.411108
vt 0.775100 0.493907
vt 0.731862 0.496542
vt 0.715771 0.416687
vt 0.694082 0.323790
vt 0.765002 0.311916
vt 0.815675 0.407038
vt 0.818351 0.308480
vt 0.877120 0.314028
vt 0.860324 0.412938
vt 0.529357 0.982799
vt 0.473469 0.975722
vt 0.482679 0.917916
vt 0.538889 0.925843
vt 0.592088 0.577303
vt 0.557069 0.585384
vt 0.549864 0.543054
vt 0.588298 0.535858
vt 0.606745 0.810589
vt 0.605086 0.871413
vt 0.548807 0.870188
vt 0.550326 0.815741
vt 0.815183 0.492348
vt 0.701839 0.919274
vt 0.682288 0.890752
vt 0.655143 0.915896
vt 0.653586 0.876309
vt 0.612667 0.895784
vt 0.613139 0.929699
vt 0.632689 0.954801
vt 0.677624 0.955661
vt 0.274594 0.912213
vt 0.322572 0.906646
vt 0.318992 0.960296
vt 0.272897 0.958046
vt 0.618525 0.419530
vt 0.660947 0.443615
vt 0.616024 0.447271
vt 0.148336 0.753673
vt 0.204345 0.760204
vt 0.193762 0.779653
vt 0.492413 0.867341
vt 0.499158 0.814778
vt 0.582889 0.451150
vt 0.582928 0.433788
vt 0.600049 0.427930
vt 0.761439 0.095192
vt 0.762804 0.033110
vt 0.847960 0.037521
vt 0.845802 0.096553
vt 0.846003 0.142664
vt 0.761575 0.149366
vt 0.926554 0.060465
vt 0.965131 0.102995
vt 0.924481 0.102121
vt 0.925658 0.133327
vt 0.602571 0.423000
vt 0.578611 0.422820
vt 0.760913 0.163907
vt 0.845918 0.154733
vt 0.839198 0.176392
vt 0.931562 0.198729
vt 0.970267 0.200229
vt 0.935200 0.231053
vt 0.928163 0.150841
vt 0.976260 0.173594
vt 0.967726 0.186105
vt 0.929948 0.172108
vt 0.562499 0.428800
vt 0.565135 0.430907
vt 0.538064 0.440603
vt 0.973713 0.122124
vt 0.831579 0.228036
vt 0.849706 0.021827
vt 0.930489 0.046342
vt 0.942368 0.251426
vt 0.865268 0.285952
vt 0.855459 0.268631
vt 0.975495 0.083266
vt 0.470373 0.633869
vt 0.517083 0.619541
vt 0.548849 0.713832
vt 0.499676 0.728265
vt 0.989070 0.190273
vt 0.662414 0.394352
vt 0.621597 0.387831
vt 0.981397 0.209390
vt 0.569216 0.606451
vt 0.601531 0.704014
vt 0.031135 0.370088
vt 0.029354 0.273461
vt 0.082702 0.272696
vt 0.088301 0.367825
vt 0.249399 0.268862
vt 0.350684 0.278693
vt 0.341272 0.364639
vt 0.244741 0.361883
vt 0.637159 0.528341
vt 0.664628 0.573973
vt 0.648819 0.594645
vt 0.593585 0.576945
vt 0.540913 0.384312
vt 0.584895 0.383583
vt 0.764561 0.015093
vt 0.984213 0.102871
vt 0.612282 0.037454
vt 0.683447 0.046841
vt 0.683198 0.101434
vt 0.616877 0.095676
vt 0.682627 0.149411
vt 0.619512 0.152436
vt 0.684341 0.172404
vt 0.622479 0.172102
vt 0.684010 0.031617
vt 0.686863 0.231476
vt 0.697035 0.294991
vt 0.633590 0.314231
vt 0.623450 0.246689
vt 0.768421 0.232846
vt 0.780428 0.301493
vt 0.339808 0.440668
vt 0.245525 0.448139
vt 0.418461 0.562624
vt 0.430296 0.611346
vt 0.362175 0.625064
vt 0.352262 0.571054
vt 0.460527 0.162135
vt 0.453447 0.094127
vt 0.525929 0.109892
vt 0.522525 0.171884
vt 0.476404 0.375633
vt 0.489849 0.302901
vt 0.550699 0.317255
vt 0.474429 0.441183
vt 0.595016 0.326289
vt 0.633062 0.335032
vt 0.098048 0.528005
vt 0.038909 0.535188
vt 0.036327 0.475356
vt 0.090236 0.459569
vt 0.250846 0.511775
vt 0.345398 0.507074
vt 0.541216 0.494336
vt 0.585683 0.494257
vt 0.401150 0.439949
vt 0.408334 0.505442
vt 0.623145 0.492463
vt 0.549579 0.236628
vt 0.582366 0.243530
vt 0.586950 0.215432
vt 0.547306 0.206390
vt 0.554667 0.278352
vt 0.573312 0.279868
vt 0.316270 0.725297
vt 0.421662 0.972737
vt 0.432362 0.911846
vt 0.439571 0.816892
vt 0.438111 0.773609
vt 0.486047 0.770529
vt 0.437783 0.863513
vt 0.323480 0.862687
vt 0.381345 0.819789
vt 0.379680 0.866338
vt 0.812182 0.645586
vt 0.813350 0.567667
vt 0.841404 0.567165
vt 0.840035 0.637700
vt 0.050235 0.657627
vt 0.044703 0.596969
vt 0.104252 0.592999
vt 0.106907 0.651506
vt 0.594462 0.934293
vt 0.582670 0.987722
vt 0.261394 0.581392
vt 0.267767 0.639827
vt 0.376843 0.089046
vt 0.370880 0.053307
vt 0.420139 0.051495
vt 0.426772 0.090086
vt 0.383476 0.129404
vt 0.316003 0.131630
vt 0.314067 0.089552
vt 0.404832 0.256781
vt 0.358209 0.248517
vt 0.374754 0.206403
vt 0.428483 0.209903
vt 0.315360 0.202410
vt 0.315489 0.150257
vt 0.381776 0.155608
vt 0.311857 0.049417
vt 0.244573 0.084288
vt 0.240198 0.035087
vt 0.246382 0.130428
vt 0.299095 0.246043
vt 0.223996 0.257098
vt 0.238008 0.199390
vt 0.246552 0.145780
vt 0.095447 0.038733
vt 0.099879 0.079846
vt 0.047781 0.080811
vt 0.050271 0.052989
vt 0.104347 0.119643
vt 0.058311 0.108927
vt 0.083234 0.174328
vt 0.064201 0.224087
vt 0.017499 0.195740
vt 0.034674 0.159909
vt 0.104058 0.132854
vt 0.050199 0.124905
vt 0.412470 0.022271
vt 0.366663 0.029629
vt 0.242351 0.016413
vt 0.311024 0.031668
vt 0.089654 0.021189
vt 0.039901 0.041922
vt 0.788155 0.737633
vt 0.811716 0.737893
vt 0.810790 0.851999
vt 0.800003 0.855216
vt 0.811086 0.929159
vt 0.804573 0.930909
vt 0.812241 0.994483
vt 0.024116 0.084930
vt 0.013000 0.151430
vt 0.763667 0.871023
vt 0.725971 0.768741
vt 0.785624 0.941073
vt 0.013858 0.421451
vt 0.038597 0.418815
vt 0.011469 0.438825
vt 0.558366 0.754106
vt 0.524321 0.759206
vt 0.599832 0.772044
vt 0.552417 0.774715
vt 0.525900 0.771606
vt 0.776728 0.952796
vt 0.741919 0.889323
vt 0.691738 0.796681
vt 0.642189 0.728279
vt 0.675745 0.691546
vt 0.835074 0.738174
vt 0.819935 0.851627
vt 0.816885 0.930540
vt 0.903232 0.773239
vt 0.865331 0.870437
vt 0.842251 0.942208
vt 0.915944 0.663515
vt 0.951398 0.700404
vt 0.849289 0.953035
vt 0.883490 0.891736
vt 0.936614 0.802686
vt 0.988878 0.737211
vt 0.380261 0.772661
vt 0.366587 0.968023
vt 0.375517 0.910180
vt 0.375272 0.727476
vt 0.307233 0.654851
vt 0.363207 0.649801
vt 0.500117 0.598352
vt 0.490437 0.552260
vt 0.406170 0.367957
vt 0.419104 0.289927
vt 0.481108 0.498070
vt 0.164555 0.030406
vt 0.172726 0.080533
vt 0.176758 0.126476
vt 0.138891 0.249435
vt 0.158846 0.190563
vt 0.176932 0.141402
vt 0.163353 0.011559
vt 0.597497 0.761409
vt 0.147646 0.365166
vt 0.146869 0.268874
vt 0.149524 0.452980
vt 0.154925 0.517984
vt 0.163787 0.589201
vt 0.169653 0.649797
vt 0.849158 0.494542
vt 0.780752 0.566607
vt 0.745414 0.566706
vt 0.676860 0.603598
vt 0.668973 0.487412
vt 0.694522 0.607187
vt 0.619650 0.015848
vt 0.785516 0.642063
vt 0.751136 0.626752
vt 0.443076 0.032035
vt 0.523344 0.039537
vt 0.104432 0.882172
vt 0.465155 0.187611
vt 0.523624 0.201662
vt 0.048969 0.723741
vt 0.040077 0.714331
vt 0.077634 0.697527
vt 0.085507 0.725847
vt 0.083390 0.741655
vt 0.042429 0.732386
vt 0.031773 0.726206
vt 0.114058 0.744788
vt 0.116493 0.727016
vt 0.673192 0.345042
vt 0.937631 0.327751
vt 0.911041 0.422964
vt 0.891955 0.502139
vt 0.874703 0.569731
vt 0.873522 0.629134
vt 0.138088 0.892601
vt 0.545762 0.172433
vt 0.593113 0.179414
vt 0.601317 0.126922
vt 0.544482 0.121168
vt 0.196012 0.824935
vt 0.145287 0.854852
vt 0.147895 0.826806
vt 0.539139 0.050725
vt 0.597559 0.059664
vt 0.256790 0.837536
vt 0.267622 0.872079
vt 0.232407 0.912839
vt 0.208889 0.913067
vt 0.432100 0.729015
vt 0.193990 0.668971
vt 0.252507 0.658930
vt 0.146003 0.682527
vt 0.232091 0.951734
vt 0.695620 0.535831
vt 0.694402 0.536667
vt 0.418684 0.641719
vt 0.109788 0.689538
vt 0.129475 0.915418
vt 0.098152 0.902908
vt 0.509845 0.289371
vt 0.561077 0.301649
vt 0.199561 0.944977
vt 0.016555 0.836322
vt 0.585614 0.013492
vt 0.022234 0.978773
vt 0.034563 0.901952
vt 0.153547 0.963309
vt 0.022234 0.978773
vt 0.034563 0.901952
vt 0.153547 0.963309
vt 0.022234 0.978773
vt 0.034563 0.901952
vt 0.153547 0.963309
vt 0.022234 0.978773
vt 0.034563 0.901952
vt 0.153547 0.963309
vt 0.022234 0.978773
vt 0.034563 0.901952
vt 0.153547 0.963309
vt 0.022234 0.978773
vt 0.034563 0.901952
vt 0.153547 0.963309
vt 0.022234 0.978773
vt 0.034563 0.901952
vt 0.153547 0.963309
vt 0.022234 0.978773
vt 0.034563 0.901952
vt 0.153547 0.963309
vt 0.022234 0.978773
vt 0.034563 0.901952
vt 0.153547 0.963309
vt 0.022234 0.978773
vt 0.034563 0.901952
vt 0.153547 0.963309
vt 0.022234 0.978773
vt 0.034563 0.901952
vt 0.153547 0.963309
vt 0.022234 0.978773
vt 0.034563 0.901952
vt 0.153547 0.963309
vt 0.022234 0.978773
vt 0.034563 0.901952
vt 0.153547 0.963309
vt 0.022234 0.978773
vt 0.034563 0.901952
vt 0.153547 0.963309
vt 0.022234 0.978773
vt 0.034563 0.901952
vt 0.153547 0.963309
vt 0.022234 0.978773
vt 0.034563 0.901952
vt 0.153547 0.963309
vt 0.022234 0.978773
vt 0.034563 0.901952
vt 0.153547 0.963309
vt 0.022234 0.978773
vt 0.034563 0.901952
vt 0.153547 0.963309
vt 0.022234 0.978773
vt 0.034563 0.901952
vt 0.153547 0.963309
vt 0.022234 0.978773
vt 0.034563 0.901952
vt 0.153547 0.963309
vt 0.022234 0.978773
vt 0.034563 0.901952
vt 0.153547 0.963309
vt 0.437151 0.128912
vt 0.440309 0.161767
vt 0.708612 0.658283
vt 0.689327 0.574303
vt 0.186838 0.911385
vt 0.168419 0.904256
vt 0.494633 0.279196
vt 0.469783 0.213086
vt 0.077469 0.826474
vt 0.077634 0.850095
vt 0.109864 0.851341
vt 0.111147 0.826717
vt 0.197335 0.884978
vt 0.193436 0.868331
vt 0.179649 0.879820
vt 0.174343 0.866611
vt 0.208365 0.847779
vt 0.183921 0.850564
vt 0.217101 0.859817
vt 0.216636 0.879220
vt 0.320468 0.812664
vt 0.320618 0.771032
vt 0.256908 0.773355
vt 0.252209 0.802097
vt 0.154630 0.735425
vt 0.207810 0.735704
vt 0.203180 0.711417
vt 0.260433 0.740457
vt 0.259180 0.710838
vt 0.041074 0.864615
vt 0.073171 0.875556
vt 0.034235 0.848301
vt 0.030541 0.831422
vt 0.769284 0.411304
vt 0.715928 0.416678
vt 0.731787 0.496564
vt 0.775093 0.493936
vt 0.765002 0.311916
vt 0.815910 0.407067
vt 0.861038 0.412830
vt 0.877120 0.314028
vt 0.818351 0.308480
vt 0.538889 0.925843
vt 0.482679 0.917916
vt 0.588298 0.535858
vt 0.549895 0.543084
vt 0.606745 0.810589
vt 0.550326 0.815741
vt 0.548807 0.870188
vt 0.605086 0.871413
vt 0.814149 0.492416
vt 0.701839 0.919274
vt 0.655143 0.915896
vt 0.682288 0.890752
vt 0.653586 0.876309
vt 0.612667 0.895784
vt 0.613139 0.929699
vt 0.632689 0.954801
vt 0.677624 0.955661
vt 0.274594 0.912213
vt 0.322572 0.906646
vt 0.618525 0.419530
vt 0.616024 0.447271
vt 0.660947 0.443615
vt 0.148336 0.753673
vt 0.193762 0.779653
vt 0.204345 0.760204
vt 0.499158 0.814778
vt 0.492413 0.867341
vt 0.600049 0.427930
vt 0.582928 0.433788
vt 0.582889 0.451150
vt 0.761439 0.095192
vt 0.845802 0.096553
vt 0.847960 0.037521
vt 0.762804 0.033110
vt 0.761575 0.149366
vt 0.846003 0.142664
vt 0.926554 0.060465
vt 0.924481 0.102121
vt 0.965131 0.102995
vt 0.925658 0.133327
vt 0.578611 0.422820
vt 0.602571 0.423000
vt 0.760913 0.163907
vt 0.839198 0.176392
vt 0.845918 0.154733
vt 0.931562 0.198729
vt 0.935200 0.231053
vt 0.970267 0.200229
vt 0.928163 0.150841
vt 0.929948 0.172108
vt 0.967726 0.186105
vt 0.976260 0.173594
vt 0.562499 0.428800
vt 0.538170 0.440337
vt 0.565135 0.430907
vt 0.973713 0.122124
vt 0.831579 0.228036
vt 0.930489 0.046342
vt 0.849706 0.021827
vt 0.942368 0.251426
vt 0.855459 0.268631
vt 0.865268 0.285952
vt 0.975495 0.083266
vt 0.499676 0.728265
vt 0.548849 0.713832
vt 0.989070 0.190273
vt 0.662414 0.394352
vt 0.621597 0.387831
vt 0.981397 0.209390
vt 0.601531 0.704014
vt 0.031135 0.370088
vt 0.081571 0.368665
vt 0.082790 0.272701
vt 0.341272 0.364639
vt 0.249467 0.268934
vt 0.246742 0.362677
vt 0.637159 0.528341
vt 0.664628 0.573973
vt 0.540474 0.384185
vt 0.584895 0.383583
vt 0.764561 0.015093
vt 0.984213 0.102871
vt 0.612282 0.037454
vt 0.616877 0.095676
vt 0.683198 0.101434
vt 0.683447 0.046841
vt 0.619512 0.152436
vt 0.682627 0.149411
vt 0.622479 0.172102
vt 0.684341 0.172404
vt 0.684010 0.031617
vt 0.686863 0.231476
vt 0.623450 0.246689
vt 0.633590 0.314231
vt 0.697035 0.294991
vt 0.768421 0.232846
vt 0.780428 0.301493
vt 0.339808 0.440668
vt 0.245253 0.447166
vt 0.419631 0.562585
vt 0.352288 0.571178
vt 0.362713 0.624968
vt 0.460527 0.162135
vt 0.453447 0.094127
vt 0.476404 0.375633
vt 0.474429 0.441183
vt 0.097942 0.528145
vt 0.090766 0.459099
vt 0.036327 0.475356
vt 0.038909 0.535188
vt 0.250920 0.511582
vt 0.345398 0.507074
vt 0.541344 0.494356
vt 0.585683 0.494257
vt 0.408214 0.505257
vt 0.401196 0.439888
vt 0.623145 0.492463
vt 0.549579 0.236628
vt 0.547306 0.206390
vt 0.554667 0.278352
vt 0.316270 0.725297
vt 0.432362 0.911846
vt 0.486047 0.770529
vt 0.438111 0.773609
vt 0.439571 0.816892
vt 0.437783 0.863513
vt 0.323480 0.862687
vt 0.379680 0.866338
vt 0.381345 0.819789
vt 0.814903 0.647162
vt 0.837605 0.641232
vt 0.841538 0.567245
vt 0.814206 0.568040
vt 0.104214 0.592904
vt 0.044703 0.596969
vt 0.594462 0.934293
vt 0.261000 0.581910
vt 0.267263 0.640716
vt 0.376843 0.089046
vt 0.426772 0.090086
vt 0.420139 0.051495
vt 0.370880 0.053307
vt 0.314067 0.089552
vt 0.316003 0.131630
vt 0.383476 0.129404
vt 0.404832 0.256781
vt 0.428483 0.209903
vt 0.374754 0.206403
vt 0.358209 0.248517
vt 0.315360 0.202410
vt 0.381776 0.155608
vt 0.315489 0.150257
vt 0.311857 0.049417
vt 0.240198 0.035087
vt 0.244573 0.084288
vt 0.246382 0.130428
vt 0.299095 0.246043
vt 0.238008 0.199390
vt 0.223996 0.257098
vt 0.246552 0.145780
vt 0.095447 0.038733
vt 0.050271 0.052989
vt 0.047781 0.080811
vt 0.099879 0.079846
vt 0.058311 0.108927
vt 0.104347 0.119643
vt 0.083234 0.174328
vt 0.034674 0.159909
vt 0.017499 0.195740
vt 0.064201 0.224087
vt 0.104058 0.132854
vt 0.050199 0.124905
vt 0.412470 0.022271
vt 0.366663 0.029629
vt 0.311024 0.031668
vt 0.242351 0.016413
vt 0.089654 0.021189
vt 0.039901 0.041922
vt 0.788155 0.737633
vt 0.800003 0.855216
vt 0.810790 0.851999
vt 0.811716 0.737893
vt 0.804573 0.930909
vt 0.811086 0.929159
vt 0.812241 0.994483
vt 0.024116 0.084930
vt 0.013000 0.151430
vt 0.725971 0.768741
vt 0.763667 0.871023
vt 0.785624 0.941073
vt 0.013858 0.421451
vt 0.011469 0.438825
vt 0.038597 0.418815
vt 0.558366 0.754106
vt 0.524321 0.759206
vt 0.599832 0.772044
vt 0.552417 0.774715
vt 0.525900 0.771606
vt 0.776728 0.952796
vt 0.741919 0.889323
vt 0.691738 0.796681
vt 0.835074 0.738174
vt 0.819935 0.851627
vt 0.816885 0.930540
vt 0.865331 0.870437
vt 0.903232 0.773239
vt 0.842251 0.942208
vt 0.849289 0.953035
vt 0.883490 0.891736
vt 0.936614 0.802686
vt 0.380261 0.772661
vt 0.375517 0.910180
vt 0.375272 0.727476
vt 0.490437 0.552260
vt 0.406319 0.367535
vt 0.418328 0.289804
vt 0.481108 0.498070
vt 0.172726 0.080533
vt 0.164555 0.030406
vt 0.176758 0.126476
vt 0.138891 0.249435
vt 0.158846 0.190563
vt 0.176932 0.141402
vt 0.163353 0.011559
vt 0.597497 0.761409
vt 0.147386 0.365330
vt 0.146968 0.268875
vt 0.154925 0.517984
vt 0.149524 0.452980
vt 0.163787 0.589201
vt 0.849443 0.494285
vt 0.744785 0.566784
vt 0.780934 0.566933
vt 0.668973 0.487412
vt 0.619650 0.015848
vt 0.752875 0.627716
vt 0.787431 0.644712
vt 0.443076 0.032035
vt 0.104432 0.882172
vt 0.465155 0.187611
vt 0.048969 0.723741
vt 0.085507 0.725847
vt 0.042429 0.732386
vt 0.083390 0.741655
vt 0.116493 0.727016
vt 0.114058 0.744788
vt 0.910869 0.423012
vt 0.892251 0.502081
vt 0.878463 0.569008
vt 0.874819 0.624224
vt 0.138088 0.892601
vt 0.545762 0.172433
vt 0.544482 0.121168
vt 0.196012 0.824935
vt 0.147895 0.826806
vt 0.145287 0.854852
vt 0.539139 0.050725
vt 0.256790 0.837536
vt 0.267622 0.872079
vt 0.208889 0.913067
vt 0.232407 0.912839
vt 0.432100 0.729015
vt 0.022234 0.978773
vt 0.153547 0.963309
vt 0.034563 0.901952
vt 0.022234 0.978773
vt 0.153547 0.963309
vt 0.034563 0.901952
vt 0.022234 0.978773
vt 0.153547 0.963309
vt 0.034563 0.901952
vt 0.022234 0.978773
vt 0.153547 0.963309
vt 0.034563 0.901952
vt 0.022234 0.978773
vt 0.153547 0.963309
vt 0.034563 0.901952
vt 0.022234 0.978773
vt 0.153547 0.963309
vt 0.034563 0.901952
vt 0.022234 0.978773
vt 0.153547 0.963309
vt 0.034563 0.901952
vt 0.022234 0.978773
vt 0.153547 0.963309
vt 0.034563 0.901952
vt 0.022234 0.978773
vt 0.153547 0.963309
vt 0.034563 0.901952
vt 0.022234 0.978773
vt 0.153547 0.963309
vt 0.034563 0.901952
vt 0.022234 0.978773
vt 0.153547 0.963309
vt 0.034563 0.901952
vt 0.022234 0.978773
vt 0.153547 0.963309
vt 0.034563 0.901952
vt 0.022234 0.978773
vt 0.153547 0.963309
vt 0.034563 0.901952
vt 0.022234 0.978773
vt 0.153547 0.963309
vt 0.034563 0.901952
vt 0.022234 0.978773
vt 0.153547 0.963309
vt 0.034563 0.901952
vt 0.022234 0.978773
vt 0.153547 0.963309
vt 0.034563 0.901952
vt 0.022234 0.978773
vt 0.153547 0.963309
vt 0.034563 0.901952
vt 0.022234 0.978773
vt 0.153547 0.963309
vt 0.034563 0.901952
vt 0.022234 0.978773
vt 0.153547 0.963309
vt 0.034563 0.901952
vt 0.022234 0.978773
vt 0.153547 0.963309
vt 0.034563 0.901952
vt 0.022234 0.978773
vt 0.153547 0.963309
vt 0.034563 0.901952
vt 0.437151 0.128912
vt 0.440309 0.161767
vn 0.00000 0.95654 -0.29160
vn 0.00000 0.97691 -0.21364
vn 0.20057 0.92116 -0.33353
vn 0.30041 0.91793 -0.25916
vn -0.34057 0.91791 0.20361
vn -0.30021 0.94605 0.12195
vn 0.00000 0.99349 0.11390
vn 0.00000 0.96686 0.25529
vn 0.93551 0.02313 -0.35255
vn 0.95645 0.05805 -0.28605
vn 0.87822 0.39261 -0.27311
vn 0.88533 0.31776 -0.33943
vn 0.83401 0.46445 -0.29784
vn 0.83427 0.49392 -0.24504
vn 0.86327 0.42482 -0.27256
vn 0.88380 0.46656 -0.03497
vn 0.86100 0.39613 -0.31900
vn 0.89497 0.38430 -0.22657
vn 0.79204 0.49522 -0.35698
vn 0.80978 0.52931 -0.25316
vn 0.98019 0.17584 -0.09118
vn 0.96099 0.14083 -0.23805
vn 0.97406 -0.11299 -0.19606
vn 0.91930 -0.38881 -0.06100
vn 0.73540 -0.48066 -0.47765
vn 0.13585 -0.91596 -0.37758
vn 0.65592 -0.65238 -0.37969
vn 0.20959 -0.97013 -0.12216
vn 0.69883 -0.70543 -0.11836
vn 0.55920 0.66517 -0.49482
vn 0.55186 0.81107 -0.19397
vn 0.00000 0.95817 -0.28619
vn 0.00000 0.67151 -0.74099
vn 0.00000 0.28139 -0.95959
vn 0.61977 0.20715 -0.75695
vn 0.79699 -0.04566 -0.60226
vn 0.66621 0.73393 0.13233
vn 0.68909 0.71566 0.11397
vn 0.00000 0.99100 0.13387
vn 0.00000 0.98851 0.15112
vn 0.00000 0.96612 0.25807
vn 0.75450 0.63182 0.17756
vn 0.98515 0.03055 0.16896
vn 0.97454 0.05788 0.21663
vn 0.63246 -0.73330 0.24951
vn 0.59079 -0.79186 0.15467
vn 0.00000 0.99797 -0.06376
vn 0.00000 0.98290 -0.18412
vn 0.44658 0.88392 -0.13873
vn 0.47943 0.87583 -0.05537
vn -0.00000 0.99327 0.11586
vn 0.00000 0.99591 0.09034
vn 0.49203 0.86647 0.08445
vn 0.52049 0.84356 0.13225
vn 0.92470 0.38066 -0.00533
vn 0.70098 0.71278 0.02398
vn 0.73627 0.66868 -0.10375
vn 0.93305 0.29640 -0.20388
vn 0.98836 0.01947 0.15086
vn 0.75947 0.56663 -0.31959
vn 0.73333 0.56958 -0.37121
vn 0.86993 0.35666 -0.34061
vn 0.82345 0.37903 -0.42222
vn 0.91116 0.09718 -0.40044
vn 0.94431 0.04187 -0.32639
vn 0.93048 0.25950 -0.25859
vn 0.82740 0.51534 -0.22324
vn 0.43533 0.89957 0.03540
vn 0.43424 0.90077 -0.00746
vn 0.00000 0.99552 0.09453
vn -0.00000 0.99985 -0.01715
vn 0.78223 -0.44330 0.43772
vn 0.97454 0.05788 0.21663
vn 0.89746 0.36593 0.24630
vn 0.92406 0.09531 -0.37018
vn 0.92625 0.04037 -0.37474
vn 0.89757 0.26534 -0.35209
vn 0.75546 0.62843 -0.18534
vn 0.90835 0.20576 -0.36408
vn 0.87258 0.46453 0.15104
vn 0.62478 0.77085 0.12425
vn 0.49081 0.63015 0.60168
vn 0.00178 0.99966 -0.02582
vn 0.16622 0.79335 -0.58564
vn 0.18998 0.90127 -0.38939
vn 0.08284 0.99368 -0.07580
vn -0.02481 0.84424 0.53539
vn -0.25385 0.75100 0.60956
vn 0.34919 0.83720 -0.42090
vn 0.38627 0.88870 0.24698
vn 0.11034 0.98036 0.16345
vn 0.06692 0.82909 0.55510
vn 0.25688 -0.35796 0.89771
vn 0.39959 -0.89916 0.17842
vn -0.32266 -0.24810 0.91342
vn -0.08308 -0.21175 0.97379
vn -0.05492 -0.94762 0.31464
vn 0.04388 -0.99839 0.03586
vn 0.35371 -0.93332 -0.06162
vn 0.26038 -0.92981 -0.26010
vn 0.10130 0.19093 0.97636
vn 0.40366 -0.04843 0.91363
vn 0.20310 -0.88815 0.41225
vn 0.03075 -0.85929 0.51056
vn 0.79221 -0.30641 -0.52775
vn 0.64693 0.74326 -0.17039
vn 0.98589 0.15232 0.06947
vn 0.40366 -0.04843 0.91363
vn 0.01565 -0.99984 -0.00815
vn 0.39420 0.30379 -0.86736
vn 0.58841 -0.40750 -0.69837
vn 0.58841 -0.40750 -0.69837
vn 0.39420 0.30379 -0.86736
vn 0.10824 -0.96284 -0.24744
vn 0.86367 -0.11592 -0.49055
vn 0.00000 -0.95862 -0.28470
vn -0.00000 -0.98769 -0.15639
vn 0.25524 -0.93866 -0.23189
vn 0.44230 -0.72173 -0.53243
vn 0.87747 -0.37063 0.30443
vn 0.63246 -0.73330 0.24951
vn 0.33595 -0.92122 0.19619
vn 0.86367 -0.11592 -0.49055
vn -0.00000 -0.99978 -0.02082
vn 0.35671 -0.93297 0.04813
vn 0.35671 -0.93297 0.04813
vn -0.00000 -0.99978 -0.02082
vn -0.00000 -0.99907 -0.04312
vn 0.56065 -0.82548 0.06522
vn -0.00000 -0.99771 0.06764
vn -0.00000 -0.98497 0.17273
vn 0.44787 -0.87612 0.17839
vn 0.53949 -0.83939 0.06612
vn 0.70279 0.69609 0.14678
vn 0.93743 0.30638 0.16540
vn 0.00000 0.83622 -0.54840
vn 0.00000 0.99887 -0.04755
vn 0.55086 -0.83110 0.07629
vn 0.33528 -0.91191 0.23665
vn 0.17678 -0.54933 -0.81669
vn 0.87747 -0.37063 0.30443
vn 0.64693 0.74326 -0.17039
vn 0.18592 0.84403 -0.50304
vn 0.06585 0.99770 0.01612
vn 0.62478 0.77085 0.12425
vn -0.17542 0.79193 0.58487
vn 0.49081 0.63015 0.60168
vn -0.33041 -0.34665 0.87787
vn 0.25688 -0.35796 0.89771
vn 0.24595 -0.30078 -0.92143
vn 0.07597 -0.99613 0.04410
vn 0.24595 -0.30078 -0.92143
vn 0.79221 -0.30641 -0.52775
vn 0.39959 -0.89916 0.17842
vn -0.03795 -0.99928 0.00161
vn 0.17678 -0.54933 -0.81669
vn 0.97027 -0.15109 0.18909
vn 0.99657 -0.04360 0.07036
vn 0.49186 0.86769 0.07197
vn -0.00000 0.99811 0.06151
vn 0.00000 0.99550 0.09477
vn 0.53205 0.83955 0.10989
vn -0.33580 0.92884 0.15650
vn -0.38968 0.91170 0.13022
vn -0.00000 0.98395 0.17844
vn -0.00000 0.98816 0.15341
vn 0.54951 -0.82346 0.14124
vn -0.00000 -0.99553 0.09441
vn -0.00000 -0.98173 0.19027
vn 0.98902 -0.06971 0.13031
vn 0.00000 -0.98445 0.17567
vn 0.00000 -0.98566 0.16875
vn 0.70188 0.71213 0.01546
vn 0.70098 0.71278 0.02398
vn 0.92470 0.38066 -0.00533
vn 0.99722 -0.06449 0.03721
vn 0.78388 0.61792 0.06093
vn 0.79656 0.58824 0.13952
vn 0.81202 0.56593 0.14261
vn 0.81189 0.55420 0.18357
vn 0.98370 -0.09243 0.15424
vn 0.80867 0.57850 0.10678
vn 0.80836 0.55078 0.20784
vn -0.48913 -0.86136 0.13716
vn -0.00000 -0.97319 0.23000
vn 0.00000 -0.99586 0.09087
vn -0.42268 -0.89895 0.11499
vn -0.39184 -0.86518 0.31293
vn 0.00000 -0.93279 0.36043
vn 0.44131 -0.89717 0.01817
vn 0.00000 0.98070 -0.19553
vn 0.40746 0.89458 -0.18358
vn 0.94776 0.19809 -0.25001
vn 0.90375 -0.34397 -0.25479
vn 0.80251 -0.34405 -0.48745
vn 0.71277 0.67472 -0.19160
vn 0.83088 0.55444 -0.04720
vn 0.96886 0.19395 -0.15393
vn 0.79855 0.58320 -0.14899
vn 0.88844 -0.01115 -0.45885
vn 0.99565 0.00658 0.09290
vn 0.56708 -0.81991 0.07852
vn 0.45528 -0.88100 -0.12865
vn 0.00000 0.99833 0.05778
vn 0.47100 0.88122 0.04019
vn 0.44976 0.89312 -0.00750
vn 0.00000 0.99677 -0.08032
vn 0.47100 0.88122 0.04019
vn 0.00000 0.99833 0.05778
vn 0.47565 0.87903 0.03267
vn -0.00000 0.99947 0.03252
vn 0.15025 0.98533 0.08090
vn 0.14661 0.65733 0.73920
vn 0.87821 0.37273 0.29970
vn 0.68592 0.69545 -0.21415
vn 0.08886 0.79051 -0.60596
vn 0.10368 0.82035 -0.56238
vn 0.07033 0.99743 0.01390
vn 0.49746 -0.56791 0.65575
vn -0.01605 -0.46865 0.88324
vn -0.02716 -0.99945 -0.01888
vn 0.32788 -0.93567 -0.13043
vn -0.04238 -0.99655 -0.07135
vn 0.03342 -0.13531 -0.99024
vn -0.01625 -0.44954 -0.89311
vn -0.06434 0.75148 0.65661
vn 0.03161 0.99839 0.04715
vn -0.15978 0.79873 0.58009
vn 0.17132 0.83976 -0.51522
vn -0.21307 -0.70645 0.67493
vn -0.33981 -0.28992 0.89470
vn -0.05425 -0.99564 -0.07584
vn 0.12199 -0.35299 -0.92764
vn -0.04947 0.75726 0.65123
vn 0.14586 0.98459 0.09647
vn 0.29271 0.94240 0.16187
vn 0.20269 0.73441 0.64774
vn 0.35301 0.80392 -0.47864
vn 0.47727 0.84584 -0.23828
vn -0.01964 -0.99897 -0.04094
vn -0.14225 -0.21698 0.96576
vn 0.29709 -0.69463 0.65515
vn 0.20911 -0.97449 -0.08148
vn 0.32871 -0.74470 -0.58084
vn 0.79266 0.03395 -0.60872
vn 0.49746 -0.56791 0.65575
vn -0.01605 -0.46865 0.88324
vn -0.33981 -0.28992 0.89470
vn -0.21307 -0.70645 0.67493
vn -0.14225 -0.21698 0.96576
vn 0.29709 -0.69463 0.65515
vn 0.39340 0.83463 -0.38553
vn 0.59686 -0.22585 -0.76990
vn 0.74078 0.06159 -0.66892
vn 0.49670 0.82338 -0.27447
vn 0.90800 -0.14681 -0.39240
vn 0.48652 0.86664 -0.11062
vn 0.91867 0.09898 0.38244
vn 0.93203 0.31540 0.17846
vn 0.93203 0.31540 0.17846
vn 0.11331 0.99279 0.03903
vn 0.07569 0.99119 0.10869
vn 0.19517 0.98068 0.01357
vn 0.49746 -0.56791 0.65575
vn 0.84175 -0.43751 0.31629
vn 0.87821 0.37273 0.29970
vn 0.32788 -0.93567 -0.13043
vn 0.12347 -0.64601 -0.75328
vn 0.87821 0.37273 0.29970
vn 0.68592 0.69545 -0.21415
vn 0.46445 0.31668 -0.82704
vn -0.50336 0.44765 0.73908
vn -0.41573 0.32671 0.84878
vn -0.24759 0.28515 0.92595
vn 0.00000 0.27197 0.96230
vn -0.00000 0.98919 0.14665
vn 0.28671 -0.89785 -0.33416
vn 0.35535 -0.86349 -0.35793
vn 0.17494 -0.98395 -0.03509
vn -0.08959 -0.93731 0.33678
vn -0.22462 -0.92027 0.32040
vn -0.40736 -0.83268 0.37510
vn 0.00000 -0.99857 0.05351
vn 0.00000 -0.92611 0.37726
vn -0.50336 0.44765 0.73908
vn -0.41573 0.32671 0.84878
vn -0.24759 0.28515 0.92595
vn 0.00000 0.27197 0.96230
vn 0.97751 -0.17367 -0.11962
vn 0.00000 0.99366 -0.11246
vn 0.42346 0.89510 -0.13960
vn 0.51645 -0.85548 -0.03784
vn -0.00000 -0.99929 0.03755
vn 0.00000 -0.99970 -0.02445
vn 0.00000 0.99864 0.05211
vn 0.52879 0.84700 0.05451
vn 0.47611 -0.86522 0.15719
vn -0.00000 -0.99297 0.11837
vn 0.79270 0.60533 0.07215
vn -0.12697 0.74039 0.66008
vn 0.07670 0.99618 0.04178
vn 0.22131 0.85944 -0.46085
vn -0.22857 -0.53086 0.81606
vn -0.02019 -0.99703 -0.07438
vn 0.33343 -0.09871 -0.93759
vn -0.22857 -0.53086 0.81606
vn 0.49746 -0.56791 0.65575
vn 0.59277 -0.79942 -0.09773
vn -0.00000 -0.99776 -0.06692
vn 0.99836 -0.03497 -0.04543
vn 0.80777 0.58860 -0.03248
vn 0.50211 0.86123 -0.07850
vn -0.00000 0.99866 -0.05174
vn 0.60716 -0.78463 0.12537
vn 0.67703 0.73251 0.07110
vn -0.00000 0.99165 0.12893
vn 0.00000 0.84608 -0.53305
vn 0.75450 0.63182 0.17756
vn 0.00000 0.81025 0.58609
vn 0.79221 -0.30641 -0.52775
vn 0.52804 0.83620 -0.14814
vn -0.00000 0.99433 0.10630
vn -0.88420 0.02221 -0.46658
vn 0.00000 0.79804 -0.60260
vn 0.59601 0.78552 -0.16653
vn -0.31471 0.94345 0.10423
vn 0.00000 0.99318 0.11662
vn 0.56442 -0.62043 -0.54452
vn -0.00000 -0.57374 -0.81904
vn 0.00000 -0.96741 -0.25323
vn 0.73543 -0.58424 -0.34323
vn 0.94456 -0.05126 -0.32430
vn 0.69541 -0.16598 -0.69918
vn -0.00000 -0.28170 -0.95950
vn 0.93899 -0.07757 -0.33508
vn 0.74730 -0.61041 -0.26257
vn 0.00000 -0.98521 0.17134
vn 0.00000 -0.98521 0.17134
vn 0.00000 -0.99191 0.12694
vn 0.00000 -0.99405 0.10890
vn 0.00000 -0.99329 0.11564
vn 0.00000 -0.99467 0.10307
vn 0.49458 0.82360 -0.27763
vn -0.36454 -0.93011 0.04470
vn -0.00000 -0.99855 0.05379
vn 0.00000 -0.99741 -0.07196
vn -0.29499 -0.95491 -0.03357
vn 0.93450 0.01426 -0.35567
vn 0.88772 0.37791 -0.26295
vn 0.95916 0.06165 -0.27605
vn -0.88420 0.02221 -0.46658
vn -0.00000 -0.60492 -0.79629
vn 0.93332 0.32507 -0.15244
vn 0.79777 0.59237 -0.11255
vn 0.44973 0.89303 -0.01525
vn 0.40600 0.91318 -0.03565
vn 0.43698 -0.86469 -0.24773
vn 0.00000 -0.94533 -0.32610
vn 0.00000 -0.98396 -0.17840
vn 0.00000 -0.94930 -0.31438
vn 0.00000 0.99958 -0.02896
vn 0.00000 0.96612 0.25807
vn -0.00000 0.62579 0.77999
vn 0.00000 -0.98532 -0.17069
vn 0.00000 -0.98979 -0.14255
vn 0.00000 0.97904 -0.20366
vn -0.00000 0.99325 -0.11596
vn 0.00000 0.90857 0.41774
vn 0.00000 -0.93159 0.36352
vn 0.00000 0.98680 -0.16194
vn -0.00000 -0.00856 -0.99996
vn 0.00000 0.79804 -0.60260
vn 0.89175 -0.25197 -0.37590
vn 0.89175 -0.25197 -0.37590
vn 0.89175 -0.25197 -0.37590
vn 0.88825 -0.25352 -0.38307
vn 0.88825 -0.25352 -0.38307
vn 0.88825 -0.25352 -0.38307
vn 0.77931 -0.21540 -0.58846
vn 0.77931 -0.21540 -0.58846
vn 0.77931 -0.21540 -0.58846
vn 0.88911 -0.25033 -0.38316
vn 0.88911 -0.25033 -0.38316
vn 0.88911 -0.25033 -0.38316
vn 0.93159 -0.19538 -0.30655
vn 0.93159 -0.19538 -0.30655
vn 0.93159 -0.19538 -0.30655
vn 0.94489 -0.08548 -0.31602
vn 0.94489 -0.08548 -0.31602
vn 0.94489 -0.08548 -0.31602
vn 0.93045 -0.21432 -0.29721
vn 0.93045 -0.21432 -0.29721
vn 0.93045 -0.21432 -0.29721
vn 0.93226 -0.20012 -0.30139
vn 0.93226 -0.20012 -0.30139
vn 0.93226 -0.20012 -0.30139
vn 0.91383 -0.26655 -0.30638
vn 0.91383 -0.26655 -0.30638
vn 0.91383 -0.26655 -0.30638
vn 0.90006 -0.21846 -0.37705
vn 0.90006 -0.21846 -0.37705
vn 0.90006 -0.21846 -0.37705
vn 0.91031 -0.20249 -0.36101
vn 0.91031 -0.20249 -0.36101
vn 0.91031 -0.20249 -0.36101
vn 0.94286 0.08821 -0.32129
vn 0.94286 0.08821 -0.32129
vn 0.94286 0.08821 -0.32129
vn 0.96798 0.08837 -0.23497
vn 0.96798 0.08837 -0.23497
vn 0.96798 0.08837 -0.23497
vn 0.94286 0.08821 -0.32129
vn 0.94286 0.08821 -0.32129
vn 0.94286 0.08821 -0.32129
vn 0.94286 0.08821 -0.32129
vn 0.94286 0.08821 -0.32129
vn 0.94286 0.08821 -0.32129
vn 0.94286 0.08821 -0.32129
vn 0.94286 0.08821 -0.32129
vn 0.94286 0.08821 -0.32129
vn 0.94286 0.08821 -0.32129
vn 0.94286 0.08821 -0.32129
vn 0.94286 0.08821 -0.32129
vn 0.94286 0.08821 -0.32129
vn 0.94286 0.08821 -0.32129
vn 0.94286 0.08821 -0.32129
vn 0.94286 0.08821 -0.32129
vn 0.94286 0.08821 -0.32129
vn 0.94286 0.08821 -0.32129
vn 0.89319 0.08791 -0.44099
vn 0.89319 0.08791 -0.44099
vn 0.89319 0.08791 -0.44099
vn 0.82819 0.08754 -0.55356
vn 0.82819 0.08754 -0.55356
vn 0.82819 0.08754 -0.55356
vn 0.46445 0.31668 -0.82704
vn 0.12347 -0.64601 -0.75328
vn -0.00000 0.99870 0.05103
vn -0.00000 0.12488 0.99217
vn -0.30041 0.91793 -0.25916
vn -0.20057 0.92116 -0.33353
vn 0.34057 0.91791 0.20361
vn 0.30021 0.94605 0.12195
vn -0.93551 0.02313 -0.35255
vn -0.88533 0.31776 -0.33943
vn -0.87822 0.39261 -0.27311
vn -0.95645 0.05805 -0.28605
vn -0.83401 0.46445 -0.29784
vn -0.86327 0.42482 -0.27256
vn -0.83427 0.49392 -0.24504
vn -0.88380 0.46656 -0.03497
vn -0.86100 0.39613 -0.31900
vn -0.89497 0.38430 -0.22657
vn -0.79204 0.49522 -0.35698
vn -0.80978 0.52931 -0.25316
vn -0.98019 0.17584 -0.09118
vn -0.91930 -0.38881 -0.06100
vn -0.97406 -0.11299 -0.19606
vn -0.96099 0.14083 -0.23805
vn -0.73540 -0.48066 -0.47765
vn -0.65592 -0.65238 -0.37969
vn -0.13585 -0.91596 -0.37758
vn -0.69883 -0.70543 -0.11836
vn -0.20959 -0.97013 -0.12216
vn -0.55920 0.66517 -0.49482
vn -0.55186 0.81107 -0.19397
vn -0.61977 0.20715 -0.75695
vn -0.79699 -0.04566 -0.60226
vn -0.66621 0.73393 0.13233
vn 0.00000 0.98851 0.15112
vn 0.00000 0.99100 0.13387
vn -0.68909 0.71566 0.11397
vn -0.75450 0.63182 0.17756
vn -0.98515 0.03055 0.16896
vn -0.59079 -0.79186 0.15467
vn -0.63246 -0.73330 0.24951
vn -0.97454 0.05788 0.21663
vn -0.47943 0.87583 -0.05537
vn -0.44658 0.88392 -0.13873
vn -0.52049 0.84356 0.13225
vn -0.49203 0.86647 0.08445
vn -0.92470 0.38066 -0.00533
vn -0.93305 0.29640 -0.20388
vn -0.73627 0.66868 -0.10375
vn -0.70098 0.71278 0.02398
vn -0.98836 0.01947 0.15086
vn -0.75947 0.56663 -0.31959
vn -0.86993 0.35666 -0.34061
vn -0.73333 0.56958 -0.37121
vn -0.82345 0.37903 -0.42222
vn -0.91116 0.09718 -0.40044
vn -0.94431 0.04187 -0.32639
vn -0.93048 0.25950 -0.25859
vn -0.82740 0.51534 -0.22324
vn -0.43533 0.89957 0.03540
vn -0.43424 0.90077 -0.00746
vn -0.78223 -0.44330 0.43772
vn -0.89746 0.36593 0.24630
vn -0.97454 0.05788 0.21663
vn -0.92406 0.09531 -0.37018
vn -0.89757 0.26533 -0.35209
vn -0.92625 0.04037 -0.37474
vn -0.90835 0.20576 -0.36408
vn -0.75546 0.62843 -0.18534
vn -0.49081 0.63015 0.60168
vn -0.62479 0.77085 0.12425
vn -0.87259 0.46452 0.15104
vn -0.00178 0.99966 -0.02582
vn -0.08284 0.99368 -0.07580
vn -0.18997 0.90127 -0.38939
vn -0.16622 0.79335 -0.58564
vn 0.25385 0.75100 0.60956
vn 0.02481 0.84424 0.53539
vn -0.34919 0.83720 -0.42090
vn -0.11034 0.98036 0.16345
vn -0.38627 0.88870 0.24698
vn -0.06692 0.82909 0.55510
vn -0.39959 -0.89916 0.17842
vn -0.25688 -0.35796 0.89771
vn 0.32266 -0.24810 0.91342
vn 0.05492 -0.94762 0.31464
vn 0.08308 -0.21175 0.97379
vn -0.04388 -0.99839 0.03586
vn -0.26038 -0.92981 -0.26010
vn -0.35371 -0.93332 -0.06162
vn -0.10130 0.19093 0.97636
vn -0.03075 -0.85929 0.51056
vn -0.20310 -0.88815 0.41225
vn -0.40366 -0.04843 0.91363
vn -0.79221 -0.30641 -0.52775
vn -0.98589 0.15232 0.06947
vn -0.64693 0.74326 -0.17039
vn -0.40366 -0.04843 0.91363
vn -0.01565 -0.99984 -0.00815
vn -0.58841 -0.40750 -0.69837
vn -0.39420 0.30379 -0.86736
vn -0.58841 -0.40750 -0.69837
vn -0.10824 -0.96284 -0.24744
vn -0.39420 0.30379 -0.86736
vn -0.86367 -0.11592 -0.49055
vn -0.44230 -0.72173 -0.53243
vn -0.25524 -0.93866 -0.23189
vn -0.87747 -0.37063 0.30443
vn -0.63246 -0.73330 0.24951
vn -0.33595 -0.92122 0.19619
vn -0.86367 -0.11592 -0.49055
vn -0.35671 -0.93297 0.04813
vn -0.35671 -0.93297 0.04813
vn -0.56065 -0.82548 0.06522
vn -0.00000 -0.99907 -0.04312
vn -0.44787 -0.87612 0.17839
vn -0.00000 -0.99771 0.06764
vn -0.53949 -0.83939 0.06612
vn -0.70279 0.69609 0.14678
vn -0.93743 0.30638 0.16540
vn -0.55086 -0.83110 0.07629
vn -0.33528 -0.91191 0.23665
vn -0.17678 -0.54933 -0.81669
vn -0.87747 -0.37063 0.30443
vn -0.64693 0.74326 -0.17039
vn -0.62479 0.77085 0.12425
vn -0.06585 0.99770 0.01612
vn -0.18592 0.84403 -0.50304
vn -0.49081 0.63015 0.60168
vn 0.17542 0.79193 0.58487
vn -0.25688 -0.35796 0.89771
vn 0.33041 -0.34665 0.87787
vn -0.24595 -0.30078 -0.92143
vn -0.07597 -0.99613 0.04410
vn -0.39959 -0.89916 0.17842
vn -0.79221 -0.30641 -0.52775
vn -0.24595 -0.30078 -0.92143
vn 0.03795 -0.99928 0.00161
vn -0.17678 -0.54933 -0.81669
vn -0.97027 -0.15109 0.18909
vn -0.99657 -0.04360 0.07036
vn -0.49186 0.86769 0.07197
vn -0.53205 0.83955 0.10989
vn 0.00000 0.99550 0.09477
vn 0.33580 0.92884 0.15650
vn 0.38968 0.91170 0.13022
vn -0.54951 -0.82346 0.14124
vn -0.98902 -0.06971 0.13031
vn -0.70188 0.71213 0.01546
vn -0.99722 -0.06449 0.03721
vn -0.92470 0.38066 -0.00533
vn -0.70098 0.71278 0.02398
vn -0.78387 0.61792 0.06093
vn -0.79656 0.58824 0.13952
vn -0.81202 0.56593 0.14261
vn -0.81189 0.55420 0.18357
vn -0.80867 0.57850 0.10678
vn -0.98370 -0.09243 0.15424
vn -0.80836 0.55078 0.20784
vn 0.48913 -0.86136 0.13716
vn 0.42268 -0.89895 0.11499
vn 0.39184 -0.86518 0.31293
vn -0.44131 -0.89717 0.01818
vn -0.40746 0.89458 -0.18358
vn -0.80251 -0.34405 -0.48745
vn -0.90375 -0.34397 -0.25479
vn -0.94776 0.19809 -0.25001
vn -0.71277 0.67472 -0.19160
vn -0.83088 0.55444 -0.04720
vn -0.79855 0.58320 -0.14899
vn -0.96886 0.19395 -0.15393
vn -0.88844 -0.01115 -0.45885
vn -0.45528 -0.88100 -0.12865
vn -0.56708 -0.81991 0.07852
vn -0.99565 0.00657 0.09290
vn -0.44976 0.89312 -0.00750
vn -0.47100 0.88122 0.04019
vn -0.47100 0.88122 0.04019
vn -0.47565 0.87903 0.03267
vn -0.00000 0.99947 0.03252
vn -0.15025 0.98533 0.08090
vn -0.68592 0.69545 -0.21415
vn -0.87821 0.37273 0.29970
vn -0.14661 0.65733 0.73920
vn -0.07033 0.99743 0.01390
vn -0.10368 0.82035 -0.56238
vn -0.08886 0.79051 -0.60596
vn -0.49746 -0.56792 0.65575
vn -0.32788 -0.93567 -0.13043
vn 0.02716 -0.99945 -0.01888
vn 0.01605 -0.46865 0.88324
vn 0.04238 -0.99655 -0.07135
vn 0.01625 -0.44954 -0.89311
vn -0.03342 -0.13531 -0.99024
vn 0.06434 0.75148 0.65661
vn 0.15978 0.79873 0.58009
vn -0.03161 0.99839 0.04715
vn -0.17132 0.83976 -0.51522
vn 0.21307 -0.70645 0.67493
vn 0.05425 -0.99564 -0.07584
vn 0.33981 -0.28992 0.89470
vn -0.12199 -0.35299 -0.92764
vn 0.04947 0.75726 0.65123
vn -0.20269 0.73441 0.64774
vn -0.29271 0.94240 0.16187
vn -0.14586 0.98459 0.09647
vn -0.47727 0.84584 -0.23828
vn -0.35301 0.80392 -0.47864
vn 0.01964 -0.99897 -0.04094
vn -0.20911 -0.97449 -0.08148
vn -0.29709 -0.69463 0.65515
vn 0.14225 -0.21698 0.96576
vn -0.32871 -0.74470 -0.58084
vn -0.79266 0.03395 -0.60872
vn -0.49746 -0.56792 0.65575
vn 0.01605 -0.46865 0.88324
vn 0.21307 -0.70645 0.67493
vn 0.33981 -0.28992 0.89470
vn 0.14225 -0.21698 0.96576
vn -0.29709 -0.69463 0.65515
vn -0.39340 0.83463 -0.38553
vn -0.49671 0.82338 -0.27447
vn -0.74078 0.06159 -0.66892
vn -0.59686 -0.22585 -0.76990
vn -0.48652 0.86664 -0.11062
vn -0.90800 -0.14681 -0.39240
vn -0.91867 0.09898 0.38244
vn -0.93203 0.31540 0.17846
vn -0.93203 0.31540 0.17846
vn -0.07569 0.99119 0.10869
vn -0.11331 0.99279 0.03903
vn -0.19517 0.98068 0.01357
vn -0.49746 -0.56792 0.65575
vn -0.87821 0.37273 0.29970
vn -0.84175 -0.43751 0.31629
vn -0.32788 -0.93567 -0.13043
vn -0.12347 -0.64601 -0.75328
vn -0.87821 0.37273 0.29970
vn -0.68592 0.69545 -0.21415
vn -0.46445 0.31668 -0.82704
vn 0.50336 0.44764 0.73908
vn 0.41573 0.32671 0.84878
vn 0.24759 0.28515 0.92595
vn -0.28671 -0.89785 -0.33416
vn -0.35535 -0.86349 -0.35793
vn -0.17494 -0.98395 -0.03509
vn 0.22462 -0.92027 0.32040
vn 0.08959 -0.93731 0.33678
vn 0.40736 -0.83268 0.37510
vn 0.50336 0.44764 0.73908
vn 0.41573 0.32671 0.84878
vn 0.24759 0.28515 0.92595
vn -0.97751 -0.17367 -0.11962
vn -0.42346 0.89510 -0.13960
vn -0.51645 -0.85548 -0.03784
vn -0.52879 0.84700 0.05451
vn -0.47611 -0.86522 0.15719
vn -0.00000 -0.99297 0.11837
vn -0.79270 0.60533 0.07215
vn -0.07670 0.99618 0.04178
vn 0.12697 0.74039 0.66008
vn -0.22131 0.85944 -0.46085
vn 0.22857 -0.53086 0.81606
vn 0.02019 -0.99703 -0.07438
vn -0.33343 -0.09871 -0.93759
vn 0.22857 -0.53086 0.81606
vn -0.49746 -0.56792 0.65575
vn -0.59277 -0.79942 -0.09773
vn -0.00000 -0.99776 -0.06692
vn -0.80777 0.58860 -0.03248
vn -0.99836 -0.03497 -0.04543
vn -0.50211 0.86123 -0.07850
vn -0.60716 -0.78463 0.12537
vn -0.00000 0.99165 0.12893
vn -0.67703 0.73251 0.07110
vn -0.75450 0.63182 0.17756
vn -0.79221 -0.30641 -0.52775
vn -0.00000 0.99433 0.10630
vn -0.52804 0.83620 -0.14814
vn 0.88420 0.02221 -0.46658
vn -0.59601 0.78552 -0.16653
vn 0.31471 0.94345 0.10423
vn -0.56442 -0.62043 -0.54452
vn -0.73543 -0.58424 -0.34323
vn -0.69541 -0.16598 -0.69918
vn -0.94456 -0.05126 -0.32430
vn -0.74730 -0.61041 -0.26257
vn -0.93899 -0.07757 -0.33508
vn 0.00000 -0.99191 0.12694
vn 0.00000 -0.99405 0.10890
vn 0.00000 -0.99329 0.11564
vn 0.00000 -0.99467 0.10307
vn -0.49458 0.82360 -0.27763
vn 0.36454 -0.93011 0.04470
vn 0.29499 -0.95491 -0.03357
vn -0.93450 0.01426 -0.35567
vn -0.95916 0.06165 -0.27605
vn -0.88772 0.37791 -0.26295
vn 0.88420 0.02221 -0.46658
vn -0.93332 0.32507 -0.15244
vn -0.79777 0.59237 -0.11255
vn -0.40600 0.91318 -0.03565
vn -0.44973 0.89303 -0.01525
vn -0.43698 -0.86469 -0.24773
vn -0.89175 -0.25197 -0.37590
vn -0.89175 -0.25197 -0.37590
vn -0.89175 -0.25197 -0.37590
vn -0.88825 -0.25352 -0.38307
vn -0.88825 -0.25352 -0.38307
vn -0.88825 -0.25352 -0.38307
vn -0.77931 -0.21540 -0.58846
vn -0.77931 -0.21540 -0.58846
vn -0.77931 -0.21540 -0.58846
vn -0.88911 -0.25033 -0.38316
vn -0.88911 -0.25033 -0.38316
vn -0.88911 -0.25033 -0.38316
vn -0.93159 -0.19538 -0.30655
vn -0.93159 -0.19538 -0.30655
vn -0.93159 -0.19538 -0.30655
vn -0.94489 -0.08548 -0.31602
vn -0.94489 -0.08548 -0.31602
vn -0.94489 -0.08548 -0.31602
vn -0.93045 -0.21432 -0.29721
vn -0.93045 -0.21432 -0.29721
vn -0.93045 -0.21432 -0.29721
vn -0.93226 -0.20012 -0.30139
vn -0.93226 -0.20012 -0.30139
vn -0.93226 -0.20012 -0.30139
vn -0.91383 -0.26655 -0.30638
vn -0.91383 -0.26655 -0.30638
vn -0.91383 -0.26655 -0.30638
vn -0.90006 -0.21846 -0.37705
vn -0.90006 -0.21846 -0.37705
vn -0.90006 -0.21846 -0.37705
vn -0.91031 -0.20249 -0.36101
vn -0.91031 -0.20249 -0.36101
vn -0.91031 -0.20249 -0.36101
vn -0.94286 0.08821 -0.32129
vn -0.94286 0.08821 -0.32129
vn -0.94286 0.08821 -0.32129
vn -0.96798 0.08837 -0.23497
vn -0.96798 0.08837 -0.23497
vn -0.96798 0.08837 -0.23497
vn -0.94286 0.08821 -0.32129
vn -0.94286 0.08821 -0.32129
vn -0.94286 0.08821 -0.32129
vn -0.94286 0.08821 -0.32129
vn -0.94286 0.08821 -0.32129
vn -0.94286 0.08821 -0.32129
vn -0.94286 0.08821 -0.32129
vn -0.94286 0.08821 -0.32129
vn -0.94286 0.08821 -0.32129
vn -0.94286 0.08821 -0.32129
vn -0.94286 0.08821 -0.32129
vn -0.94286 0.08821 -0.32129
vn -0.94286 0.08821 -0.32129
vn -0.94286 0.08821 -0.32129
vn -0.94286 0.08821 -0.32129
vn -0.94286 0.08821 -0.32129
vn -0.94286 0.08821 -0.32129
vn -0.94286 0.08821 -0.32129
vn -0.89319 0.08791 -0.44099
vn -0.89319 0.08791 -0.44099
vn -0.89319 0.08791 -0.44099
vn -0.82819 0.08754 -0.55356
vn -0.82819 0.08754 -0.55356
vn -0.82819 0.08754 -0.55356
vn -0.46445 0.31668 -0.82704
vn -0.12347 -0.64601 -0.75328
f 248/248/248 249/249/249 226/226/226
f 226/226/226 228/228/228 248/248/248
f 227/227/227 228/228/228 226/226/226
f 247/247/247 213/213/213 226/226/226
f 226/226/226 249/249/249 247/247/247
f 213/213/213 247/247/247 246/246/246
f 246/246/246 214/214/214 213/213/213
f 438/438/438 322/322/322 321/321/321
f 321/321/321 252/252/252 438/438/438
f 438/438/438 252/252/252 262/262/262
f 261/261/261 262/262/262 252/252/252
f 252/252/252 255/255/255 261/261/261
f 254/254/254 255/255/255 252/252/252
f 252/252/252 253/253/253 254/254/254
f 253/253/253 277/277/277 278/278/278
f 278/278/278 254/254/254 253/253/253
f 256/256/256 254/254/254 278/278/278
f 255/255/255 254/254/254 256/256/256
f 261/261/261 255/255/255 257/257/257
f 256/256/256 257/257/257 255/255/255
f 279/279/279 258/258/258 256/256/256
f 278/278/278 279/279/279 256/256/256
f 257/257/257 256/256/256 258/258/258
f 679/679/679 680/680/680 682/682/682
f 659/659/659 658/658/658 680/680/680
f 680/680/680 679/679/679 659/659/659
f 658/658/658 659/659/659 656/656/656
f 656/656/656 659/659/659 607/607/607
f 607/607/607 659/659/659 679/679/679
f 608/608/608 679/679/679 283/283/283
f 283/283/283 679/679/679 683/683/683
f 682/682/682 683/683/683 679/679/679
f 679/679/679 608/608/608 607/607/607
f 607/607/607 714/714/714 656/656/656
f 710/710/710 714/714/714 607/607/607
f 607/607/607 610/610/610 710/710/710
f 609/609/609 610/610/610 607/607/607
f 607/607/607 608/608/608 609/609/609
f 283/283/283 727/727/727 608/608/608
f 609/609/609 608/608/608 727/727/727
f 727/727/727 726/726/726 609/609/609
f 641/641/641 640/640/640 642/642/642
f 640/640/640 641/641/641 638/638/638
f 638/638/638 639/639/639 640/640/640
f 639/639/639 638/638/638 654/654/654
f 654/654/654 655/655/655 639/639/639
f 701/701/701 654/654/654 638/638/638
f 638/638/638 696/696/696 701/701/701
f 696/696/696 638/638/638 641/641/641
f 653/653/653 701/701/701 696/696/696
f 696/696/696 631/631/631 653/653/653
f 631/631/631 696/696/696 695/695/695
f 641/641/641 695/695/695 696/696/696
f 653/653/653 631/631/631 630/630/630
f 630/630/630 652/652/652 653/653/653
f 695/695/695 632/632/632 631/631/631
f 630/630/630 631/631/631 632/632/632
f 632/632/632 695/695/695 697/697/697
f 651/651/651 652/652/652 630/630/630
f 630/630/630 619/619/619 651/651/651
f 650/650/650 651/651/651 619/619/619
f 619/619/619 618/618/618 650/650/650
f 259/259/259 251/251/251 237/237/237
f 236/236/236 237/237/237 234/234/234
f 234/234/234 235/235/235 236/236/236
f 300/300/300 301/301/301 235/235/235
f 235/235/235 234/234/234 300/300/300
f 302/302/302 301/301/301 227/227/227
f 228/228/228 227/227/227 301/301/301
f 301/301/301 300/300/300 228/228/228
f 248/248/248 228/228/228 300/300/300
f 300/300/300 306/306/306 248/248/248
f 306/306/306 300/300/300 234/234/234
f 234/234/234 250/250/250 306/306/306
f 250/250/250 234/234/234 237/237/237
f 237/237/237 251/251/251 250/250/250
f 185/185/185 184/184/184 188/188/188
f 186/186/186 187/187/187 184/184/184
f 184/184/184 185/185/185 186/186/186
f 185/185/185 189/189/189 597/597/597
f 597/597/597 595/595/595 185/185/185
f 186/186/186 185/185/185 595/595/595
f 188/188/188 189/189/189 185/185/185
f 189/189/189 188/188/188 369/369/369
f 189/189/189 369/369/369 597/597/597
f 595/595/595 596/596/596 186/186/186
f 345/345/345 186/186/186 596/596/596
f 187/187/187 186/186/186 345/345/345
f 368/368/368 5/5/5 8/8/8
f 7/7/7 8/8/8 5/5/5
f 5/5/5 6/6/6 7/7/7
f 368/368/368 8/8/8 442/442/442
f 442/442/442 8/8/8 7/7/7
f 443/443/443 7/7/7 327/327/327
f 7/7/7 443/443/443 442/442/442
f 327/327/327 7/7/7 6/6/6
f 6/6/6 326/326/326 327/327/327
f 717/717/717 327/327/327 166/166/166
f 327/327/327 717/717/717 443/443/443
f 166/166/166 327/327/327 326/326/326
f 326/326/326 163/163/163 166/166/166
f 166/166/166 580/580/580 717/717/717
f 580/580/580 166/166/166 165/165/165
f 165/165/165 166/166/166 163/163/163
f 163/163/163 164/164/164 165/165/165
f 165/165/165 324/324/324 715/715/715
f 715/715/715 581/581/581 165/165/165
f 165/165/165 581/581/581 580/580/580
f 165/165/165 164/164/164 323/323/323
f 323/323/323 324/324/324 165/165/165
f 514/514/514 535/535/535 536/536/536
f 511/511/511 510/510/510 536/536/536
f 536/536/536 558/558/558 511/511/511
f 568/568/568 563/563/563 511/511/511
f 511/511/511 558/558/558 568/568/568
f 563/563/563 568/568/568 712/712/712
f 712/712/712 560/560/560 563/563/563
f 562/562/562 563/563/563 560/560/560
f 560/560/560 561/561/561 562/562/562
f 562/562/562 561/561/561 564/564/564
f 559/559/559 540/540/540 516/516/516
f 533/533/533 559/559/559 516/516/516
f 528/528/528 543/543/543 529/529/529
f 528/528/528 525/525/525 543/543/543
f 662/662/662 667/667/667 676/676/676
f 667/667/667 662/662/662 660/660/660
f 660/660/660 662/662/662 661/661/661
f 657/657/657 660/660/660 661/661/661
f 661/661/661 658/658/658 657/657/657
f 656/656/656 657/657/657 658/658/658
f 681/681/681 661/661/661 662/662/662
f 661/661/661 681/681/681 680/680/680
f 680/680/680 658/658/658 661/661/661
f 662/662/662 685/685/685 684/684/684
f 684/684/684 681/681/681 662/662/662
f 681/681/681 684/684/684 682/682/682
f 682/682/682 680/680/680 681/681/681
f 89/89/89 85/85/85 110/110/110
f 110/110/110 85/85/85 84/84/84
f 84/84/84 140/140/140 110/110/110
f 150/150/150 140/140/140 84/84/84
f 84/84/84 143/143/143 150/150/150
f 320/320/320 150/150/150 143/143/143
f 143/143/143 142/142/142 320/320/320
f 142/142/142 143/143/143 144/144/144
f 144/144/144 145/145/145 142/142/142
f 147/147/147 145/145/145 144/144/144
f 141/141/141 90/90/90 115/115/115
f 108/108/108 90/90/90 141/141/141
f 103/103/103 102/102/102 120/120/120
f 103/103/103 120/120/120 99/99/99
f 120/120/120 123/123/123 99/99/99
f 100/100/100 99/99/99 123/123/123
f 123/123/123 112/112/112 100/100/100
f 114/114/114 100/100/100 112/112/112
f 112/112/112 113/113/113 114/114/114
f 114/114/114 113/113/113 156/156/156
f 543/543/543 525/525/525 546/546/546
f 546/546/546 525/525/525 524/524/524
f 524/524/524 537/537/537 546/546/546
f 537/537/537 524/524/524 538/538/538
f 538/538/538 539/539/539 537/537/537
f 538/538/538 574/574/574 539/539/539
f 38/38/38 59/59/59 201/201/201
f 46/46/46 314/314/314 59/59/59
f 314/314/314 46/46/46 339/339/339
f 46/46/46 45/45/45 338/338/338
f 338/338/338 339/339/339 46/46/46
f 202/202/202 314/314/314 340/340/340
f 339/339/339 340/340/340 314/314/314
f 314/314/314 202/202/202 201/201/201
f 315/315/315 201/201/201 200/200/200
f 201/201/201 315/315/315 38/38/38
f 200/200/200 201/201/201 202/202/202
f 342/342/342 203/203/203 202/202/202
f 202/202/202 341/341/341 342/342/342
f 340/340/340 341/341/341 202/202/202
f 202/202/202 203/203/203 200/200/200
f 252/252/252 321/321/321 200/200/200
f 200/200/200 253/253/253 252/252/252
f 200/200/200 321/321/321 315/315/315
f 200/200/200 203/203/203 277/277/277
f 277/277/277 253/253/253 200/200/200
f 322/322/322 316/316/316 315/315/315
f 315/315/315 321/321/321 322/322/322
f 38/38/38 315/315/315 316/316/316
f 316/316/316 39/39/39 38/38/38
f 146/146/146 144/144/144 83/83/83
f 83/83/83 88/88/88 146/146/146
f 83/83/83 144/144/144 143/143/143
f 143/143/143 84/84/84 83/83/83
f 87/87/87 88/88/88 83/83/83
f 83/83/83 86/86/86 87/87/87
f 85/85/85 86/86/86 83/83/83
f 83/83/83 84/84/84 85/85/85
f 148/148/148 146/146/146 88/88/88
f 149/149/149 147/147/147 146/146/146
f 146/146/146 148/148/148 149/149/149
f 144/144/144 146/146/146 147/147/147
f 565/565/565 512/512/512 508/508/508
f 508/508/508 562/562/562 565/565/565
f 508/508/508 511/511/511 563/563/563
f 563/563/563 562/562/562 508/508/508
f 513/513/513 509/509/509 508/508/508
f 508/508/508 512/512/512 513/513/513
f 510/510/510 511/511/511 508/508/508
f 508/508/508 509/509/509 510/510/510
f 512/512/512 565/565/565 567/567/567
f 566/566/566 567/567/567 565/565/565
f 565/565/565 564/564/564 566/566/566
f 564/564/564 565/565/565 562/562/562
f 131/131/131 298/298/298 297/297/297
f 297/297/297 132/132/132 131/131/131
f 133/133/133 132/132/132 157/157/157
f 157/157/157 158/158/158 133/133/133
f 132/132/132 133/133/133 130/130/130
f 130/130/130 131/131/131 132/132/132
f 309/309/309 130/130/130 133/133/133
f 133/133/133 308/308/308 309/309/309
f 308/308/308 133/133/133 158/158/158
f 158/158/158 310/310/310 308/308/308
f 311/311/311 310/310/310 158/158/158
f 308/308/308 310/310/310 176/176/176
f 176/176/176 129/129/129 308/308/308
f 128/128/128 309/309/309 308/308/308
f 308/308/308 129/129/129 128/128/128
f 176/176/176 310/310/310 311/311/311
f 311/311/311 173/173/173 176/176/176
f 266/266/266 265/265/265 176/176/176
f 176/176/176 175/175/175 266/266/266
f 265/265/265 129/129/129 176/176/176
f 175/175/175 176/176/176 173/173/173
f 265/265/265 126/126/126 129/129/129
f 128/128/128 129/129/129 126/126/126
f 126/126/126 127/127/127 128/128/128
f 264/264/264 126/126/126 265/265/265
f 264/264/264 265/265/265 266/266/266
f 550/550/550 127/127/127 548/548/548
f 548/548/548 549/549/549 550/550/550
f 670/670/670 549/549/549 548/548/548
f 668/668/668 670/670/670 548/548/548
f 670/670/670 585/585/585 549/549/549
f 585/585/585 670/670/670 669/669/669
f 668/668/668 669/669/669 670/670/670
f 669/669/669 586/586/586 585/585/585
f 173/173/173 174/174/174 175/175/175
f 205/205/205 174/174/174 173/173/173
f 216/216/216 212/212/212 215/215/215
f 226/226/226 213/213/213 212/212/212
f 212/212/212 218/218/218 226/226/226
f 217/217/217 218/218/218 212/212/212
f 212/212/212 216/216/216 217/217/217
f 214/214/214 215/215/215 212/212/212
f 212/212/212 213/213/213 214/214/214
f 225/225/225 216/216/216 436/436/436
f 215/215/215 436/436/436 216/216/216
f 216/216/216 225/225/225 224/224/224
f 224/224/224 217/217/217 216/216/216
f 233/233/233 229/229/229 217/217/217
f 617/617/617 616/616/616 622/622/622
f 630/630/630 620/620/620 616/616/616
f 616/616/616 619/619/619 630/630/630
f 621/621/621 622/622/622 616/616/616
f 616/616/616 620/620/620 621/621/621
f 618/618/618 619/619/619 616/616/616
f 616/616/616 617/617/617 618/618/618
f 622/622/622 803/803/803 617/617/617
f 803/803/803 622/622/622 628/628/628
f 622/622/622 621/621/621 629/629/629
f 629/629/629 628/628/628 622/622/622
f 637/637/637 629/629/629 621/621/621
f 275/275/275 276/276/276 262/262/262
f 275/275/275 678/678/678 665/665/665
f 665/665/665 276/276/276 275/275/275
f 438/438/438 276/276/276 665/665/665
f 438/438/438 656/656/656 714/714/714
f 714/714/714 713/713/713 438/438/438
f 665/665/665 656/656/656 438/438/438
f 666/666/666 665/665/665 678/678/678
f 656/656/656 665/665/665 666/666/666
f 678/678/678 677/677/677 666/666/666
f 666/666/666 677/677/677 676/676/676
f 676/676/676 667/667/667 666/666/666
f 660/660/660 657/657/657 666/666/666
f 666/666/666 667/667/667 660/660/660
f 666/666/666 657/657/657 656/656/656
f 459/459/459 735/735/735 456/456/456
f 738/738/738 495/495/495 736/736/736
f 736/736/736 604/604/604 456/456/456
f 604/604/604 736/736/736 495/495/495
f 361/361/361 738/738/738 737/737/737
f 71/71/71 495/495/495 738/738/738
f 738/738/738 361/361/361 71/71/71
f 495/495/495 496/496/496 604/604/604
f 70/70/70 496/496/496 495/495/495
f 495/495/495 71/71/71 70/70/70
f 605/605/605 604/604/604 496/496/496
f 606/606/606 456/456/456 604/604/604
f 604/604/604 605/605/605 606/606/606
f 290/290/290 689/689/689 496/496/496
f 496/496/496 70/70/70 290/290/290
f 496/496/496 689/689/689 605/605/605
f 290/290/290 70/70/70 69/69/69
f 70/70/70 71/71/71 68/68/68
f 178/178/178 157/157/157 181/181/181
f 157/157/157 178/178/178 177/177/177
f 312/312/312 311/311/311 177/177/177
f 158/158/158 177/177/177 311/311/311
f 177/177/177 158/158/158 157/157/157
f 312/312/312 206/206/206 173/173/173
f 173/173/173 311/311/311 312/312/312
f 207/207/207 206/206/206 312/312/312
f 312/312/312 313/313/313 207/207/207
f 614/614/614 707/707/707 313/313/313
f 313/313/313 615/615/615 614/614/614
f 207/207/207 313/313/313 707/707/707
f 707/707/707 611/611/611 207/207/207
f 204/204/204 207/207/207 611/611/611
f 206/206/206 207/207/207 204/204/204
f 173/173/173 206/206/206 205/205/205
f 168/168/168 693/693/693 692/692/692
f 692/692/692 582/582/582 168/168/168
f 583/583/583 593/593/593 592/592/592
f 593/593/593 583/583/583 582/582/582
f 589/589/589 592/592/592 593/593/593
f 169/169/169 168/168/168 582/582/582
f 168/168/168 167/167/167 297/297/297
f 297/297/297 298/298/298 168/168/168
f 167/167/167 168/168/168 169/169/169
f 169/169/169 138/138/138 167/167/167
f 167/167/167 170/170/170 181/181/181
f 181/181/181 297/297/297 167/167/167
f 170/170/170 167/167/167 138/138/138
f 297/297/297 181/181/181 157/157/157
f 157/157/157 132/132/132 297/297/297
f 337/337/337 172/172/172 545/545/545
f 171/171/171 557/557/557 545/545/545
f 545/545/545 172/172/172 171/171/171
f 556/556/556 557/557/557 171/171/171
f 518/518/518 557/557/557 556/556/556
f 556/556/556 530/530/530 518/518/518
f 171/171/171 169/169/169 556/556/556
f 556/556/556 582/582/582 583/583/583
f 583/583/583 531/531/531 556/556/556
f 582/582/582 556/556/556 169/169/169
f 530/530/530 556/556/556 531/531/531
f 171/171/171 139/139/139 138/138/138
f 138/138/138 169/169/169 171/171/171
f 171/171/171 172/172/172 122/122/122
f 567/567/567 520/520/520 512/512/512
f 513/513/513 512/512/512 520/520/520
f 567/567/567 569/569/569 573/573/573
f 573/573/573 520/520/520 567/567/567
f 569/569/569 567/567/567 566/566/566
f 566/566/566 570/570/570 569/569/569
f 573/573/573 569/569/569 572/572/572
f 571/571/571 572/572/572 569/569/569
f 569/569/569 570/570/570 571/571/571
f 572/572/572 574/574/574 573/573/573
f 538/538/538 534/534/534 573/573/573
f 573/573/573 574/574/574 538/538/538
f 573/573/573 534/534/534 521/521/521
f 521/521/521 520/520/520 573/573/573
f 520/520/520 522/522/522 513/513/513
f 520/520/520 521/521/521 522/522/522
f 522/522/522 521/521/521 527/527/527
f 521/521/521 534/534/534 523/523/523
f 523/523/523 527/527/527 521/521/521
f 523/523/523 534/534/534 538/538/538
f 523/523/523 525/525/525 528/528/528
f 538/538/538 524/524/524 523/523/523
f 528/528/528 527/527/527 523/523/523
f 523/523/523 524/524/524 525/525/525
f 88/88/88 95/95/95 148/148/148
f 95/95/95 88/88/88 87/87/87
f 148/148/148 95/95/95 155/155/155
f 155/155/155 151/151/151 148/148/148
f 149/149/149 148/148/148 151/151/151
f 151/151/151 154/154/154 149/149/149
f 152/152/152 151/151/151 155/155/155
f 153/153/153 154/154/154 151/151/151
f 151/151/151 152/152/152 153/153/153
f 155/155/155 156/156/156 152/152/152
f 114/114/114 156/156/156 155/155/155
f 155/155/155 109/109/109 114/114/114
f 155/155/155 95/95/95 97/97/97
f 97/97/97 109/109/109 155/155/155
f 87/87/87 96/96/96 95/95/95
f 95/95/95 96/96/96 97/97/97
f 104/104/104 97/97/97 96/96/96
f 97/97/97 104/104/104 98/98/98
f 98/98/98 109/109/109 97/97/97
f 114/114/114 109/109/109 98/98/98
f 98/98/98 103/103/103 99/99/99
f 98/98/98 100/100/100 114/114/114
f 103/103/103 98/98/98 104/104/104
f 98/98/98 99/99/99 100/100/100
f 68/68/68 69/69/69 70/70/70
f 71/71/71 361/361/361 355/355/355
f 355/355/355 68/68/68 71/71/71
f 356/356/356 355/355/355 361/361/361
f 355/355/355 20/20/20 354/354/354
f 354/354/354 68/68/68 355/355/355
f 20/20/20 355/355/355 356/356/356
f 68/68/68 354/354/354 197/197/197
f 197/197/197 69/69/69 68/68/68
f 69/69/69 291/291/291 290/290/290
f 199/199/199 291/291/291 69/69/69
f 69/69/69 197/197/197 199/199/199
f 21/21/21 197/197/197 354/354/354
f 198/198/198 199/199/199 197/197/197
f 197/197/197 21/21/21 198/198/198
f 353/353/353 354/354/354 20/20/20
f 204/204/204 205/205/205 206/206/206
f 611/611/611 612/612/612 204/204/204
f 584/584/584 611/611/611 707/707/707
f 612/612/612 611/611/611 584/584/584
f 588/588/588 705/705/705 707/707/707
f 707/707/707 614/614/614 588/588/588
f 707/707/707 705/705/705 584/584/584
f 584/584/584 587/587/587 612/612/612
f 585/585/585 584/584/584 705/705/705
f 586/586/586 587/587/587 584/584/584
f 584/584/584 585/585/585 586/586/586
f 705/705/705 588/588/588 576/576/576
f 576/576/576 706/706/706 705/705/705
f 705/705/705 706/706/706 585/585/585
f 589/589/589 588/588/588 614/614/614
f 588/588/588 589/589/589 575/575/575
f 575/575/575 576/576/576 588/588/588
f 703/703/703 706/706/706 576/576/576
f 170/170/170 299/299/299 182/182/182
f 295/295/295 296/296/296 53/53/53
f 53/53/53 52/52/52 295/295/295
f 159/159/159 296/296/296 295/295/295
f 182/182/182 159/159/159 162/162/162
f 295/295/295 160/160/160 159/159/159
f 161/161/161 162/162/162 159/159/159
f 159/159/159 160/160/160 161/161/161
f 162/162/162 178/178/178 182/182/182
f 182/182/182 181/181/181 170/170/170
f 181/181/181 182/182/182 178/178/178
f 178/178/178 162/162/162 210/210/210
f 210/210/210 162/162/162 161/161/161
f 161/161/161 211/211/211 210/210/210
f 210/210/210 211/211/211 313/313/313
f 313/313/313 312/312/312 210/210/210
f 210/210/210 177/177/177 178/178/178
f 177/177/177 210/210/210 312/312/312
f 576/576/576 553/553/553 703/703/703
f 553/553/553 576/576/576 575/575/575
f 585/585/585 706/706/706 703/703/703
f 704/704/704 703/703/703 553/553/553
f 703/703/703 549/549/549 585/585/585
f 550/550/550 549/549/549 703/703/703
f 703/703/703 704/704/704 550/550/550
f 553/553/553 552/552/552 704/704/704
f 575/575/575 551/551/551 553/553/553
f 552/552/552 553/553/553 551/551/551
f 692/692/692 551/551/551 575/575/575
f 575/575/575 593/593/593 692/692/692
f 593/593/593 575/575/575 589/589/589
f 131/131/131 551/551/551 692/692/692
f 551/551/551 131/131/131 552/552/552
f 692/692/692 693/693/693 131/131/131
f 582/582/582 692/692/692 593/593/593
f 592/592/592 589/589/589 578/578/578
f 614/614/614 578/578/578 589/589/589
f 694/694/694 592/592/592 577/577/577
f 578/578/578 577/577/577 592/592/592
f 592/592/592 694/694/694 583/583/583
f 579/579/579 578/578/578 614/614/614
f 577/577/577 578/578/578 579/579/579
f 614/614/614 615/615/615 579/579/579
f 579/579/579 160/160/160 577/577/577
f 577/577/577 691/691/691 694/694/694
f 577/577/577 160/160/160 295/295/295
f 295/295/295 691/691/691 577/577/577
f 694/694/694 691/691/691 481/481/481
f 481/481/481 691/691/691 295/295/295
f 295/295/295 52/52/52 481/481/481
f 481/481/481 590/590/590 694/694/694
f 694/694/694 590/590/590 531/531/531
f 507/507/507 531/531/531 590/590/590
f 531/531/531 583/583/583 694/694/694
f 532/532/532 531/531/531 507/507/507
f 530/530/530 531/531/531 532/532/532
f 507/507/507 506/506/506 532/532/532
f 480/480/480 51/51/51 137/137/137
f 481/481/481 52/52/52 51/51/51
f 51/51/51 480/480/480 481/481/481
f 137/137/137 51/51/51 54/54/54
f 53/53/53 54/54/54 51/51/51
f 51/51/51 52/52/52 53/53/53
f 137/137/137 554/554/554 480/480/480
f 591/591/591 480/480/480 554/554/554
f 480/480/480 591/591/591 590/590/590
f 590/590/590 481/481/481 480/480/480
f 554/554/554 137/137/137 136/136/136
f 54/54/54 134/134/134 137/137/137
f 345/345/345 344/344/344 187/187/187
f 596/596/596 729/729/729 345/345/345
f 346/346/346 345/345/345 729/729/729
f 344/344/344 345/345/345 346/346/346
f 346/346/346 347/347/347 344/344/344
f 346/346/346 730/730/730 734/734/734
f 734/734/734 352/352/352 346/346/346
f 729/729/729 730/730/730 346/346/346
f 346/346/346 352/352/352 351/351/351
f 351/351/351 347/347/347 346/346/346
f 372/372/372 351/351/351 352/352/352
f 372/372/372 352/352/352 734/734/734
f 299/299/299 170/170/170 107/107/107
f 107/107/107 179/179/179 299/299/299
f 179/179/179 107/107/107 80/80/80
f 138/138/138 107/107/107 170/170/170
f 80/80/80 107/107/107 106/106/106
f 106/106/106 81/81/81 80/80/80
f 180/180/180 80/80/80 74/74/74
f 80/80/80 180/180/180 179/179/179
f 74/74/74 80/80/80 81/81/81
f 299/299/299 179/179/179 53/53/53
f 53/53/53 296/296/296 299/299/299
f 299/299/299 296/296/296 159/159/159
f 159/159/159 182/182/182 299/299/299
f 436/436/436 437/437/437 225/225/225
f 221/221/221 225/225/225 437/437/437
f 437/437/437 222/222/222 221/221/221
f 221/221/221 222/222/222 219/219/219
f 219/219/219 220/220/220 221/221/221
f 625/625/625 624/624/624 804/804/804
f 804/804/804 628/628/628 625/625/625
f 625/625/625 626/626/626 623/623/623
f 623/623/623 624/624/624 625/625/625
f 628/628/628 804/804/804 803/803/803
f 43/43/43 37/37/37 42/42/42
f 59/59/59 38/38/38 37/37/37
f 37/37/37 43/43/43 59/59/59
f 41/41/41 42/42/42 37/37/37
f 37/37/37 40/40/40 41/41/41
f 39/39/39 40/40/40 37/37/37
f 37/37/37 38/38/38 39/39/39
f 59/59/59 43/43/43 46/46/46
f 42/42/42 44/44/44 43/43/43
f 45/45/45 46/46/46 43/43/43
f 43/43/43 44/44/44 45/45/45
f 201/201/201 59/59/59 314/314/314
f 609/609/609 726/726/726 725/725/725
f 725/725/725 708/708/708 609/609/609
f 610/610/610 609/609/609 708/708/708
f 708/708/708 486/486/486 610/610/610
f 472/472/472 710/710/710 610/610/610
f 610/610/610 486/486/486 472/472/472
f 708/708/708 725/725/725 724/724/724
f 724/724/724 475/475/475 708/708/708
f 486/486/486 708/708/708 475/475/475
f 475/475/475 474/474/474 486/486/486
f 486/486/486 474/474/474 469/469/469
f 469/469/469 472/472/472 486/486/486
f 709/709/709 710/710/710 472/472/472
f 472/472/472 471/471/471 709/709/709
f 471/471/471 472/472/472 469/469/469
f 473/473/473 469/469/469 474/474/474
f 49/49/49 50/50/50 47/47/47
f 613/613/613 478/478/478 47/47/47
f 47/47/47 209/209/209 613/613/613
f 479/479/479 48/48/48 47/47/47
f 47/47/47 478/478/478 479/479/479
f 47/47/47 48/48/48 49/49/49
f 49/49/49 192/192/192 196/196/196
f 192/192/192 49/49/49 48/48/48
f 599/599/599 191/191/191 48/48/48
f 48/48/48 479/479/479 599/599/599
f 48/48/48 191/191/191 192/192/192
f 504/504/504 479/479/479 478/478/478
f 479/479/479 504/504/504 603/603/603
f 603/603/603 599/599/599 479/479/479
f 484/484/484 478/478/478 613/613/613
f 41/41/41 470/470/470 469/469/469
f 469/469/469 473/473/473 41/41/41
f 469/469/469 470/470/470 471/471/471
f 474/474/474 477/477/477 473/473/473
f 476/476/476 477/477/477 474/474/474
f 474/474/474 475/475/475 476/476/476
f 338/338/338 476/476/476 475/475/475
f 475/475/475 724/724/724 338/338/338
f 713/713/713 714/714/714 710/710/710
f 710/710/710 709/709/709 713/713/713
f 461/461/461 463/463/463 464/464/464
f 359/359/359 358/358/358 462/462/462
f 462/462/462 464/464/464 359/359/359
f 463/463/463 598/598/598 464/464/464
f 458/458/458 457/457/457 463/463/463
f 463/463/463 457/457/457 598/598/598
f 458/458/458 459/459/459 456/456/456
f 456/456/456 457/457/457 458/458/458
f 690/690/690 598/598/598 457/457/457
f 116/116/116 364/364/364 739/739/739
f 690/690/690 294/294/294 293/293/293
f 294/294/294 364/364/364 357/357/357
f 357/357/357 292/292/292 294/294/294
f 293/293/293 294/294/294 292/292/292
f 357/357/357 364/364/364 116/116/116
f 116/116/116 119/119/119 357/357/357
f 357/357/357 119/119/119 195/195/195
f 542/542/542 117/117/117 116/116/116
f 118/118/118 119/119/119 116/116/116
f 116/116/116 117/117/117 118/118/118
f 119/119/119 268/268/268 271/271/271
f 271/271/271 195/195/195 119/119/119
f 119/119/119 118/118/118 267/267/267
f 267/267/267 268/268/268 119/119/119
f 267/267/267 118/118/118 125/125/125
f 125/125/125 118/118/118 117/117/117
f 547/547/547 124/124/124 117/117/117
f 117/117/117 542/542/542 547/547/547
f 117/117/117 124/124/124 125/125/125
f 125/125/125 307/307/307 267/267/267
f 547/547/547 542/542/542 671/671/671
f 671/671/671 702/702/702 547/547/547
f 24/24/24 190/190/190 292/292/292
f 292/292/292 190/190/190 293/293/293
f 23/23/23 29/29/29 24/24/24
f 29/29/29 190/190/190 24/24/24
f 29/29/29 28/28/28 190/190/190
f 293/293/293 190/190/190 28/28/28
f 293/293/293 359/359/359 464/464/464
f 464/464/464 598/598/598 293/293/293
f 293/293/293 598/598/598 690/690/690
f 28/28/28 359/359/359 293/293/293
f 359/359/359 28/28/28 26/26/26
f 28/28/28 29/29/29 27/27/27
f 27/27/27 26/26/26 28/28/28
f 27/27/27 29/29/29 23/23/23
f 25/25/25 27/27/27 76/76/76
f 23/23/23 76/76/76 27/27/27
f 217/217/217 224/224/224 233/233/233
f 218/218/218 217/217/217 229/229/229
f 229/229/229 227/227/227 218/218/218
f 226/226/226 218/218/218 227/227/227
f 229/229/229 233/233/233 305/305/305
f 305/305/305 302/302/302 229/229/229
f 227/227/227 229/229/229 302/302/302
f 305/305/305 233/233/233 232/232/232
f 233/233/233 224/224/224 223/223/223
f 223/223/223 232/232/232 233/233/233
f 223/223/223 224/224/224 225/225/225
f 223/223/223 221/221/221 220/220/220
f 220/220/220 230/230/230 223/223/223
f 232/232/232 223/223/223 230/230/230
f 225/225/225 221/221/221 223/223/223
f 232/232/232 304/304/304 305/305/305
f 304/304/304 232/232/232 231/231/231
f 230/230/230 231/231/231 232/232/232
f 231/231/231 303/303/303 304/304/304
f 244/244/244 305/305/305 304/304/304
f 304/304/304 240/240/240 244/244/244
f 240/240/240 304/304/304 303/303/303
f 303/303/303 241/241/241 240/240/240
f 244/244/244 240/240/240 243/243/243
f 194/194/194 195/195/195 79/79/79
f 271/271/271 79/79/79 195/195/195
f 270/270/270 58/58/58 79/79/79
f 79/79/79 271/271/271 270/270/270
f 79/79/79 58/58/58 57/57/57
f 57/57/57 78/78/78 79/79/79
f 50/50/50 49/49/49 78/78/78
f 78/78/78 57/57/57 50/50/50
f 196/196/196 78/78/78 49/49/49
f 208/208/208 50/50/50 57/57/57
f 57/57/57 56/56/56 208/208/208
f 57/57/57 58/58/58 55/55/55
f 55/55/55 56/56/56 57/57/57
f 58/58/58 270/270/270 269/269/269
f 269/269/269 55/55/55 58/58/58
f 208/208/208 209/209/209 47/47/47
f 47/47/47 50/50/50 208/208/208
f 74/74/74 183/183/183 180/180/180
f 318/318/318 183/183/183 74/74/74
f 74/74/74 73/73/73 318/318/318
f 81/81/81 82/82/82 74/74/74
f 354/354/354 353/353/353 21/21/21
f 22/22/22 21/21/21 353/353/353
f 289/289/289 198/198/198 21/21/21
f 21/21/21 24/24/24 289/289/289
f 23/23/23 24/24/24 21/21/21
f 21/21/21 22/22/22 23/23/23
f 199/199/199 198/198/198 193/193/193
f 193/193/193 198/198/198 289/289/289
f 291/291/291 199/199/199 196/196/196
f 193/193/193 196/196/196 199/199/199
f 289/289/289 194/194/194 193/193/193
f 78/78/78 196/196/196 193/193/193
f 193/193/193 79/79/79 78/78/78
f 79/79/79 193/193/193 194/194/194
f 292/292/292 289/289/289 24/24/24
f 194/194/194 289/289/289 292/292/292
f 195/195/195 194/194/194 357/357/357
f 292/292/292 357/357/357 194/194/194
f 122/122/122 139/139/139 171/171/171
f 122/122/122 172/172/172 337/337/337
f 337/337/337 121/121/121 122/122/122
f 139/139/139 122/122/122 72/72/72
f 72/72/72 122/122/122 121/121/121
f 72/72/72 94/94/94 139/139/139
f 138/138/138 139/139/139 94/94/94
f 121/121/121 73/73/73 72/72/72
f 82/82/82 93/93/93 72/72/72
f 72/72/72 74/74/74 82/82/82
f 72/72/72 93/93/93 94/94/94
f 72/72/72 73/73/73 74/74/74
f 94/94/94 105/105/105 138/138/138
f 105/105/105 107/107/107 138/138/138
f 105/105/105 106/106/106 107/107/107
f 483/483/483 482/482/482 673/673/673
f 673/673/673 674/674/674 483/483/483
f 527/527/527 526/526/526 522/522/522
f 526/526/526 527/527/527 528/528/528
f 513/513/513 522/522/522 526/526/526
f 516/516/516 517/517/517 526/526/526
f 526/526/526 533/533/533 516/516/516
f 526/526/526 517/517/517 513/513/513
f 528/528/528 529/529/529 526/526/526
f 515/515/515 509/509/509 513/513/513
f 513/513/513 517/517/517 515/515/515
f 515/515/515 517/517/517 516/516/516
f 509/509/509 515/515/515 514/514/514
f 514/514/514 515/515/515 516/516/516
f 514/514/514 510/510/510 509/509/509
f 540/540/540 535/535/535 514/514/514
f 514/514/514 516/516/516 540/540/540
f 536/536/536 510/510/510 514/514/514
f 96/96/96 101/101/101 104/104/104
f 103/103/103 104/104/104 101/101/101
f 101/101/101 96/96/96 87/87/87
f 90/90/90 108/108/108 101/101/101
f 101/101/101 92/92/92 90/90/90
f 87/87/87 92/92/92 101/101/101
f 101/101/101 102/102/102 103/103/103
f 91/91/91 92/92/92 87/87/87
f 87/87/87 86/86/86 91/91/91
f 91/91/91 90/90/90 92/92/92
f 89/89/89 91/91/91 86/86/86
f 89/89/89 90/90/90 91/91/91
f 86/86/86 85/85/85 89/89/89
f 115/115/115 90/90/90 89/89/89
f 89/89/89 111/111/111 115/115/115
f 110/110/110 111/111/111 89/89/89
f 776/776/776 777/777/777 778/778/778
f 409/409/409 410/410/410 411/411/411
f 136/136/136 137/137/137 134/134/134
f 134/134/134 54/54/54 180/180/180
f 54/54/54 53/53/53 179/179/179
f 179/179/179 180/180/180 54/54/54
f 135/135/135 134/134/134 363/363/363
f 362/362/362 363/363/363 134/134/134
f 134/134/134 318/318/318 362/362/362
f 180/180/180 183/183/183 134/134/134
f 183/183/183 318/318/318 134/134/134
f 134/134/134 135/135/135 136/136/136
f 555/555/555 136/136/136 317/317/317
f 136/136/136 555/555/555 554/554/554
f 135/135/135 317/317/317 136/136/136
f 319/319/319 135/135/135 439/439/439
f 363/363/363 439/439/439 135/135/135
f 135/135/135 319/319/319 317/317/317
f 555/555/555 317/317/317 319/319/319
f 319/319/319 439/439/439 555/555/555
f 363/363/363 554/554/554 555/555/555
f 555/555/555 439/439/439 363/363/363
f 554/554/554 363/363/363 362/362/362
f 362/362/362 711/711/711 554/554/554
f 554/554/554 594/594/594 591/591/591
f 594/594/594 554/554/554 711/711/711
f 446/446/446 716/716/716 728/728/728
f 733/733/733 728/728/728 450/450/450
f 728/728/728 733/733/733 446/446/446
f 441/441/441 450/450/450 728/728/728
f 447/447/447 446/446/446 733/733/733
f 446/446/446 447/447/447 444/444/444
f 450/450/450 451/451/451 733/733/733
f 733/733/733 451/451/451 453/453/453
f 733/733/733 732/732/732 447/447/447
f 732/732/732 733/733/733 453/453/453
f 450/450/450 449/449/449 451/451/451
f 448/448/448 449/449/449 450/450/450
f 449/449/449 453/453/453 451/451/451
f 453/453/453 731/731/731 732/732/732
f 452/452/452 731/731/731 453/453/453
f 478/478/478 484/484/484 504/504/504
f 613/613/613 485/485/485 484/484/484
f 503/503/503 504/504/504 484/484/484
f 484/484/484 483/483/483 503/503/503
f 484/484/484 485/485/485 482/482/482
f 482/482/482 483/483/483 484/484/484
f 504/504/504 503/503/503 602/602/602
f 602/602/602 603/603/603 504/504/504
f 603/603/603 605/605/605 689/689/689
f 689/689/689 599/599/599 603/603/603
f 605/605/605 603/603/603 602/602/602
f 191/191/191 599/599/599 689/689/689
f 689/689/689 290/290/290 191/191/191
f 191/191/191 290/290/290 291/291/291
f 291/291/291 192/192/192 191/191/191
f 196/196/196 192/192/192 291/291/291
f 602/602/602 606/606/606 605/605/605
f 688/688/688 606/606/606 602/602/602
f 602/602/602 601/601/601 688/688/688
f 601/601/601 602/602/602 503/503/503
f 456/456/456 606/606/606 688/688/688
f 457/457/457 688/688/688 690/690/690
f 690/690/690 688/688/688 601/601/601
f 688/688/688 457/457/457 456/456/456
f 739/739/739 601/601/601 600/600/600
f 601/601/601 739/739/739 690/690/690
f 503/503/503 600/600/600 601/601/601
f 675/675/675 600/600/600 503/503/503
f 674/674/674 675/675/675 503/503/503
f 503/503/503 483/483/483 674/674/674
f 541/541/541 600/600/600 675/675/675
f 600/600/600 541/541/541 739/739/739
f 675/675/675 672/672/672 541/541/541
f 739/739/739 541/541/541 116/116/116
f 541/541/541 672/672/672 671/671/671
f 671/671/671 542/542/542 541/541/541
f 116/116/116 541/541/541 542/542/542
f 294/294/294 690/690/690 739/739/739
f 739/739/739 364/364/364 294/294/294
f 711/711/711 499/499/499 498/498/498
f 498/498/498 594/594/594 711/711/711
f 591/591/591 594/594/594 498/498/498
f 498/498/498 507/507/507 591/591/591
f 590/590/590 591/591/591 507/507/507
f 505/505/505 498/498/498 497/497/497
f 506/506/506 507/507/507 498/498/498
f 498/498/498 505/505/505 506/506/506
f 497/497/497 498/498/498 499/499/499
f 497/497/497 499/499/499 544/544/544
f 557/557/557 518/518/518 497/497/497
f 497/497/497 545/545/545 557/557/557
f 544/544/544 545/545/545 497/497/497
f 497/497/497 519/519/519 505/505/505
f 497/497/497 518/518/518 519/519/519
f 545/545/545 544/544/544 337/337/337
f 452/452/452 453/453/453 449/449/449
f 455/455/455 449/449/449 448/448/448
f 454/454/454 449/449/449 455/455/455
f 454/454/454 452/452/452 449/449/449
f 737/737/737 455/455/455 448/448/448
f 736/736/736 455/455/455 738/738/738
f 455/455/455 737/737/737 738/738/738
f 455/455/455 736/736/736 735/735/735
f 735/735/735 454/454/454 455/455/455
f 452/452/452 454/454/454 735/735/735
f 452/452/452 735/735/735 459/459/459
f 459/459/459 731/731/731 452/452/452
f 456/456/456 735/735/735 736/736/736
f 4/4/4 356/356/356 370/370/370
f 356/356/356 4/4/4 13/13/13
f 14/14/14 13/13/13 4/4/4
f 4/4/4 3/3/3 14/14/14
f 3/3/3 2/2/2 366/366/366
f 366/366/366 343/343/343 3/3/3
f 3/3/3 343/343/343 14/14/14
f 366/366/366 2/2/2 441/441/441
f 441/441/441 728/728/728 366/366/366
f 367/367/367 366/366/366 728/728/728
f 343/343/343 366/366/366 367/367/367
f 14/14/14 343/343/343 349/349/349
f 367/367/367 325/325/325 343/343/343
f 343/343/343 325/325/325 11/11/11
f 11/11/11 349/349/349 343/343/343
f 349/349/349 16/16/16 14/14/14
f 14/14/14 16/16/16 15/15/15
f 13/13/13 14/14/14 15/15/15
f 349/349/349 18/18/18 16/16/16
f 349/349/349 11/11/11 10/10/10
f 10/10/10 350/350/350 349/349/349
f 18/18/18 349/349/349 350/350/350
f 12/12/12 11/11/11 325/325/325
f 11/11/11 12/12/12 9/9/9
f 621/621/621 633/633/633 637/637/637
f 633/633/633 621/621/621 620/620/620
f 620/620/620 632/632/632 633/633/633
f 632/632/632 620/620/620 630/630/630
f 633/633/633 697/697/697 700/700/700
f 700/700/700 637/637/637 633/633/633
f 697/697/697 633/633/633 632/632/632
f 635/635/635 637/637/637 700/700/700
f 637/637/637 635/635/635 627/627/627
f 627/627/627 629/629/629 637/637/637
f 628/628/628 629/629/629 627/627/627
f 627/627/627 634/634/634 626/626/626
f 626/626/626 625/625/625 627/627/627
f 634/634/634 627/627/627 635/635/635
f 627/627/627 625/625/625 628/628/628
f 700/700/700 699/699/699 635/635/635
f 636/636/636 635/635/635 699/699/699
f 635/635/635 636/636/636 634/634/634
f 643/643/643 648/648/648 700/700/700
f 700/700/700 697/697/697 643/643/643
f 699/699/699 700/700/700 648/648/648
f 699/699/699 698/698/698 636/636/636
f 648/648/648 644/644/644 699/699/699
f 698/698/698 699/699/699 644/644/644
f 758/758/758 759/759/759 760/760/760
f 391/391/391 392/392/392 393/393/393
f 761/761/761 762/762/762 763/763/763
f 394/394/394 395/395/395 396/396/396
f 764/764/764 765/765/765 766/766/766
f 397/397/397 398/398/398 399/399/399
f 752/752/752 753/753/753 754/754/754
f 385/385/385 386/386/386 387/387/387
f 440/440/440 1/1/1 370/370/370
f 441/441/441 2/2/2 1/1/1
f 1/1/1 440/440/440 441/441/441
f 370/370/370 1/1/1 4/4/4
f 3/3/3 4/4/4 1/1/1
f 1/1/1 2/2/2 3/3/3
f 370/370/370 737/737/737 440/440/440
f 448/448/448 440/440/440 737/737/737
f 450/450/450 441/441/441 440/440/440
f 440/440/440 448/448/448 450/450/450
f 737/737/737 370/370/370 361/361/361
f 361/361/361 370/370/370 356/356/356
f 779/779/779 780/780/780 781/781/781
f 412/412/412 413/413/413 414/414/414
f 755/755/755 756/756/756 757/757/757
f 388/388/388 389/389/389 390/390/390
f 773/773/773 774/774/774 775/775/775
f 406/406/406 407/407/407 408/408/408
f 785/785/785 786/786/786 787/787/787
f 418/418/418 419/419/419 420/420/420
f 788/788/788 789/789/789 790/790/790
f 421/421/421 422/422/422 423/423/423
f 17/17/17 348/348/348 22/22/22
f 22/22/22 353/353/353 17/17/17
f 17/17/17 353/353/353 19/19/19
f 17/17/17 18/18/18 348/348/348
f 19/19/19 15/15/15 17/17/17
f 17/17/17 15/15/15 18/18/18
f 350/350/350 348/348/348 18/18/18
f 15/15/15 16/16/16 18/18/18
f 20/20/20 13/13/13 15/15/15
f 19/19/19 20/20/20 15/15/15
f 20/20/20 19/19/19 353/353/353
f 13/13/13 20/20/20 356/356/356
f 782/782/782 783/783/783 784/784/784
f 415/415/415 416/416/416 417/417/417
f 791/791/791 792/792/792 793/793/793
f 424/424/424 425/425/425 426/426/426
f 794/794/794 795/795/795 796/796/796
f 427/427/427 428/428/428 429/429/429
f 770/770/770 771/771/771 772/772/772
f 403/403/403 404/404/404 405/405/405
f 494/494/494 488/488/488 487/487/487
f 487/487/487 488/488/488 489/489/489
f 493/493/493 488/488/488 494/494/494
f 488/488/488 491/491/491 490/490/490
f 492/492/492 488/488/488 493/493/493
f 491/491/491 488/488/488 492/492/492
f 489/489/489 488/488/488 490/490/490
f 67/67/67 60/60/60 62/62/62
f 60/60/60 61/61/61 62/62/62
f 66/66/66 67/67/67 62/62/62
f 62/62/62 63/63/63 64/64/64
f 65/65/65 66/66/66 62/62/62
f 64/64/64 65/65/65 62/62/62
f 61/61/61 63/63/63 62/62/62
f 279/279/279 278/278/278 281/281/281
f 281/281/281 278/278/278 277/277/277
f 282/282/282 258/258/258 279/279/279
f 281/281/281 282/282/282 279/279/279
f 258/258/258 282/282/282 285/285/285
f 258/258/258 272/272/272 263/263/263
f 263/263/263 257/257/257 258/258/258
f 257/257/257 263/263/263 261/261/261
f 261/261/261 263/263/263 272/272/272
f 272/272/272 273/273/273 261/261/261
f 274/274/274 262/262/262 261/261/261
f 261/261/261 273/273/273 274/274/274
f 262/262/262 274/274/274 275/275/275
f 262/262/262 276/276/276 438/438/438
f 767/767/767 768/768/768 769/769/769
f 400/400/400 401/401/401 402/402/402
f 288/288/288 284/284/284 683/683/683
f 683/683/683 687/687/687 288/288/288
f 687/687/687 683/683/683 682/682/682
f 683/683/683 284/284/284 283/283/283
f 288/288/288 287/287/287 280/280/280
f 280/280/280 284/284/284 288/288/288
f 283/283/283 284/284/284 280/280/280
f 283/283/283 277/277/277 203/203/203
f 203/203/203 342/342/342 283/283/283
f 280/280/280 277/277/277 283/283/283
f 281/281/281 280/280/280 287/287/287
f 277/277/277 280/280/280 281/281/281
f 740/740/740 741/741/741 742/742/742
f 373/373/373 374/374/374 375/375/375
f 743/743/743 744/744/744 745/745/745
f 376/376/376 377/377/377 378/378/378
f 749/749/749 750/750/750 751/751/751
f 382/382/382 383/383/383 384/384/384
f 25/25/25 26/26/26 27/27/27
f 76/76/76 23/23/23 22/22/22
f 22/22/22 77/77/77 76/76/76
f 76/76/76 77/77/77 75/75/75
f 75/75/75 25/25/25 76/76/76
f 360/360/360 25/25/25 336/336/336
f 26/26/26 25/25/25 360/360/360
f 335/335/335 336/336/336 25/25/25
f 25/25/25 75/75/75 335/335/335
f 360/360/360 358/358/358 26/26/26
f 26/26/26 358/358/358 359/359/359
f 722/722/722 460/460/460 360/360/360
f 360/360/360 365/365/365 722/722/722
f 462/462/462 358/358/358 360/360/360
f 360/360/360 460/460/460 462/462/462
f 336/336/336 365/365/365 360/360/360
f 365/365/365 336/336/336 331/331/331
f 336/336/336 335/335/335 332/332/332
f 332/332/332 331/331/331 336/336/336
f 365/365/365 330/330/330 719/719/719
f 719/719/719 722/722/722 365/365/365
f 797/797/797 798/798/798 799/799/799
f 430/430/430 431/431/431 432/432/432
f 465/465/465 33/33/33 32/32/32
f 466/466/466 32/32/32 367/367/367
f 32/32/32 466/466/466 465/465/465
f 367/367/367 716/716/716 466/466/466
f 728/728/728 716/716/716 367/367/367
f 445/445/445 466/466/466 716/716/716
f 465/465/465 466/466/466 445/445/445
f 445/445/445 467/467/467 465/465/465
f 467/467/467 468/468/468 371/371/371
f 371/371/371 34/34/34 467/467/467
f 468/468/468 467/467/467 445/445/445
f 445/445/445 444/444/444 468/468/468
f 716/716/716 446/446/446 445/445/445
f 444/444/444 445/445/445 446/446/446
f 242/242/242 243/243/243 240/240/240
f 240/240/240 241/241/241 242/242/242
f 305/305/305 244/244/244 238/238/238
f 238/238/238 244/244/244 245/245/245
f 243/243/243 245/245/245 244/244/244
f 260/260/260 243/243/243 242/242/242
f 245/245/245 243/243/243 260/260/260
f 239/239/239 245/245/245 259/259/259
f 245/245/245 239/239/239 238/238/238
f 238/238/238 302/302/302 305/305/305
f 301/301/301 302/302/302 238/238/238
f 238/238/238 235/235/235 301/301/301
f 235/235/235 238/238/238 239/239/239
f 259/259/259 236/236/236 239/239/239
f 239/239/239 236/236/236 235/235/235
f 237/237/237 236/236/236 259/259/259
f 800/800/800 801/801/801 802/802/802
f 433/433/433 434/434/434 435/435/435
f 649/649/649 648/648/648 643/643/643
f 645/645/645 644/644/644 648/648/648
f 648/648/648 649/649/649 645/645/645
f 695/695/695 641/641/641 643/643/643
f 643/643/643 697/697/697 695/695/695
f 643/643/643 642/642/642 649/649/649
f 642/642/642 643/643/643 641/641/641
f 649/649/649 664/664/664 645/645/645
f 663/663/663 649/649/649 642/642/642
f 664/664/664 646/646/646 645/645/645
f 644/644/644 645/645/645 646/646/646
f 646/646/646 647/647/647 644/644/644
f 644/644/644 647/647/647 698/698/698
f 642/642/642 640/640/640 663/663/663
f 639/639/639 655/655/655 663/663/663
f 663/663/663 640/640/640 639/639/639
f 746/746/746 747/747/747 748/748/748
f 379/379/379 380/380/380 381/381/381
f 331/331/331 330/330/330 365/365/365
f 722/722/722 719/719/719 721/721/721
f 721/721/721 723/723/723 722/722/722
f 460/460/460 722/722/722 723/723/723
f 720/720/720 721/721/721 719/719/719
f 719/719/719 718/718/718 720/720/720
f 718/718/718 719/719/719 330/330/330
f 330/330/330 329/329/329 718/718/718
f 330/330/330 331/331/331 328/328/328
f 328/328/328 329/329/329 330/330/330
f 333/333/333 328/328/328 331/331/331
f 331/331/331 332/332/332 333/333/333
f 329/329/329 328/328/328 333/333/333
f 329/329/329 334/334/334 720/720/720
f 720/720/720 718/718/718 329/329/329
f 333/333/333 334/334/334 329/329/329
f 723/723/723 500/500/500 460/460/460
f 502/502/502 460/460/460 500/500/500
f 500/500/500 501/501/501 502/502/502
f 460/460/460 502/502/502 461/461/461
f 460/460/460 461/461/461 462/462/462
f 459/459/459 458/458/458 502/502/502
f 502/502/502 501/501/501 459/459/459
f 461/461/461 502/502/502 458/458/458
f 458/458/458 463/463/463 461/461/461
f 464/464/464 462/462/462 461/461/461
f 9/9/9 10/10/10 11/11/11
f 31/31/31 325/325/325 367/367/367
f 325/325/325 31/31/31 12/12/12
f 12/12/12 31/31/31 30/30/30
f 30/30/30 35/35/35 12/12/12
f 36/36/36 9/9/9 12/12/12
f 12/12/12 35/35/35 36/36/36
f 367/367/367 32/32/32 31/31/31
f 30/30/30 31/31/31 32/32/32
f 35/35/35 30/30/30 33/33/33
f 32/32/32 33/33/33 30/30/30
f 35/35/35 34/34/34 371/371/371
f 371/371/371 36/36/36 35/35/35
f 33/33/33 34/34/34 35/35/35
f 467/467/467 34/34/34 33/33/33
f 33/33/33 465/465/465 467/467/467
f 287/287/287 286/286/286 281/281/281
f 281/281/281 286/286/286 285/285/285
f 285/285/285 282/282/282 281/281/281
f 682/682/682 686/686/686 687/687/687
f 682/682/682 684/684/684 685/685/685
f 685/685/685 686/686/686 682/682/682
