# kaprosuchus_ad reconstructed from live game memory
v -3.04985 15.81560 -30.20320
v -2.22665 17.09144 -30.08787
v -3.14793 16.30092 -29.15447
v -2.50562 15.37264 -33.40854
v -1.67211 15.04536 -34.28439
v -1.58759 16.31770 -33.70248
v -2.73727 17.75744 -27.62321
v -3.80126 16.49447 -27.53428
v -1.10988 19.01867 -27.71187
v -4.22491 17.02520 -26.04577
v -4.29970 18.43417 -24.44385
v -3.09969 19.93643 -22.40675
v -3.08954 18.99113 -24.51418
v -2.62224 19.37995 -24.47063
v -2.52874 19.34467 -25.90181
v -2.66567 19.95572 -24.50046
v -1.79808 21.17745 -20.73044
v -1.86763 21.41440 -19.09436
v -3.77352 20.14717 -18.85471
v -3.94053 19.81784 -20.54239
v -4.37950 18.44588 -18.37413
v -4.80559 18.50529 -20.21704
v -1.82176 13.13625 -27.30252
v -1.41345 12.87993 -31.12682
v -2.42722 13.73584 -30.67268
v -3.31423 14.07191 -27.67495
v -1.08229 13.24478 -33.44088
v -1.77531 13.40123 -32.96513
v 0.00000 12.65151 -31.90477
v -1.14706 13.58870 -33.56906
v -1.83855 13.68956 -33.11485
v 0.00000 13.16762 -33.49820
v 0.00000 13.57123 -33.58559
v -2.79529 14.47571 -30.52759
v -3.44410 14.99382 -27.96774
v -2.97960 13.71110 -31.67215
v -2.99448 14.32346 -31.82511
v -2.31914 13.64547 -32.32290
v -2.48760 14.09838 -32.42387
v -5.13924 16.62258 -23.05903
v -5.30304 17.19485 -21.25758
v -4.47851 14.54048 -22.19292
v -2.99207 16.31017 -18.13931
v -2.34832 14.78366 -19.67999
v -4.63810 16.76697 -19.83232
v -1.94001 13.53992 -21.62908
v -4.63810 16.76697 -19.83232
v -2.34832 14.78366 -19.67999
v -4.35821 14.63720 -25.20606
v -3.85216 15.79819 -25.51526
v -4.43032 17.24523 -23.91091
v -4.93352 18.02742 -22.07884
v -2.26691 13.44181 -24.65371
v -5.32056 14.05100 8.14936
v -5.65121 18.26254 8.78850
v -7.03313 17.89581 9.31651
v -6.80296 13.87008 8.56011
v -8.23281 13.05985 11.98783
v -5.56251 12.39933 14.83895
v -5.69085 10.05357 14.17889
v -7.59977 9.77843 11.19065
v -2.66122 14.82263 16.64698
v -2.78176 12.34665 11.29296
v -5.93807 10.63384 8.44474
v -7.56983 17.75832 12.89937
v -5.79482 20.59594 10.67744
v -5.65121 18.26254 8.78850
v -5.51576 20.53389 8.67485
v -5.79482 20.59594 10.67744
v -3.58119 12.75707 -1.10301
v -3.01061 12.92843 -5.12906
v -6.35246 18.01698 -5.22461
v -6.75172 17.22733 -1.02150
v -6.35246 18.01698 -5.22461
v -7.52611 14.73031 -9.00229
v -6.61437 19.60380 -8.63585
v -2.82905 12.50827 -9.15436
v -3.03021 14.20564 -11.99840
v -5.66310 14.44661 -11.83951
v -5.61365 18.58438 -11.97380
v -7.16672 10.77256 -8.92297
v -5.36705 10.69813 -5.87192
v -5.14213 3.68054 -6.72982
v -6.51720 3.72479 -9.04495
v -3.66904 3.75101 -9.01941
v -3.29024 10.71728 -8.88820
v -2.82905 12.50827 -9.15436
v -5.76346 14.20691 -5.57118
v -5.85834 6.48653 16.21254
v -7.10124 4.87359 14.07358
v -5.75556 8.44186 9.10744
v -5.66954 4.81007 12.73565
v -3.91511 9.57160 11.31264
v -4.44388 4.78319 14.10777
v -3.91511 9.57160 11.31264
v -5.42950 10.85554 -11.26826
v -5.89544 4.22737 16.30790
v -3.42648 18.13723 17.27024
v -2.82950 22.38292 11.08045
v -2.31535 21.30366 17.64305
v -4.86277 19.99057 15.22176
v -1.94766 21.99932 -14.58178
v -4.24544 20.61544 -14.52885
v -4.89252 18.38576 -14.52013
v -5.61365 18.58438 -11.97380
v -3.03021 14.20564 -11.99840
v -2.77207 15.78374 -14.42628
v -2.32443 17.36416 30.93174
v 0.00000 15.58744 31.00400
v 0.00000 14.69781 22.68248
v -3.09828 16.46819 22.75366
v -1.40635 18.47394 40.71009
v -1.08286 18.55188 44.01474
v 0.00000 16.87315 43.99407
v 0.00000 16.37164 40.71021
v -2.82905 12.50827 -9.15436
v -3.81202 12.60141 3.18685
v -6.88452 16.61709 3.69004
v -5.32056 14.05100 8.14936
v -2.78176 12.34665 11.29296
v -3.03095 12.83944 7.43176
v -2.78176 12.34665 11.29296
v -4.44388 4.78319 14.10777
v 0.00000 11.27709 -1.08155
v 0.00000 11.17049 -5.16664
v 0.00000 12.32824 11.18424
v 0.00000 12.12206 7.10679
v -4.44571 21.00200 -12.01488
v -2.38001 22.61034 -8.85921
v -3.24385 22.73073 -5.27805
v -5.98117 21.23795 -5.23949
v -4.90628 21.30061 -8.72537
v -6.61437 19.60380 -8.63585
v -6.56024 20.97590 -0.91131
v -2.09304 22.25435 -12.08279
v -3.62242 22.85895 -0.87542
v 0.00000 22.94837 -8.90447
v 0.00000 23.02862 -5.38646
v 0.00000 18.41568 48.64522
v -0.56849 18.62308 46.91653
v 0.00000 19.43546 46.88514
v -0.00000 11.43968 -9.33178
v -0.00000 12.27269 -12.40324
v 0.00000 19.93282 43.99352
v 0.00000 22.36519 -14.62900
v 0.00000 22.63791 -12.05710
v -3.29024 10.71728 -8.88820
v -5.50388 4.29971 -10.81351
v -3.66904 3.75101 -9.01941
v -4.86277 19.99057 15.22176
v 0.00000 17.79995 -30.07457
v 0.00000 19.09809 -27.72167
v -4.65767 19.00774 -22.29750
v -3.94053 19.81784 -20.54239
v 0.00000 15.05814 -34.72139
v 0.00000 16.65196 -34.19818
v -1.38061 16.96255 -32.21189
v -2.66122 14.82263 16.64698
v 0.00000 13.87267 16.99299
v -3.42648 18.13723 17.27024
v -2.16405 19.83572 30.88718
v -7.96377 0.02747 -14.15549
v -7.24142 0.26063 -13.60009
v -7.67370 0.63678 -13.50165
v -8.12934 0.26114 -13.29902
v -7.19016 1.01714 -11.20849
v -6.75010 -0.01718 -10.11392
v -7.24142 0.26063 -13.60009
v -7.96377 0.02747 -14.15549
v -8.12934 0.26114 -13.29902
v -6.75010 -0.01718 -10.11392
v -6.59098 -0.02795 -11.87826
v -6.59098 -0.02795 -11.87826
v -6.41043 1.37170 -12.23269
v -6.93372 0.02837 -15.82227
v -6.28136 0.31661 -14.98827
v -6.64516 0.90453 -14.92567
v -6.41043 1.37170 -12.23269
v -6.59098 -0.02795 -11.87826
v -6.97276 0.31644 -14.72651
v -6.28136 0.31661 -14.98827
v -6.93372 0.02837 -15.82227
v -6.97276 0.31644 -14.72651
v -5.42684 -0.02608 -12.57077
v -5.42684 -0.02608 -12.57077
v -5.46192 1.26670 -12.78556
v -5.05534 0.03540 -16.77731
v -4.58763 0.35694 -15.75717
v -4.97055 0.98870 -15.79585
v -5.46192 1.26670 -12.78556
v -5.42684 -0.02608 -12.57077
v -5.34238 0.35776 -15.67911
v -4.58763 0.35694 -15.75717
v -5.05534 0.03540 -16.77731
v -5.34238 0.35776 -15.67911
v -4.24076 -0.02676 -12.66773
v -4.52794 1.50308 -12.80286
v -4.24076 -0.02676 -12.66773
v -3.33803 0.03541 -16.27909
v -3.07835 0.36111 -15.22103
v -3.43302 0.98834 -15.34337
v -4.52794 1.50308 -12.80286
v -4.24076 -0.02676 -12.66773
v -3.80033 0.35853 -15.30988
v -3.07835 0.36111 -15.22103
v -3.33803 0.03541 -16.27909
v -3.80033 0.35853 -15.30988
v -3.56092 -0.01638 -10.38767
v -3.40433 1.22606 -12.62414
v -3.56092 -0.01638 -10.38767
v -7.19016 1.01714 -11.20849
v -6.77129 1.69765 -9.61674
v -6.75010 -0.01718 -10.11392
v -6.41043 1.37170 -12.23269
v -5.12141 -0.00547 -8.47957
v -5.45407 2.34787 -12.06470
v -4.52794 1.50308 -12.80286
v -3.72955 1.78256 -9.86296
v -3.40433 1.22606 -12.62414
v -3.56092 -0.01638 -10.38767
v -5.12141 -0.00547 -8.47957
v -5.12809 0.95662 -7.74973
v -3.72955 1.78256 -9.86296
v -3.56092 -0.01638 -10.38767
v -8.43894 0.04759 9.54413
v -7.76531 0.15465 9.99866
v -8.19116 0.57191 10.05690
v -8.50285 0.15468 10.25915
v -7.56787 0.92578 11.99427
v -7.55924 0.05233 12.72973
v -7.76531 0.15465 9.99866
v -8.43894 0.04759 9.54413
v -8.50285 0.15468 10.25915
v -7.55924 0.05233 12.72973
v -7.31187 0.04798 11.16995
v -7.31187 0.04798 11.16995
v -6.85283 1.15338 11.25604
v -7.53177 0.04761 8.07619
v -7.00441 0.25844 8.77787
v -7.32478 0.80473 8.83814
v -6.85283 1.15338 11.25604
v -7.31187 0.04798 11.16995
v -7.61333 0.25814 9.00438
v -7.00441 0.25844 8.77787
v -7.53177 0.04761 8.07619
v -7.61333 0.25814 9.00438
v -6.23380 0.04871 10.56991
v -6.23380 0.04871 10.56991
v -6.15939 1.09522 10.84128
v -5.87747 0.04770 7.23508
v -5.51281 0.29340 8.09699
v -5.85011 0.88453 8.06935
v -6.15939 1.09522 10.84128
v -6.23380 0.04871 10.56991
v -6.17753 0.29412 8.16602
v -5.51281 0.29340 8.09699
v -5.87747 0.04770 7.23508
v -6.17753 0.29412 8.16602
v -5.10072 0.04846 10.46540
v -5.40471 1.25799 10.83848
v -5.10072 0.04846 10.46540
v -4.36502 0.04770 7.67387
v -4.18357 0.29707 8.56863
v -4.49598 0.88493 8.46982
v -5.40471 1.25799 10.83848
v -5.10072 0.04846 10.46540
v -4.81943 0.29480 8.49396
v -4.18357 0.29707 8.56863
v -4.36502 0.04770 7.67387
v -4.81943 0.29480 8.49396
v -4.25841 0.05271 12.06544
v -4.42311 1.00445 11.02514
v -4.25841 0.05271 12.06544
v -7.56787 0.92578 11.99427
v -7.23662 2.59397 12.88726
v -7.55924 0.05233 12.72973
v -6.85283 1.15338 11.25604
v -5.93307 2.86868 11.65131
v -6.15939 1.09522 10.84128
v -5.81781 0.05275 13.96256
v -5.40471 1.25799 10.83848
v -4.49237 2.55458 12.84644
v -4.42311 1.00445 11.02514
v -4.25841 0.05271 12.06544
v -5.86367 2.24247 15.11784
v -5.81781 0.05275 13.96256
v -4.49237 2.55458 12.84644
v -4.25841 0.05271 12.06544
v -2.24095 13.69707 -32.21733
v -1.81910 13.60075 -31.59576
v -2.51506 15.77747 -32.12344
v -2.75151 15.68143 -32.45758
v -1.81910 13.60075 -31.59576
v -2.34357 13.82385 -31.04968
v -2.84451 15.75343 -31.63813
v -2.51506 15.77747 -32.12344
v -2.77270 13.81432 -31.62714
v -3.07388 15.67519 -31.97673
v -2.76099 17.60759 -31.90127
v -2.59041 15.86015 -31.33400
v -2.86547 15.89206 -30.79540
v -2.86141 14.27653 -30.57916
v -2.67086 15.92157 -30.15612
v -2.63811 14.45665 -29.35032
v -2.59782 14.65512 -28.55166
v -3.16803 15.64678 -28.83616
v -3.19440 15.56047 -29.38020
v -2.59782 14.65512 -28.55166
v -2.99451 14.50235 -28.96136
v -3.40791 15.55989 -29.10885
v -3.16803 15.64678 -28.83616
v -3.37121 16.50207 -29.05962
v -2.99111 17.90634 -22.41417
v -2.62177 18.18878 -23.63763
v -4.37219 17.71763 -24.08883
v -4.93352 18.02742 -22.07884
v -3.13169 15.98578 -29.08176
v 0.00000 17.13906 -29.81925
v -3.01792 15.40452 -30.20235
v -2.99666 15.31186 -30.98655
v -2.64769 14.94805 -32.92718
v -0.00000 14.26202 -34.48009
v -1.82315 14.38290 -33.99690
v -4.12486 16.62102 -25.81150
v -3.78862 16.03273 -27.26619
v -1.14706 13.58870 -33.56906
v -0.00000 13.30293 -31.38791
v -1.83855 13.68956 -33.11485
v -2.79529 14.47571 -30.52759
v -0.00000 13.85361 -27.43723
v -3.44410 14.99382 -27.96774
v -2.99448 14.32346 -31.82511
v -2.48760 14.09838 -32.42387
v -3.85216 15.79819 -25.51526
v -2.70343 16.60771 -23.91890
v -4.43032 17.24523 -23.91091
v -4.93352 18.02742 -22.07884
v -2.51678 15.83808 -32.16930
v 0.00000 18.11611 -21.84441
v -0.00000 18.49823 -23.68588
v -0.00000 16.21072 -23.73600
v 0.00000 18.11611 -21.84441
v -2.99111 17.90634 -22.41417
v 0.00000 13.57123 -33.58559
v -2.10569 20.88675 -22.36920
v -1.02528 21.19412 -22.66607
v -1.79808 21.17745 -20.73044
v -4.37219 17.71763 -24.08883
v -4.12486 16.62102 -25.81150
v -3.78862 16.03273 -27.26619
v -3.13169 15.98578 -29.08176
v -3.01792 15.40452 -30.20235
v -2.11926 15.73812 -33.13243
v -1.54733 15.57977 -33.73685
v -1.95052 13.62164 -32.99255
v -2.34760 13.77317 -32.71106
v -1.54733 15.57977 -33.73685
v -1.69023 15.01731 -34.02961
v -1.95543 13.37191 -33.13290
v -1.95052 13.62164 -32.99255
v -2.29631 15.22153 -33.49516
v -2.34669 13.54784 -32.89716
v -2.13308 12.33597 -32.11179
v 0.00000 11.35717 3.01558
v -6.29199 20.59771 3.94186
v -3.61417 22.81828 3.82644
v -2.91312 19.55604 -24.40776
v -2.88395 18.95465 -24.36159
v -2.55136 19.18514 -24.97560
v -2.95710 19.34816 -23.74796
v -2.69488 19.94007 -23.87641
v -2.40177 19.96527 -24.77993
v -4.40646 15.53218 -24.47714
v -2.92894 17.81095 -25.30649
v -3.63193 19.35867 -22.28211
v -4.82626 16.50656 -21.31325
v -2.64769 14.94805 -32.92718
v -1.82315 14.38290 -33.99690
v -0.00000 14.26202 -34.48009
v -2.96211 15.67693 -30.93890
v -2.99666 15.31186 -30.98655
v -2.51678 15.83808 -32.16930
v -2.47665 16.19699 -31.72176
v -2.22968 16.07899 -32.73526
v -2.93089 20.51745 -24.53555
v -1.31267 20.45710 -25.79453
v -2.31512 20.68173 -24.61205
v -4.80559 18.50529 -20.21704
v -1.76468 21.63755 -24.02798
v -1.98762 22.13376 -22.18661
v -2.36349 21.59653 -22.88216
v -1.95924 21.42051 -22.01351
v -1.29818 21.72655 -22.67818
v -1.95924 21.42051 -22.01351
v -0.83556 21.03762 -24.53668
v -2.31512 20.68173 -24.61205
v -1.76468 21.63755 -24.02798
v -0.83556 21.03762 -24.53668
v -2.41303 20.77748 -22.84010
v -2.10569 20.88675 -22.36920
v -1.02528 21.19412 -22.66607
v -2.10569 20.88675 -22.36920
v -2.83829 20.29990 -23.04813
v -1.77295 20.90688 -13.70644
v -2.64289 19.81693 -15.11428
v -2.63683 22.88530 -15.23320
v -1.77295 20.90688 -13.70644
v -2.10688 20.54282 -17.01992
v -2.03989 20.65990 -20.84898
v -1.65413 20.98092 -19.07805
v -2.55099 21.91170 -19.31576
v -1.65413 20.98092 -19.07805
v -2.85812 20.28540 -19.04672
v -2.55099 21.91170 -19.31576
v -3.23729 21.75727 -8.38888
v -3.63308 20.91442 -9.89896
v -3.47405 23.45665 -10.01727
v -3.23729 21.75727 -8.38888
v -2.66501 21.42314 -11.49610
v -2.41303 20.77748 -22.84010
v -2.70328 14.26952 -29.74189
v -2.30590 14.23348 -30.08087
v -2.47809 15.46377 -29.86370
v -2.28556 14.30253 -29.41077
v -2.92765 16.60055 -28.48213
v -2.50305 16.69582 -27.71968
v -2.78503 15.30754 -28.38595
v -2.42028 16.55295 -28.98602
v -2.87731 14.58538 -27.63592
v -2.53628 14.54629 -28.03419
v -2.61757 15.79129 -27.72404
v -2.53455 14.62599 -27.23710
v -3.69338 16.61703 -27.14789
v -3.32858 16.82742 -26.59568
v -4.00681 14.63596 -26.85691
v -3.32858 16.82742 -26.59568
v -3.20865 16.54730 -27.52626
v -3.69960 15.42154 -25.93119
v -3.37811 15.31228 -26.24952
v -3.48141 16.13480 -26.25483
v -3.31294 15.53237 -25.64370
v -3.66975 17.40857 -26.03025
v -3.14918 17.64156 -24.95072
v -3.53278 15.91492 -25.35267
v -3.10306 17.28230 -26.81435
v -1.33816 13.28701 -33.22120
v -1.08104 13.38523 -33.11559
v -1.34224 14.17582 -33.45622
v -1.64484 13.46716 -32.92710
v -1.15454 14.93117 -34.33789
v -1.49510 15.20718 -33.77863
v -1.07705 13.74634 -33.67168
v -0.69250 15.17863 -34.19318
v -0.70928 13.20312 -33.41707
v -0.42141 13.39709 -33.17476
v -0.69327 14.25246 -33.74946
v -1.08104 13.38523 -33.11559
v -0.38292 14.80814 -34.43604
v -0.68595 15.01686 -34.05130
v -0.34434 13.70763 -33.82340
v 0.00000 19.63113 30.06158
v -0.91933 19.65679 28.82523
v 0.00000 22.24170 30.19678
v 0.00000 19.73278 27.64276
v 0.00000 22.13432 29.09684
v 0.00000 19.23847 33.96551
v -0.80463 19.31873 32.93042
v 0.00000 22.54354 33.69154
v 0.00000 19.43878 31.49960
v 0.00000 22.07672 32.38364
v -0.77557 18.17620 35.91078
v 0.00000 22.64077 36.44075
v 0.00000 21.99688 36.92033
v 0.00000 18.11725 36.99344
v 0.00000 18.29316 34.64993
v 0.00000 22.19112 35.44251
v -0.65018 18.40483 39.00050
v 0.00000 22.58944 39.52152
v 0.00000 22.08997 39.99220
v 0.00000 18.34541 40.08205
v 0.00000 18.52021 37.73053
v 0.00000 21.93952 38.43964
v 0.00000 18.69998 43.19035
v -0.70003 18.70588 42.10768
v 0.00000 21.53907 42.84422
v 0.00000 18.82174 40.83883
v 0.00000 21.43556 41.65083
v 0.00000 18.57518 46.48085
v -0.58902 18.62880 45.39930
v 0.00000 21.02114 46.12155
v 0.00000 18.73293 44.12933
v 0.00000 20.79296 44.84953
v 0.00000 20.14441 -25.68810
v 0.00000 20.61500 -24.47339
v -0.00000 21.16822 -22.60913
v -0.00000 21.46097 -20.80576
v -0.00000 21.46097 -20.80576
v 0.00000 21.76161 -19.14530
v 0.00000 12.83717 -27.06822
v 0.00000 13.01966 -19.42501
v 0.00000 12.60861 -21.31921
v -0.00000 13.73609 -17.84786
v 0.00000 13.01966 -19.42501
v 0.00000 13.20889 -24.05015
v -2.66122 14.82263 16.64698
v 0.00000 13.87267 16.99299
v 0.00000 17.51470 46.89394
v -2.87869 22.61139 9.15158
v 0.00000 23.26071 9.42897
v 0.00000 23.10277 11.31686
v 0.00000 22.39361 17.82067
v -2.65723 20.57601 22.83480
v 0.00000 21.85212 22.78588
v 0.00000 20.93706 30.95198
v -0.00000 13.49443 -14.59024
v 0.00000 20.22239 40.71007
v 0.00000 23.25674 3.69670
v 0.00000 23.19337 -0.87674
v 0.00000 15.05869 -34.07281
v 0.00000 17.25389 -32.22722
v -3.88277 21.98035 -3.58053
v -4.43897 20.93540 -5.06345
v -4.40957 23.87711 -5.17430
v -3.88277 21.98035 -3.58053
v -3.58725 21.63132 -6.76056
v -3.79811 22.77165 0.23667
v -4.58513 23.60219 0.82886
v -4.59482 23.29674 -0.21668
v -4.23025 22.13644 -0.84728
v -4.24186 22.22948 1.20846
v -4.66632 21.76443 0.29972
v -4.24186 22.22948 1.20846
v -3.42441 22.58263 4.76623
v -4.28263 23.45095 5.44846
v -4.30042 23.08669 4.37871
v -4.01139 21.95610 3.72190
v -3.82612 22.17840 5.74520
v -4.38624 21.51285 4.88553
v -3.82612 22.17840 5.74520
v -2.72558 22.63603 8.15423
v -3.42627 23.34630 8.71229
v -3.45369 23.04835 7.83725
v -3.22200 22.12354 7.30000
v -3.04381 22.30539 8.95502
v -3.51489 21.76098 8.25183
v -3.04381 22.30539 8.95502
v -5.46192 1.26670 -12.78556
v -3.42648 18.13723 17.27024
v -2.31535 21.30366 17.64305
v -5.79482 20.59594 10.67744
v -7.03313 17.89581 9.31651
v -5.65121 18.26254 8.78850
v 0.00000 22.39361 17.82067
v -0.80337 20.99738 25.80171
v -1.37052 21.82924 26.36587
v -1.43555 21.55309 25.57605
v -1.25350 20.72483 25.06809
v -1.01265 20.79883 26.55065
v -1.44341 20.43632 25.95382
v -1.37052 21.82924 26.36587
v -1.01265 20.79883 26.55065
v -1.99516 21.48727 15.45207
v -2.69937 22.76115 16.00250
v -2.72665 22.72865 15.20372
v -2.39972 21.24276 14.57647
v -2.36661 21.07228 16.09425
v -2.76213 20.81044 15.34737
v -2.36661 21.07228 16.09425
v -1.42224 21.37337 18.70328
v -2.20972 22.49104 19.29960
v -2.23377 22.34948 18.47956
v -1.96238 21.03812 17.87148
v -1.76789 20.96648 19.36868
v -2.27457 20.58156 18.66669
v -1.76789 20.96648 19.36868
v -1.18540 21.18139 21.92261
v -1.86270 22.27446 22.41122
v -1.88339 22.09471 21.69784
v -1.64997 20.83011 21.21185
v -1.48269 20.86731 22.53645
v -1.91847 20.48095 21.94343
v -1.86270 22.27446 22.41122
v -1.48269 20.86731 22.53645
v -2.28925 22.24673 11.77080
v -3.03533 23.35006 12.36713
v -3.05811 23.20850 11.54708
v -2.80099 21.91148 10.93901
v -2.61673 21.83984 12.43620
v -3.09677 21.45492 11.73421
v -2.61673 21.83984 12.43620
v 3.04985 15.81560 -30.20321
v 3.14793 16.30092 -29.15447
v 2.22665 17.09144 -30.08787
v 2.50562 15.37264 -33.40854
v 1.58759 16.31770 -33.70248
v 1.67210 15.04536 -34.28439
v 3.80126 16.49447 -27.53428
v 2.73727 17.75744 -27.62321
v 1.10988 19.01867 -27.71187
v 4.22491 17.02520 -26.04577
v 4.29970 18.43417 -24.44385
v 3.09969 19.93643 -22.40675
v 2.62223 19.37995 -24.47063
v 3.08954 18.99113 -24.51418
v 2.52874 19.34467 -25.90181
v 2.66567 19.95572 -24.50046
v 1.79808 21.17745 -20.73044
v 3.94053 19.81784 -20.54239
v 3.77352 20.14717 -18.85471
v 1.86763 21.41440 -19.09436
v 4.80559 18.50529 -20.21704
v 4.37950 18.44588 -18.37413
v 1.82176 13.13625 -27.30252
v 3.31423 14.07191 -27.67495
v 2.42722 13.73584 -30.67268
v 1.41345 12.87993 -31.12682
v 1.08229 13.24478 -33.44088
v 1.77531 13.40123 -32.96513
v 1.83855 13.68956 -33.11485
v 1.14706 13.58870 -33.56906
v 3.44410 14.99382 -27.96775
v 2.79529 14.47571 -30.52759
v 2.99448 14.32346 -31.82511
v 2.97960 13.71110 -31.67215
v 2.31914 13.64547 -32.32290
v 2.48760 14.09838 -32.42387
v 5.13924 16.62258 -23.05903
v 4.47851 14.54048 -22.19292
v 5.30304 17.19485 -21.25759
v 2.99207 16.31017 -18.13931
v 4.63810 16.76697 -19.83232
v 2.34832 14.78366 -19.67999
v 1.94001 13.53992 -21.62908
v 2.34832 14.78366 -19.67999
v 4.63810 16.76697 -19.83232
v 4.43031 17.24523 -23.91091
v 3.85216 15.79819 -25.51526
v 4.35821 14.63720 -25.20606
v 4.93353 18.02742 -22.07884
v 2.26691 13.44181 -24.65371
v 5.32056 14.05100 8.14936
v 6.80296 13.87008 8.56011
v 7.03313 17.89581 9.31651
v 5.65121 18.26254 8.78850
v 8.23281 13.05985 11.98783
v 7.59977 9.77842 11.19065
v 5.69085 10.05357 14.17889
v 5.56251 12.39933 14.83895
v 2.78176 12.34665 11.29296
v 2.66122 14.82263 16.64698
v 5.93807 10.63384 8.44474
v 7.56983 17.75832 12.89937
v 5.79482 20.59594 10.67744
v 5.65121 18.26254 8.78850
v 5.79482 20.59594 10.67744
v 5.51576 20.53388 8.67485
v 3.58119 12.75707 -1.10301
v 6.75172 17.22733 -1.02150
v 6.35246 18.01698 -5.22461
v 3.01061 12.92843 -5.12906
v 6.35246 18.01698 -5.22461
v 6.61437 19.60380 -8.63585
v 7.52611 14.73031 -9.00229
v 2.82905 12.50827 -9.15436
v 5.66310 14.44661 -11.83951
v 3.03021 14.20564 -11.99840
v 5.61365 18.58438 -11.97380
v 7.16672 10.77256 -8.92297
v 6.51720 3.72479 -9.04495
v 5.14213 3.68054 -6.72982
v 5.36705 10.69813 -5.87192
v 3.66904 3.75101 -9.01941
v 3.29024 10.71728 -8.88820
v 5.76346 14.20691 -5.57117
v 2.82905 12.50827 -9.15436
v 5.85834 6.48653 16.21254
v 7.10124 4.87359 14.07358
v 5.75556 8.44186 9.10744
v 5.66954 4.81007 12.73565
v 3.91511 9.57160 11.31264
v 4.44388 4.78319 14.10777
v 3.91511 9.57160 11.31264
v 5.42950 10.85554 -11.26826
v 5.89544 4.22737 16.30790
v 3.42648 18.13723 17.27024
v 2.82950 22.38292 11.08045
v 4.86277 19.99057 15.22176
v 2.31535 21.30366 17.64305
v 1.94766 21.99932 -14.58178
v 4.24544 20.61544 -14.52885
v 4.89252 18.38576 -14.52013
v 2.77207 15.78374 -14.42628
v 3.03021 14.20564 -11.99840
v 5.61365 18.58438 -11.97380
v 2.32443 17.36416 30.93174
v 3.09828 16.46819 22.75366
v 1.40635 18.47394 40.71009
v 1.08286 18.55188 44.01474
v 2.82905 12.50827 -9.15436
v 3.81202 12.60141 3.18685
v 5.32056 14.05100 8.14936
v 6.88452 16.61709 3.69004
v 2.78176 12.34665 11.29296
v 3.03095 12.83944 7.43176
v 2.78176 12.34665 11.29296
v 4.44388 4.78319 14.10777
v 4.44571 21.00200 -12.01488
v 2.38001 22.61034 -8.85921
v 4.90628 21.30061 -8.72537
v 5.98117 21.23795 -5.23949
v 3.24385 22.73073 -5.27805
v 6.61437 19.60380 -8.63585
v 6.56024 20.97590 -0.91131
v 2.09304 22.25435 -12.08279
v 3.62242 22.85895 -0.87542
v 0.56849 18.62308 46.91653
v 3.29024 10.71728 -8.88820
v 3.66904 3.75101 -9.01941
v 5.50388 4.29971 -10.81351
v 4.86277 19.99057 15.22176
v 4.65767 19.00774 -22.29750
v 3.94053 19.81784 -20.54239
v 1.38061 16.96255 -32.21189
v 2.66122 14.82263 16.64698
v 3.42648 18.13723 17.27024
v 2.16405 19.83572 30.88718
v 7.96377 0.02747 -14.15549
v 7.67370 0.63678 -13.50165
v 7.24142 0.26063 -13.60009
v 8.12934 0.26114 -13.29902
v 6.75010 -0.01718 -10.11392
v 7.19016 1.01714 -11.20849
v 7.24142 0.26063 -13.60009
v 8.12934 0.26114 -13.29902
v 7.96377 0.02747 -14.15549
v 6.59098 -0.02795 -11.87826
v 6.75010 -0.01718 -10.11392
v 6.41043 1.37170 -12.23269
v 6.59098 -0.02795 -11.87826
v 6.93372 0.02837 -15.82227
v 6.64516 0.90453 -14.92567
v 6.28136 0.31661 -14.98827
v 6.97276 0.31644 -14.72651
v 6.59098 -0.02795 -11.87826
v 6.41043 1.37170 -12.23269
v 6.28136 0.31661 -14.98827
v 6.97276 0.31644 -14.72651
v 6.93372 0.02837 -15.82227
v 5.42684 -0.02609 -12.57077
v 5.46192 1.26670 -12.78556
v 5.42684 -0.02609 -12.57077
v 5.05534 0.03540 -16.77731
v 4.97055 0.98870 -15.79585
v 4.58763 0.35694 -15.75717
v 5.34238 0.35776 -15.67911
v 5.42684 -0.02609 -12.57077
v 5.46192 1.26670 -12.78556
v 4.58763 0.35694 -15.75717
v 5.34238 0.35776 -15.67911
v 5.05534 0.03540 -16.77731
v 4.24077 -0.02676 -12.66773
v 4.52794 1.50308 -12.80286
v 4.24077 -0.02676 -12.66773
v 3.33803 0.03541 -16.27909
v 3.43302 0.98834 -15.34337
v 3.07835 0.36111 -15.22103
v 3.80033 0.35853 -15.30988
v 4.24077 -0.02676 -12.66773
v 4.52794 1.50308 -12.80286
v 3.07835 0.36111 -15.22103
v 3.80033 0.35853 -15.30988
v 3.33803 0.03541 -16.27909
v 3.56092 -0.01638 -10.38767
v 3.40433 1.22605 -12.62414
v 3.56092 -0.01638 -10.38767
v 7.19016 1.01714 -11.20849
v 6.75010 -0.01718 -10.11392
v 6.77130 1.69765 -9.61674
v 6.41043 1.37170 -12.23269
v 5.12141 -0.00547 -8.47957
v 5.45407 2.34787 -12.06470
v 4.52794 1.50308 -12.80286
v 3.72955 1.78256 -9.86296
v 3.40433 1.22605 -12.62414
v 3.56092 -0.01638 -10.38767
v 5.12141 -0.00547 -8.47957
v 3.56092 -0.01638 -10.38767
v 3.72955 1.78256 -9.86296
v 5.12809 0.95662 -7.74973
v 8.43894 0.04759 9.54413
v 8.19116 0.57191 10.05690
v 7.76531 0.15465 9.99866
v 8.50285 0.15468 10.25916
v 7.55924 0.05233 12.72973
v 7.56787 0.92578 11.99427
v 7.76531 0.15465 9.99866
v 8.50285 0.15468 10.25916
v 8.43894 0.04759 9.54413
v 7.31187 0.04798 11.16995
v 7.55924 0.05233 12.72973
v 6.85282 1.15338 11.25604
v 7.31187 0.04798 11.16995
v 7.53177 0.04761 8.07619
v 7.32478 0.80473 8.83814
v 7.00441 0.25844 8.77787
v 7.61333 0.25814 9.00438
v 7.31187 0.04798 11.16995
v 6.85282 1.15338 11.25604
v 7.00441 0.25844 8.77787
v 7.61333 0.25814 9.00438
v 7.53177 0.04761 8.07619
v 6.23380 0.04871 10.56991
v 6.15939 1.09522 10.84128
v 6.23380 0.04871 10.56991
v 5.87746 0.04770 7.23508
v 5.85011 0.88453 8.06936
v 5.51281 0.29340 8.09699
v 6.17753 0.29412 8.16602
v 6.23380 0.04871 10.56991
v 6.15939 1.09522 10.84128
v 5.51281 0.29340 8.09699
v 6.17753 0.29412 8.16602
v 5.87746 0.04770 7.23508
v 5.10072 0.04846 10.46540
v 5.40471 1.25799 10.83848
v 5.10072 0.04846 10.46540
v 4.36502 0.04770 7.67387
v 4.49598 0.88493 8.46983
v 4.18357 0.29707 8.56863
v 4.81943 0.29480 8.49396
v 5.10072 0.04846 10.46540
v 5.40471 1.25799 10.83848
v 4.18357 0.29707 8.56863
v 4.81943 0.29480 8.49396
v 4.36502 0.04770 7.67387
v 4.25841 0.05271 12.06544
v 4.42311 1.00445 11.02514
v 4.25841 0.05271 12.06544
v 7.56787 0.92578 11.99427
v 7.55924 0.05233 12.72973
v 7.23662 2.59397 12.88726
v 6.85282 1.15338 11.25604
v 5.93307 2.86868 11.65131
v 6.15939 1.09522 10.84128
v 5.81781 0.05275 13.96256
v 5.40471 1.25799 10.83848
v 4.49237 2.55458 12.84644
v 4.42311 1.00445 11.02514
v 4.25841 0.05271 12.06544
v 5.81781 0.05275 13.96256
v 5.86367 2.24247 15.11784
v 4.49237 2.55458 12.84644
v 4.25841 0.05271 12.06544
v 2.24095 13.69707 -32.21733
v 2.75151 15.68143 -32.45758
v 2.51506 15.77747 -32.12344
v 1.81910 13.60075 -31.59576
v 1.81910 13.60075 -31.59576
v 2.51506 15.77747 -32.12344
v 2.84451 15.75343 -31.63813
v 2.34357 13.82385 -31.04968
v 3.07388 15.67519 -31.97673
v 2.77270 13.81432 -31.62714
v 2.76099 17.60759 -31.90127
v 2.59041 15.86015 -31.33400
v 2.86141 14.27653 -30.57916
v 2.86547 15.89206 -30.79540
v 2.67086 15.92157 -30.15612
v 2.63811 14.45665 -29.35032
v 3.19440 15.56047 -29.38020
v 3.16803 15.64678 -28.83616
v 2.59782 14.65512 -28.55166
v 2.59782 14.65512 -28.55166
v 3.16803 15.64678 -28.83616
v 3.40791 15.55989 -29.10885
v 2.99451 14.50235 -28.96136
v 3.37121 16.50207 -29.05962
v 2.99111 17.90634 -22.41417
v 4.93353 18.02742 -22.07884
v 4.37219 17.71763 -24.08883
v 2.62177 18.18878 -23.63763
v 3.13169 15.98578 -29.08176
v 3.01792 15.40452 -30.20235
v 2.99666 15.31186 -30.98655
v 2.64769 14.94805 -32.92718
v 1.82315 14.38290 -33.99690
v 4.12486 16.62102 -25.81150
v 3.78862 16.03273 -27.26619
v 1.14706 13.58870 -33.56906
v 1.83855 13.68956 -33.11485
v 2.79529 14.47571 -30.52759
v 3.44410 14.99382 -27.96775
v 2.99448 14.32346 -31.82511
v 2.48760 14.09838 -32.42387
v 3.85216 15.79819 -25.51526
v 4.43031 17.24523 -23.91091
v 2.70343 16.60771 -23.91890
v 4.93353 18.02742 -22.07884
v 2.51678 15.83808 -32.16930
v 2.99111 17.90634 -22.41417
v 2.10569 20.88675 -22.36920
v 1.79808 21.17745 -20.73044
v 1.02528 21.19412 -22.66607
v 4.12486 16.62102 -25.81150
v 4.37219 17.71763 -24.08883
v 3.78862 16.03273 -27.26619
v 3.13169 15.98578 -29.08176
v 3.01792 15.40452 -30.20235
v 2.11926 15.73812 -33.13243
v 2.34760 13.77317 -32.71106
v 1.95052 13.62164 -32.99255
v 1.54733 15.57977 -33.73685
v 1.54733 15.57977 -33.73685
v 1.95052 13.62164 -32.99255
v 1.95543 13.37191 -33.13290
v 1.69023 15.01731 -34.02961
v 2.34669 13.54784 -32.89716
v 2.29631 15.22153 -33.49516
v 2.13308 12.33597 -32.11179
v 6.29199 20.59771 3.94186
v 3.61417 22.81828 3.82644
v 2.91312 19.55604 -24.40776
v 2.55136 19.18514 -24.97560
v 2.88395 18.95465 -24.36159
v 2.95710 19.34816 -23.74796
v 2.69488 19.94007 -23.87641
v 2.40177 19.96527 -24.77993
v 4.40646 15.53218 -24.47715
v 4.82625 16.50656 -21.31325
v 3.63193 19.35867 -22.28211
v 2.92894 17.81095 -25.30649
v 1.82315 14.38290 -33.99690
v 2.64769 14.94805 -32.92718
v 2.96211 15.67693 -30.93890
v 2.47665 16.19699 -31.72176
v 2.51678 15.83808 -32.16930
v 2.99666 15.31186 -30.98655
v 2.22968 16.07899 -32.73526
v 2.93089 20.51745 -24.53555
v 1.31267 20.45710 -25.79453
v 2.31512 20.68173 -24.61205
v 4.80559 18.50529 -20.21704
v 1.76468 21.63755 -24.02798
v 2.36349 21.59653 -22.88216
v 1.98762 22.13376 -22.18661
v 1.95924 21.42051 -22.01351
v 1.29818 21.72655 -22.67818
v 1.95924 21.42051 -22.01351
v 0.83556 21.03762 -24.53668
v 2.31512 20.68173 -24.61205
v 1.76468 21.63755 -24.02798
v 0.83556 21.03762 -24.53668
v 2.41303 20.77748 -22.84010
v 2.10569 20.88675 -22.36920
v 2.10569 20.88675 -22.36920
v 1.02528 21.19412 -22.66607
v 2.83829 20.29990 -23.04813
v 1.77295 20.90688 -13.70644
v 2.63683 22.88530 -15.23320
v 2.64289 19.81693 -15.11428
v 1.77295 20.90688 -13.70644
v 2.10688 20.54281 -17.01992
v 2.03989 20.65990 -20.84898
v 2.55099 21.91170 -19.31576
v 1.65413 20.98092 -19.07805
v 1.65413 20.98092 -19.07805
v 2.55099 21.91170 -19.31576
v 2.85812 20.28540 -19.04672
v 3.23729 21.75727 -8.38888
v 3.47405 23.45665 -10.01727
v 3.63308 20.91441 -9.89896
v 3.23729 21.75727 -8.38888
v 2.66501 21.42313 -11.49610
v 2.41303 20.77748 -22.84010
v 2.70328 14.26952 -29.74189
v 2.47809 15.46377 -29.86370
v 2.30590 14.23348 -30.08087
v 2.28556 14.30253 -29.41077
v 2.92765 16.60055 -28.48213
v 2.78503 15.30754 -28.38595
v 2.50305 16.69582 -27.71968
v 2.42028 16.55295 -28.98602
v 2.87731 14.58538 -27.63592
v 2.61757 15.79129 -27.72405
v 2.53628 14.54629 -28.03419
v 2.53455 14.62599 -27.23710
v 3.69338 16.61703 -27.14789
v 4.00681 14.63596 -26.85692
v 3.32858 16.82742 -26.59568
v 3.32858 16.82742 -26.59568
v 3.20865 16.54730 -27.52626
v 3.69960 15.42154 -25.93119
v 3.48141 16.13480 -26.25483
v 3.37811 15.31228 -26.24952
v 3.31294 15.53237 -25.64370
v 3.66975 17.40857 -26.03025
v 3.53278 15.91492 -25.35267
v 3.14918 17.64156 -24.95072
v 3.10306 17.28230 -26.81435
v 1.33817 13.28701 -33.22120
v 1.34224 14.17582 -33.45622
v 1.08104 13.38523 -33.11559
v 1.64484 13.46716 -32.92710
v 1.15454 14.93117 -34.33789
v 1.07705 13.74634 -33.67168
v 1.49510 15.20718 -33.77863
v 0.69250 15.17863 -34.19318
v 0.70928 13.20312 -33.41707
v 0.69327 14.25246 -33.74946
v 0.42141 13.39709 -33.17476
v 1.08104 13.38523 -33.11559
v 0.38292 14.80814 -34.43604
v 0.34434 13.70763 -33.82340
v 0.68595 15.01686 -34.05130
v 0.91933 19.65679 28.82523
v 0.80463 19.31873 32.93042
v 0.77557 18.17620 35.91078
v 0.65018 18.40483 39.00050
v 0.70003 18.70588 42.10768
v 0.58902 18.62880 45.39930
v 2.66122 14.82263 16.64698
v 2.87869 22.61139 9.15158
v 2.65723 20.57601 22.83480
v 3.88276 21.98035 -3.58053
v 4.40957 23.87711 -5.17430
v 4.43897 20.93540 -5.06345
v 3.88276 21.98035 -3.58053
v 3.58725 21.63132 -6.76056
v 3.79811 22.77165 0.23667
v 4.23025 22.13644 -0.84728
v 4.59482 23.29674 -0.21668
v 4.58513 23.60219 0.82886
v 4.24186 22.22948 1.20846
v 4.66632 21.76443 0.29972
v 4.24186 22.22948 1.20846
v 3.42441 22.58263 4.76623
v 4.01139 21.95610 3.72190
v 4.30042 23.08669 4.37871
v 4.28263 23.45095 5.44846
v 3.82612 22.17840 5.74520
v 4.38624 21.51285 4.88553
v 3.82612 22.17840 5.74520
v 2.72558 22.63603 8.15423
v 3.22200 22.12354 7.30000
v 3.45369 23.04835 7.83725
v 3.42627 23.34630 8.71229
v 3.04381 22.30539 8.95502
v 3.51489 21.76098 8.25183
v 3.04381 22.30539 8.95502
v 5.46192 1.26670 -12.78556
v 3.42648 18.13723 17.27024
v 2.31535 21.30366 17.64305
v 5.79482 20.59594 10.67744
v 5.65121 18.26254 8.78850
v 7.03313 17.89581 9.31651
v 0.80337 20.99738 25.80171
v 1.25350 20.72483 25.06809
v 1.43555 21.55309 25.57605
v 1.37052 21.82924 26.36587
v 1.01265 20.79883 26.55065
v 1.37052 21.82924 26.36587
v 1.44341 20.43632 25.95382
v 1.01265 20.79883 26.55065
v 1.99516 21.48727 15.45207
v 2.39972 21.24276 14.57647
v 2.72665 22.72865 15.20372
v 2.69937 22.76115 16.00250
v 2.36661 21.07228 16.09424
v 2.76213 20.81044 15.34737
v 2.36661 21.07228 16.09424
v 1.42224 21.37337 18.70328
v 1.96238 21.03812 17.87148
v 2.23377 22.34948 18.47956
v 2.20972 22.49104 19.29960
v 1.76789 20.96648 19.36868
v 2.27457 20.58156 18.66669
v 1.76789 20.96648 19.36868
v 1.18540 21.18139 21.92261
v 1.64997 20.83011 21.21185
v 1.88339 22.09471 21.69783
v 1.86270 22.27446 22.41122
v 1.48269 20.86731 22.53645
v 1.86270 22.27446 22.41122
v 1.91847 20.48095 21.94343
v 1.48269 20.86731 22.53645
v 2.28925 22.24673 11.77080
v 2.80099 21.91148 10.93901
v 3.05811 23.20850 11.54708
v 3.03533 23.35006 12.36713
v 2.61673 21.83984 12.43620
v 3.09677 21.45492 11.73421
v 2.61673 21.83984 12.43620
vt 0.315427 0.303951
vt 0.297434 0.340882
vt 0.286581 0.298186
vt 0.389557 0.336607
vt 0.405799 0.343690
vt 0.385442 0.363148
vt 0.236336 0.315445
vt 0.249686 0.273943
vt 0.224072 0.369552
vt 0.210838 0.257156
vt 0.158524 0.259971
vt 0.098261 0.298252
vt 0.152638 0.295728
vt 0.148076 0.307673
vt 0.180842 0.323016
vt 0.141139 0.317614
vt 0.771779 0.673574
vt 0.734043 0.676343
vt 0.727567 0.635702
vt 0.781117 0.640569
vt 0.721256 0.599329
vt 0.779594 0.607613
vt 0.236917 0.056217
vt 0.322534 0.051985
vt 0.314463 0.089410
vt 0.246772 0.104469
vt 0.384582 0.043798
vt 0.375808 0.060801
vt 0.366692 0.046270
vt 0.390778 0.047355
vt 0.382138 0.064447
vt 0.389070 0.020066
vt 0.397419 0.022508
vt 0.321603 0.112281
vt 0.253874 0.128529
vt 0.350713 0.095515
vt 0.357018 0.102797
vt 0.365129 0.077014
vt 0.370447 0.084581
vt 0.122977 0.186280
vt 0.086511 0.205007
vt 0.115759 0.136056
vt 0.719032 0.546824
vt 0.760130 0.535763
vt 0.760383 0.576273
vt 0.094037 0.071935
vt 0.056638 0.185502
vt 0.025854 0.094698
vt 0.182349 0.129756
vt 0.193541 0.156609
vt 0.155349 0.200761
vt 0.103926 0.224118
vt 0.167703 0.071201
vt 0.882770 0.306968
vt 0.879930 0.390643
vt 0.863594 0.392375
vt 0.864822 0.324321
vt 0.801672 0.312016
vt 0.728991 0.306251
vt 0.731047 0.247112
vt 0.813117 0.246067
vt 0.704971 0.330137
vt 0.685632 0.269436
vt 0.871654 0.272337
vt 0.799103 0.399579
vt 0.822826 0.451451
vt 0.196572 0.615766
vt 0.185616 0.651521
vt 0.136836 0.642430
vt 0.364525 0.485597
vt 0.442539 0.486611
vt 0.448227 0.583719
vt 0.365698 0.581120
vt 0.473930 0.359013
vt 0.533028 0.299666
vt 0.525741 0.378711
vt 0.643829 0.247395
vt 0.631184 0.304356
vt 0.589383 0.295192
vt 0.612170 0.339356
vt 0.529197 0.220326
vt 0.466148 0.224836
vt 0.465439 0.080173
vt 0.520439 0.087482
vt 0.432217 0.073384
vt 0.423105 0.223943
vt 0.418630 0.283313
vt 0.472858 0.306175
vt 0.735868 0.173232
vt 0.784358 0.137315
vt 0.861838 0.230734
vt 0.826670 0.129828
vt 0.685923 0.241277
vt 0.699959 0.152912
vt 0.895721 0.215803
vt 0.579276 0.215647
vt 0.732183 0.129209
vt 0.721494 0.398645
vt 0.136010 0.704453
vt 0.032327 0.676291
vt 0.080865 0.593290
vt 0.644039 0.693961
vt 0.632993 0.643626
vt 0.631201 0.599218
vt 0.559617 0.591854
vt 0.545591 0.511150
vt 0.639808 0.536919
vt 0.685509 0.878594
vt 0.668849 0.819204
vt 0.848903 0.781176
vt 0.849524 0.877303
vt 0.479875 0.922429
vt 0.407857 0.933306
vt 0.391998 0.892434
vt 0.464833 0.870427
vt 0.513665 0.481639
vt 0.287614 0.485530
vt 0.279789 0.576309
vt 0.195758 0.532748
vt 0.144873 0.489678
vt 0.212962 0.487728
vt 0.919658 0.245434
vt 0.857887 0.127283
vt 0.359216 0.429937
vt 0.442979 0.427961
vt 0.132876 0.445321
vt 0.212901 0.431336
vt 0.575568 0.654082
vt 0.532408 0.711099
vt 0.452167 0.711456
vt 0.448743 0.655893
vt 0.520473 0.658029
vt 0.489080 0.604365
vt 0.365288 0.649741
vt 0.590281 0.703860
vt 0.359619 0.714901
vt 0.540302 0.755658
vt 0.455048 0.762080
vt 0.318539 0.958605
vt 0.340026 0.951744
vt 0.347569 0.969700
vt 0.519862 0.439341
vt 0.580118 0.453490
vt 0.415678 0.968548
vt 0.653011 0.731041
vt 0.598901 0.744706
vt 0.619682 0.202173
vt 0.569755 0.089992
vt 0.624022 0.091434
vt 0.770116 0.447472
vt 0.288698 0.403396
vt 0.221470 0.399326
vt 0.101469 0.249213
vt 0.047668 0.266819
vt 0.430370 0.363048
vt 0.397454 0.389152
vt 0.345765 0.370530
vt 0.949073 0.848317
vt 0.944457 0.764112
vt 0.971794 0.909955
vt 0.692358 0.929290
vt 0.368702 0.269350
vt 0.332773 0.246171
vt 0.352531 0.232612
vt 0.376049 0.230927
vt 0.355101 0.137495
vt 0.398811 0.139989
vt 0.910764 0.580326
vt 0.929721 0.578885
vt 0.916635 0.592169
vt 0.867421 0.636147
vt 0.873837 0.601468
vt 0.282098 0.165426
vt 0.310578 0.151365
vt 0.368702 0.269349
vt 0.333053 0.245318
vt 0.353120 0.231853
vt 0.355014 0.138065
vt 0.398811 0.139989
vt 0.376736 0.230219
vt 0.897304 0.542730
vt 0.919834 0.534272
vt 0.908371 0.554849
vt 0.857764 0.581399
vt 0.282098 0.165426
vt 0.310577 0.151365
vt 0.368702 0.269349
vt 0.333429 0.244867
vt 0.353480 0.231540
vt 0.369729 0.137205
vt 0.398811 0.139988
vt 0.377256 0.230079
vt 0.866858 0.515272
vt 0.888177 0.500554
vt 0.881339 0.524220
vt 0.835394 0.572817
vt 0.325523 0.144574
vt 0.282097 0.165424
vt 0.368702 0.269349
vt 0.334207 0.244942
vt 0.353947 0.231890
vt 0.369729 0.137207
vt 0.398811 0.139990
vt 0.377624 0.230471
vt 0.827120 0.515826
vt 0.843149 0.496557
vt 0.843077 0.519890
vt 0.811269 0.599447
vt 0.325523 0.144575
vt 0.282099 0.165425
vt 0.534582 0.028559
vt 0.518324 0.052286
vt 0.510134 0.021168
vt 0.554059 0.027288
vt 0.827239 0.656476
vt 0.571818 0.044192
vt 0.588085 0.021813
vt 0.624169 0.058526
vt 0.614210 0.020015
vt 0.642783 0.029410
vt 0.466701 0.039590
vt 0.466070 0.059882
vt 0.434901 0.049774
vt 0.437585 0.026163
vt 0.938941 0.195722
vt 0.913842 0.162480
vt 0.934505 0.153313
vt 0.956905 0.158257
vt 0.953107 0.070985
vt 0.989279 0.079221
vt 0.887118 0.669238
vt 0.871861 0.673058
vt 0.880278 0.659755
vt 0.912416 0.617311
vt 0.912849 0.651716
vt 0.890662 0.105411
vt 0.916140 0.074371
vt 0.938941 0.195722
vt 0.914618 0.161403
vt 0.935137 0.152232
vt 0.952893 0.070850
vt 0.987693 0.092432
vt 0.957781 0.156698
vt 0.902899 0.699526
vt 0.884306 0.708275
vt 0.891657 0.689512
vt 0.934168 0.667420
vt 0.887421 0.098131
vt 0.916140 0.074371
vt 0.938941 0.195722
vt 0.915092 0.160316
vt 0.935842 0.151267
vt 0.966039 0.071038
vt 0.986096 0.090739
vt 0.958504 0.156200
vt 0.940779 0.720938
vt 0.926249 0.737647
vt 0.926283 0.715919
vt 0.960035 0.671539
vt 0.928165 0.072679
vt 0.883813 0.096502
vt 0.938941 0.195722
vt 0.915420 0.159593
vt 0.936597 0.151731
vt 0.966038 0.071038
vt 0.984607 0.094197
vt 0.959080 0.156409
vt 0.976578 0.712707
vt 0.967428 0.732144
vt 0.961948 0.712150
vt 0.981226 0.637893
vt 0.927827 0.072362
vt 0.883010 0.085959
vt 0.785840 0.037027
vt 0.779076 0.060625
vt 0.769008 0.032716
vt 0.805844 0.039433
vt 0.820219 0.071641
vt 0.822387 0.039006
vt 0.950585 0.595475
vt 0.835494 0.042352
vt 0.858936 0.070110
vt 0.853512 0.038061
vt 0.873893 0.043444
vt 0.725338 0.077312
vt 0.721236 0.040062
vt 0.684614 0.090882
vt 0.686254 0.039287
vt 0.634935 0.431188
vt 0.621413 0.435472
vt 0.636704 0.388063
vt 0.642991 0.390105
vt 0.686681 0.433191
vt 0.670889 0.432739
vt 0.662361 0.389242
vt 0.673774 0.385273
vt 0.654614 0.429601
vt 0.652843 0.390384
vt 0.652430 0.349384
vt 0.673903 0.431498
vt 0.655138 0.432841
vt 0.653336 0.380178
vt 0.636373 0.431795
vt 0.632367 0.425348
vt 0.612180 0.416937
vt 0.635468 0.378663
vt 0.645044 0.383903
vt 0.684305 0.419523
vt 0.651903 0.421765
vt 0.654233 0.382688
vt 0.668960 0.378348
vt 0.649065 0.350928
vt 0.166357 0.868067
vt 0.148359 0.870775
vt 0.142513 0.846996
vt 0.171617 0.840947
vt 0.082607 0.862835
vt 0.120437 0.878301
vt 0.069186 0.860046
vt 0.058780 0.859747
vt 0.032243 0.866745
vt 0.023940 0.894645
vt 0.021429 0.873322
vt 0.118467 0.847899
vt 0.098239 0.854719
vt 0.187026 0.958217
vt 0.162361 0.979242
vt 0.179705 0.949723
vt 0.144005 0.935974
vt 0.110162 0.983395
vt 0.111278 0.926180
vt 0.160604 0.932107
vt 0.169394 0.940368
vt 0.077610 0.921942
vt 0.052131 0.939544
vt 0.048360 0.912386
vt 0.017644 0.906267
vt 0.047008 0.868366
vt 0.174833 0.917649
vt 0.146441 0.917047
vt 0.052353 0.985459
vt 0.010874 0.984481
vt 0.022111 0.934719
vt 0.189577 0.973372
vt 0.063983 0.329179
vt 0.072188 0.360093
vt 0.033549 0.331762
vt 0.159086 0.233506
vt 0.213427 0.244766
vt 0.254844 0.263589
vt 0.290916 0.290198
vt 0.321707 0.295518
vt 0.625730 0.434536
vt 0.605804 0.423208
vt 0.632217 0.380278
vt 0.643754 0.386006
vt 0.696668 0.428537
vt 0.679710 0.425908
vt 0.667136 0.381436
vt 0.675886 0.381061
vt 0.650528 0.429977
vt 0.653080 0.383796
vt 0.653679 0.345166
vt 0.288158 0.426736
vt 0.274711 0.647280
vt 0.272318 0.715453
vt 0.411174 0.814856
vt 0.423692 0.776021
vt 0.464952 0.806850
vt 0.369152 0.789525
vt 0.365116 0.833014
vt 0.432516 0.851915
vt 0.104928 0.765952
vt 0.106146 0.832359
vt 0.037069 0.829107
vt 0.035177 0.764689
vt 0.385423 0.324136
vt 0.407717 0.328930
vt 0.439494 0.349766
vt 0.332998 0.310019
vt 0.338919 0.303912
vt 0.356567 0.330813
vt 0.343751 0.334057
vt 0.365355 0.342523
vt 0.133270 0.326285
vt 0.166933 0.367807
vt 0.127884 0.336416
vt 0.053448 0.226886
vt 0.862109 0.734160
vt 0.813526 0.731818
vt 0.833329 0.713315
vt 0.799388 0.751050
vt 0.826717 0.753452
vt 0.806746 0.705203
vt 0.875555 0.759859
vt 0.869853 0.707162
vt 0.133608 0.358016
vt 0.127017 0.374917
vt 0.836519 0.696191
vt 0.812816 0.689868
vt 0.822493 0.768813
vt 0.791876 0.754584
vt 0.100294 0.312802
vt 0.879171 0.469017
vt 0.929816 0.488181
vt 0.921990 0.424872
vt 0.941265 0.368831
vt 0.975332 0.456520
vt 0.976137 0.456480
vt 0.941434 0.368993
vt 0.912199 0.387945
vt 0.866594 0.454928
vt 0.893770 0.485687
vt 0.891885 0.435256
vt 0.878738 0.469920
vt 0.929169 0.487355
vt 0.921534 0.425385
vt 0.940230 0.368931
vt 0.974691 0.455877
vt 0.089843 0.327113
vt 0.265134 0.199249
vt 0.261363 0.240503
vt 0.182471 0.206474
vt 0.255714 0.157145
vt 0.267012 0.200099
vt 0.259272 0.235424
vt 0.179444 0.204398
vt 0.255286 0.157685
vt 0.267011 0.200099
vt 0.259271 0.235423
vt 0.179443 0.204398
vt 0.255285 0.157686
vt 0.641731 0.419162
vt 0.622434 0.418064
vt 0.653369 0.359230
vt 0.687901 0.415823
vt 0.660642 0.422714
vt 0.265134 0.199250
vt 0.261363 0.240504
vt 0.182470 0.206475
vt 0.255714 0.157143
vt 0.267011 0.200099
vt 0.259271 0.235424
vt 0.179444 0.204398
vt 0.255284 0.157685
vt 0.265134 0.199250
vt 0.261363 0.240503
vt 0.182470 0.206474
vt 0.255714 0.157144
vt 0.267011 0.200099
vt 0.259272 0.235424
vt 0.179445 0.204398
vt 0.255285 0.157686
vt 0.265134 0.199250
vt 0.261363 0.240503
vt 0.182470 0.206475
vt 0.255714 0.157144
vt 0.265134 0.199250
vt 0.261364 0.240505
vt 0.182468 0.206475
vt 0.204172 0.836079
vt 0.270227 0.838869
vt 0.219658 0.956231
vt 0.309376 0.849272
vt 0.273048 0.954162
vt 0.202203 0.833140
vt 0.258765 0.835944
vt 0.220993 0.965177
vt 0.325181 0.841389
vt 0.287517 0.950935
vt 0.275122 0.805627
vt 0.235905 0.966137
vt 0.213023 0.935083
vt 0.209535 0.803424
vt 0.321729 0.815315
vt 0.283532 0.946528
vt 0.268927 0.826296
vt 0.232584 0.973491
vt 0.209685 0.949331
vt 0.205314 0.824012
vt 0.319716 0.835486
vt 0.285217 0.944393
vt 0.206129 0.854895
vt 0.272184 0.857688
vt 0.221609 0.957754
vt 0.311297 0.868925
vt 0.274982 0.955840
vt 0.202352 0.864022
vt 0.266362 0.866840
vt 0.218917 0.954633
vt 0.310769 0.877914
vt 0.277564 0.945831
vt 0.162990 0.397852
vt 0.126909 0.394425
vt 0.067082 0.386133
vt 0.024826 0.396466
vt 0.760788 0.705426
vt 0.739318 0.711374
vt 0.231494 0.014331
vt 0.020947 0.031973
vt 0.080813 0.017885
vt 0.719058 0.491956
vt 0.755654 0.492350
vt 0.149723 0.013031
vt 0.041343 0.564033
vt 0.015569 0.493165
vt 0.325033 0.931971
vt 0.173684 0.709736
vt 0.168875 0.752290
vt 0.124425 0.744317
vt 0.017920 0.706140
vt 0.865027 0.938872
vt 0.867305 0.975176
vt 0.690965 0.970967
vt 0.649684 0.471273
vt 0.485916 0.969296
vt 0.270951 0.758882
vt 0.359439 0.758765
vt 0.255715 0.157142
vt 0.344562 0.405713
vt 0.879171 0.469017
vt 0.929816 0.488181
vt 0.921990 0.424872
vt 0.941265 0.368831
vt 0.975332 0.456520
vt 0.958165 0.398696
vt 0.899633 0.419854
vt 0.937778 0.431844
vt 0.974691 0.455877
vt 0.880602 0.474325
vt 0.929169 0.487355
vt 0.943872 0.365669
vt 0.958915 0.398735
vt 0.900155 0.419087
vt 0.938233 0.431532
vt 0.975332 0.456520
vt 0.879171 0.469017
vt 0.929816 0.488181
vt 0.941265 0.368831
vt 0.958915 0.398735
vt 0.900155 0.419087
vt 0.938233 0.431532
vt 0.975332 0.456520
vt 0.879171 0.469017
vt 0.929816 0.488181
vt 0.941265 0.368831
vt 0.569544 0.020986
vt 0.035262 0.582786
vt 0.978718 0.943479
vt 0.823052 0.451516
vt 0.863628 0.392632
vt 0.880254 0.390892
vt 0.974588 0.978770
vt 0.959296 0.398770
vt 0.909108 0.403095
vt 0.938736 0.431553
vt 0.976137 0.456480
vt 0.880182 0.470308
vt 0.931025 0.489218
vt 0.891885 0.435256
vt 0.941434 0.368993
vt 0.958165 0.398696
vt 0.900585 0.421932
vt 0.937778 0.431844
vt 0.974691 0.455877
vt 0.878738 0.469920
vt 0.929169 0.487355
vt 0.940230 0.368931
vt 0.958915 0.398735
vt 0.901078 0.421174
vt 0.938233 0.431532
vt 0.975332 0.456520
vt 0.879171 0.469017
vt 0.929816 0.488181
vt 0.941265 0.368831
vt 0.958915 0.398735
vt 0.908887 0.403012
vt 0.938233 0.431532
vt 0.975332 0.456520
vt 0.879171 0.469017
vt 0.929816 0.488181
vt 0.891422 0.435162
vt 0.941265 0.368831
vt 0.958915 0.398735
vt 0.901078 0.421174
vt 0.938233 0.431532
vt 0.975332 0.456520
vt 0.879171 0.469017
vt 0.929816 0.488181
vt 0.941265 0.368831
vt 0.315427 0.303951
vt 0.286581 0.298186
vt 0.297434 0.340882
vt 0.389557 0.336607
vt 0.385442 0.363148
vt 0.405799 0.343690
vt 0.249686 0.273943
vt 0.236336 0.315445
vt 0.224072 0.369552
vt 0.210838 0.257156
vt 0.158524 0.259971
vt 0.098261 0.298252
vt 0.148076 0.307673
vt 0.152638 0.295728
vt 0.180842 0.323016
vt 0.141139 0.317614
vt 0.771779 0.673574
vt 0.781117 0.640569
vt 0.727567 0.635702
vt 0.734043 0.676343
vt 0.779594 0.607613
vt 0.721256 0.599329
vt 0.236917 0.056217
vt 0.246772 0.104469
vt 0.314463 0.089410
vt 0.322534 0.051985
vt 0.384582 0.043798
vt 0.375808 0.060801
vt 0.382138 0.064447
vt 0.390778 0.047355
vt 0.253874 0.128529
vt 0.321603 0.112281
vt 0.357018 0.102797
vt 0.350713 0.095515
vt 0.365129 0.077014
vt 0.370447 0.084581
vt 0.122977 0.186280
vt 0.115759 0.136056
vt 0.086511 0.205007
vt 0.719032 0.546824
vt 0.760383 0.576273
vt 0.760130 0.535763
vt 0.094037 0.071935
vt 0.025854 0.094698
vt 0.056638 0.185502
vt 0.155349 0.200761
vt 0.193541 0.156609
vt 0.182349 0.129756
vt 0.103926 0.224118
vt 0.167703 0.071201
vt 0.882770 0.306968
vt 0.864822 0.324321
vt 0.863594 0.392375
vt 0.879930 0.390643
vt 0.801672 0.312016
vt 0.813117 0.246067
vt 0.731047 0.247112
vt 0.728991 0.306251
vt 0.685632 0.269436
vt 0.704971 0.330137
vt 0.871654 0.272337
vt 0.799103 0.399579
vt 0.822826 0.451451
vt 0.196572 0.615766
vt 0.136836 0.642430
vt 0.185616 0.651521
vt 0.364525 0.485597
vt 0.365698 0.581120
vt 0.448227 0.583719
vt 0.442539 0.486611
vt 0.473930 0.359013
vt 0.525741 0.378711
vt 0.533028 0.299666
vt 0.643829 0.247395
vt 0.589383 0.295192
vt 0.631184 0.304356
vt 0.612170 0.339356
vt 0.529197 0.220326
vt 0.520439 0.087482
vt 0.465439 0.080173
vt 0.466148 0.224836
vt 0.432217 0.073384
vt 0.423105 0.223943
vt 0.472858 0.306175
vt 0.418630 0.283313
vt 0.735868 0.173232
vt 0.784358 0.137315
vt 0.861838 0.230734
vt 0.826670 0.129828
vt 0.685923 0.241277
vt 0.699959 0.152912
vt 0.895721 0.215803
vt 0.579276 0.215647
vt 0.732183 0.129209
vt 0.721494 0.398645
vt 0.136010 0.704453
vt 0.080865 0.593290
vt 0.032327 0.676291
vt 0.644039 0.693961
vt 0.632993 0.643626
vt 0.631201 0.599218
vt 0.639808 0.536919
vt 0.545591 0.511150
vt 0.559617 0.591854
vt 0.685509 0.878594
vt 0.849524 0.877303
vt 0.479875 0.922429
vt 0.407857 0.933306
vt 0.513665 0.481639
vt 0.287614 0.485530
vt 0.195758 0.532748
vt 0.279789 0.576309
vt 0.144873 0.489678
vt 0.212962 0.487728
vt 0.919658 0.245434
vt 0.857887 0.127283
vt 0.575568 0.654082
vt 0.532408 0.711099
vt 0.520473 0.658029
vt 0.448743 0.655893
vt 0.452167 0.711456
vt 0.489080 0.604365
vt 0.365288 0.649741
vt 0.590281 0.703860
vt 0.359619 0.714901
vt 0.340026 0.951744
vt 0.619682 0.202173
vt 0.624022 0.091434
vt 0.569755 0.089992
vt 0.770116 0.447472
vt 0.101469 0.249213
vt 0.047668 0.266819
vt 0.345765 0.370530
vt 0.949073 0.848317
vt 0.971794 0.909955
vt 0.692358 0.929290
vt 0.368702 0.269350
vt 0.352531 0.232612
vt 0.332773 0.246171
vt 0.376049 0.230927
vt 0.398811 0.139989
vt 0.355101 0.137495
vt 0.910764 0.580326
vt 0.916635 0.592169
vt 0.929721 0.578885
vt 0.873837 0.601468
vt 0.867421 0.636147
vt 0.310578 0.151365
vt 0.282098 0.165426
vt 0.368702 0.269349
vt 0.353120 0.231853
vt 0.333053 0.245318
vt 0.376736 0.230219
vt 0.398811 0.139989
vt 0.355014 0.138065
vt 0.897304 0.542730
vt 0.908371 0.554849
vt 0.919834 0.534272
vt 0.857764 0.581399
vt 0.310577 0.151365
vt 0.282098 0.165426
vt 0.368702 0.269349
vt 0.353480 0.231540
vt 0.333429 0.244867
vt 0.377256 0.230079
vt 0.398811 0.139988
vt 0.369729 0.137205
vt 0.866858 0.515272
vt 0.881339 0.524220
vt 0.888177 0.500554
vt 0.835394 0.572817
vt 0.325523 0.144574
vt 0.282097 0.165424
vt 0.368702 0.269349
vt 0.353947 0.231890
vt 0.334207 0.244942
vt 0.377624 0.230471
vt 0.398811 0.139990
vt 0.369729 0.137207
vt 0.827120 0.515826
vt 0.843077 0.519890
vt 0.843149 0.496557
vt 0.811269 0.599447
vt 0.325523 0.144575
vt 0.282099 0.165425
vt 0.534582 0.028559
vt 0.510134 0.021168
vt 0.518324 0.052286
vt 0.554059 0.027288
vt 0.827239 0.656476
vt 0.571818 0.044192
vt 0.588085 0.021813
vt 0.624169 0.058526
vt 0.614210 0.020015
vt 0.642783 0.029410
vt 0.466701 0.039590
vt 0.437585 0.026163
vt 0.434901 0.049774
vt 0.466070 0.059882
vt 0.938941 0.195722
vt 0.934505 0.153313
vt 0.913842 0.162480
vt 0.956905 0.158257
vt 0.989279 0.079221
vt 0.953107 0.070985
vt 0.887118 0.669238
vt 0.880278 0.659755
vt 0.871861 0.673058
vt 0.912849 0.651716
vt 0.912416 0.617311
vt 0.916140 0.074371
vt 0.890662 0.105411
vt 0.938941 0.195722
vt 0.935137 0.152232
vt 0.914618 0.161403
vt 0.957781 0.156698
vt 0.987693 0.092432
vt 0.952893 0.070850
vt 0.902899 0.699526
vt 0.891657 0.689512
vt 0.884306 0.708275
vt 0.934168 0.667420
vt 0.916140 0.074371
vt 0.887421 0.098131
vt 0.938941 0.195722
vt 0.935842 0.151267
vt 0.915092 0.160316
vt 0.958504 0.156200
vt 0.986096 0.090739
vt 0.966039 0.071038
vt 0.940779 0.720938
vt 0.926283 0.715919
vt 0.926249 0.737647
vt 0.960035 0.671539
vt 0.928165 0.072679
vt 0.883813 0.096502
vt 0.938941 0.195722
vt 0.936597 0.151731
vt 0.915420 0.159593
vt 0.959080 0.156409
vt 0.984607 0.094197
vt 0.966038 0.071038
vt 0.976578 0.712707
vt 0.961948 0.712150
vt 0.967428 0.732144
vt 0.981226 0.637893
vt 0.927827 0.072362
vt 0.883010 0.085959
vt 0.785840 0.037027
vt 0.769008 0.032716
vt 0.779076 0.060625
vt 0.805844 0.039433
vt 0.820219 0.071641
vt 0.822387 0.039006
vt 0.950585 0.595475
vt 0.835494 0.042352
vt 0.858936 0.070110
vt 0.853512 0.038061
vt 0.873893 0.043444
vt 0.721236 0.040062
vt 0.725338 0.077312
vt 0.684614 0.090882
vt 0.686254 0.039287
vt 0.634935 0.431188
vt 0.642991 0.390105
vt 0.636704 0.388063
vt 0.621413 0.435472
vt 0.686681 0.433191
vt 0.673774 0.385273
vt 0.662361 0.389242
vt 0.670889 0.432739
vt 0.652843 0.390384
vt 0.654614 0.429601
vt 0.652430 0.349384
vt 0.673903 0.431498
vt 0.653336 0.380178
vt 0.655138 0.432841
vt 0.636373 0.431795
vt 0.632367 0.425348
vt 0.645044 0.383903
vt 0.635468 0.378663
vt 0.612180 0.416937
vt 0.684305 0.419523
vt 0.668960 0.378348
vt 0.654233 0.382688
vt 0.651903 0.421765
vt 0.649065 0.350928
vt 0.166357 0.868067
vt 0.171617 0.840947
vt 0.142513 0.846996
vt 0.148359 0.870775
vt 0.082607 0.862835
vt 0.069186 0.860046
vt 0.058780 0.859747
vt 0.032243 0.866745
vt 0.021429 0.873322
vt 0.118467 0.847899
vt 0.098239 0.854719
vt 0.187026 0.958217
vt 0.179705 0.949723
vt 0.144005 0.935974
vt 0.111278 0.926180
vt 0.160604 0.932107
vt 0.169394 0.940368
vt 0.077610 0.921942
vt 0.048360 0.912386
vt 0.052131 0.939544
vt 0.017644 0.906267
vt 0.047008 0.868366
vt 0.022111 0.934719
vt 0.063983 0.329179
vt 0.033549 0.331762
vt 0.072188 0.360093
vt 0.213427 0.244766
vt 0.159086 0.233506
vt 0.254844 0.263589
vt 0.290916 0.290198
vt 0.321707 0.295518
vt 0.625730 0.434536
vt 0.643754 0.386006
vt 0.632217 0.380278
vt 0.605804 0.423208
vt 0.696668 0.428537
vt 0.675886 0.381061
vt 0.667136 0.381436
vt 0.679710 0.425908
vt 0.653080 0.383796
vt 0.650528 0.429977
vt 0.653679 0.345166
vt 0.274711 0.647280
vt 0.272318 0.715453
vt 0.411174 0.814856
vt 0.464952 0.806850
vt 0.423692 0.776021
vt 0.369152 0.789525
vt 0.365116 0.833014
vt 0.432516 0.851915
vt 0.104928 0.765952
vt 0.035177 0.764689
vt 0.037069 0.829107
vt 0.106146 0.832359
vt 0.407717 0.328930
vt 0.385423 0.324136
vt 0.332998 0.310019
vt 0.343751 0.334057
vt 0.356567 0.330813
vt 0.338919 0.303912
vt 0.365355 0.342523
vt 0.133270 0.326285
vt 0.166933 0.367807
vt 0.127884 0.336416
vt 0.053448 0.226886
vt 0.862109 0.734160
vt 0.833329 0.713315
vt 0.813526 0.731818
vt 0.799388 0.751050
vt 0.826717 0.753452
vt 0.806746 0.705203
vt 0.875555 0.759859
vt 0.869853 0.707162
vt 0.133608 0.358016
vt 0.127017 0.374917
vt 0.836519 0.696191
vt 0.812816 0.689868
vt 0.791876 0.754584
vt 0.822493 0.768813
vt 0.100294 0.312802
vt 0.879171 0.469017
vt 0.921990 0.424872
vt 0.929816 0.488181
vt 0.941265 0.368831
vt 0.975332 0.456520
vt 0.976137 0.456480
vt 0.912199 0.387945
vt 0.941434 0.368993
vt 0.866594 0.454928
vt 0.891885 0.435256
vt 0.893770 0.485687
vt 0.878738 0.469920
vt 0.921534 0.425385
vt 0.929169 0.487355
vt 0.940230 0.368931
vt 0.974691 0.455877
vt 0.089843 0.327113
vt 0.265134 0.199249
vt 0.182471 0.206474
vt 0.261363 0.240503
vt 0.255714 0.157145
vt 0.267012 0.200099
vt 0.179444 0.204398
vt 0.259272 0.235424
vt 0.255286 0.157685
vt 0.267011 0.200099
vt 0.179443 0.204398
vt 0.259271 0.235423
vt 0.255285 0.157686
vt 0.641731 0.419162
vt 0.653369 0.359230
vt 0.622434 0.418064
vt 0.687901 0.415823
vt 0.660642 0.422714
vt 0.265134 0.199250
vt 0.182470 0.206475
vt 0.261363 0.240504
vt 0.255714 0.157143
vt 0.267011 0.200099
vt 0.179444 0.204398
vt 0.259271 0.235424
vt 0.255284 0.157685
vt 0.265134 0.199250
vt 0.182470 0.206474
vt 0.261363 0.240503
vt 0.255714 0.157144
vt 0.267011 0.200099
vt 0.179445 0.204398
vt 0.259272 0.235424
vt 0.255285 0.157686
vt 0.265134 0.199250
vt 0.182470 0.206475
vt 0.261363 0.240503
vt 0.255714 0.157144
vt 0.265134 0.199250
vt 0.182468 0.206475
vt 0.261364 0.240505
vt 0.270227 0.838869
vt 0.258765 0.835944
vt 0.275122 0.805627
vt 0.268927 0.826296
vt 0.272184 0.857688
vt 0.266362 0.866840
vt 0.041343 0.564033
vt 0.173684 0.709736
vt 0.865027 0.938872
vt 0.879171 0.469017
vt 0.921990 0.424872
vt 0.929816 0.488181
vt 0.941265 0.368831
vt 0.975332 0.456520
vt 0.958165 0.398696
vt 0.974691 0.455877
vt 0.937778 0.431844
vt 0.899633 0.419854
vt 0.880602 0.474325
vt 0.929169 0.487355
vt 0.943872 0.365669
vt 0.958915 0.398735
vt 0.975332 0.456520
vt 0.938233 0.431532
vt 0.900155 0.419087
vt 0.879171 0.469017
vt 0.929816 0.488181
vt 0.941265 0.368831
vt 0.958915 0.398735
vt 0.975332 0.456520
vt 0.938233 0.431532
vt 0.900155 0.419087
vt 0.879171 0.469017
vt 0.929816 0.488181
vt 0.941265 0.368831
vt 0.569544 0.020986
vt 0.035262 0.582786
vt 0.978718 0.943479
vt 0.823052 0.451516
vt 0.880254 0.390892
vt 0.863628 0.392632
vt 0.959296 0.398770
vt 0.976137 0.456480
vt 0.938736 0.431553
vt 0.909108 0.403095
vt 0.880182 0.470308
vt 0.891885 0.435256
vt 0.931025 0.489218
vt 0.941434 0.368993
vt 0.958165 0.398696
vt 0.974691 0.455877
vt 0.937778 0.431844
vt 0.900585 0.421932
vt 0.878738 0.469920
vt 0.929169 0.487355
vt 0.940230 0.368931
vt 0.958915 0.398735
vt 0.975332 0.456520
vt 0.938233 0.431532
vt 0.901078 0.421174
vt 0.879171 0.469017
vt 0.929816 0.488181
vt 0.941265 0.368831
vt 0.958915 0.398735
vt 0.975332 0.456520
vt 0.938233 0.431532
vt 0.908887 0.403012
vt 0.879171 0.469017
vt 0.891422 0.435162
vt 0.929816 0.488181
vt 0.941265 0.368831
vt 0.958915 0.398735
vt 0.975332 0.456520
vt 0.938233 0.431532
vt 0.901078 0.421174
vt 0.879171 0.469017
vt 0.929816 0.488181
vt 0.941265 0.368831
vn -0.97551 0.16960 -0.14008
vn -0.64947 0.69770 -0.30234
vn -0.92331 0.22484 -0.31137
vn -0.85236 0.20279 -0.48204
vn -0.45367 0.01073 -0.89111
vn -0.51199 0.59978 -0.61492
vn -0.68622 0.61518 -0.38813
vn -0.94212 0.10751 -0.31756
vn -0.35321 0.77746 -0.52038
vn -0.96149 0.12426 -0.24513
vn -0.79145 0.51179 -0.33417
vn -0.70981 0.68713 -0.15500
vn -0.60471 0.74121 -0.29142
vn -0.90487 0.38216 -0.18753
vn -0.78373 0.48689 -0.38561
vn -0.98684 -0.14228 -0.07678
vn -0.37903 0.91896 -0.10886
vn -0.33702 0.93022 -0.14526
vn -0.71153 0.69406 -0.10952
vn -0.72178 0.69148 -0.03001
vn -0.99563 -0.01844 0.09159
vn -0.93970 0.30463 0.15545
vn -0.39030 -0.92060 0.01260
vn -0.42990 -0.90151 -0.04969
vn -0.71288 -0.69467 0.09609
vn -0.81864 -0.54519 -0.18054
vn -0.24572 -0.65538 -0.71421
vn -0.58237 -0.67898 -0.44703
vn 0.00000 -0.99293 -0.11870
vn -0.37548 0.30574 -0.87495
vn -0.41707 0.54537 -0.72707
vn 0.00000 -0.67060 -0.74182
vn 0.00000 0.23313 -0.97245
vn -0.82780 0.55611 -0.07413
vn -0.71251 0.58665 -0.38493
vn -0.82988 -0.54348 -0.12617
vn -0.51261 0.79752 -0.31811
vn -0.62083 -0.66624 -0.41315
vn -0.67188 0.13983 -0.72734
vn -0.95264 0.08919 -0.29073
vn -0.99350 -0.00758 0.11359
vn -0.74868 -0.64201 0.16522
vn -0.71111 -0.66827 0.21849
vn -0.60860 -0.70512 0.36389
vn -0.78320 -0.43967 0.43964
vn -0.44520 -0.87101 0.20770
vn -0.78320 -0.43967 0.43964
vn -0.60860 -0.70512 0.36389
vn -0.87271 -0.44243 -0.20648
vn -0.39082 0.71798 -0.57599
vn -0.33767 0.74251 -0.57850
vn -0.88203 0.35339 -0.31168
vn -0.30226 -0.95196 0.04904
vn -0.41498 -0.52161 -0.74546
vn -0.95831 0.16298 -0.23469
vn -0.73760 0.28076 -0.61410
vn -0.70130 -0.02889 -0.71228
vn -0.98063 -0.06796 0.18372
vn -0.11072 -0.36690 0.92365
vn -0.24546 -0.02581 0.96906
vn -0.98877 -0.11682 -0.09325
vn -0.42499 -0.80716 0.40974
vn 0.19553 -0.97101 0.13749
vn -0.09225 -0.22853 -0.96916
vn -0.88905 0.26045 0.37650
vn -0.76168 0.63754 -0.11570
vn -0.95831 0.16298 -0.23469
vn -0.82842 0.55915 0.03258
vn -0.76168 0.63754 -0.11570
vn -0.64442 -0.75920 -0.09133
vn -0.63162 -0.77485 -0.02568
vn -0.97279 -0.19737 0.12137
vn -0.97953 -0.18982 -0.06699
vn -0.97279 -0.19737 0.12137
vn -0.99726 0.00475 -0.07387
vn -0.91019 0.38997 -0.13957
vn 0.19708 -0.97096 -0.13566
vn -0.52744 -0.64975 -0.54739
vn -0.43374 -0.26410 -0.86147
vn -0.87257 0.20636 -0.44277
vn -0.99257 -0.11531 0.03893
vn 0.42254 -0.11327 0.89924
vn -0.31973 -0.21486 0.92282
vn -0.99873 -0.04428 0.02397
vn 0.98650 -0.05886 0.15285
vn 0.96299 -0.13749 -0.23184
vn 0.19708 -0.97096 -0.13566
vn -0.37522 -0.10111 0.92140
vn -0.01147 0.30358 0.95274
vn -0.98151 -0.02158 -0.19018
vn -0.18104 -0.53613 -0.82449
vn 0.41360 -0.08774 -0.90622
vn 0.96928 -0.21292 -0.12312
vn 0.98396 -0.09736 0.14947
vn 0.96928 -0.21292 -0.12312
vn -0.09195 -0.16814 -0.98147
vn -0.34739 -0.25948 0.90110
vn -0.87489 0.04773 0.48196
vn -0.43353 0.89390 0.11397
vn -0.62272 0.75024 0.22215
vn -0.70806 0.56468 0.42401
vn -0.35431 0.92603 -0.13015
vn -0.83505 0.52148 -0.17534
vn -0.93052 -0.25853 -0.25941
vn -0.87257 0.20636 -0.44277
vn -0.52744 -0.64975 -0.54739
vn -0.71968 -0.65309 -0.23564
vn -0.83928 -0.53208 0.11183
vn 0.00000 -0.99563 0.09343
vn -0.00000 -0.98718 0.15962
vn -0.94172 -0.31792 0.10993
vn -0.98777 0.09916 0.12032
vn -0.98002 0.15410 0.12572
vn 0.00000 -0.98372 0.17973
vn 0.00000 -0.98864 0.15032
vn 0.19708 -0.97096 -0.13566
vn -0.49899 -0.86577 0.03799
vn -0.95628 -0.28967 0.04021
vn -0.41498 -0.52161 -0.74546
vn 0.19553 -0.97101 0.13749
vn -0.28053 -0.95974 0.01388
vn 0.19553 -0.97101 0.13749
vn 0.98396 -0.09736 0.14947
vn 0.00000 -0.99981 -0.01935
vn 0.00000 -0.99994 0.01112
vn -0.00000 -0.99811 0.06139
vn 0.00000 -0.99391 0.11017
vn -0.64217 0.75151 -0.15119
vn -0.32605 0.93901 -0.10934
vn -0.30221 0.95131 -0.06056
vn -0.75252 0.65260 -0.08844
vn -0.65435 0.72565 -0.21273
vn -0.91019 0.38997 -0.13957
vn -0.85288 0.52147 -0.02582
vn -0.29082 0.94948 -0.11797
vn -0.34825 0.93740 -0.00169
vn -0.00000 0.99671 -0.08109
vn 0.00000 0.99926 -0.03852
vn 0.00000 0.18534 0.98267
vn -0.96701 0.06491 0.24634
vn 0.00000 0.95264 0.30411
vn 0.00000 -0.98647 -0.16395
vn 0.00000 -0.91318 -0.40755
vn 0.00000 0.99165 0.12894
vn -0.00000 0.99290 -0.11897
vn -0.00000 0.99446 -0.10513
vn 0.96299 -0.13749 -0.23184
vn 0.07690 0.24215 -0.96719
vn 0.98650 -0.05886 0.15285
vn -0.70806 0.56468 0.42401
vn -0.00000 0.92793 -0.37276
vn 0.00000 0.85598 -0.51700
vn -0.80453 0.57878 -0.13322
vn -0.72178 0.69148 -0.03001
vn 0.00000 0.15687 -0.98762
vn -0.00000 0.81215 -0.58345
vn -0.42223 0.86663 -0.26585
vn -0.42499 -0.80716 0.40974
vn -0.00000 -0.96080 0.27725
vn -0.87489 0.04773 0.48196
vn -0.82448 0.55384 0.11612
vn -0.27497 0.36039 -0.89135
vn 0.65471 -0.37465 -0.65650
vn -0.26014 0.86138 -0.43629
vn -0.84817 -0.52406 0.07726
vn -0.82662 0.55213 0.10883
vn -0.61056 -0.72888 0.30975
vn 0.65471 -0.37465 -0.65650
vn -0.27497 0.36039 -0.89135
vn -0.84817 -0.52406 0.07726
vn -0.61056 -0.72888 0.30975
vn -0.32285 -0.94033 -0.10744
vn -0.32285 -0.94033 -0.10744
vn -0.34646 0.82588 -0.44484
vn -0.29709 -0.11931 -0.94737
vn 0.81086 -0.35943 -0.46187
vn -0.38263 0.85883 -0.34060
vn -0.34646 0.82588 -0.44484
vn -0.32285 -0.94033 -0.10744
vn -0.65866 -0.75222 0.01835
vn 0.81086 -0.35943 -0.46187
vn -0.29709 -0.11931 -0.94737
vn -0.65866 -0.75222 0.01835
vn -0.17863 -0.97397 -0.13956
vn -0.17863 -0.97397 -0.13956
vn -0.02339 0.76677 -0.64150
vn -0.08306 -0.17600 -0.98088
vn 0.92772 -0.30154 -0.22004
vn -0.39660 0.83332 -0.38507
vn -0.02339 0.76677 -0.64150
vn -0.17863 -0.97397 -0.13956
vn -0.64182 -0.76045 -0.09893
vn 0.92772 -0.30154 -0.22004
vn -0.08306 -0.17600 -0.98088
vn -0.64182 -0.76045 -0.09893
vn -0.10695 -0.97984 -0.16873
vn 0.29272 0.87468 -0.38632
vn -0.10695 -0.97984 -0.16873
vn 0.09785 -0.22396 -0.96967
vn 0.82761 -0.55901 -0.05074
vn -0.18910 0.86294 -0.46860
vn 0.29272 0.87468 -0.38632
vn -0.10695 -0.97984 -0.16873
vn -0.82829 -0.52018 -0.20823
vn 0.82761 -0.55901 -0.05074
vn 0.09785 -0.22396 -0.96967
vn -0.82829 -0.52018 -0.20823
vn 0.81314 -0.54036 0.21635
vn 0.80021 0.59933 -0.02170
vn 0.81314 -0.54036 0.21635
vn -0.82662 0.55213 0.10883
vn -0.97190 0.18399 0.14684
vn -0.61056 -0.72888 0.30975
vn -0.34646 0.82588 -0.44484
vn 0.03427 -0.87014 0.49161
vn -0.17810 0.72236 -0.66819
vn 0.29272 0.87468 -0.38632
vn 0.95603 0.29296 0.01346
vn 0.80021 0.59933 -0.02170
vn 0.81314 -0.54036 0.21635
vn 0.03427 -0.87014 0.49161
vn 0.04400 -0.41649 0.90808
vn 0.95603 0.29296 0.01346
vn 0.81314 -0.54036 0.21635
vn -0.43022 0.10009 -0.89716
vn 0.62498 -0.45182 -0.63660
vn -0.29869 0.85698 -0.41997
vn -0.85076 -0.50904 0.13073
vn -0.83836 0.54509 0.00491
vn -0.69712 -0.61310 0.37166
vn 0.62498 -0.45182 -0.63660
vn -0.43022 0.10009 -0.89716
vn -0.85076 -0.50904 0.13073
vn -0.69712 -0.61310 0.37166
vn -0.29242 -0.95378 -0.06928
vn -0.29242 -0.95378 -0.06928
vn -0.34071 0.73137 -0.59078
vn -0.26998 -0.17603 -0.94664
vn 0.80873 -0.34611 -0.47557
vn -0.35509 0.88131 -0.31177
vn -0.34071 0.73137 -0.59078
vn -0.29242 -0.95378 -0.06928
vn -0.64926 -0.76048 0.01153
vn 0.80873 -0.34611 -0.47557
vn -0.26998 -0.17603 -0.94664
vn -0.64926 -0.76048 0.01153
vn -0.15926 -0.98020 -0.11770
vn -0.15926 -0.98020 -0.11770
vn -0.01975 0.75880 -0.65103
vn -0.04390 -0.23511 -0.97098
vn 0.93384 -0.27776 -0.22538
vn -0.37685 0.85276 -0.36163
vn -0.01975 0.75880 -0.65103
vn -0.15926 -0.98020 -0.11770
vn -0.63271 -0.76711 -0.10595
vn 0.93384 -0.27776 -0.22538
vn -0.04390 -0.23511 -0.97098
vn -0.63271 -0.76711 -0.10595
vn -0.16239 -0.96501 -0.20588
vn 0.32081 0.77736 -0.54111
vn -0.16239 -0.96501 -0.20588
vn 0.14689 -0.27813 -0.94925
vn 0.83530 -0.54616 -0.06314
vn -0.18674 0.87351 -0.44956
vn 0.32081 0.77736 -0.54111
vn -0.16239 -0.96501 -0.20588
vn -0.81260 -0.53909 -0.22150
vn 0.83530 -0.54616 -0.06314
vn 0.14689 -0.27813 -0.94925
vn -0.81260 -0.53909 -0.22150
vn 0.75385 -0.62263 0.20987
vn 0.79804 0.57797 -0.17053
vn 0.75385 -0.62263 0.20987
vn -0.83836 0.54509 0.00491
vn -0.98329 0.17891 -0.03378
vn -0.69712 -0.61310 0.37166
vn -0.34071 0.73137 -0.59078
vn -0.20681 0.50729 -0.83659
vn -0.01975 0.75880 -0.65103
vn 0.06863 -0.89240 0.44599
vn 0.32081 0.77736 -0.54111
vn 0.90731 0.29792 -0.29671
vn 0.79804 0.57797 -0.17053
vn 0.75385 -0.62263 0.20987
vn 0.24930 -0.36805 0.89576
vn 0.06863 -0.89240 0.44599
vn 0.90731 0.29792 -0.29671
vn 0.75385 -0.62263 0.20987
vn 0.44759 -0.00024 -0.89424
vn 0.91433 0.34146 0.21775
vn 0.96558 0.20783 -0.15639
vn -0.26537 -0.01152 -0.96408
vn 0.91433 0.34146 0.21775
vn -0.45001 0.15571 0.87934
vn 0.22524 0.28700 0.93107
vn 0.96558 0.20783 -0.15639
vn -0.95109 -0.20872 -0.22771
vn -0.98904 -0.00549 0.14756
vn -0.10524 0.98945 -0.09957
vn -0.89034 -0.06260 -0.45097
vn -0.99610 -0.01416 -0.08710
vn -0.99610 -0.01416 -0.08710
vn -0.95649 0.03635 0.28949
vn 0.71885 0.36055 -0.59435
vn -0.37476 0.06398 0.92491
vn 0.69277 0.48470 0.53398
vn -0.17721 -0.00998 -0.98412
vn -0.37476 0.06398 0.92491
vn -0.90164 -0.38505 -0.19696
vn -0.95710 -0.17876 0.22805
vn 0.69277 0.48470 0.53398
vn -0.90063 0.43067 -0.05825
vn 0.21601 -0.56181 -0.79857
vn 0.18210 -0.98267 0.03455
vn -0.45255 -0.88662 0.09544
vn -0.88203 0.35339 -0.31168
vn -0.73495 -0.67607 0.05274
vn 0.00000 -0.92991 0.36778
vn -0.50700 -0.83220 0.22447
vn -0.76074 -0.61635 -0.20342
vn -0.80846 -0.51477 0.28530
vn 0.00000 -0.94544 -0.32580
vn -0.62042 -0.56180 -0.54724
vn -0.63982 -0.73837 0.21316
vn -0.66906 -0.73739 -0.09282
vn -0.37548 0.30574 -0.87495
vn -0.00000 0.99762 -0.06897
vn -0.41707 0.54537 -0.72707
vn -0.82780 0.55611 -0.07413
vn -0.00000 0.94470 -0.32794
vn -0.71251 0.58665 -0.38493
vn -0.51261 0.79752 -0.31811
vn -0.67188 0.13983 -0.72734
vn -0.39082 0.71798 -0.57599
vn 0.17080 0.81932 -0.54730
vn -0.33767 0.74251 -0.57850
vn -0.88203 0.35339 -0.31168
vn -0.98745 -0.01025 -0.15759
vn 0.00000 -0.28625 -0.95816
vn 0.00000 -0.99813 -0.06110
vn -0.00000 0.77621 -0.63048
vn 0.00000 -0.28625 -0.95816
vn 0.21601 -0.56181 -0.79857
vn 0.00000 0.23313 -0.97245
vn -0.69479 0.53504 0.48063
vn 0.42474 0.83240 0.35596
vn -0.37903 0.91896 -0.10886
vn -0.45255 -0.88662 0.09544
vn -0.63982 -0.73837 0.21316
vn -0.66906 -0.73739 -0.09282
vn -0.73495 -0.67607 0.05274
vn -0.50700 -0.83220 0.22447
vn 0.21275 0.20536 0.95528
vn 0.95742 -0.08128 0.27701
vn 0.84729 0.08182 0.52479
vn -0.67396 0.21987 0.70529
vn 0.95742 -0.08128 0.27701
vn -0.17441 -0.43115 -0.88526
vn 0.72052 -0.50325 -0.47707
vn 0.84729 0.08182 0.52479
vn -0.98354 -0.01657 -0.17992
vn -0.86246 -0.25093 -0.43954
vn 0.07479 -0.73736 0.67135
vn 0.00000 -0.99872 0.05054
vn -0.86982 0.48299 0.10066
vn -0.39311 0.91818 0.04912
vn -0.91347 0.27676 -0.29829
vn -0.95212 -0.06905 -0.29783
vn -0.80376 0.11093 -0.58452
vn -0.98231 0.18713 -0.00651
vn -0.82254 0.56438 -0.07005
vn -0.73421 0.51287 -0.44485
vn -0.88221 0.35561 -0.30863
vn -0.82984 0.39440 -0.39473
vn -0.88221 0.35561 -0.30863
vn -0.92429 0.31267 -0.21893
vn -0.80846 -0.51477 0.28530
vn -0.62042 -0.56180 -0.54724
vn 0.00000 -0.94544 -0.32580
vn -0.90803 0.35549 -0.22161
vn -0.76074 -0.61635 -0.20342
vn -0.98745 -0.01025 -0.15759
vn -0.77873 0.57635 -0.24778
vn -0.80101 0.55350 -0.22810
vn -0.93054 0.32313 -0.17230
vn -0.13883 0.81071 -0.56875
vn -0.63991 0.68810 -0.34210
vn -0.93970 0.30463 0.15545
vn -0.13642 0.90366 -0.40595
vn -0.21038 0.91990 0.33093
vn -0.93124 0.36196 0.04210
vn -0.26640 -0.01765 0.96370
vn 0.70656 0.65543 0.26682
vn -0.26640 -0.01765 0.96370
vn 0.42177 0.86516 -0.27131
vn -0.63991 0.68810 -0.34210
vn -0.13642 0.90366 -0.40595
vn 0.42177 0.86516 -0.27131
vn -0.90161 0.37100 0.22241
vn -0.69479 0.53504 0.48063
vn 0.42474 0.83240 0.35596
vn -0.69479 0.53504 0.48063
vn -0.85054 0.52573 -0.01383
vn 0.16215 0.64626 0.74569
vn -0.99142 0.00702 0.13052
vn -0.93160 0.34407 0.11718
vn 0.16215 0.64626 0.74569
vn -0.04022 0.60021 -0.79883
vn -0.18479 0.73020 -0.65777
vn 0.51772 0.64299 0.56438
vn -0.26255 0.91197 0.31526
vn 0.51772 0.64299 0.56438
vn -0.83441 0.23968 0.49630
vn -0.26255 0.91197 0.31526
vn -0.04569 0.68782 0.72445
vn -0.98580 0.05427 -0.15891
vn -0.90988 0.38509 -0.15434
vn -0.04569 0.68782 0.72445
vn 0.19071 0.62585 -0.75627
vn -0.90161 0.37100 0.22241
vn -0.98269 0.18524 -0.00066
vn -0.64603 0.04410 -0.76204
vn -0.98269 0.18524 -0.00066
vn -0.61874 0.19431 0.76119
vn -0.98458 -0.11819 -0.12896
vn -0.86896 -0.05930 0.49131
vn -0.98458 -0.11819 -0.12896
vn -0.70482 -0.12962 -0.69744
vn -0.97769 0.20929 -0.01776
vn -0.74913 0.11366 -0.65260
vn -0.97769 0.20929 -0.01776
vn -0.75221 0.20772 0.62532
vn -0.97173 0.12425 -0.20078
vn 0.10595 -0.14997 0.98300
vn -0.96213 -0.22078 -0.15985
vn 0.10595 -0.14997 0.98300
vn 0.42311 -0.45174 -0.78543
vn -0.96044 0.27556 -0.04019
vn -0.71649 -0.09445 -0.69117
vn -0.96044 0.27556 -0.04019
vn -0.60872 0.47467 0.63573
vn -0.99070 -0.11996 -0.06417
vn -0.90445 0.10467 0.41355
vn -0.99070 -0.11996 -0.06417
vn -0.79351 -0.31026 -0.52353
vn -0.18116 -0.25219 -0.95057
vn -0.14139 -0.26697 -0.95328
vn -0.18116 -0.25219 -0.95057
vn -0.73339 -0.17693 -0.65638
vn -0.28726 -0.48366 -0.82677
vn -0.87515 -0.27937 -0.39506
vn -0.28726 -0.48366 -0.82677
vn 0.46544 -0.41047 -0.78415
vn 0.02424 -0.30223 -0.95293
vn 0.71115 -0.22214 -0.66702
vn 0.02424 -0.30223 -0.95293
vn -0.14139 -0.26697 -0.95328
vn -0.05638 -0.48713 -0.87151
vn -0.82179 -0.29887 -0.48512
vn -0.05638 -0.48713 -0.87151
vn 0.00000 -0.05172 0.99866
vn -0.96653 0.25655 -0.00058
vn -0.00000 0.49512 0.86883
vn 0.00000 0.51794 -0.85542
vn 0.00000 0.75690 -0.65353
vn 0.00000 0.08261 0.99658
vn -0.98395 0.17753 0.01814
vn 0.00000 0.51397 0.85781
vn -0.00000 0.31776 -0.94817
vn 0.00000 0.59555 -0.80332
vn -0.99140 0.12090 0.05014
vn 0.00000 0.94364 0.33099
vn 0.00000 0.19702 0.98040
vn 0.00000 0.01884 0.99982
vn 0.00000 0.19926 -0.97995
vn 0.00000 0.43126 -0.90223
vn -0.99365 0.10838 0.03012
vn -0.00000 0.98946 0.14477
vn 0.00000 0.21780 0.97599
vn 0.00000 0.02399 0.99971
vn 0.00000 0.20306 -0.97917
vn 0.00000 0.42653 -0.90447
vn 0.00000 0.12102 0.99265
vn -0.98561 0.16792 0.01952
vn 0.00000 0.51284 0.85849
vn 0.00000 0.29667 -0.95498
vn 0.00000 0.62385 -0.78154
vn 0.00000 0.14534 0.98938
vn -0.98593 0.16687 0.00998
vn 0.00000 0.59544 0.80340
vn 0.00000 0.33002 -0.94397
vn 0.00000 0.65699 -0.75390
vn -0.00000 0.89764 -0.44074
vn -0.00000 0.94633 -0.32319
vn 0.00000 0.99241 -0.12297
vn 0.00000 0.98666 -0.16282
vn 0.00000 0.98666 -0.16282
vn 0.00000 0.98906 -0.14752
vn 0.00000 -0.99662 0.08218
vn 0.00000 -0.93764 0.34761
vn 0.00000 -0.99999 -0.00421
vn 0.00000 -0.95343 0.30160
vn 0.00000 -0.93764 0.34761
vn 0.00000 -0.99994 -0.01088
vn -0.42499 -0.80716 0.40974
vn -0.00000 -0.96080 0.27725
vn 0.00000 -0.94135 0.33742
vn -0.42225 0.90218 0.08813
vn 0.00000 0.99763 0.06876
vn 0.00000 0.99213 0.12522
vn -0.00000 0.99412 0.10826
vn -0.79037 0.60678 0.08444
vn -0.00000 0.99355 0.11338
vn -0.00000 0.99213 0.12524
vn 0.00000 -0.94325 -0.33208
vn 0.00000 0.99628 0.08618
vn 0.00000 0.99992 0.01243
vn 0.00000 0.99958 -0.02914
vn -0.00000 -0.45552 -0.89023
vn -0.00000 0.96312 -0.26906
vn 0.01620 0.64586 0.76329
vn -0.99805 0.00764 -0.06194
vn -0.93729 0.34280 -0.06308
vn 0.01620 0.64586 0.76329
vn 0.11369 0.60062 -0.79141
vn 0.78385 0.61394 -0.09305
vn -0.35402 0.75155 0.55664
vn -0.35689 0.67540 -0.64534
vn -0.25204 0.39977 -0.88128
vn -0.11051 0.23913 0.96468
vn -0.99850 -0.04720 0.02791
vn -0.11051 0.23913 0.96468
vn 0.74262 0.64947 -0.16342
vn -0.29917 0.76160 0.57486
vn -0.40790 0.66057 -0.63029
vn -0.32654 0.41099 -0.85115
vn 0.00329 0.22821 0.97361
vn -0.99328 -0.04944 0.10460
vn 0.00329 0.22821 0.97361
vn 0.73876 0.65165 -0.17200
vn -0.29456 0.76019 0.57908
vn -0.41667 0.65951 -0.62565
vn -0.33639 0.40863 -0.84845
vn 0.01187 0.23122 0.97283
vn -0.99166 -0.05170 0.11802
vn 0.01187 0.23122 0.97283
vn -0.02339 0.76677 -0.64150
vn -0.87489 0.04773 0.48196
vn -0.62272 0.75024 0.22215
vn -0.76168 0.63754 -0.11570
vn -0.73760 0.28076 -0.61410
vn -0.95831 0.16298 -0.23469
vn -0.00000 0.99412 0.10826
vn 0.80624 0.55870 -0.19449
vn -0.16436 0.75830 0.63084
vn -0.38445 0.68031 -0.62400
vn -0.33472 0.43809 -0.83429
vn 0.11104 0.21265 0.97080
vn -0.98275 -0.06819 0.17188
vn -0.16436 0.75830 0.63084
vn 0.11104 0.21265 0.97080
vn 0.91753 0.39710 0.02128
vn -0.15976 0.46422 0.87119
vn -0.18404 0.67853 -0.71114
vn -0.10640 0.36674 -0.92422
vn -0.05612 0.04313 0.99749
vn -0.99810 -0.04917 0.03701
vn -0.05612 0.04313 0.99749
vn 0.86423 0.49864 -0.06682
vn -0.13725 0.53656 0.83263
vn -0.30107 0.66113 -0.68721
vn -0.23217 0.36922 -0.89987
vn 0.03421 0.05513 0.99789
vn -0.99192 -0.06663 0.10794
vn 0.03421 0.05513 0.99789
vn 0.88053 0.46253 -0.10361
vn -0.11011 0.56901 0.81492
vn -0.29039 0.60767 -0.73919
vn -0.23169 0.31140 -0.92160
vn 0.04901 0.10166 0.99361
vn -0.99179 -0.05702 0.11442
vn -0.11011 0.56901 0.81492
vn 0.04901 0.10166 0.99361
vn 0.87292 0.48337 -0.06608
vn -0.13390 0.53919 0.83147
vn -0.29518 0.66617 -0.68490
vn -0.22963 0.37546 -0.89794
vn 0.03343 0.05491 0.99793
vn -0.99228 -0.06472 0.10581
vn 0.03343 0.05491 0.99793
vn 0.97551 0.16960 -0.14008
vn 0.92331 0.22484 -0.31137
vn 0.64947 0.69770 -0.30234
vn 0.85236 0.20279 -0.48204
vn 0.51199 0.59978 -0.61492
vn 0.45367 0.01073 -0.89111
vn 0.94212 0.10751 -0.31756
vn 0.68622 0.61518 -0.38813
vn 0.35321 0.77746 -0.52038
vn 0.96149 0.12426 -0.24513
vn 0.79145 0.51179 -0.33417
vn 0.70981 0.68713 -0.15500
vn 0.90487 0.38216 -0.18753
vn 0.60471 0.74121 -0.29142
vn 0.78373 0.48689 -0.38561
vn 0.98684 -0.14228 -0.07678
vn 0.37903 0.91896 -0.10886
vn 0.72178 0.69148 -0.03001
vn 0.71154 0.69406 -0.10952
vn 0.33702 0.93022 -0.14526
vn 0.93970 0.30464 0.15545
vn 0.99563 -0.01844 0.09159
vn 0.39030 -0.92060 0.01260
vn 0.81864 -0.54519 -0.18054
vn 0.71288 -0.69467 0.09609
vn 0.42990 -0.90151 -0.04969
vn 0.24572 -0.65538 -0.71421
vn 0.58237 -0.67898 -0.44703
vn 0.41707 0.54537 -0.72707
vn 0.37548 0.30574 -0.87495
vn 0.71251 0.58665 -0.38493
vn 0.82780 0.55611 -0.07413
vn 0.51261 0.79752 -0.31811
vn 0.82988 -0.54348 -0.12617
vn 0.62083 -0.66624 -0.41315
vn 0.67188 0.13983 -0.72734
vn 0.95264 0.08919 -0.29073
vn 0.74868 -0.64201 0.16522
vn 0.99350 -0.00758 0.11359
vn 0.71111 -0.66827 0.21849
vn 0.78320 -0.43967 0.43964
vn 0.60860 -0.70512 0.36389
vn 0.44520 -0.87101 0.20770
vn 0.60860 -0.70512 0.36389
vn 0.78320 -0.43967 0.43964
vn 0.33767 0.74251 -0.57850
vn 0.39082 0.71798 -0.57599
vn 0.87271 -0.44243 -0.20648
vn 0.88203 0.35339 -0.31168
vn 0.30226 -0.95196 0.04904
vn 0.41498 -0.52161 -0.74546
vn 0.70130 -0.02889 -0.71228
vn 0.73760 0.28076 -0.61410
vn 0.95831 0.16298 -0.23469
vn 0.98063 -0.06796 0.18372
vn 0.98877 -0.11682 -0.09325
vn 0.24546 -0.02581 0.96906
vn 0.11072 -0.36690 0.92365
vn -0.19553 -0.97101 0.13749
vn 0.42499 -0.80716 0.40974
vn 0.09226 -0.22853 -0.96916
vn 0.88905 0.26045 0.37650
vn 0.76168 0.63754 -0.11570
vn 0.95831 0.16298 -0.23469
vn 0.76168 0.63754 -0.11570
vn 0.82842 0.55915 0.03258
vn 0.64442 -0.75920 -0.09133
vn 0.97953 -0.18982 -0.06699
vn 0.97279 -0.19737 0.12137
vn 0.63162 -0.77485 -0.02568
vn 0.97279 -0.19737 0.12137
vn 0.91019 0.38997 -0.13957
vn 0.99726 0.00475 -0.07387
vn -0.19708 -0.97096 -0.13566
vn 0.43374 -0.26410 -0.86147
vn 0.52744 -0.64975 -0.54739
vn 0.87257 0.20636 -0.44277
vn 0.99257 -0.11531 0.03893
vn 0.99873 -0.04428 0.02397
vn 0.31973 -0.21486 0.92282
vn -0.42254 -0.11327 0.89924
vn -0.98650 -0.05886 0.15285
vn -0.96299 -0.13749 -0.23184
vn 0.37522 -0.10111 0.92140
vn -0.19708 -0.97096 -0.13566
vn 0.01147 0.30358 0.95274
vn 0.98151 -0.02158 -0.19018
vn 0.18104 -0.53613 -0.82449
vn -0.41360 -0.08774 -0.90622
vn -0.96928 -0.21292 -0.12312
vn -0.98396 -0.09736 0.14947
vn -0.96928 -0.21292 -0.12312
vn 0.09195 -0.16814 -0.98147
vn 0.34739 -0.25948 0.90110
vn 0.87489 0.04773 0.48196
vn 0.43353 0.89390 0.11397
vn 0.70806 0.56468 0.42401
vn 0.62272 0.75024 0.22215
vn 0.35431 0.92603 -0.13015
vn 0.83505 0.52148 -0.17534
vn 0.93052 -0.25853 -0.25941
vn 0.71968 -0.65309 -0.23564
vn 0.52744 -0.64975 -0.54739
vn 0.87257 0.20636 -0.44277
vn 0.83928 -0.53208 0.11183
vn 0.94172 -0.31792 0.10993
vn 0.98777 0.09916 0.12032
vn 0.98002 0.15410 0.12572
vn -0.19708 -0.97096 -0.13566
vn 0.49899 -0.86577 0.03799
vn 0.41498 -0.52161 -0.74546
vn 0.95628 -0.28967 0.04021
vn -0.19553 -0.97101 0.13749
vn 0.28053 -0.95974 0.01388
vn -0.19553 -0.97101 0.13749
vn -0.98396 -0.09736 0.14947
vn 0.64217 0.75151 -0.15119
vn 0.32605 0.93901 -0.10934
vn 0.65435 0.72565 -0.21273
vn 0.75252 0.65260 -0.08844
vn 0.30221 0.95131 -0.06056
vn 0.91019 0.38997 -0.13957
vn 0.85288 0.52147 -0.02582
vn 0.29082 0.94948 -0.11797
vn 0.34825 0.93740 -0.00169
vn 0.96701 0.06491 0.24634
vn -0.96299 -0.13749 -0.23184
vn -0.98650 -0.05886 0.15285
vn -0.07690 0.24215 -0.96719
vn 0.70806 0.56468 0.42401
vn 0.80453 0.57878 -0.13322
vn 0.72178 0.69148 -0.03001
vn 0.42223 0.86663 -0.26585
vn 0.42499 -0.80716 0.40974
vn 0.87489 0.04773 0.48196
vn 0.82448 0.55384 0.11612
vn 0.27497 0.36039 -0.89135
vn 0.26014 0.86138 -0.43629
vn -0.65471 -0.37465 -0.65650
vn 0.84817 -0.52406 0.07726
vn 0.61056 -0.72888 0.30975
vn 0.82662 0.55213 0.10883
vn -0.65471 -0.37465 -0.65650
vn 0.84817 -0.52406 0.07726
vn 0.27497 0.36039 -0.89135
vn 0.32285 -0.94033 -0.10744
vn 0.61056 -0.72888 0.30975
vn 0.34646 0.82588 -0.44484
vn 0.32285 -0.94033 -0.10744
vn 0.29709 -0.11931 -0.94737
vn 0.38263 0.85883 -0.34060
vn -0.81086 -0.35943 -0.46187
vn 0.65866 -0.75222 0.01835
vn 0.32285 -0.94033 -0.10744
vn 0.34646 0.82588 -0.44484
vn -0.81086 -0.35943 -0.46187
vn 0.65866 -0.75222 0.01835
vn 0.29709 -0.11931 -0.94737
vn 0.17863 -0.97397 -0.13956
vn 0.02339 0.76677 -0.64150
vn 0.17863 -0.97397 -0.13956
vn 0.08306 -0.17600 -0.98088
vn 0.39660 0.83332 -0.38507
vn -0.92771 -0.30154 -0.22004
vn 0.64182 -0.76045 -0.09893
vn 0.17863 -0.97397 -0.13956
vn 0.02339 0.76677 -0.64150
vn -0.92771 -0.30154 -0.22004
vn 0.64182 -0.76045 -0.09893
vn 0.08306 -0.17600 -0.98088
vn 0.10695 -0.97984 -0.16873
vn -0.29272 0.87468 -0.38632
vn 0.10695 -0.97984 -0.16873
vn -0.09785 -0.22396 -0.96967
vn 0.18910 0.86294 -0.46860
vn -0.82761 -0.55901 -0.05074
vn 0.82829 -0.52018 -0.20823
vn 0.10695 -0.97984 -0.16873
vn -0.29272 0.87468 -0.38632
vn -0.82761 -0.55901 -0.05074
vn 0.82829 -0.52018 -0.20823
vn -0.09785 -0.22396 -0.96967
vn -0.81314 -0.54036 0.21635
vn -0.80021 0.59933 -0.02170
vn -0.81314 -0.54036 0.21635
vn 0.82662 0.55213 0.10883
vn 0.61056 -0.72888 0.30975
vn 0.97190 0.18399 0.14684
vn 0.34646 0.82588 -0.44484
vn -0.03427 -0.87014 0.49161
vn 0.17810 0.72236 -0.66819
vn -0.29272 0.87468 -0.38632
vn -0.95603 0.29296 0.01346
vn -0.80021 0.59933 -0.02170
vn -0.81314 -0.54036 0.21635
vn -0.03427 -0.87014 0.49161
vn -0.81314 -0.54036 0.21635
vn -0.95603 0.29296 0.01346
vn -0.04400 -0.41649 0.90808
vn 0.43022 0.10009 -0.89716
vn 0.29869 0.85698 -0.41997
vn -0.62498 -0.45182 -0.63660
vn 0.85076 -0.50904 0.13073
vn 0.69712 -0.61310 0.37166
vn 0.83836 0.54509 0.00491
vn -0.62498 -0.45182 -0.63660
vn 0.85076 -0.50904 0.13073
vn 0.43022 0.10009 -0.89716
vn 0.29242 -0.95378 -0.06928
vn 0.69712 -0.61310 0.37166
vn 0.34071 0.73137 -0.59078
vn 0.29242 -0.95378 -0.06928
vn 0.26998 -0.17603 -0.94664
vn 0.35509 0.88131 -0.31177
vn -0.80873 -0.34611 -0.47557
vn 0.64926 -0.76048 0.01153
vn 0.29242 -0.95378 -0.06928
vn 0.34071 0.73137 -0.59078
vn -0.80873 -0.34611 -0.47557
vn 0.64926 -0.76048 0.01153
vn 0.26998 -0.17603 -0.94664
vn 0.15926 -0.98020 -0.11770
vn 0.01975 0.75880 -0.65103
vn 0.15926 -0.98020 -0.11770
vn 0.04390 -0.23511 -0.97098
vn 0.37685 0.85276 -0.36163
vn -0.93384 -0.27776 -0.22538
vn 0.63271 -0.76711 -0.10595
vn 0.15926 -0.98020 -0.11770
vn 0.01975 0.75880 -0.65103
vn -0.93384 -0.27776 -0.22538
vn 0.63271 -0.76711 -0.10595
vn 0.04390 -0.23511 -0.97098
vn 0.16239 -0.96501 -0.20588
vn -0.32081 0.77736 -0.54111
vn 0.16239 -0.96501 -0.20588
vn -0.14689 -0.27813 -0.94925
vn 0.18674 0.87351 -0.44956
vn -0.83530 -0.54616 -0.06314
vn 0.81260 -0.53909 -0.22150
vn 0.16239 -0.96501 -0.20588
vn -0.32081 0.77736 -0.54111
vn -0.83530 -0.54616 -0.06314
vn 0.81260 -0.53909 -0.22150
vn -0.14689 -0.27813 -0.94925
vn -0.75385 -0.62263 0.20987
vn -0.79804 0.57797 -0.17053
vn -0.75385 -0.62263 0.20987
vn 0.83836 0.54509 0.00491
vn 0.69712 -0.61310 0.37166
vn 0.98329 0.17891 -0.03378
vn 0.34071 0.73137 -0.59078
vn 0.20681 0.50729 -0.83659
vn 0.01975 0.75880 -0.65103
vn -0.06863 -0.89240 0.44599
vn -0.32081 0.77736 -0.54111
vn -0.90731 0.29792 -0.29671
vn -0.79804 0.57797 -0.17053
vn -0.75385 -0.62263 0.20987
vn -0.06863 -0.89240 0.44599
vn -0.24930 -0.36805 0.89576
vn -0.90731 0.29792 -0.29671
vn -0.75385 -0.62263 0.20987
vn -0.44759 -0.00024 -0.89424
vn 0.26537 -0.01152 -0.96408
vn -0.96558 0.20783 -0.15639
vn -0.91433 0.34146 0.21775
vn -0.91433 0.34146 0.21775
vn -0.96558 0.20783 -0.15639
vn -0.22524 0.28700 0.93107
vn 0.45001 0.15571 0.87934
vn 0.98904 -0.00549 0.14756
vn 0.95109 -0.20872 -0.22771
vn 0.10524 0.98945 -0.09957
vn 0.89034 -0.06260 -0.45097
vn 0.99610 -0.01416 -0.08710
vn 0.99610 -0.01416 -0.08710
vn 0.95649 0.03635 0.28949
vn -0.71885 0.36055 -0.59435
vn 0.17721 -0.00998 -0.98412
vn -0.69277 0.48470 0.53398
vn 0.37476 0.06398 0.92491
vn 0.37476 0.06398 0.92491
vn -0.69277 0.48470 0.53398
vn 0.95710 -0.17876 0.22805
vn 0.90164 -0.38505 -0.19696
vn 0.90063 0.43067 -0.05825
vn -0.21601 -0.56181 -0.79857
vn 0.88203 0.35339 -0.31168
vn 0.45255 -0.88662 0.09544
vn -0.18211 -0.98267 0.03455
vn 0.73495 -0.67607 0.05274
vn 0.50700 -0.83220 0.22447
vn 0.76074 -0.61635 -0.20342
vn 0.80846 -0.51477 0.28531
vn 0.62042 -0.56180 -0.54724
vn 0.63982 -0.73837 0.21316
vn 0.66906 -0.73739 -0.09282
vn 0.37548 0.30574 -0.87495
vn 0.41707 0.54537 -0.72707
vn 0.82780 0.55611 -0.07413
vn 0.71251 0.58665 -0.38493
vn 0.51261 0.79752 -0.31811
vn 0.67188 0.13983 -0.72734
vn 0.39082 0.71798 -0.57599
vn 0.33767 0.74251 -0.57850
vn -0.17080 0.81932 -0.54730
vn 0.88203 0.35339 -0.31168
vn 0.98745 -0.01025 -0.15759
vn -0.21601 -0.56181 -0.79857
vn 0.69479 0.53504 0.48063
vn 0.37903 0.91896 -0.10886
vn -0.42474 0.83240 0.35596
vn 0.63982 -0.73837 0.21316
vn 0.45255 -0.88662 0.09544
vn 0.66906 -0.73739 -0.09282
vn 0.73495 -0.67607 0.05274
vn 0.50700 -0.83220 0.22447
vn -0.21275 0.20536 0.95528
vn 0.67396 0.21987 0.70529
vn -0.84729 0.08182 0.52479
vn -0.95742 -0.08128 0.27701
vn -0.95742 -0.08128 0.27701
vn -0.84729 0.08182 0.52479
vn -0.72052 -0.50325 -0.47707
vn 0.17441 -0.43115 -0.88526
vn 0.86246 -0.25093 -0.43954
vn 0.98354 -0.01657 -0.17992
vn -0.07479 -0.73736 0.67135
vn 0.86982 0.48299 0.10066
vn 0.39311 0.91818 0.04912
vn 0.91347 0.27676 -0.29829
vn 0.80376 0.11093 -0.58452
vn 0.95212 -0.06905 -0.29783
vn 0.98231 0.18713 -0.00651
vn 0.82254 0.56438 -0.07005
vn 0.73421 0.51287 -0.44485
vn 0.88221 0.35561 -0.30863
vn 0.92429 0.31267 -0.21893
vn 0.88221 0.35561 -0.30863
vn 0.82984 0.39440 -0.39473
vn 0.62042 -0.56180 -0.54724
vn 0.80846 -0.51477 0.28531
vn 0.90803 0.35549 -0.22161
vn 0.77873 0.57635 -0.24778
vn 0.98745 -0.01025 -0.15759
vn 0.76074 -0.61635 -0.20342
vn 0.80101 0.55350 -0.22810
vn 0.93054 0.32313 -0.17230
vn 0.13883 0.81071 -0.56875
vn 0.63991 0.68810 -0.34210
vn 0.93970 0.30464 0.15545
vn 0.13642 0.90366 -0.40595
vn 0.93124 0.36196 0.04210
vn 0.21038 0.91990 0.33093
vn 0.26640 -0.01765 0.96370
vn -0.70656 0.65543 0.26682
vn 0.26640 -0.01765 0.96370
vn -0.42177 0.86516 -0.27131
vn 0.63991 0.68810 -0.34210
vn 0.13642 0.90366 -0.40595
vn -0.42177 0.86516 -0.27131
vn 0.90161 0.37100 0.22241
vn 0.69479 0.53504 0.48063
vn 0.69479 0.53504 0.48063
vn -0.42474 0.83240 0.35596
vn 0.85054 0.52573 -0.01383
vn -0.16215 0.64626 0.74569
vn 0.93160 0.34407 0.11718
vn 0.99142 0.00702 0.13052
vn -0.16215 0.64626 0.74569
vn 0.04022 0.60021 -0.79883
vn 0.18479 0.73020 -0.65777
vn 0.26254 0.91197 0.31526
vn -0.51772 0.64299 0.56438
vn -0.51772 0.64299 0.56438
vn 0.26254 0.91197 0.31526
vn 0.83441 0.23968 0.49630
vn 0.04569 0.68782 0.72445
vn 0.90988 0.38509 -0.15434
vn 0.98580 0.05427 -0.15891
vn 0.04569 0.68782 0.72445
vn -0.19071 0.62585 -0.75627
vn 0.90161 0.37100 0.22241
vn 0.98269 0.18524 -0.00066
vn 0.98269 0.18524 -0.00066
vn 0.64603 0.04410 -0.76204
vn 0.61874 0.19431 0.76119
vn 0.98458 -0.11819 -0.12896
vn 0.98458 -0.11819 -0.12896
vn 0.86896 -0.05930 0.49131
vn 0.70482 -0.12962 -0.69744
vn 0.97769 0.20929 -0.01776
vn 0.97769 0.20929 -0.01776
vn 0.74913 0.11366 -0.65260
vn 0.75221 0.20772 0.62532
vn 0.97173 0.12425 -0.20078
vn 0.96213 -0.22078 -0.15985
vn -0.10595 -0.14997 0.98300
vn -0.10595 -0.14997 0.98300
vn -0.42311 -0.45174 -0.78543
vn 0.96044 0.27556 -0.04019
vn 0.96044 0.27556 -0.04019
vn 0.71649 -0.09445 -0.69117
vn 0.60872 0.47467 0.63573
vn 0.99070 -0.11996 -0.06417
vn 0.99070 -0.11996 -0.06417
vn 0.90445 0.10467 0.41355
vn 0.79351 -0.31026 -0.52353
vn 0.18116 -0.25219 -0.95057
vn 0.18116 -0.25219 -0.95057
vn 0.14139 -0.26697 -0.95328
vn 0.73339 -0.17693 -0.65638
vn 0.28726 -0.48366 -0.82677
vn 0.28726 -0.48366 -0.82677
vn 0.87515 -0.27937 -0.39506
vn -0.46544 -0.41047 -0.78415
vn -0.02424 -0.30223 -0.95293
vn -0.02424 -0.30223 -0.95293
vn -0.71115 -0.22214 -0.66702
vn 0.14139 -0.26697 -0.95328
vn 0.05638 -0.48713 -0.87151
vn 0.05638 -0.48713 -0.87151
vn 0.82179 -0.29887 -0.48512
vn 0.96653 0.25655 -0.00058
vn 0.98395 0.17753 0.01814
vn 0.99140 0.12090 0.05014
vn 0.99365 0.10838 0.03012
vn 0.98561 0.16792 0.01952
vn 0.98593 0.16687 0.00998
vn 0.42499 -0.80716 0.40974
vn 0.42225 0.90218 0.08813
vn 0.79037 0.60678 0.08444
vn -0.01620 0.64586 0.76329
vn 0.93729 0.34280 -0.06308
vn 0.99805 0.00764 -0.06194
vn -0.01620 0.64586 0.76329
vn -0.11369 0.60062 -0.79141
vn -0.78385 0.61394 -0.09305
vn 0.25204 0.39977 -0.88128
vn 0.35689 0.67540 -0.64534
vn 0.35402 0.75155 0.55664
vn 0.11051 0.23913 0.96468
vn 0.99850 -0.04720 0.02791
vn 0.11051 0.23913 0.96468
vn -0.74262 0.64947 -0.16342
vn 0.32654 0.41099 -0.85115
vn 0.40790 0.66057 -0.63029
vn 0.29917 0.76160 0.57486
vn -0.00329 0.22821 0.97361
vn 0.99328 -0.04944 0.10460
vn -0.00329 0.22821 0.97361
vn -0.73876 0.65165 -0.17200
vn 0.33639 0.40863 -0.84845
vn 0.41667 0.65951 -0.62565
vn 0.29457 0.76019 0.57908
vn -0.01187 0.23121 0.97283
vn 0.99166 -0.05170 0.11802
vn -0.01187 0.23121 0.97283
vn 0.02339 0.76677 -0.64150
vn 0.87489 0.04773 0.48196
vn 0.62272 0.75024 0.22215
vn 0.76168 0.63754 -0.11570
vn 0.95831 0.16298 -0.23469
vn 0.73760 0.28076 -0.61410
vn -0.80624 0.55870 -0.19449
vn 0.33472 0.43809 -0.83429
vn 0.38445 0.68031 -0.62400
vn 0.16436 0.75830 0.63084
vn -0.11104 0.21265 0.97080
vn 0.16436 0.75830 0.63084
vn 0.98275 -0.06819 0.17188
vn -0.11104 0.21265 0.97080
vn -0.91753 0.39710 0.02128
vn 0.10640 0.36674 -0.92422
vn 0.18404 0.67853 -0.71114
vn 0.15976 0.46422 0.87120
vn 0.05612 0.04313 0.99749
vn 0.99810 -0.04917 0.03701
vn 0.05612 0.04313 0.99749
vn -0.86423 0.49864 -0.06682
vn 0.23217 0.36922 -0.89987
vn 0.30107 0.66113 -0.68721
vn 0.13726 0.53656 0.83263
vn -0.03421 0.05513 0.99789
vn 0.99192 -0.06663 0.10794
vn -0.03421 0.05513 0.99789
vn -0.88053 0.46253 -0.10361
vn 0.23169 0.31140 -0.92160
vn 0.29039 0.60767 -0.73919
vn 0.11011 0.56901 0.81492
vn -0.04901 0.10166 0.99361
vn 0.11011 0.56901 0.81492
vn 0.99179 -0.05702 0.11442
vn -0.04901 0.10166 0.99361
vn -0.87292 0.48337 -0.06608
vn 0.22963 0.37546 -0.89794
vn 0.29518 0.66617 -0.68490
vn 0.13390 0.53919 0.83147
vn -0.03343 0.05491 0.99793
vn 0.99228 -0.06472 0.10581
vn -0.03343 0.05491 0.99793
f 361/361/361 353/353/353 356/356/356
f 355/355/355 356/356/356 353/353/353
f 353/353/353 354/354/354 355/355/355
f 356/356/356 362/362/362 361/361/361
f 358/358/358 361/361/361 362/362/362
f 356/356/356 363/363/363 362/362/362
f 355/355/355 363/363/363 356/356/356
f 362/362/362 363/363/363 359/359/359
f 362/362/362 359/359/359 358/358/358
f 357/357/357 358/358/358 359/359/359
f 359/359/359 363/363/363 360/360/360
f 359/359/359 360/360/360 357/357/357
f 910/910/910 909/909/909 918/918/918
f 911/911/911 912/912/912 909/909/909
f 909/909/909 910/910/910 911/911/911
f 910/910/910 917/917/917 919/919/919
f 911/911/911 910/910/910 919/919/919
f 918/918/918 917/917/917 910/910/910
f 917/917/917 918/918/918 916/916/916
f 917/917/917 915/915/915 919/919/919
f 916/916/916 915/915/915 917/917/917
f 915/915/915 914/914/914 919/919/919
f 915/915/915 916/916/916 913/913/913
f 913/913/913 914/914/914 915/915/915
f 274/274/274 275/275/275 276/276/276
f 92/92/92 278/278/278 282/282/282
f 278/278/278 279/279/279 281/281/281
f 281/281/281 282/282/282 278/278/278
f 277/277/277 279/279/279 278/278/278
f 282/282/282 123/123/123 92/92/92
f 284/284/284 282/282/282 283/283/283
f 283/283/283 282/282/282 281/281/281
f 839/839/839 840/840/840 841/841/841
f 843/843/843 844/844/844 842/842/842
f 847/847/847 843/843/843 679/679/679
f 843/843/843 847/847/847 846/846/846
f 846/846/846 844/844/844 843/843/843
f 679/679/679 706/706/706 847/847/847
f 849/849/849 848/848/848 847/847/847
f 848/848/848 846/846/846 847/847/847
f 830/830/830 828/828/828 827/827/827
f 827/827/827 828/828/828 829/829/829
f 828/828/828 830/830/830 831/831/831
f 829/829/829 828/828/828 837/837/837
f 828/828/828 832/832/832 837/837/837
f 831/831/831 832/832/832 828/828/828
f 837/837/837 838/838/838 829/829/829
f 267/267/267 262/262/262 264/264/264
f 262/262/262 263/263/263 264/264/264
f 266/266/266 267/267/267 264/264/264
f 272/272/272 264/264/264 263/263/263
f 264/264/264 272/272/272 265/265/265
f 264/264/264 265/265/265 266/266/266
f 263/263/263 273/273/273 272/272/272
f 885/885/885 886/886/886 322/322/322
f 806/806/806 804/804/804 803/803/803
f 803/803/803 804/804/804 805/805/805
f 804/804/804 806/806/806 807/807/807
f 804/804/804 808/808/808 813/813/813
f 805/805/805 804/804/804 813/813/813
f 807/807/807 808/808/808 804/804/804
f 813/813/813 814/814/814 805/805/805
f 243/243/243 238/238/238 240/240/240
f 238/238/238 239/239/239 240/240/240
f 242/242/242 243/243/243 240/240/240
f 240/240/240 249/249/249 241/241/241
f 249/249/249 240/240/240 239/239/239
f 240/240/240 241/241/241 242/242/242
f 239/239/239 248/248/248 249/249/249
f 818/818/818 816/816/816 815/815/815
f 815/815/815 816/816/816 817/817/817
f 816/816/816 818/818/818 819/819/819
f 817/817/817 816/816/816 825/825/825
f 816/816/816 820/820/820 825/825/825
f 819/819/819 820/820/820 816/816/816
f 825/825/825 826/826/826 817/817/817
f 255/255/255 250/250/250 252/252/252
f 250/250/250 251/251/251 252/252/252
f 254/254/254 255/255/255 252/252/252
f 260/260/260 252/252/252 251/251/251
f 252/252/252 260/260/260 253/253/253
f 252/252/252 253/253/253 254/254/254
f 251/251/251 261/261/261 260/260/260
f 793/793/793 791/791/791 790/790/790
f 790/790/790 791/791/791 792/792/792
f 795/795/795 791/791/791 793/793/793
f 793/793/793 794/794/794 795/795/795
f 791/791/791 795/795/795 801/801/801
f 792/792/792 791/791/791 801/801/801
f 801/801/801 802/802/802 792/792/792
f 228/228/228 225/225/225 227/227/227
f 225/225/225 226/226/226 227/227/227
f 229/229/229 230/230/230 228/228/228
f 228/228/228 227/227/227 229/229/229
f 227/227/227 237/237/237 229/229/229
f 237/237/237 227/227/227 226/226/226
f 226/226/226 236/236/236 237/237/237
f 880/880/880 887/887/887 318/318/318
f 888/888/888 882/882/882 318/318/318
f 887/887/887 888/888/888 318/318/318
f 885/885/885 322/322/322 318/318/318
f 883/883/883 884/884/884 318/318/318
f 882/882/882 883/883/883 318/318/318
f 338/338/338 318/318/318 321/321/321
f 320/320/320 318/318/318 338/338/338
f 325/325/325 318/318/318 317/317/317
f 324/324/324 318/318/318 325/325/325
f 321/321/321 318/318/318 322/322/322
f 319/319/319 318/318/318 320/320/320
f 317/317/317 318/318/318 319/319/319
f 880/880/880 881/881/881 878/878/878
f 878/878/878 879/879/879 880/880/880
f 321/321/321 322/322/322 323/323/323
f 630/630/630 631/631/631 632/632/632
f 632/632/632 503/503/503 502/502/502
f 502/502/502 503/503/503 44/44/44
f 44/44/44 43/43/43 502/502/502
f 21/21/21 43/43/43 45/45/45
f 43/43/43 44/44/44 45/45/45
f 45/45/45 22/22/22 21/21/21
f 21/21/21 22/22/22 20/20/20
f 20/20/20 19/19/19 21/21/21
f 682/682/682 651/651/651 641/641/641
f 641/641/641 705/705/705 682/682/682
f 641/641/641 651/651/651 642/642/642
f 643/643/643 644/644/644 641/641/641
f 641/641/641 642/642/642 643/643/643
f 682/682/682 706/706/706 679/679/679
f 679/679/679 678/678/678 682/682/682
f 651/651/651 682/682/682 678/678/678
f 646/646/646 651/651/651 678/678/678
f 642/642/642 651/651/651 646/646/646
f 643/643/643 642/642/642 645/645/645
f 646/646/646 645/645/645 642/642/642
f 645/645/645 652/652/652 643/643/643
f 95/95/95 122/122/122 54/54/54
f 54/54/54 64/64/64 95/95/95
f 54/54/54 57/57/57 64/64/64
f 56/56/56 57/57/57 54/54/54
f 54/54/54 55/55/55 56/56/56
f 95/95/95 91/91/91 92/92/92
f 92/92/92 123/123/123 95/95/95
f 64/64/64 91/91/91 95/95/95
f 61/61/61 91/91/91 64/64/64
f 61/61/61 64/64/64 57/57/57
f 58/58/58 57/57/57 56/56/56
f 57/57/57 58/58/58 61/61/61
f 56/56/56 65/65/65 58/58/58
f 944/944/944 943/943/943 950/950/950
f 947/947/947 949/949/949 943/943/943
f 947/947/947 943/943/943 945/945/945
f 943/943/943 944/944/944 945/945/945
f 944/944/944 950/950/950 953/953/953
f 948/948/948 944/944/944 953/953/953
f 944/944/944 948/948/948 945/945/945
f 946/946/946 947/947/947 945/945/945
f 956/956/956 949/949/949 947/947/947
f 956/956/956 947/947/947 946/946/946
f 946/946/946 955/955/955 956/956/956
f 953/953/953 954/954/954 948/948/948
f 391/391/391 396/396/396 389/389/389
f 393/393/393 389/389/389 395/395/395
f 393/393/393 390/390/390 389/389/389
f 389/389/389 390/390/390 391/391/391
f 391/391/391 399/399/399 396/396/396
f 399/399/399 391/391/391 394/394/394
f 391/391/391 390/390/390 394/394/394
f 392/392/392 390/390/390 393/393/393
f 401/401/401 393/393/393 395/395/395
f 392/392/392 393/393/393 401/401/401
f 401/401/401 402/402/402 392/392/392
f 394/394/394 400/400/400 399/399/399
f 767/767/767 765/765/765 764/764/764
f 764/764/764 765/765/765 766/766/766
f 765/765/765 767/767/767 768/768/768
f 766/766/766 765/765/765 774/774/774
f 765/765/765 769/769/769 774/774/774
f 768/768/768 769/769/769 765/765/765
f 774/774/774 775/775/775 766/766/766
f 204/204/204 199/199/199 201/201/201
f 199/199/199 200/200/200 201/201/201
f 203/203/203 204/204/204 201/201/201
f 209/209/209 201/201/201 200/200/200
f 201/201/201 209/209/209 202/202/202
f 201/201/201 202/202/202 203/203/203
f 200/200/200 210/210/210 209/209/209
f 192/192/192 187/187/187 189/189/189
f 187/187/187 188/188/188 189/189/189
f 191/191/191 192/192/192 189/189/189
f 197/197/197 189/189/189 188/188/188
f 189/189/189 197/197/197 190/190/190
f 189/189/189 190/190/190 191/191/191
f 188/188/188 198/198/198 197/197/197
f 755/755/755 753/753/753 752/752/752
f 752/752/752 753/753/753 754/754/754
f 753/753/753 755/755/755 756/756/756
f 754/754/754 753/753/753 762/762/762
f 753/753/753 757/757/757 762/762/762
f 756/756/756 757/757/757 753/753/753
f 762/762/762 763/763/763 754/754/754
f 180/180/180 175/175/175 177/177/177
f 175/175/175 176/176/176 177/177/177
f 179/179/179 180/180/180 177/177/177
f 177/177/177 186/186/186 178/178/178
f 186/186/186 177/177/177 176/176/176
f 177/177/177 178/178/178 179/179/179
f 176/176/176 185/185/185 186/186/186
f 743/743/743 741/741/741 740/740/740
f 740/740/740 741/741/741 742/742/742
f 741/741/741 743/743/743 744/744/744
f 741/741/741 745/745/745 750/750/750
f 742/742/742 741/741/741 750/750/750
f 744/744/744 745/745/745 741/741/741
f 750/750/750 751/751/751 742/742/742
f 340/340/340 314/314/314 313/313/313
f 313/313/313 339/339/339 340/340/340
f 315/315/315 316/316/316 313/313/313
f 313/313/313 314/314/314 315/315/315
f 318/318/318 340/340/340 881/881/881
f 340/340/340 339/339/339 878/878/878
f 878/878/878 881/881/881 340/340/340
f 318/318/318 314/314/314 340/340/340
f 314/314/314 318/318/318 315/315/315
f 315/315/315 318/318/318 324/324/324
f 881/881/881 880/880/880 318/318/318
f 899/899/899 885/885/885 318/318/318
f 884/884/884 899/899/899 318/318/318
f 786/786/786 787/787/787 788/788/788
f 778/778/778 777/777/777 786/786/786
f 781/781/781 779/779/779 778/778/778
f 719/719/719 781/781/781 778/778/778
f 779/779/779 776/776/776 778/778/778
f 776/776/776 777/777/777 778/778/778
f 781/781/781 782/782/782 1050/1050/1050
f 783/783/783 781/781/781 719/719/719
f 779/779/779 781/781/781 1050/1050/1050
f 782/782/782 781/781/781 783/783/783
f 784/784/784 782/782/782 783/783/783
f 719/719/719 718/718/718 783/783/783
f 785/785/785 784/784/784 783/783/783
f 717/717/717 718/718/718 719/719/719
f 730/730/730 728/728/728 727/727/727
f 727/727/727 728/728/728 729/729/729
f 732/732/732 728/728/728 730/730/730
f 730/730/730 731/731/731 732/732/732
f 728/728/728 732/732/732 738/738/738
f 729/729/729 728/728/728 738/738/738
f 738/738/738 739/739/739 729/729/729
f 165/165/165 162/162/162 164/164/164
f 162/162/162 163/163/163 164/164/164
f 166/166/166 167/167/167 165/165/165
f 165/165/165 164/164/164 166/166/166
f 164/164/164 174/174/174 166/166/166
f 174/174/174 164/164/164 163/163/163
f 163/163/163 173/173/173 174/174/174
f 661/661/661 663/663/663 674/674/674
f 661/661/661 674/674/674 675/675/675
f 661/661/661 662/662/662 663/663/663
f 674/674/674 663/663/663 668/668/668
f 663/663/663 667/667/667 665/665/665
f 668/668/668 663/663/663 665/665/665
f 662/662/662 667/667/667 663/663/663
f 668/668/668 671/671/671 674/674/674
f 675/675/675 674/674/674 671/671/671
f 671/671/671 673/673/673 675/675/675
f 671/671/671 670/670/670 672/672/672
f 672/672/672 673/673/673 671/671/671
f 670/670/670 671/671/671 668/668/668
f 550/550/550 551/551/551 552/552/552
f 1053/1053/1053 1054/1054/1054 1055/1055/1055
f 219/219/219 218/218/218 217/217/217
f 217/217/217 218/218/218 216/216/216
f 216/216/216 547/547/547 217/217/217
f 216/216/216 212/212/212 214/214/214
f 214/214/214 547/547/547 216/216/216
f 214/214/214 212/212/212 211/211/211
f 212/212/212 222/222/222 221/221/221
f 221/221/221 213/213/213 212/212/212
f 211/211/211 212/212/212 213/213/213
f 85/85/85 223/223/223 222/222/222
f 221/221/221 222/222/222 223/223/223
f 223/223/223 224/224/224 221/221/221
f 77/77/77 78/78/78 79/79/79
f 80/80/80 79/79/79 78/78/78
f 47/47/47 48/48/48 46/46/46
f 46/46/46 48/48/48 500/500/500
f 53/53/53 46/46/46 504/504/504
f 504/504/504 46/46/46 501/501/501
f 500/500/500 501/501/501 46/46/46
f 500/500/500 634/634/634 633/633/633
f 633/633/633 501/501/501 500/500/500
f 504/504/504 501/501/501 633/633/633
f 53/53/53 504/504/504 499/499/499
f 499/499/499 23/23/23 53/53/53
f 87/87/87 86/86/86 82/82/82
f 82/82/82 86/86/86 85/85/85
f 85/85/85 83/83/83 82/82/82
f 84/84/84 83/83/83 222/222/222
f 222/222/222 83/83/83 85/85/85
f 222/222/222 212/212/212 84/84/84
f 148/148/148 84/84/84 212/212/212
f 84/84/84 148/148/148 96/96/96
f 77/77/77 79/79/79 96/96/96
f 96/96/96 147/147/147 77/77/77
f 147/147/147 96/96/96 148/148/148
f 218/218/218 149/149/149 148/148/148
f 148/148/148 216/216/216 218/218/218
f 212/212/212 216/216/216 148/148/148
f 148/148/148 149/149/149 147/147/147
f 220/220/220 218/218/218 219/219/219
f 413/413/413 409/409/409 414/414/414
f 409/409/409 410/410/410 411/411/411
f 412/412/412 413/413/413 414/414/414
f 968/968/968 967/967/967 963/963/963
f 963/963/963 964/964/964 965/965/965
f 966/966/966 967/967/967 968/968/968
f 326/326/326 344/344/344 327/327/327
f 326/326/326 327/327/327 328/328/328
f 889/889/889 327/327/327 344/344/344
f 891/891/891 330/330/330 327/327/327
f 890/890/890 894/894/894 327/327/327
f 894/894/894 893/893/893 327/327/327
f 893/893/893 891/891/891 327/327/327
f 889/889/889 890/890/890 327/327/327
f 329/329/329 327/327/327 330/330/330
f 328/328/328 327/327/327 333/333/333
f 333/333/333 327/327/327 332/332/332
f 332/332/332 327/327/327 329/329/329
f 329/329/329 330/330/330 331/331/331
f 657/657/657 700/700/700 702/702/702
f 364/364/364 700/700/700 657/657/657
f 657/657/657 658/658/658 659/659/659
f 700/700/700 364/364/364 127/127/127
f 127/127/127 364/364/364 117/117/117
f 119/119/119 121/121/121 117/117/117
f 117/117/117 121/121/121 127/127/127
f 117/117/117 118/118/118 119/119/119
f 127/127/127 704/704/704 700/700/700
f 704/704/704 127/127/127 126/126/126
f 126/126/126 127/127/127 121/121/121
f 701/701/701 700/700/700 704/704/704
f 700/700/700 701/701/701 702/702/702
f 126/126/126 703/703/703 704/704/704
f 703/703/703 701/701/701 704/704/704
f 703/703/703 126/126/126 506/506/506
f 506/506/506 126/126/126 120/120/120
f 121/121/121 120/120/120 126/126/126
f 120/120/120 121/121/121 119/119/119
f 118/118/118 67/67/67 119/119/119
f 365/365/365 67/67/67 118/118/118
f 515/515/515 692/692/692 630/630/630
f 630/630/630 502/502/502 515/515/515
f 693/693/693 692/692/692 515/515/515
f 515/515/515 143/143/143 693/693/693
f 515/515/515 502/502/502 43/43/43
f 143/143/143 142/142/142 699/699/699
f 699/699/699 693/693/693 143/143/143
f 116/116/116 142/142/142 143/143/143
f 125/125/125 142/142/142 116/116/116
f 116/116/116 71/71/71 125/125/125
f 71/71/71 116/116/116 72/72/72
f 699/699/699 142/142/142 125/125/125
f 125/125/125 660/660/660 699/699/699
f 660/660/660 659/659/659 699/699/699
f 660/660/660 125/125/125 124/124/124
f 124/124/124 125/125/125 71/71/71
f 71/71/71 70/70/70 124/124/124
f 70/70/70 71/71/71 72/72/72
f 134/134/134 73/73/73 72/72/72
f 72/72/72 73/73/73 70/70/70
f 118/118/118 117/117/117 70/70/70
f 70/70/70 73/73/73 118/118/118
f 364/364/364 124/124/124 70/70/70
f 70/70/70 117/117/117 364/364/364
f 657/657/657 124/124/124 364/364/364
f 124/124/124 657/657/657 660/660/660
f 659/659/659 660/660/660 657/657/657
f 702/702/702 658/658/658 657/657/657
f 978/978/978 976/976/976 975/975/975
f 975/975/975 976/976/976 977/977/977
f 424/424/424 421/421/421 423/423/423
f 421/421/421 422/422/422 423/423/423
f 404/404/404 405/405/405 406/406/406
f 405/405/405 408/408/408 406/406/406
f 407/407/407 406/406/406 408/408/408
f 958/958/958 959/959/959 960/960/960
f 960/960/960 959/959/959 962/962/962
f 961/961/961 962/962/962 959/959/959
f 432/432/432 429/429/429 431/431/431
f 429/429/429 430/430/430 431/431/431
f 986/986/986 984/984/984 983/983/983
f 983/983/983 984/984/984 985/985/985
f 297/297/297 289/289/289 292/292/292
f 291/291/291 292/292/292 289/289/289
f 289/289/289 290/290/290 291/291/291
f 292/292/292 298/298/298 297/297/297
f 294/294/294 297/297/297 298/298/298
f 292/292/292 299/299/299 298/298/298
f 291/291/291 299/299/299 292/292/292
f 298/298/298 299/299/299 295/295/295
f 298/298/298 295/295/295 294/294/294
f 293/293/293 294/294/294 295/295/295
f 295/295/295 299/299/299 296/296/296
f 295/295/295 296/296/296 293/293/293
f 855/855/855 854/854/854 863/863/863
f 856/856/856 857/857/857 854/854/854
f 854/854/854 855/855/855 856/856/856
f 855/855/855 862/862/862 864/864/864
f 856/856/856 855/855/855 864/864/864
f 863/863/863 862/862/862 855/855/855
f 862/862/862 863/863/863 861/861/861
f 862/862/862 860/860/860 864/864/864
f 861/861/861 860/860/860 862/862/862
f 860/860/860 859/859/859 864/864/864
f 860/860/860 861/861/861 858/858/858
f 858/858/858 859/859/859 860/860/860
f 510/510/510 511/511/511 100/100/100
f 548/548/548 101/101/101 100/100/100
f 659/659/659 658/658/658 713/713/713
f 712/712/712 659/659/659 710/710/710
f 713/713/713 710/710/710 659/659/659
f 711/711/711 710/710/710 713/713/713
f 712/712/712 710/710/710 709/709/709
f 709/709/709 694/694/694 712/712/712
f 690/690/690 691/691/691 694/694/694
f 693/693/693 694/694/694 691/691/691
f 612/612/612 691/691/691 690/690/690
f 692/692/692 691/691/691 612/612/612
f 691/691/691 692/692/692 693/693/693
f 612/612/612 630/630/630 692/692/692
f 631/631/631 630/630/630 612/612/612
f 612/612/612 611/611/611 631/631/631
f 608/608/608 611/611/611 612/612/612
f 502/502/502 630/630/630 632/632/632
f 870/870/870 869/869/869 876/876/876
f 871/871/871 872/872/872 869/869/869
f 869/869/869 870/870/870 871/871/871
f 870/870/870 875/875/875 877/877/877
f 871/871/871 870/870/870 877/877/877
f 876/876/876 875/875/875 870/870/870
f 875/875/875 876/876/876 873/873/873
f 875/875/875 874/874/874 877/877/877
f 873/873/873 874/874/874 875/875/875
f 309/309/309 304/304/304 307/307/307
f 306/306/306 307/307/307 304/304/304
f 304/304/304 305/305/305 306/306/306
f 307/307/307 310/310/310 309/309/309
f 308/308/308 309/309/309 310/310/310
f 307/307/307 312/312/312 310/310/310
f 306/306/306 312/312/312 307/307/307
f 310/310/310 312/312/312 311/311/311
f 310/310/310 311/311/311 308/308/308
f 441/441/441 438/438/438 440/440/440
f 438/438/438 439/439/439 440/440/440
f 995/995/995 993/993/993 992/992/992
f 992/992/992 993/993/993 994/994/994
f 110/110/110 696/696/696 724/724/724
f 695/695/695 696/696/696 110/110/110
f 115/115/115 697/697/697 695/695/695
f 695/695/695 109/109/109 115/115/115
f 110/110/110 109/109/109 695/695/695
f 724/724/724 159/159/159 110/110/110
f 110/110/110 159/159/159 158/158/158
f 697/697/697 115/115/115 114/114/114
f 114/114/114 115/115/115 112/112/112
f 516/516/516 697/697/697 698/698/698
f 114/114/114 698/698/698 697/697/697
f 698/698/698 114/114/114 507/507/507
f 507/507/507 114/114/114 113/113/113
f 112/112/112 113/113/113 114/114/114
f 113/113/113 112/112/112 516/516/516
f 999/999/999 997/997/997 996/996/996
f 996/996/996 997/997/997 998/998/998
f 445/445/445 442/442/442 444/444/444
f 442/442/442 443/443/443 444/444/444
f 74/74/74 88/88/88 75/75/75
f 74/74/74 87/87/87 88/88/88
f 74/74/74 75/75/75 76/76/76
f 81/81/81 75/75/75 88/88/88
f 88/88/88 82/82/82 81/81/81
f 82/82/82 88/88/88 87/87/87
f 75/75/75 79/79/79 80/80/80
f 79/79/79 75/75/75 81/81/81
f 76/76/76 75/75/75 80/80/80
f 96/96/96 81/81/81 84/84/84
f 81/81/81 96/96/96 79/79/79
f 83/83/83 84/84/84 81/81/81
f 81/81/81 82/82/82 83/83/83
f 597/597/597 906/906/906 904/904/904
f 905/905/905 601/601/601 600/600/600
f 600/600/600 904/904/904 905/905/905
f 639/639/639 601/601/601 905/905/905
f 721/721/721 601/601/601 639/639/639
f 602/602/602 604/604/604 601/601/601
f 601/601/601 721/721/721 602/602/602
f 604/604/604 603/603/603 605/605/605
f 602/602/602 603/603/603 604/604/604
f 603/603/603 602/602/602 606/606/606
f 603/603/603 606/606/606 605/605/605
f 602/602/602 902/902/902 901/901/901
f 602/602/602 901/901/901 974/974/974
f 974/974/974 957/957/957 602/602/602
f 606/606/606 602/602/602 957/957/957
f 602/602/602 722/722/722 902/902/902
f 722/722/722 602/602/602 721/721/721
f 942/942/942 722/722/722 721/721/721
f 721/721/721 639/639/639 942/942/942
f 629/629/629 942/942/942 639/639/639
f 942/942/942 629/629/629 635/635/635
f 629/629/629 628/628/628 635/635/635
f 627/627/627 629/629/629 639/639/639
f 627/627/627 628/628/628 629/629/629
f 635/635/635 628/628/628 633/633/633
f 633/633/633 634/634/634 635/635/635
f 628/628/628 640/640/640 633/633/633
f 638/638/638 628/628/628 627/627/627
f 640/640/640 628/628/628 638/638/638
f 639/639/639 636/636/636 627/627/627
f 637/637/637 638/638/638 627/627/627
f 627/627/627 636/636/636 637/637/637
f 638/638/638 614/614/614 613/613/613
f 613/613/613 640/640/640 638/638/638
f 621/621/621 614/614/614 638/638/638
f 638/638/638 637/637/637 621/621/621
f 640/640/640 504/504/504 633/633/633
f 640/640/640 613/613/613 499/499/499
f 499/499/499 504/504/504 640/640/640
f 613/613/613 616/616/616 29/29/29
f 29/29/29 499/499/499 613/613/613
f 615/615/615 616/616/616 613/613/613
f 613/613/613 614/614/614 615/615/615
f 622/622/622 615/615/615 614/614/614
f 614/614/614 621/621/621 622/622/622
f 624/624/624 616/616/616 615/615/615
f 624/624/624 615/615/615 622/622/622
f 616/616/616 618/618/618 29/29/29
f 618/618/618 616/616/616 625/625/625
f 161/161/161 108/108/108 111/111/111
f 112/112/112 108/108/108 161/161/161
f 115/115/115 109/109/109 108/108/108
f 108/108/108 112/112/112 115/115/115
f 110/110/110 111/111/111 108/108/108
f 108/108/108 109/109/109 110/110/110
f 111/111/111 512/512/512 161/161/161
f 112/112/112 161/161/161 514/514/514
f 513/513/513 514/514/514 161/161/161
f 161/161/161 512/512/512 513/513/513
f 160/160/160 512/512/512 111/111/111
f 158/158/158 160/160/160 111/111/111
f 158/158/158 111/111/111 110/110/110
f 554/554/554 561/561/561 555/555/555
f 556/556/556 557/557/557 554/554/554
f 554/554/554 555/555/555 556/556/556
f 556/556/556 555/555/555 559/559/559
f 559/559/559 557/557/557 556/556/556
f 558/558/558 559/559/559 560/560/560
f 1056/1056/1056 1059/1059/1059 1063/1063/1063
f 1058/1058/1058 1059/1059/1059 1056/1056/1056
f 1056/1056/1056 1057/1057/1057 1058/1058/1058
f 1062/1062/1062 1059/1059/1059 1058/1058/1058
f 1058/1058/1058 1057/1057/1057 1062/1062/1062
f 1060/1060/1060 1061/1061/1061 1062/1062/1062
f 865/865/865 866/866/866 867/867/867
f 867/867/867 866/866/866 868/868/868
f 300/300/300 301/301/301 302/302/302
f 301/301/301 303/303/303 302/302/302
f 461/461/461 463/463/463 1015/1015/1015
f 461/461/461 462/462/462 463/463/463
f 1015/1015/1015 463/463/463 465/465/465
f 465/465/465 463/463/463 462/462/462
f 465/465/465 464/464/464 1015/1015/1015
f 462/462/462 464/464/464 465/465/465
f 428/428/428 425/425/425 427/427/427
f 425/425/425 426/426/426 427/427/427
f 982/982/982 980/980/980 979/979/979
f 979/979/979 980/980/980 981/981/981
f 40/40/40 41/41/41 42/42/42
f 42/42/42 46/46/46 53/53/53
f 41/41/41 47/47/47 42/42/42
f 46/46/46 42/42/42 47/47/47
f 41/41/41 52/52/52 388/388/388
f 388/388/388 47/47/47 41/41/41
f 52/52/52 348/348/348 11/11/11
f 153/153/153 388/388/388 52/52/52
f 153/153/153 52/52/52 11/11/11
f 388/388/388 153/153/153 154/154/154
f 154/154/154 153/153/153 12/12/12
f 12/12/12 153/153/153 11/11/11
f 13/13/13 11/11/11 7/7/7
f 10/10/10 11/11/11 348/348/348
f 11/11/11 13/13/13 12/12/12
f 10/10/10 7/7/7 11/11/11
f 348/348/348 349/349/349 10/10/10
f 10/10/10 8/8/8 7/7/7
f 1024/1024/1024 1025/1025/1025 1026/1026/1026
f 1026/1026/1026 1025/1025/1025 1028/1028/1028
f 1027/1027/1027 1028/1028/1028 1025/1025/1025
f 521/521/521 522/522/522 523/523/523
f 522/522/522 525/525/525 523/523/523
f 524/524/524 523/523/523 525/525/525
f 518/518/518 136/136/136 130/130/130
f 130/130/130 136/136/136 134/134/134
f 134/134/134 131/131/131 130/130/130
f 133/133/133 132/132/132 131/131/131
f 133/133/133 131/131/131 72/72/72
f 72/72/72 131/131/131 134/134/134
f 105/105/105 128/128/128 132/132/132
f 132/132/132 133/133/133 105/105/105
f 105/105/105 104/104/104 103/103/103
f 103/103/103 128/128/128 105/105/105
f 104/104/104 105/105/105 106/106/106
f 128/128/128 103/103/103 102/102/102
f 103/103/103 104/104/104 21/21/21
f 21/21/21 19/19/19 103/103/103
f 102/102/102 103/103/103 19/19/19
f 21/21/21 104/104/104 107/107/107
f 106/106/106 107/107/107 104/104/104
f 106/106/106 143/143/143 515/515/515
f 515/515/515 107/107/107 106/106/106
f 143/143/143 106/106/106 116/116/116
f 43/43/43 107/107/107 515/515/515
f 107/107/107 43/43/43 21/21/21
f 415/415/415 416/416/416 417/417/417
f 416/416/416 419/419/419 417/417/417
f 418/418/418 417/417/417 419/419/419
f 969/969/969 970/970/970 971/971/971
f 971/971/971 970/970/970 973/973/973
f 972/972/972 973/973/973 970/970/970
f 553/553/553 513/513/513 512/512/512
f 512/512/512 549/549/549 553/553/553
f 160/160/160 549/549/549 512/512/512
f 1023/1023/1023 513/513/513 553/553/553
f 513/513/513 1023/1023/1023 726/726/726
f 726/726/726 514/514/514 513/513/513
f 514/514/514 726/726/726 697/697/697
f 697/697/697 516/516/516 514/514/514
f 514/514/514 516/516/516 112/112/112
f 696/696/696 695/695/695 726/726/726
f 726/726/726 1023/1023/1023 696/696/696
f 697/697/697 726/726/726 695/695/695
f 553/553/553 1052/1052/1052 1023/1023/1023
f 725/725/725 1023/1023/1023 1052/1052/1052
f 725/725/725 696/696/696 1023/1023/1023
f 724/724/724 696/696/696 725/725/725
f 120/120/120 505/505/505 506/506/506
f 506/506/506 1021/1021/1021 703/703/703
f 488/488/488 490/490/490 1020/1020/1020
f 488/488/488 489/489/489 490/490/490
f 1020/1020/1020 490/490/490 492/492/492
f 492/492/492 490/490/490 489/489/489
f 492/492/492 491/491/491 1020/1020/1020
f 489/489/489 491/491/491 492/492/492
f 576/576/576 583/583/583 577/577/577
f 578/578/578 579/579/579 576/576/576
f 576/576/576 577/577/577 578/578/578
f 578/578/578 577/577/577 581/581/581
f 581/581/581 579/579/579 578/578/578
f 580/580/580 581/581/581 582/582/582
f 1078/1078/1078 1081/1081/1081 1085/1085/1085
f 1080/1080/1080 1081/1081/1081 1078/1078/1078
f 1078/1078/1078 1079/1079/1079 1080/1080/1080
f 1084/1084/1084 1081/1081/1081 1080/1080/1080
f 1080/1080/1080 1079/1079/1079 1084/1084/1084
f 1082/1082/1082 1083/1083/1083 1084/1084/1084
f 991/991/991 988/988/988 987/987/987
f 987/987/987 988/988/988 989/989/989
f 990/990/990 988/988/988 991/991/991
f 437/437/437 433/433/433 435/435/435
f 433/433/433 434/434/434 435/435/435
f 436/436/436 437/437/437 435/435/435
f 540/540/540 546/546/546 541/541/541
f 542/542/542 543/543/543 540/540/540
f 540/540/540 541/541/541 542/542/542
f 542/542/542 541/541/541 545/545/545
f 544/544/544 545/545/545 541/541/541
f 545/545/545 543/543/543 542/542/542
f 1043/1043/1043 1046/1046/1046 1049/1049/1049
f 1045/1045/1045 1046/1046/1046 1043/1043/1043
f 1043/1043/1043 1044/1044/1044 1045/1045/1045
f 1048/1048/1048 1046/1046/1046 1045/1045/1045
f 1047/1047/1047 1046/1046/1046 1048/1048/1048
f 1045/1045/1045 1044/1044/1044 1048/1048/1048
f 715/715/715 713/713/713 920/920/920
f 713/713/713 715/715/715 711/711/711
f 656/656/656 920/920/920 654/654/654
f 920/920/920 702/702/702 654/654/654
f 658/658/658 702/702/702 920/920/920
f 920/920/920 713/713/713 658/658/658
f 656/656/656 655/655/655 686/686/686
f 654/654/654 655/655/655 656/656/656
f 702/702/702 701/701/701 654/654/654
f 686/686/686 655/655/655 687/687/687
f 510/510/510 686/686/686 688/688/688
f 687/687/687 688/688/688 686/686/686
f 1051/1051/1051 688/688/688 687/687/687
f 688/688/688 511/511/511 510/510/510
f 365/365/365 118/118/118 73/73/73
f 68/68/68 67/67/67 365/365/365
f 67/67/67 68/68/68 69/69/69
f 365/365/365 366/366/366 508/508/508
f 508/508/508 68/68/68 365/365/365
f 365/365/365 134/134/134 136/136/136
f 136/136/136 366/366/366 365/365/365
f 73/73/73 134/134/134 365/365/365
f 99/99/99 69/69/69 68/68/68
f 68/68/68 508/508/508 99/99/99
f 101/101/101 69/69/69 99/99/99
f 100/100/100 99/99/99 510/510/510
f 509/509/509 510/510/510 99/99/99
f 99/99/99 508/508/508 509/509/509
f 99/99/99 100/100/100 101/101/101
f 517/517/517 509/509/509 508/508/508
f 508/508/508 366/366/366 517/517/517
f 517/517/517 366/366/366 136/136/136
f 136/136/136 518/518/518 517/517/517
f 517/517/517 518/518/518 715/715/715
f 715/715/715 921/921/921 517/517/517
f 517/517/517 921/921/921 1022/1022/1022
f 1022/1022/1022 509/509/509 517/517/517
f 509/509/509 1022/1022/1022 686/686/686
f 686/686/686 510/510/510 509/509/509
f 686/686/686 1022/1022/1022 656/656/656
f 920/920/920 656/656/656 1022/1022/1022
f 1022/1022/1022 921/921/921 920/920/920
f 920/920/920 921/921/921 715/715/715
f 711/711/711 715/715/715 518/518/518
f 694/694/694 707/707/707 690/690/690
f 138/138/138 137/137/137 708/708/708
f 708/708/708 711/711/711 138/138/138
f 710/710/710 711/711/711 708/708/708
f 708/708/708 709/709/709 710/710/710
f 137/137/137 129/129/129 135/135/135
f 129/129/129 137/137/137 138/138/138
f 128/128/128 135/135/135 129/129/129
f 102/102/102 135/135/135 128/128/128
f 138/138/138 130/130/130 129/129/129
f 129/129/129 132/132/132 128/128/128
f 131/131/131 132/132/132 129/129/129
f 129/129/129 130/130/130 131/131/131
f 518/518/518 138/138/138 711/711/711
f 130/130/130 138/138/138 518/518/518
f 1036/1036/1036 1039/1039/1039 1042/1042/1042
f 1038/1038/1038 1039/1039/1039 1036/1036/1036
f 1036/1036/1036 1037/1037/1037 1038/1038/1038
f 1041/1041/1041 1039/1039/1039 1038/1038/1038
f 1040/1040/1040 1039/1039/1039 1041/1041/1041
f 1038/1038/1038 1037/1037/1037 1041/1041/1041
f 533/533/533 539/539/539 534/534/534
f 535/535/535 536/536/536 533/533/533
f 533/533/533 534/534/534 535/535/535
f 535/535/535 534/534/534 538/538/538
f 537/537/537 538/538/538 534/534/534
f 538/538/538 536/536/536 535/535/535
f 34/34/34 25/25/25 36/36/36
f 26/26/26 25/25/25 34/34/34
f 25/25/25 26/26/26 23/23/23
f 34/34/34 35/35/35 26/26/26
f 23/23/23 26/26/26 49/49/49
f 49/49/49 26/26/26 35/35/35
f 35/35/35 50/50/50 49/49/49
f 49/49/49 53/53/53 23/23/23
f 49/49/49 40/40/40 42/42/42
f 53/53/53 49/49/49 42/42/42
f 40/40/40 49/49/49 50/50/50
f 50/50/50 51/51/51 40/40/40
f 40/40/40 52/52/52 41/41/41
f 52/52/52 40/40/40 51/51/51
f 607/607/607 608/608/608 609/609/609
f 690/690/690 609/609/609 612/612/612
f 609/609/609 690/690/690 689/689/689
f 612/612/612 609/609/609 608/608/608
f 146/146/146 145/145/145 689/689/689
f 689/689/689 714/714/714 146/146/146
f 707/707/707 714/714/714 689/689/689
f 689/689/689 690/690/690 707/707/707
f 102/102/102 145/145/145 146/146/146
f 137/137/137 146/146/146 714/714/714
f 135/135/135 146/146/146 137/137/137
f 146/146/146 135/135/135 102/102/102
f 714/714/714 708/708/708 137/137/137
f 708/708/708 714/714/714 707/707/707
f 694/694/694 709/709/709 707/707/707
f 707/707/707 709/709/709 708/708/708
f 1071/1071/1071 1074/1074/1074 1077/1077/1077
f 1073/1073/1073 1074/1074/1074 1071/1071/1071
f 1071/1071/1071 1072/1072/1072 1073/1073/1073
f 1076/1076/1076 1074/1074/1074 1073/1073/1073
f 1075/1075/1075 1074/1074/1074 1076/1076/1076
f 1073/1073/1073 1072/1072/1072 1076/1076/1076
f 569/569/569 575/575/575 570/570/570
f 571/571/571 572/572/572 569/569/569
f 569/569/569 570/570/570 571/571/571
f 571/571/571 570/570/570 574/574/574
f 573/573/573 574/574/574 570/570/570
f 574/574/574 572/572/572 571/571/571
f 1029/1029/1029 1032/1032/1032 1035/1035/1035
f 1031/1031/1031 1032/1032/1032 1029/1029/1029
f 1029/1029/1029 1030/1030/1030 1031/1031/1031
f 1034/1034/1034 1032/1032/1032 1031/1031/1031
f 1033/1033/1033 1032/1032/1032 1034/1034/1034
f 1031/1031/1031 1030/1030/1030 1034/1034/1034
f 526/526/526 532/532/532 527/527/527
f 528/528/528 529/529/529 526/526/526
f 526/526/526 527/527/527 528/528/528
f 528/528/528 527/527/527 531/531/531
f 530/530/530 531/531/531 527/527/527
f 531/531/531 529/529/529 528/528/528
f 466/466/466 468/468/468 1016/1016/1016
f 466/466/466 467/467/467 468/468/468
f 1016/1016/1016 468/468/468 470/470/470
f 470/470/470 468/468/468 467/467/467
f 470/470/470 469/469/469 1016/1016/1016
f 467/467/467 469/469/469 470/470/470
f 18/18/18 17/17/17 497/497/497
f 19/19/19 20/20/20 17/17/17
f 17/17/17 18/18/18 19/19/19
f 102/102/102 18/18/18 498/498/498
f 497/497/497 498/498/498 18/18/18
f 19/19/19 18/18/18 102/102/102
f 497/497/497 607/607/607 610/610/610
f 610/610/610 498/498/498 497/497/497
f 498/498/498 610/610/610 689/689/689
f 689/689/689 145/145/145 498/498/498
f 498/498/498 145/145/145 102/102/102
f 689/689/689 610/610/610 609/609/609
f 609/609/609 610/610/610 607/607/607
f 1086/1086/1086 1089/1089/1089 1092/1092/1092
f 1088/1088/1088 1089/1089/1089 1086/1086/1086
f 1086/1086/1086 1087/1087/1087 1088/1088/1088
f 1091/1091/1091 1089/1089/1089 1088/1088/1088
f 1090/1090/1090 1089/1089/1089 1091/1091/1091
f 1088/1088/1088 1087/1087/1087 1091/1091/1091
f 584/584/584 590/590/590 585/585/585
f 586/586/586 587/587/587 584/584/584
f 584/584/584 585/585/585 586/586/586
f 586/586/586 585/585/585 589/589/589
f 588/588/588 589/589/589 585/585/585
f 589/589/589 587/587/587 586/586/586
f 562/562/562 568/568/568 563/563/563
f 564/564/564 565/565/565 562/562/562
f 562/562/562 563/563/563 564/564/564
f 564/564/564 563/563/563 567/567/567
f 566/566/566 567/567/567 563/563/563
f 567/567/567 565/565/565 564/564/564
f 1064/1064/1064 1067/1067/1067 1070/1070/1070
f 1066/1066/1066 1067/1067/1067 1064/1064/1064
f 1064/1064/1064 1065/1065/1065 1066/1066/1066
f 1069/1069/1069 1067/1067/1067 1066/1066/1066
f 1068/1068/1068 1067/1067/1067 1069/1069/1069
f 1066/1066/1066 1065/1065/1065 1069/1069/1069
f 483/483/483 485/485/485 1019/1019/1019
f 483/483/483 484/484/484 485/485/485
f 1019/1019/1019 485/485/485 487/487/487
f 487/487/487 485/485/485 484/484/484
f 487/487/487 486/486/486 1019/1019/1019
f 484/484/484 486/486/486 487/487/487
f 2/2/2 1/1/1 380/380/380
f 381/381/381 380/380/380 1/1/1
f 1/1/1 352/352/352 381/381/381
f 1/1/1 3/3/3 351/351/351
f 351/351/351 352/352/352 1/1/1
f 1/1/1 2/2/2 3/3/3
f 9/9/9 2/2/2 151/151/151
f 2/2/2 383/383/383 157/157/157
f 151/151/151 2/2/2 157/157/157
f 2/2/2 380/380/380 383/383/383
f 7/7/7 2/2/2 9/9/9
f 3/3/3 2/2/2 7/7/7
f 382/382/382 383/383/383 380/380/380
f 27/27/27 28/28/28 29/29/29
f 24/24/24 29/29/29 28/28/28
f 23/23/23 499/499/499 29/29/29
f 29/29/29 24/24/24 23/23/23
f 28/28/28 38/38/38 24/24/24
f 28/28/28 31/31/31 39/39/39
f 39/39/39 38/38/38 28/28/28
f 30/30/30 31/31/31 28/28/28
f 38/38/38 36/36/36 24/24/24
f 36/36/36 25/25/25 24/24/24
f 23/23/23 24/24/24 25/25/25
f 36/36/36 38/38/38 39/39/39
f 39/39/39 37/37/37 36/36/36
f 36/36/36 37/37/37 34/34/34
f 367/367/367 371/371/371 370/370/370
f 372/372/372 367/367/367 369/369/369
f 371/371/371 367/367/367 372/372/372
f 367/367/367 370/370/370 368/368/368
f 367/367/367 368/368/368 369/369/369
f 922/922/922 925/925/925 926/926/926
f 927/927/927 923/923/923 922/922/922
f 926/926/926 927/927/927 922/922/922
f 922/922/922 924/924/924 925/925/925
f 922/922/922 923/923/923 924/924/924
f 350/350/350 351/351/351 3/3/3
f 3/3/3 8/8/8 350/350/350
f 349/349/349 350/350/350 8/8/8
f 65/65/65 56/56/56 66/66/66
f 59/59/59 58/58/58 65/65/65
f 60/60/60 61/61/61 58/58/58
f 58/58/58 59/59/59 60/60/60
f 91/91/91 61/61/61 90/90/90
f 61/61/61 60/60/60 89/89/89
f 89/89/89 90/90/90 61/61/61
f 90/90/90 92/92/92 91/91/91
f 275/275/275 90/90/90 97/97/97
f 278/278/278 92/92/92 90/90/90
f 90/90/90 275/275/275 278/278/278
f 97/97/97 90/90/90 89/89/89
f 89/89/89 94/94/94 97/97/97
f 89/89/89 60/60/60 93/93/93
f 93/93/93 94/94/94 89/89/89
f 93/93/93 60/60/60 59/59/59
f 652/652/652 653/653/653 643/643/643
f 652/652/652 645/645/645 648/648/648
f 647/647/647 648/648/648 645/645/645
f 645/645/645 646/646/646 647/647/647
f 677/677/677 646/646/646 678/678/678
f 646/646/646 677/677/677 676/676/676
f 676/676/676 647/647/647 646/646/646
f 678/678/678 679/679/679 677/677/677
f 684/684/684 677/677/677 841/841/841
f 843/843/843 841/841/841 677/677/677
f 677/677/677 679/679/679 843/843/843
f 684/684/684 676/676/676 677/677/677
f 676/676/676 684/684/684 681/681/681
f 676/676/676 681/681/681 680/680/680
f 680/680/680 647/647/647 676/676/676
f 648/648/648 647/647/647 680/680/680
f 930/930/930 931/931/931 928/928/928
f 928/928/928 929/929/929 930/930/930
f 375/375/375 376/376/376 373/373/373
f 373/373/373 374/374/374 375/375/375
f 8/8/8 10/10/10 349/349/349
f 15/15/15 7/7/7 9/9/9
f 7/7/7 15/15/15 13/13/13
f 7/7/7 8/8/8 3/3/3
f 13/13/13 15/15/15 14/14/14
f 12/12/12 13/13/13 14/14/14
f 387/387/387 385/385/385 15/15/15
f 15/15/15 386/386/386 387/387/387
f 9/9/9 386/386/386 15/15/15
f 385/385/385 16/16/16 15/15/15
f 14/14/14 15/15/15 16/16/16
f 386/386/386 9/9/9 152/152/152
f 9/9/9 151/151/151 152/152/152
f 398/398/398 386/386/386 493/493/493
f 493/493/493 386/386/386 152/152/152
f 387/387/387 386/386/386 397/397/397
f 397/397/397 386/386/386 398/398/398
f 387/387/387 420/420/420 403/403/403
f 403/403/403 385/385/385 387/387/387
f 16/16/16 385/385/385 403/403/403
f 14/14/14 16/16/16 12/12/12
f 403/403/403 12/12/12 16/16/16
f 12/12/12 403/403/403 420/420/420
f 420/420/420 345/345/345 12/12/12
f 12/12/12 345/345/345 347/347/347
f 12/12/12 347/347/347 154/154/154
f 345/345/345 346/346/346 347/347/347
f 495/495/495 496/496/496 347/347/347
f 347/347/347 346/346/346 495/495/495
f 495/495/495 346/346/346 398/398/398
f 495/495/495 903/903/903 902/902/902
f 902/902/902 496/496/496 495/495/495
f 952/952/952 903/903/903 495/495/495
f 495/495/495 494/494/494 952/952/952
f 933/933/933 936/936/936 938/938/938
f 593/593/593 935/935/935 934/934/934
f 934/934/934 935/935/935 936/936/936
f 936/936/936 937/937/937 934/934/934
f 593/593/593 934/934/934 591/591/591
f 591/591/591 934/934/934 937/937/937
f 937/937/937 908/908/908 591/591/591
f 591/591/591 908/908/908 907/907/907
f 907/907/907 592/592/592 591/591/591
f 591/591/591 592/592/592 593/593/593
f 592/592/592 907/907/907 906/906/906
f 906/906/906 597/597/597 592/592/592
f 598/598/598 593/593/593 592/592/592
f 592/592/592 597/597/597 598/598/598
f 599/599/599 151/151/151 593/593/593
f 598/598/598 599/599/599 593/593/593
f 604/604/604 598/598/598 601/601/601
f 600/600/600 598/598/598 597/597/597
f 605/605/605 599/599/599 598/598/598
f 598/598/598 604/604/604 605/605/605
f 600/600/600 601/601/601 598/598/598
f 904/904/904 600/600/600 597/597/597
f 669/669/669 668/668/668 683/683/683
f 665/665/665 683/683/683 668/668/668
f 668/668/668 669/669/669 670/670/670
f 683/683/683 665/665/665 664/664/664
f 667/667/667 666/666/666 665/665/665
f 664/664/664 665/665/665 666/666/666
f 664/664/664 717/717/717 683/683/683
f 683/683/683 719/719/719 669/669/669
f 719/719/719 683/683/683 717/717/717
f 669/669/669 778/778/778 789/789/789
f 789/789/789 670/670/670 669/669/669
f 778/778/778 669/669/669 719/719/719
f 672/672/672 670/670/670 789/789/789
f 789/789/789 788/788/788 672/672/672
f 786/786/786 789/789/789 778/778/778
f 788/788/788 789/789/789 786/786/786
f 330/330/330 897/897/897 341/341/341
f 892/892/892 895/895/895 330/330/330
f 897/897/897 330/330/330 895/895/895
f 891/891/891 892/892/892 330/330/330
f 330/330/330 341/341/341 335/335/335
f 331/331/331 330/330/330 334/334/334
f 334/334/334 330/330/330 335/335/335
f 897/897/897 898/898/898 900/900/900
f 341/341/341 897/897/897 900/900/900
f 896/896/896 898/898/898 897/897/897
f 895/895/895 896/896/896 897/897/897
f 900/900/900 342/342/342 341/341/341
f 341/341/341 342/342/342 343/343/343
f 343/343/343 335/335/335 341/341/341
f 335/335/335 343/343/343 337/337/337
f 336/336/336 335/335/335 337/337/337
f 205/205/205 207/207/207 196/196/196
f 196/196/196 208/208/208 205/205/205
f 205/205/205 206/206/206 207/207/207
f 770/770/770 773/773/773 761/761/761
f 761/761/761 771/771/771 770/770/770
f 770/770/770 771/771/771 772/772/772
f 335/335/335 336/336/336 334/334/334
f 172/172/172 168/168/168 170/170/170
f 168/168/168 169/169/169 170/170/170
f 184/184/184 172/172/172 171/171/171
f 183/183/183 172/172/172 184/184/184
f 170/170/170 171/171/171 172/172/172
f 196/196/196 184/184/184 215/215/215
f 171/171/171 215/215/215 184/184/184
f 195/195/195 184/184/184 196/196/196
f 184/184/184 181/181/181 183/183/183
f 181/181/181 182/182/182 183/183/183
f 196/196/196 193/193/193 195/195/195
f 193/193/193 194/194/194 195/195/195
f 215/215/215 208/208/208 196/196/196
f 734/734/734 733/733/733 736/736/736
f 733/733/733 734/734/734 735/735/735
f 736/736/736 737/737/737 734/734/734
f 737/737/737 736/736/736 749/749/749
f 749/749/749 736/736/736 747/747/747
f 749/749/749 780/780/780 737/737/737
f 780/780/780 749/749/749 761/761/761
f 761/761/761 749/749/749 759/759/759
f 747/747/747 746/746/746 749/749/749
f 746/746/746 747/747/747 748/748/748
f 759/759/759 758/758/758 761/761/761
f 758/758/758 759/759/759 760/760/760
f 761/761/761 773/773/773 780/780/780
f 833/833/833 836/836/836 824/824/824
f 824/824/824 834/834/834 833/833/833
f 833/833/833 834/834/834 835/835/835
f 268/268/268 270/270/270 259/259/259
f 259/259/259 271/271/271 268/268/268
f 268/268/268 269/269/269 270/270/270
f 797/797/797 796/796/796 799/799/799
f 796/796/796 797/797/797 798/798/798
f 799/799/799 800/800/800 797/797/797
f 800/800/800 799/799/799 812/812/812
f 812/812/812 799/799/799 810/810/810
f 812/812/812 845/845/845 800/800/800
f 836/836/836 845/845/845 812/812/812
f 812/812/812 824/824/824 836/836/836
f 824/824/824 812/812/812 822/822/822
f 810/810/810 809/809/809 812/812/812
f 809/809/809 810/810/810 811/811/811
f 822/822/822 821/821/821 824/824/824
f 821/821/821 822/822/822 823/823/823
f 235/235/235 231/231/231 233/233/233
f 231/231/231 232/232/232 233/233/233
f 247/247/247 235/235/235 234/234/234
f 246/246/246 235/235/235 247/247/247
f 233/233/233 234/234/234 235/235/235
f 234/234/234 280/280/280 247/247/247
f 271/271/271 259/259/259 247/247/247
f 247/247/247 280/280/280 271/271/271
f 258/258/258 247/247/247 259/259/259
f 247/247/247 244/244/244 246/246/246
f 244/244/244 245/245/245 246/246/246
f 259/259/259 256/256/256 258/258/258
f 256/256/256 257/257/257 258/258/258
f 680/680/680 649/649/649 648/648/648
f 648/648/648 649/649/649 650/650/650
f 648/648/648 685/685/685 652/652/652
f 650/650/650 685/685/685 648/648/648
f 720/720/720 652/652/652 685/685/685
f 653/653/653 652/652/652 720/720/720
f 851/851/851 852/852/852 681/681/681
f 681/681/681 684/684/684 851/851/851
f 853/853/853 852/852/852 851/851/851
f 853/853/853 851/851/851 850/850/850
f 840/840/840 851/851/851 841/841/841
f 841/841/841 851/851/851 684/684/684
f 840/840/840 850/850/850 851/851/851
f 842/842/842 841/841/841 843/843/843
f 842/842/842 839/839/839 841/841/841
f 59/59/59 63/63/63 93/93/93
f 65/65/65 98/98/98 59/59/59
f 62/62/62 59/59/59 98/98/98
f 59/59/59 62/62/62 63/63/63
f 150/150/150 98/98/98 65/65/65
f 66/66/66 150/150/150 65/65/65
f 285/285/285 97/97/97 94/94/94
f 94/94/94 287/287/287 285/285/285
f 288/288/288 285/285/285 287/287/287
f 288/288/288 286/286/286 285/285/285
f 276/276/276 275/275/275 285/285/285
f 97/97/97 285/285/285 275/275/275
f 276/276/276 285/285/285 286/286/286
f 278/278/278 275/275/275 277/277/277
f 277/277/277 275/275/275 274/274/274
f 482/482/482 478/478/478 477/477/477
f 477/477/477 481/481/481 482/482/482
f 479/479/479 480/480/480 477/477/477
f 477/477/477 478/478/478 479/479/479
f 482/482/482 481/481/481 1018/1018/1018
f 1018/1018/1018 478/478/478 482/482/482
f 479/479/479 478/478/478 1018/1018/1018
f 1018/1018/1018 480/480/480 479/479/479
f 398/398/398 494/494/494 495/495/495
f 901/901/901 902/902/902 903/903/903
f 494/494/494 398/398/398 493/493/493
f 494/494/494 493/493/493 952/952/952
f 952/952/952 493/493/493 940/940/940
f 951/951/951 952/952/952 940/940/940
f 493/493/493 152/152/152 940/940/940
f 940/940/940 152/152/152 599/599/599
f 941/941/941 951/951/951 940/940/940
f 605/605/605 941/941/941 940/940/940
f 599/599/599 605/605/605 940/940/940
f 599/599/599 152/152/152 151/151/151
f 941/941/941 605/605/605 939/939/939
f 939/939/939 605/605/605 606/606/606
f 941/941/941 957/957/957 974/974/974
f 957/957/957 941/941/941 939/939/939
f 957/957/957 939/939/939 606/606/606
f 380/380/380 381/381/381 382/382/382
f 383/383/383 382/382/382 384/384/384
f 383/383/383 384/384/384 157/157/157
f 157/157/157 520/520/520 151/151/151
f 520/520/520 157/157/157 156/156/156
f 157/157/157 384/384/384 6/6/6
f 6/6/6 156/156/156 157/157/157
f 384/384/384 4/4/4 6/6/6
f 377/377/377 4/4/4 384/384/384
f 384/384/384 382/382/382 377/377/377
f 6/6/6 5/5/5 155/155/155
f 155/155/155 156/156/156 6/6/6
f 4/4/4 5/5/5 6/6/6
f 520/520/520 156/156/156 723/723/723
f 595/595/595 723/723/723 156/156/156
f 595/595/595 156/156/156 155/155/155
f 476/476/476 472/472/472 471/471/471
f 471/471/471 475/475/475 476/476/476
f 473/473/473 474/474/474 471/471/471
f 471/471/471 472/472/472 473/473/473
f 476/476/476 475/475/475 1017/1017/1017
f 1017/1017/1017 472/472/472 476/476/476
f 473/473/473 472/472/472 1017/1017/1017
f 1017/1017/1017 474/474/474 473/473/473
f 151/151/151 520/520/520 723/723/723
f 593/593/593 723/723/723 935/935/935
f 723/723/723 593/593/593 151/151/151
f 723/723/723 595/595/595 938/938/938
f 935/935/935 723/723/723 938/938/938
f 938/938/938 595/595/595 594/594/594
f 155/155/155 596/596/596 595/595/595
f 594/594/594 595/595/595 596/596/596
f 596/596/596 155/155/155 379/379/379
f 379/379/379 155/155/155 5/5/5
f 379/379/379 932/932/932 596/596/596
f 594/594/594 596/596/596 932/932/932
f 938/938/938 594/594/594 933/933/933
f 932/932/932 933/933/933 594/594/594
f 935/935/935 938/938/938 936/936/936
f 625/625/625 616/616/616 624/624/624
f 626/626/626 625/625/625 624/624/624
f 624/624/624 623/623/623 626/626/626
f 622/622/622 623/623/623 624/624/624
f 618/618/618 625/625/625 626/626/626
f 626/626/626 619/619/619 618/618/618
f 620/620/620 617/617/617 618/618/618
f 618/618/618 619/619/619 620/620/620
f 617/617/617 29/29/29 618/618/618
f 32/32/32 29/29/29 617/617/617
f 33/33/33 32/32/32 617/617/617
f 617/617/617 620/620/620 33/33/33
f 32/32/32 27/27/27 29/29/29
f 27/27/27 32/32/32 33/33/33
f 33/33/33 30/30/30 27/27/27
f 28/28/28 27/27/27 30/30/30
f 5/5/5 378/378/378 379/379/379
f 378/378/378 5/5/5 4/4/4
f 4/4/4 377/377/377 378/378/378
f 1007/1007/1007 1005/1005/1005 1004/1004/1004
f 1004/1004/1004 1005/1005/1005 1006/1006/1006
f 453/453/453 450/450/450 452/452/452
f 450/450/450 451/451/451 452/452/452
f 698/698/698 144/144/144 516/516/516
f 516/516/516 144/144/144 113/113/113
f 507/507/507 716/716/716 698/698/698
f 141/141/141 144/144/144 698/698/698
f 698/698/698 716/716/716 141/141/141
f 507/507/507 139/139/139 716/716/716
f 507/507/507 140/140/140 139/139/139
f 113/113/113 140/140/140 507/507/507
f 141/141/141 140/140/140 113/113/113
f 113/113/113 144/144/144 141/141/141
f 139/139/139 141/141/141 716/716/716
f 139/139/139 140/140/140 141/141/141
f 519/519/519 458/458/458 460/460/460
f 458/458/458 459/459/459 460/460/460
f 519/519/519 1013/1013/1013 1012/1012/1012
f 1012/1012/1012 1013/1013/1013 1014/1014/1014
f 1003/1003/1003 1001/1001/1001 1000/1000/1000
f 1000/1000/1000 1001/1001/1001 1002/1002/1002
f 449/449/449 446/446/446 448/448/448
f 446/446/446 447/447/447 448/448/448
f 457/457/457 454/454/454 456/456/456
f 454/454/454 455/455/455 456/456/456
f 1011/1011/1011 1009/1009/1009 1008/1008/1008
f 1008/1008/1008 1009/1009/1009 1010/1010/1010
