# kaprosuchus reconstructed from live game memory
v -4.50831 16.26048 -30.78742
v -4.21394 17.45740 -30.55063
v -4.70242 16.82632 -29.64456
v -3.76251 16.10095 -33.19531
v -2.72084 15.80388 -33.83649
v -2.61522 17.30066 -33.57757
v -4.03730 18.45746 -28.51716
v -5.77911 17.07200 -27.40446
v -2.48455 18.13923 -31.43216
v -1.86200 19.75874 -28.61844
v -6.54939 19.01290 -24.30361
v -5.03426 21.52263 -21.35044
v -5.50282 19.59579 -24.22690
v -3.81841 20.55365 -24.24865
v -3.68092 20.58880 -26.56617
v -3.89265 21.53687 -24.21591
v -2.83224 22.36990 -19.07673
v -2.98109 22.28080 -17.40174
v -5.29391 20.72993 -17.21140
v -5.63632 20.63650 -18.84534
v -6.00001 18.60710 -17.16803
v -6.69181 18.89997 -18.71930
v -2.29435 12.89927 -31.42446
v -3.87103 13.79718 -30.23045
v -4.81515 13.93342 -28.16863
v -2.62198 12.73136 -27.70192
v -2.41677 13.57236 -33.28026
v 0.00000 13.43708 -33.68624
v 0.00000 13.94303 -33.63240
v -2.49676 13.97688 -33.28371
v -4.12453 14.69616 -30.55967
v -4.93687 15.09972 -28.46984
v -4.38039 14.23509 -31.57692
v -4.49496 14.77183 -31.71928
v -7.26894 16.59308 -22.60276
v -7.35792 17.29436 -20.20209
v -6.23211 14.08496 -21.77168
v -4.27758 16.11043 -17.49745
v -3.56228 14.38627 -19.00419
v -6.34891 16.70175 -18.73505
v -3.05565 12.80290 -21.14071
v -6.34891 16.70175 -18.73505
v -3.56228 14.38627 -19.00419
v -6.01803 14.39844 -25.53712
v -5.52040 15.73021 -25.90310
v -6.53469 17.26571 -23.65497
v -7.11535 18.33621 -20.97305
v -3.46418 12.91016 -24.97598
v -6.64332 13.78129 9.07909
v -6.98677 18.92750 9.70068
v -8.42216 18.54290 10.21418
v -8.18309 13.68836 9.47856
v -9.66828 13.28942 12.81216
v -6.89463 12.79803 15.58498
v -7.02555 10.28451 14.91555
v -9.06331 9.60213 11.91946
v -3.88106 15.39626 17.34336
v -4.00627 12.23635 12.13636
v -7.27801 9.81685 9.15225
v -8.97963 18.43966 13.69867
v -7.13593 21.52257 11.53774
v -6.98677 18.92750 9.70068
v -6.84607 21.51833 9.59014
v -7.13593 21.52257 11.53774
v -4.83664 11.67390 -1.07734
v -4.24398 12.22412 -5.32756
v -7.71516 18.48059 -5.42681
v -8.12986 17.39654 -1.06077
v -7.71516 18.48059 -5.42681
v -8.93423 14.95409 -9.35067
v -7.98720 20.41431 -8.97005
v -4.05539 12.40312 -9.50863
v -4.26433 14.64394 -12.46273
v -6.99912 14.90535 -12.29770
v -6.94775 19.29366 -12.43719
v -8.59324 10.60076 -9.26829
v -6.68968 9.78218 -6.09916
v -6.36522 3.36811 -6.99027
v -8.12117 3.76724 -9.39499
v -4.60844 3.63313 -9.36846
v -4.51457 10.37387 -9.23217
v -4.05539 12.40312 -9.50863
v -7.10336 13.94110 -5.78678
v -7.17232 6.73756 17.06288
v -8.70724 5.06146 14.93307
v -7.04420 7.65860 9.63997
v -6.87598 4.91281 13.46414
v -5.07329 9.23217 12.07877
v -5.37658 4.96301 14.94369
v -5.07329 9.23217 12.07877
v -6.75607 11.00102 -11.70434
v -7.18236 4.39097 17.38467
v -4.67594 18.83914 17.94951
v -4.05586 23.48589 11.92968
v -3.74350 22.12811 18.31208
v -6.16782 20.77240 15.95728
v -3.13780 22.46384 -14.90657
v -5.54166 21.02955 -14.79073
v -6.22603 18.69564 -14.68551
v -6.94775 19.29366 -12.43719
v -4.26433 14.64394 -12.46273
v -3.99621 15.97910 -14.64419
v -4.33504 17.10551 23.28236
v -3.44795 19.31976 31.21420
v 0.00000 16.21804 31.30534
v -0.00000 15.27943 23.21362
v -4.05539 12.40312 -9.50863
v -5.07640 11.47463 3.87066
v -8.26781 16.79936 4.21300
v -6.64332 13.78129 9.07909
v -4.00627 12.23635 12.13636
v -4.26510 12.15234 8.38119
v -4.00627 12.23635 12.13636
v -5.37658 4.96301 14.94369
v -0.00000 9.79104 -1.03480
v 0.00000 10.08233 -5.36631
v -0.00000 12.33426 12.03143
v -0.00000 11.48212 8.06738
v -5.73461 21.89075 -12.47986
v -3.58897 23.83377 -9.20206
v -4.48624 24.28580 -5.48232
v -7.32949 22.44231 -5.44226
v -6.21301 22.36878 -9.06304
v -7.98720 20.41431 -8.97005
v -7.93098 22.19528 -0.80690
v -3.29089 23.21071 -12.55040
v -4.87946 24.60587 -0.68106
v 0.00000 24.16855 -9.24868
v 0.00000 24.59276 -5.59416
v -0.00000 11.24544 -9.69154
v -0.00000 12.64563 -12.88027
v -1.70735 19.34379 38.39791
v -2.40963 19.22935 36.00861
v 0.00000 20.83434 36.03241
v 0.00000 20.17284 38.42239
v -0.00000 22.82314 -14.99399
v -0.00000 23.58000 -12.52396
v -4.51457 10.37387 -9.23217
v -6.83870 4.43785 -11.23199
v -4.60844 3.63313 -9.36846
v -6.16782 20.77240 15.95728
v 0.00000 18.77277 -30.61284
v 0.00000 20.22246 -28.49603
v -6.89034 19.72208 -20.99003
v -5.63632 20.63650 -18.84534
v -0.00000 15.88505 -34.58096
v 0.00000 17.76361 -34.11020
v 0.00000 17.77179 -34.09254
v -3.88106 15.39626 17.34336
v 0.00000 14.41722 17.67726
v -4.67594 18.83914 17.94951
v 0.00000 17.29016 36.03845
v -9.50218 0.02854 -14.70331
v -8.72763 0.27071 -14.12641
v -9.22369 0.66142 -14.02417
v -9.76454 0.27124 -13.81369
v -8.85585 1.05650 -11.64226
v -8.39039 -0.01784 -10.50532
v -8.72763 0.27071 -14.12641
v -9.50218 0.02854 -14.70331
v -9.76454 0.27124 -13.81369
v -8.39039 -0.01784 -10.50532
v -8.09923 -0.02903 -12.33795
v -8.09923 -0.02903 -12.33795
v -7.87279 1.42478 -12.70610
v -8.33114 0.02947 -16.43459
v -7.66203 0.32886 -15.56831
v -8.04920 0.93953 -15.50329
v -7.87279 1.42478 -12.70610
v -8.09923 -0.02903 -12.33795
v -8.38922 0.32869 -15.29642
v -7.66203 0.32886 -15.56831
v -8.33114 0.02947 -16.43459
v -8.38922 0.32869 -15.29642
v -6.75462 -0.02710 -13.05726
v -6.75462 -0.02710 -13.05726
v -6.79465 1.31572 -13.28036
v -6.37346 0.03677 -17.42659
v -5.88600 0.37075 -16.36698
v -6.28509 1.02697 -16.40715
v -6.79465 1.31572 -13.28036
v -6.75462 -0.02710 -13.05726
v -6.67262 0.37160 -16.28589
v -5.88600 0.37075 -16.36698
v -6.37346 0.03677 -17.42659
v -6.67262 0.37160 -16.28589
v -5.44691 -0.02779 -13.15797
v -5.77432 1.56125 -13.29833
v -5.44691 -0.02779 -13.15797
v -4.58365 0.03678 -16.90909
v -4.29610 0.37509 -15.81008
v -4.67079 1.02659 -15.93716
v -5.77432 1.56125 -13.29833
v -5.44691 -0.02779 -13.15797
v -5.06546 0.37241 -15.90237
v -4.29610 0.37509 -15.81008
v -4.58365 0.03678 -16.90909
v -5.06546 0.37241 -15.90237
v -4.49615 -0.01701 -10.78968
v -4.51235 1.27350 -13.11269
v -4.49615 -0.01701 -10.78968
v -8.85585 1.05650 -11.64226
v -8.44067 1.76335 -9.98891
v -8.39039 -0.01784 -10.50532
v -7.87279 1.42478 -12.70610
v -6.34336 -0.00568 -8.80773
v -6.78448 2.43874 -12.53161
v -5.77432 1.56125 -13.29833
v -4.69399 1.84085 -10.24466
v -4.51235 1.27350 -13.11269
v -4.49615 -0.01701 -10.78968
v -6.34336 -0.00568 -8.80773
v -6.34242 0.97382 -8.04964
v -4.69399 1.84085 -10.24466
v -4.49615 -0.01701 -10.78968
v -10.79047 0.04943 9.73557
v -9.82129 0.16063 10.27523
v -10.43398 0.59405 10.34437
v -10.88242 0.16066 10.58452
v -9.53724 0.96160 12.64463
v -9.52481 0.05436 13.51784
v -9.82129 0.16063 10.27523
v -10.79047 0.04943 9.73557
v -10.88242 0.16066 10.58452
v -9.52481 0.05436 13.51784
v -9.16892 0.04983 11.66591
v -9.16892 0.04983 11.66591
v -8.50848 1.19801 11.76812
v -9.48530 0.04865 7.99268
v -8.72657 0.26729 8.82578
v -9.18749 0.82950 8.89735
v -8.50848 1.19801 11.76812
v -9.16892 0.04983 11.66591
v -9.60264 0.26812 9.09472
v -8.72657 0.26729 8.82578
v -9.48530 0.04865 7.99268
v -9.60264 0.26812 9.09472
v -7.61787 0.05059 10.95347
v -7.61787 0.05059 10.95347
v -7.51081 1.13733 11.27567
v -7.10520 0.03458 6.99403
v -6.58056 0.29065 8.01738
v -7.06584 0.86440 7.98456
v -7.51081 1.13733 11.27567
v -7.61787 0.05059 10.95347
v -7.53691 0.29696 8.09934
v -6.58056 0.29065 8.01738
v -7.10520 0.03458 6.99403
v -7.53691 0.29696 8.09934
v -5.98767 0.05033 10.82939
v -6.42503 1.30456 11.27235
v -5.98767 0.05033 10.82939
v -4.92921 0.03413 7.51500
v -4.66815 0.29806 8.57736
v -5.11762 0.86639 8.46004
v -6.42503 1.30456 11.27235
v -5.98767 0.05033 10.82939
v -5.58298 0.29591 8.48870
v -4.66815 0.29806 8.57736
v -4.92921 0.03413 7.51500
v -5.58298 0.29591 8.48870
v -4.77582 0.05474 12.72913
v -5.01278 1.04300 11.49398
v -4.77582 0.05474 12.72913
v -9.53724 0.96160 12.64463
v -9.01940 2.69435 13.67300
v -9.52481 0.05436 13.51784
v -8.50848 1.19801 11.76812
v -7.19378 2.95133 12.22755
v -7.51081 1.13733 11.27567
v -7.01937 0.05479 14.98157
v -6.42503 1.30456 11.27235
v -5.20938 2.65319 13.61331
v -5.01278 1.04300 11.49398
v -4.77582 0.05474 12.72913
v -7.10411 2.32925 16.25326
v -7.01937 0.05479 14.98157
v -5.20938 2.65319 13.61331
v -4.77582 0.05474 12.72913
v -3.43175 14.27684 -31.95300
v -2.90454 14.17723 -31.24716
v -3.77431 15.69542 -31.94738
v -4.06981 15.64504 -32.33981
v -2.90454 14.17723 -31.24716
v -3.55999 14.29671 -30.80362
v -4.18604 15.65118 -31.50850
v -3.77431 15.69542 -31.94738
v -4.09629 14.31826 -31.46452
v -4.47268 15.61248 -31.90073
v -4.08166 16.93338 -32.18244
v -3.96902 16.26682 -30.35844
v -3.58031 16.27529 -30.73192
v -4.20262 15.01794 -30.59785
v -3.58031 16.27529 -30.73192
v -3.86848 16.29499 -31.23765
v -4.21223 16.28454 -30.86825
v -3.92809 14.55780 -29.63912
v -4.24769 14.73925 -28.71003
v -4.90935 17.04454 -29.69429
v -4.24769 14.73925 -28.71003
v -4.37350 14.58055 -29.27559
v -4.41132 18.05399 -21.32233
v -3.83573 18.49031 -23.07290
v -6.54611 17.90544 -23.84833
v -7.11535 18.33621 -20.97305
v -2.55400 16.88320 -29.47964
v -2.65251 16.62512 -31.83399
v -4.38947 15.79674 -30.74340
v -4.47753 16.36553 -29.78815
v 0.00000 14.90039 -34.15390
v -2.90960 14.95813 -33.46452
v -3.94007 15.52671 -32.69569
v -0.00000 14.89247 -33.71110
v 0.00000 14.90039 -34.15390
v -5.96081 16.72096 -26.28851
v -3.05444 17.70122 -27.59484
v -5.40450 16.27504 -27.88460
v -4.61526 16.49417 -29.26001
v -4.12453 14.69616 -30.55967
v -2.29519 14.68862 -29.22871
v -4.93687 15.09972 -28.46984
v -4.49496 14.77183 -31.71928
v -2.43109 13.89785 -31.25339
v -2.49676 13.97688 -33.28371
v -3.14896 15.21169 -26.66166
v -5.52040 15.73021 -25.90310
v -3.98764 16.39728 -23.77328
v -6.53469 17.26571 -23.65497
v -7.11535 18.33621 -20.97305
v -3.77645 16.54785 -32.13803
v -0.00000 18.51106 -20.94885
v 0.00000 19.10835 -23.27308
v -0.00000 17.92090 -30.22207
v 0.00000 17.92485 -30.22835
v 0.00000 17.92485 -30.22835
v 0.00000 14.19224 -27.80762
v -0.00000 14.19579 -27.77628
v 0.00000 16.26789 -23.60589
v -0.00000 18.51106 -20.94885
v -4.41132 18.05399 -21.32233
v 0.00000 13.35139 -30.86414
v 0.00000 13.94303 -33.63240
v -3.30072 22.48181 -21.17697
v -1.63212 22.77525 -21.45833
v -2.83224 22.36990 -19.07673
v -6.54611 17.90544 -23.84833
v -5.96081 16.72096 -26.28851
v -5.40450 16.27504 -27.88460
v -4.61526 16.49417 -29.26001
v -4.47753 16.36553 -29.78815
v -4.38947 15.79674 -30.74340
v -3.55449 16.46743 -32.75372
v -2.47843 16.37329 -32.91580
v -3.55483 13.21915 -32.65544
v -2.47843 16.37329 -32.91580
v -2.24806 15.81063 -33.40756
v -3.29223 15.97998 -33.36864
v 0.00000 10.29279 3.71674
v -7.65235 21.68974 4.68363
v -4.87089 24.52847 4.71938
v -5.51258 20.94704 -24.14270
v -5.40917 19.17837 -24.16053
v -4.13569 19.93054 -25.82553
v -5.61277 20.19065 -22.31503
v -4.36549 21.88605 -22.55498
v -4.02737 22.02897 -25.09632
v -5.35961 15.35233 -24.60007
v -4.32723 18.09625 -25.73997
v -5.42009 20.23935 -20.78833
v -5.96005 16.43098 -20.38394
v -3.94007 15.52671 -32.69569
v -2.90960 14.95813 -33.46452
v 0.00000 14.90039 -34.15390
v -3.77645 16.54785 -32.13803
v -3.57198 16.92476 -32.23696
v -4.81836 22.51729 -24.83435
v -1.64707 22.15760 -26.09087
v -3.48218 22.67884 -24.30071
v -6.69181 18.89997 -18.71930
v -2.58217 23.75561 -23.30289
v -2.50791 23.50085 -21.01988
v -3.47813 23.57182 -21.57994
v -1.23854 22.84513 -24.14108
v -3.48218 22.67884 -24.30071
v -2.58217 23.75561 -23.30289
v -1.23854 22.84513 -24.14108
v -2.50791 23.50085 -21.01988
v -3.30072 22.48181 -21.17697
v -1.63212 22.77525 -21.45833
v -3.30072 22.48181 -21.17697
v -4.20177 14.72017 -30.10577
v -3.88755 14.58818 -30.35216
v -4.02370 15.56304 -30.21075
v -3.87147 14.72864 -29.76556
v -4.21696 16.48129 -30.12746
v -3.70559 16.60825 -29.79980
v -3.96956 15.25153 -29.74715
v -3.61533 16.40310 -30.26021
v -4.29093 17.12641 -29.06247
v -3.74629 17.15629 -28.63877
v -4.11147 15.52676 -28.78715
v -3.64964 17.12470 -29.28610
v -4.22702 14.56759 -28.09548
v -3.80084 14.55524 -28.32619
v -3.89790 16.04581 -28.25738
v -3.79836 14.57968 -27.80179
v -5.46131 16.95526 -27.84987
v -4.98087 17.13037 -27.36254
v -5.48979 15.08211 -27.10303
v -4.98087 17.13037 -27.36254
v -4.84939 16.98675 -28.26280
v -5.28736 15.37799 -26.41279
v -4.86755 15.29272 -26.73399
v -5.03380 16.21891 -26.81067
v -4.79512 15.45429 -26.13044
v -5.37264 17.62554 -26.48432
v -4.70607 17.73447 -25.94528
v -5.10032 15.94578 -25.96738
v -4.61794 17.55264 -26.94078
v -1.17637 15.84446 -33.82835
v -2.13119 16.22128 -33.41234
v -1.33123 13.64171 -33.50095
v 0.00000 12.57596 -24.20794
v 0.00000 12.57669 -24.24826
v -0.00000 25.03133 -0.77996
v 0.00000 24.87919 4.38899
v -3.87692 21.37230 23.36127
v -6.79465 1.31572 -13.28036
v -4.67594 18.83914 17.94951
v -3.74350 22.12811 18.31208
v -7.13593 21.52257 11.53774
v -8.42216 18.54290 10.21418
v -6.98677 18.92750 9.70068
v -4.10695 23.90075 10.04544
v 0.00000 23.25112 18.48343
v 0.00000 22.68748 23.31406
v 0.00000 19.13213 39.79314
v 0.00000 21.53351 -25.85642
v 0.00000 22.10312 -24.10148
v 0.00000 22.54379 -21.55478
v 0.00000 22.62788 -19.29546
v 0.00000 22.66849 -17.48221
v 0.00000 22.62788 -19.29546
v 0.00000 12.60052 -31.32632
v 0.00000 12.34096 -27.44434
v 0.00000 12.24452 -18.65397
v 0.00000 11.63153 -20.78111
v 0.00000 13.29615 -17.46630
v 0.00000 12.24452 -18.65397
v -3.88106 15.39626 17.34336
v 0.00000 14.41722 17.67726
v 0.00000 18.21268 38.41295
v 0.00000 24.50449 10.19386
v 0.00000 24.17788 12.07708
v 0.00000 23.25112 18.48343
v 0.00000 21.72609 31.25519
v 0.00000 13.61551 -14.75041
v 0.00000 18.30203 -32.41430
v 0.00000 16.03243 -33.70904
v 0.00000 16.20807 -33.74445
v 4.50831 16.26048 -30.78742
v 4.70242 16.82632 -29.64456
v 4.21394 17.45740 -30.55063
v 3.76251 16.10095 -33.19531
v 2.61522 17.30066 -33.57757
v 2.72084 15.80388 -33.83649
v 5.77911 17.07199 -27.40446
v 4.03730 18.45746 -28.51716
v 1.86200 19.75874 -28.61844
v 2.48455 18.13923 -31.43216
v 6.54939 19.01290 -24.30361
v 5.03427 21.52263 -21.35044
v 3.81841 20.55365 -24.24865
v 5.50282 19.59579 -24.22690
v 3.68092 20.58880 -26.56617
v 3.89265 21.53687 -24.21591
v 2.83224 22.36990 -19.07673
v 5.63632 20.63650 -18.84534
v 5.29391 20.72993 -17.21140
v 2.98109 22.28080 -17.40174
v 6.69181 18.89997 -18.71930
v 6.00001 18.60710 -17.16803
v 2.29435 12.89927 -31.42446
v 2.62198 12.73136 -27.70192
v 4.81515 13.93342 -28.16863
v 3.87103 13.79718 -30.23045
v 2.41677 13.57236 -33.28026
v 2.49676 13.97688 -33.28371
v 4.93687 15.09972 -28.46984
v 4.12453 14.69616 -30.55967
v 4.49496 14.77183 -31.71928
v 4.38040 14.23509 -31.57692
v 7.26893 16.59308 -22.60276
v 6.23211 14.08496 -21.77168
v 7.35792 17.29436 -20.20209
v 4.27758 16.11043 -17.49745
v 6.34891 16.70174 -18.73505
v 3.56227 14.38627 -19.00419
v 3.05565 12.80290 -21.14071
v 3.56227 14.38627 -19.00419
v 6.34891 16.70174 -18.73505
v 6.53469 17.26571 -23.65497
v 5.52040 15.73021 -25.90310
v 6.01803 14.39844 -25.53712
v 7.11535 18.33621 -20.97305
v 3.46418 12.91016 -24.97598
v 6.64332 13.78129 9.07909
v 8.18309 13.68836 9.47856
v 8.42216 18.54290 10.21418
v 6.98677 18.92750 9.70068
v 9.66828 13.28942 12.81216
v 9.06331 9.60213 11.91946
v 7.02555 10.28451 14.91555
v 6.89463 12.79803 15.58498
v 4.00627 12.23635 12.13636
v 3.88106 15.39626 17.34336
v 7.27801 9.81684 9.15225
v 8.97963 18.43966 13.69867
v 7.13593 21.52257 11.53774
v 6.98677 18.92750 9.70068
v 7.13593 21.52257 11.53774
v 6.84608 21.51833 9.59014
v 4.83664 11.67390 -1.07734
v 8.12986 17.39654 -1.06077
v 7.71516 18.48059 -5.42681
v 4.24398 12.22412 -5.32756
v 7.71516 18.48059 -5.42681
v 7.98720 20.41431 -8.97005
v 8.93423 14.95409 -9.35067
v 4.05539 12.40312 -9.50863
v 6.99912 14.90535 -12.29770
v 4.26433 14.64394 -12.46273
v 6.94775 19.29366 -12.43719
v 8.59324 10.60076 -9.26829
v 8.12117 3.76724 -9.39499
v 6.36522 3.36811 -6.99026
v 6.68968 9.78218 -6.09916
v 4.60844 3.63313 -9.36846
v 4.51457 10.37387 -9.23217
v 7.10336 13.94110 -5.78678
v 4.05539 12.40312 -9.50863
v 7.17232 6.73756 17.06288
v 8.70724 5.06146 14.93307
v 7.04420 7.65860 9.63997
v 6.87598 4.91281 13.46414
v 5.07329 9.23217 12.07877
v 5.37658 4.96301 14.94370
v 5.07329 9.23217 12.07877
v 6.75607 11.00102 -11.70434
v 7.18236 4.39097 17.38468
v 4.67594 18.83914 17.94951
v 4.05586 23.48589 11.92968
v 6.16782 20.77240 15.95728
v 3.74350 22.12811 18.31208
v 3.13780 22.46384 -14.90657
v 5.54165 21.02955 -14.79073
v 6.22603 18.69564 -14.68551
v 3.99621 15.97910 -14.64419
v 4.26433 14.64394 -12.46273
v 6.94775 19.29366 -12.43719
v 4.33504 17.10551 23.28236
v 3.44795 19.31976 31.21420
v 4.05539 12.40312 -9.50863
v 5.07640 11.47463 3.87066
v 6.64332 13.78129 9.07909
v 8.26781 16.79936 4.21300
v 4.00627 12.23635 12.13636
v 4.26510 12.15234 8.38119
v 4.00627 12.23635 12.13636
v 5.37658 4.96301 14.94370
v 5.73461 21.89075 -12.47986
v 3.58897 23.83377 -9.20206
v 6.21301 22.36878 -9.06304
v 7.32949 22.44231 -5.44226
v 4.48624 24.28580 -5.48232
v 7.98720 20.41431 -8.97005
v 7.93098 22.19528 -0.80690
v 3.29089 23.21071 -12.55040
v 4.87946 24.60587 -0.68106
v 1.70735 19.34379 38.39791
v 2.40963 19.22935 36.00861
v 4.51457 10.37387 -9.23217
v 4.60844 3.63313 -9.36846
v 6.83870 4.43785 -11.23199
v 6.16782 20.77240 15.95728
v 6.89035 19.72208 -20.99003
v 5.63632 20.63650 -18.84534
v 3.88106 15.39626 17.34336
v 4.67594 18.83914 17.94951
v 9.50218 0.02854 -14.70331
v 9.22369 0.66142 -14.02417
v 8.72763 0.27071 -14.12641
v 9.76455 0.27124 -13.81369
v 8.39039 -0.01784 -10.50532
v 8.85585 1.05650 -11.64226
v 8.72763 0.27071 -14.12641
v 9.76455 0.27124 -13.81369
v 9.50218 0.02854 -14.70331
v 8.09923 -0.02903 -12.33795
v 8.39039 -0.01784 -10.50532
v 7.87279 1.42478 -12.70610
v 8.09923 -0.02903 -12.33795
v 8.33115 0.02947 -16.43459
v 8.04920 0.93953 -15.50329
v 7.66203 0.32886 -15.56831
v 8.38922 0.32869 -15.29642
v 8.09923 -0.02903 -12.33795
v 7.87279 1.42478 -12.70610
v 7.66203 0.32886 -15.56831
v 8.38922 0.32869 -15.29642
v 8.33115 0.02947 -16.43459
v 6.75462 -0.02710 -13.05726
v 6.79465 1.31572 -13.28036
v 6.75462 -0.02710 -13.05726
v 6.37346 0.03677 -17.42659
v 6.28509 1.02697 -16.40715
v 5.88600 0.37075 -16.36698
v 6.67262 0.37160 -16.28589
v 6.75462 -0.02710 -13.05726
v 6.79465 1.31572 -13.28036
v 5.88600 0.37075 -16.36698
v 6.67262 0.37160 -16.28589
v 6.37346 0.03677 -17.42659
v 5.44691 -0.02779 -13.15797
v 5.77432 1.56125 -13.29833
v 5.44691 -0.02779 -13.15797
v 4.58365 0.03678 -16.90909
v 4.67079 1.02659 -15.93716
v 4.29610 0.37509 -15.81008
v 5.06546 0.37241 -15.90237
v 5.44691 -0.02779 -13.15797
v 5.77432 1.56125 -13.29833
v 4.29610 0.37509 -15.81008
v 5.06546 0.37241 -15.90237
v 4.58365 0.03678 -16.90909
v 4.49615 -0.01701 -10.78968
v 4.51235 1.27350 -13.11269
v 4.49615 -0.01701 -10.78968
v 8.85585 1.05650 -11.64226
v 8.39039 -0.01784 -10.50532
v 8.44067 1.76335 -9.98891
v 7.87279 1.42478 -12.70610
v 6.34336 -0.00568 -8.80773
v 6.78448 2.43874 -12.53161
v 5.77432 1.56125 -13.29833
v 4.69399 1.84085 -10.24466
v 4.51235 1.27350 -13.11269
v 4.49615 -0.01701 -10.78968
v 6.34336 -0.00568 -8.80773
v 4.49615 -0.01701 -10.78968
v 4.69399 1.84085 -10.24466
v 6.34242 0.97382 -8.04964
v 10.79047 0.04943 9.73557
v 10.43398 0.59405 10.34438
v 9.82129 0.16063 10.27523
v 10.88242 0.16066 10.58452
v 9.52481 0.05436 13.51784
v 9.53724 0.96160 12.64463
v 9.82129 0.16063 10.27523
v 10.88242 0.16066 10.58452
v 10.79047 0.04943 9.73557
v 9.16892 0.04983 11.66591
v 9.52481 0.05436 13.51784
v 8.50848 1.19801 11.76812
v 9.16892 0.04983 11.66591
v 9.48530 0.04865 7.99269
v 9.18749 0.82950 8.89735
v 8.72657 0.26729 8.82578
v 9.60264 0.26812 9.09472
v 9.16892 0.04983 11.66591
v 8.50848 1.19801 11.76812
v 8.72657 0.26729 8.82578
v 9.60264 0.26812 9.09472
v 9.48530 0.04865 7.99269
v 7.61787 0.05059 10.95348
v 7.51081 1.13733 11.27567
v 7.61787 0.05059 10.95348
v 7.10520 0.03458 6.99403
v 7.06584 0.86440 7.98457
v 6.58056 0.29065 8.01738
v 7.53691 0.29696 8.09934
v 7.61787 0.05059 10.95348
v 7.51081 1.13733 11.27567
v 6.58056 0.29065 8.01738
v 7.53691 0.29696 8.09934
v 7.10520 0.03458 6.99403
v 5.98767 0.05033 10.82939
v 6.42503 1.30456 11.27235
v 5.98767 0.05033 10.82939
v 4.92921 0.03413 7.51500
v 5.11762 0.86639 8.46004
v 4.66815 0.29806 8.57736
v 5.58298 0.29591 8.48870
v 5.98767 0.05033 10.82939
v 6.42503 1.30456 11.27235
v 4.66815 0.29806 8.57736
v 5.58298 0.29591 8.48870
v 4.92921 0.03413 7.51500
v 4.77582 0.05474 12.72913
v 5.01278 1.04300 11.49398
v 4.77582 0.05474 12.72913
v 9.53724 0.96160 12.64463
v 9.52481 0.05436 13.51784
v 9.01940 2.69435 13.67301
v 8.50848 1.19801 11.76812
v 7.19378 2.95133 12.22755
v 7.51081 1.13733 11.27567
v 7.01937 0.05479 14.98157
v 6.42503 1.30456 11.27235
v 5.20938 2.65319 13.61331
v 5.01278 1.04300 11.49398
v 4.77582 0.05474 12.72913
v 7.01937 0.05479 14.98157
v 7.10411 2.32925 16.25326
v 5.20938 2.65319 13.61331
v 4.77582 0.05474 12.72913
v 3.43175 14.27684 -31.95300
v 4.06981 15.64504 -32.33981
v 3.77431 15.69542 -31.94738
v 2.90454 14.17723 -31.24716
v 2.90454 14.17723 -31.24716
v 3.77431 15.69542 -31.94738
v 4.18604 15.65118 -31.50850
v 3.55999 14.29671 -30.80362
v 4.47269 15.61248 -31.90073
v 4.09629 14.31826 -31.46452
v 4.08167 16.93338 -32.18244
v 3.96902 16.26682 -30.35844
v 4.20262 15.01794 -30.59785
v 3.58031 16.27529 -30.73192
v 3.58031 16.27529 -30.73192
v 3.86848 16.29499 -31.23765
v 4.21223 16.28454 -30.86825
v 3.92809 14.55780 -29.63912
v 4.90935 17.04454 -29.69429
v 4.24769 14.73925 -28.71003
v 4.24769 14.73925 -28.71003
v 4.37350 14.58055 -29.27559
v 4.41132 18.05399 -21.32233
v 7.11535 18.33621 -20.97305
v 6.54611 17.90544 -23.84833
v 3.83573 18.49031 -23.07290
v 2.55400 16.88320 -29.47964
v 4.47753 16.36553 -29.78815
v 4.38947 15.79674 -30.74340
v 2.65251 16.62512 -31.83399
v 0.00000 14.89247 -33.71110
v 3.94007 15.52671 -32.69569
v 2.90960 14.95813 -33.46452
v 5.96081 16.72096 -26.28851
v 5.40450 16.27504 -27.88460
v 3.05444 17.70122 -27.59484
v 4.61526 16.49417 -29.26001
v 4.12453 14.69616 -30.55967
v 4.93687 15.09972 -28.46984
v 2.29519 14.68862 -29.22871
v 4.49496 14.77183 -31.71928
v 2.43109 13.89785 -31.25339
v 2.49676 13.97688 -33.28371
v 3.14896 15.21169 -26.66166
v 5.52040 15.73021 -25.90310
v 6.53469 17.26571 -23.65497
v 3.98764 16.39728 -23.77328
v 7.11535 18.33621 -20.97305
v 3.77645 16.54785 -32.13803
v 0.00000 17.92090 -30.22207
v 4.41132 18.05399 -21.32233
v 3.30072 22.48181 -21.17697
v 2.83224 22.36990 -19.07673
v 1.63212 22.77525 -21.45833
v 5.96081 16.72096 -26.28851
v 6.54611 17.90544 -23.84833
v 5.40450 16.27504 -27.88460
v 4.61526 16.49417 -29.26001
v 4.47753 16.36553 -29.78815
v 4.38947 15.79674 -30.74340
v 3.55449 16.46742 -32.75372
v 3.55483 13.21915 -32.65544
v 2.47843 16.37329 -32.91580
v 2.47843 16.37329 -32.91580
v 2.24806 15.81063 -33.40756
v 3.29223 15.97998 -33.36864
v 7.65235 21.68974 4.68363
v 4.87089 24.52847 4.71938
v 5.51258 20.94704 -24.14270
v 4.13569 19.93054 -25.82553
v 5.40917 19.17837 -24.16053
v 5.61277 20.19065 -22.31503
v 4.36549 21.88605 -22.55498
v 4.02737 22.02897 -25.09632
v 5.35961 15.35233 -24.60007
v 5.96006 16.43097 -20.38394
v 5.42010 20.23935 -20.78833
v 4.32723 18.09625 -25.73997
v 2.90960 14.95813 -33.46452
v 3.94007 15.52671 -32.69569
v 3.57198 16.92476 -32.23696
v 3.77645 16.54785 -32.13803
v 4.81836 22.51729 -24.83435
v 1.64707 22.15760 -26.09087
v 3.48218 22.67884 -24.30071
v 6.69181 18.89997 -18.71930
v 2.58217 23.75561 -23.30289
v 3.47813 23.57182 -21.57994
v 2.50791 23.50085 -21.01988
v 1.23854 22.84513 -24.14108
v 3.48218 22.67884 -24.30071
v 2.58217 23.75561 -23.30289
v 1.23854 22.84513 -24.14108
v 3.30072 22.48181 -21.17697
v 2.50791 23.50085 -21.01988
v 3.30072 22.48181 -21.17697
v 1.63212 22.77525 -21.45833
v 4.20177 14.72017 -30.10577
v 4.02370 15.56304 -30.21075
v 3.88755 14.58818 -30.35216
v 3.87147 14.72864 -29.76556
v 4.21696 16.48129 -30.12746
v 3.96956 15.25152 -29.74715
v 3.70559 16.60825 -29.79980
v 3.61533 16.40310 -30.26021
v 4.29093 17.12641 -29.06247
v 4.11147 15.52676 -28.78715
v 3.74629 17.15629 -28.63877
v 3.64964 17.12470 -29.28610
v 4.22702 14.56759 -28.09548
v 3.89790 16.04581 -28.25738
v 3.80084 14.55524 -28.32619
v 3.79836 14.57968 -27.80179
v 5.46131 16.95526 -27.84987
v 5.48979 15.08211 -27.10303
v 4.98087 17.13037 -27.36254
v 4.98087 17.13037 -27.36254
v 4.84939 16.98675 -28.26280
v 5.28735 15.37799 -26.41279
v 5.03380 16.21891 -26.81067
v 4.86755 15.29272 -26.73399
v 4.79512 15.45429 -26.13044
v 5.37264 17.62554 -26.48432
v 5.10032 15.94578 -25.96738
v 4.70606 17.73447 -25.94528
v 4.61794 17.55264 -26.94078
v 1.17637 15.84446 -33.82835
v 1.33123 13.64171 -33.50095
v 2.13119 16.22128 -33.41234
v 3.87692 21.37230 23.36127
v 6.79465 1.31572 -13.28036
v 4.67594 18.83914 17.94951
v 3.74350 22.12811 18.31208
v 7.13593 21.52257 11.53774
v 6.98677 18.92750 9.70068
v 8.42216 18.54290 10.21418
v 4.10695 23.90075 10.04544
v 3.88106 15.39626 17.34336
vt 0.324213 0.306985
vt 0.302765 0.322441
vt 0.286581 0.298186
vt 0.389557 0.336607
vt 0.405799 0.343690
vt 0.385442 0.363148
vt 0.236336 0.315445
vt 0.230262 0.265550
vt 0.318934 0.364927
vt 0.228673 0.367974
vt 0.158524 0.259971
vt 0.099277 0.305527
vt 0.152638 0.295728
vt 0.148076 0.307673
vt 0.180842 0.323016
vt 0.141139 0.317614
vt 0.771779 0.673574
vt 0.734043 0.676343
vt 0.727567 0.635702
vt 0.781117 0.640569
vt 0.731231 0.599132
vt 0.779594 0.607613
vt 0.344617 0.049015
vt 0.314506 0.092242
vt 0.246535 0.104923
vt 0.236917 0.056217
vt 0.381969 0.051664
vt 0.390218 0.020619
vt 0.397314 0.022901
vt 0.386458 0.055901
vt 0.321603 0.112281
vt 0.253874 0.128529
vt 0.357921 0.086265
vt 0.363732 0.093689
vt 0.122977 0.186280
vt 0.086511 0.205007
vt 0.115759 0.136056
vt 0.719032 0.546824
vt 0.760130 0.535763
vt 0.760383 0.576273
vt 0.094037 0.071935
vt 0.056638 0.185502
vt 0.025854 0.094698
vt 0.182665 0.129123
vt 0.193541 0.156609
vt 0.155349 0.200761
vt 0.103926 0.224118
vt 0.167703 0.071201
vt 0.882770 0.306968
vt 0.879930 0.390643
vt 0.863594 0.392375
vt 0.864822 0.324321
vt 0.801672 0.312016
vt 0.728991 0.306251
vt 0.731047 0.247112
vt 0.813117 0.246067
vt 0.704971 0.330137
vt 0.685632 0.269436
vt 0.871654 0.272337
vt 0.799103 0.399579
vt 0.822826 0.451451
vt 0.196572 0.615766
vt 0.185616 0.651521
vt 0.136836 0.642430
vt 0.364525 0.485597
vt 0.442539 0.486611
vt 0.448227 0.583719
vt 0.365698 0.581120
vt 0.473930 0.359013
vt 0.533028 0.299666
vt 0.525741 0.378711
vt 0.643829 0.247395
vt 0.631184 0.304356
vt 0.589383 0.295192
vt 0.612170 0.339356
vt 0.529184 0.220378
vt 0.466134 0.224835
vt 0.464607 0.080120
vt 0.520318 0.087935
vt 0.429177 0.072886
vt 0.422977 0.223924
vt 0.418630 0.283313
vt 0.472858 0.306175
vt 0.735868 0.173232
vt 0.784358 0.137315
vt 0.861838 0.230734
vt 0.826670 0.129828
vt 0.685923 0.241277
vt 0.699959 0.152912
vt 0.895721 0.215803
vt 0.579279 0.215647
vt 0.732183 0.129209
vt 0.721494 0.398645
vt 0.136010 0.704453
vt 0.032327 0.676291
vt 0.080865 0.593290
vt 0.644039 0.693961
vt 0.632993 0.643626
vt 0.631201 0.599218
vt 0.559617 0.591854
vt 0.545591 0.511150
vt 0.639808 0.536919
vt 0.828920 0.877303
vt 0.646428 0.906824
vt 0.626519 0.822827
vt 0.828304 0.781846
vt 0.513665 0.481639
vt 0.287614 0.485530
vt 0.279789 0.576309
vt 0.195758 0.532748
vt 0.144873 0.489678
vt 0.212962 0.487728
vt 0.919658 0.245434
vt 0.857887 0.127283
vt 0.359249 0.430282
vt 0.442976 0.428378
vt 0.132966 0.445655
vt 0.212901 0.431735
vt 0.575568 0.654082
vt 0.532408 0.711099
vt 0.452167 0.711456
vt 0.448743 0.655893
vt 0.520473 0.658029
vt 0.489080 0.604365
vt 0.365288 0.649741
vt 0.590281 0.703860
vt 0.359619 0.714901
vt 0.540236 0.755283
vt 0.455028 0.761739
vt 0.519816 0.439656
vt 0.579874 0.453898
vt 0.483319 0.918965
vt 0.532839 0.911946
vt 0.532191 0.969347
vt 0.483237 0.942226
vt 0.652924 0.730685
vt 0.598822 0.744332
vt 0.619868 0.202159
vt 0.569707 0.089985
vt 0.630190 0.091701
vt 0.770116 0.447472
vt 0.288741 0.402843
vt 0.221516 0.398797
vt 0.101469 0.249213
vt 0.047668 0.266819
vt 0.430074 0.362814
vt 0.397303 0.388826
vt 0.396735 0.388893
vt 0.949073 0.848317
vt 0.944492 0.764767
vt 0.971794 0.909955
vt 0.517581 0.866088
vt 0.389194 0.273579
vt 0.347364 0.252297
vt 0.370748 0.237367
vt 0.393067 0.234952
vt 0.363849 0.146860
vt 0.403522 0.144605
vt 0.918911 0.585240
vt 0.936078 0.589413
vt 0.927728 0.597853
vt 0.875971 0.638813
vt 0.879827 0.603890
vt 0.287812 0.174500
vt 0.317537 0.157580
vt 0.375936 0.271198
vt 0.337753 0.247256
vt 0.359838 0.232561
vt 0.362787 0.139694
vt 0.401920 0.141516
vt 0.381600 0.231826
vt 0.902158 0.545525
vt 0.928914 0.539714
vt 0.920006 0.561745
vt 0.857392 0.581266
vt 0.281874 0.165211
vt 0.310352 0.151282
vt 0.366901 0.269395
vt 0.329512 0.244706
vt 0.350807 0.232227
vt 0.369527 0.137194
vt 0.398715 0.140039
vt 0.376775 0.230248
vt 0.861209 0.512182
vt 0.885368 0.498999
vt 0.880168 0.523684
vt 0.827612 0.569344
vt 0.317213 0.145683
vt 0.278497 0.165822
vt 0.360251 0.272343
vt 0.326844 0.247430
vt 0.344972 0.237503
vt 0.363984 0.139979
vt 0.397740 0.144164
vt 0.371759 0.236203
vt 0.811218 0.509088
vt 0.828541 0.490529
vt 0.831410 0.515939
vt 0.798845 0.593822
vt 0.311430 0.149785
vt 0.284158 0.170377
vt 0.533459 0.026213
vt 0.518739 0.050742
vt 0.514010 0.020596
vt 0.550742 0.025927
vt 0.825098 0.655463
vt 0.571964 0.044199
vt 0.593708 0.020497
vt 0.629530 0.056239
vt 0.620944 0.017008
vt 0.642840 0.028212
vt 0.465415 0.039529
vt 0.464943 0.059907
vt 0.431397 0.049133
vt 0.432856 0.025367
vt 0.938941 0.195722
vt 0.913842 0.162480
vt 0.934505 0.153313
vt 0.956905 0.158257
vt 0.953107 0.070985
vt 0.989279 0.079221
vt 0.887118 0.669238
vt 0.871861 0.673058
vt 0.880278 0.659755
vt 0.912416 0.617311
vt 0.912849 0.651716
vt 0.890662 0.105411
vt 0.916140 0.074371
vt 0.938941 0.195722
vt 0.914618 0.161403
vt 0.935137 0.152232
vt 0.952893 0.070850
vt 0.987693 0.092432
vt 0.957781 0.156698
vt 0.902899 0.699526
vt 0.884306 0.708275
vt 0.891657 0.689512
vt 0.934168 0.667420
vt 0.887421 0.098131
vt 0.916140 0.074371
vt 0.938941 0.195722
vt 0.915092 0.160316
vt 0.935842 0.151267
vt 0.966039 0.071038
vt 0.986096 0.090739
vt 0.958504 0.156200
vt 0.940779 0.720938
vt 0.926249 0.737647
vt 0.926283 0.715919
vt 0.960035 0.671539
vt 0.928165 0.072679
vt 0.883813 0.096502
vt 0.938941 0.195722
vt 0.915420 0.159593
vt 0.936597 0.151731
vt 0.966038 0.071038
vt 0.984607 0.094197
vt 0.959080 0.156409
vt 0.976578 0.712707
vt 0.967428 0.732144
vt 0.961948 0.712150
vt 0.981226 0.637893
vt 0.927827 0.072362
vt 0.883010 0.085959
vt 0.785840 0.037027
vt 0.779076 0.060625
vt 0.769008 0.032716
vt 0.805844 0.039433
vt 0.820219 0.071641
vt 0.822387 0.039006
vt 0.950585 0.595475
vt 0.835494 0.042352
vt 0.858936 0.070110
vt 0.853512 0.038061
vt 0.873893 0.043444
vt 0.725338 0.077312
vt 0.721236 0.040062
vt 0.684614 0.090882
vt 0.686254 0.039287
vt 0.634935 0.431188
vt 0.621413 0.435472
vt 0.636704 0.388063
vt 0.642991 0.390105
vt 0.686681 0.433191
vt 0.670889 0.432739
vt 0.662361 0.389242
vt 0.673774 0.385273
vt 0.654614 0.429601
vt 0.652843 0.390384
vt 0.652430 0.349384
vt 0.636373 0.431795
vt 0.620749 0.427498
vt 0.652918 0.367619
vt 0.688301 0.425954
vt 0.673903 0.431498
vt 0.655138 0.432841
vt 0.632367 0.425348
vt 0.612180 0.416937
vt 0.649065 0.350928
vt 0.684305 0.419523
vt 0.651903 0.421765
vt 0.166357 0.868067
vt 0.148359 0.870775
vt 0.142513 0.846996
vt 0.171617 0.840947
vt 0.079484 0.886742
vt 0.050008 0.882697
vt 0.063983 0.859897
vt 0.079280 0.862775
vt 0.023911 0.894404
vt 0.021429 0.873322
vt 0.032243 0.866745
vt 0.024009 0.894412
vt 0.024262 0.894497
vt 0.118467 0.847899
vt 0.120437 0.878301
vt 0.098239 0.854719
vt 0.085934 0.862895
vt 0.144005 0.935974
vt 0.128874 0.958784
vt 0.111278 0.926180
vt 0.164999 0.936238
vt 0.162470 0.957394
vt 0.183366 0.953970
vt 0.088921 0.950770
vt 0.077610 0.921942
vt 0.052131 0.939544
vt 0.048360 0.912386
vt 0.017644 0.906267
vt 0.047008 0.868366
vt 0.174769 0.917273
vt 0.146459 0.916630
vt 0.074463 0.907852
vt 0.074096 0.907812
vt 0.074893 0.907805
vt 0.110429 0.983044
vt 0.109940 0.983054
vt 0.052351 0.985077
vt 0.010959 0.984104
vt 0.022111 0.934719
vt 0.162362 0.978948
vt 0.189536 0.973132
vt 0.076913 0.328146
vt 0.072188 0.360093
vt 0.033549 0.331762
vt 0.159086 0.233506
vt 0.213427 0.244766
vt 0.254844 0.263589
vt 0.283521 0.286607
vt 0.298311 0.293789
vt 0.330313 0.299715
vt 0.625730 0.434536
vt 0.605804 0.423208
vt 0.653679 0.345166
vt 0.696668 0.428537
vt 0.679710 0.425908
vt 0.650528 0.429977
vt 0.288155 0.427086
vt 0.274711 0.647280
vt 0.272318 0.715453
vt 0.411174 0.814856
vt 0.423692 0.776021
vt 0.464952 0.806850
vt 0.369152 0.789525
vt 0.365116 0.833014
vt 0.432516 0.851915
vt 0.106566 0.773360
vt 0.106146 0.832359
vt 0.037069 0.829107
vt 0.038040 0.768758
vt 0.385423 0.324136
vt 0.407717 0.328930
vt 0.439135 0.349530
vt 0.356567 0.330813
vt 0.354553 0.338290
vt 0.133270 0.326285
vt 0.166933 0.367807
vt 0.127884 0.336416
vt 0.053448 0.226886
vt 0.862109 0.734160
vt 0.816587 0.747443
vt 0.833329 0.713315
vt 0.875555 0.759859
vt 0.869853 0.707162
vt 0.133608 0.358016
vt 0.127017 0.374917
vt 0.806746 0.705203
vt 0.824668 0.693029
vt 0.822493 0.768813
vt 0.791876 0.754584
vt 0.265134 0.199249
vt 0.261363 0.240503
vt 0.182471 0.206474
vt 0.255714 0.157145
vt 0.265135 0.199250
vt 0.261364 0.240505
vt 0.182468 0.206475
vt 0.255714 0.157143
vt 0.267012 0.200099
vt 0.259272 0.235424
vt 0.179444 0.204398
vt 0.255286 0.157685
vt 0.267011 0.200099
vt 0.259271 0.235423
vt 0.179443 0.204398
vt 0.255285 0.157686
vt 0.641731 0.419162
vt 0.622434 0.418064
vt 0.653369 0.359230
vt 0.687901 0.415823
vt 0.660642 0.422714
vt 0.265134 0.199250
vt 0.261363 0.240504
vt 0.182470 0.206475
vt 0.255714 0.157143
vt 0.267011 0.200099
vt 0.259271 0.235424
vt 0.179444 0.204398
vt 0.255284 0.157685
vt 0.267011 0.200099
vt 0.259272 0.235424
vt 0.179445 0.204398
vt 0.149124 0.013664
vt 0.149893 0.013583
vt 0.359440 0.758493
vt 0.270959 0.758613
vt 0.844423 0.938872
vt 0.569688 0.020969
vt 0.035262 0.582786
vt 0.978718 0.943479
vt 0.823052 0.451516
vt 0.863628 0.392632
vt 0.880254 0.390892
vt 0.173684 0.709736
vt 0.974621 0.978486
vt 0.846683 0.974893
vt 0.462208 0.925705
vt 0.163073 0.397221
vt 0.126912 0.393882
vt 0.067187 0.385598
vt 0.024927 0.395716
vt 0.739261 0.710994
vt 0.760916 0.705057
vt 0.344821 0.017121
vt 0.231561 0.014855
vt 0.020992 0.032540
vt 0.080956 0.018466
vt 0.719058 0.492354
vt 0.755694 0.492742
vt 0.041343 0.564033
vt 0.015770 0.493716
vt 0.468588 0.899538
vt 0.168910 0.751977
vt 0.124512 0.744020
vt 0.018036 0.705899
vt 0.648442 0.973262
vt 0.649609 0.471769
vt 0.344579 0.405224
vt 0.249061 0.161519
vt 0.256363 0.161583
vt 0.324213 0.306985
vt 0.286581 0.298186
vt 0.302765 0.322441
vt 0.389557 0.336607
vt 0.385442 0.363148
vt 0.405799 0.343690
vt 0.230262 0.265550
vt 0.236336 0.315445
vt 0.228673 0.367974
vt 0.318934 0.364927
vt 0.158524 0.259971
vt 0.099277 0.305527
vt 0.148076 0.307673
vt 0.152638 0.295728
vt 0.180842 0.323016
vt 0.141139 0.317614
vt 0.771779 0.673574
vt 0.781117 0.640569
vt 0.727567 0.635702
vt 0.734043 0.676343
vt 0.779594 0.607613
vt 0.731231 0.599132
vt 0.344617 0.049015
vt 0.236917 0.056217
vt 0.246535 0.104923
vt 0.314506 0.092242
vt 0.381969 0.051664
vt 0.386458 0.055901
vt 0.253874 0.128529
vt 0.321603 0.112281
vt 0.363732 0.093689
vt 0.357921 0.086265
vt 0.122977 0.186280
vt 0.115759 0.136056
vt 0.086511 0.205007
vt 0.719032 0.546824
vt 0.760383 0.576273
vt 0.760130 0.535763
vt 0.094037 0.071935
vt 0.025854 0.094698
vt 0.056638 0.185502
vt 0.155349 0.200761
vt 0.193541 0.156609
vt 0.182665 0.129123
vt 0.103926 0.224118
vt 0.167703 0.071201
vt 0.882770 0.306968
vt 0.864822 0.324321
vt 0.863594 0.392375
vt 0.879930 0.390643
vt 0.801672 0.312016
vt 0.813117 0.246067
vt 0.731047 0.247112
vt 0.728991 0.306251
vt 0.685632 0.269436
vt 0.704971 0.330137
vt 0.871654 0.272337
vt 0.799103 0.399579
vt 0.822826 0.451451
vt 0.196572 0.615766
vt 0.136836 0.642430
vt 0.185616 0.651521
vt 0.364525 0.485597
vt 0.365698 0.581120
vt 0.448227 0.583719
vt 0.442539 0.486611
vt 0.473930 0.359013
vt 0.525741 0.378711
vt 0.533028 0.299666
vt 0.643829 0.247395
vt 0.589383 0.295192
vt 0.631184 0.304356
vt 0.612170 0.339356
vt 0.529184 0.220378
vt 0.520318 0.087935
vt 0.464607 0.080120
vt 0.466134 0.224835
vt 0.429177 0.072886
vt 0.422977 0.223924
vt 0.472858 0.306175
vt 0.418630 0.283313
vt 0.735868 0.173232
vt 0.784358 0.137315
vt 0.861838 0.230734
vt 0.826670 0.129828
vt 0.685923 0.241277
vt 0.699959 0.152912
vt 0.895721 0.215803
vt 0.579279 0.215647
vt 0.732183 0.129209
vt 0.721494 0.398645
vt 0.136010 0.704453
vt 0.080865 0.593290
vt 0.032327 0.676291
vt 0.644039 0.693961
vt 0.632993 0.643626
vt 0.631201 0.599218
vt 0.639808 0.536919
vt 0.545591 0.511150
vt 0.559617 0.591854
vt 0.828920 0.877303
vt 0.646428 0.906824
vt 0.513665 0.481639
vt 0.287614 0.485530
vt 0.195758 0.532748
vt 0.279789 0.576309
vt 0.144873 0.489678
vt 0.212962 0.487728
vt 0.919658 0.245434
vt 0.857887 0.127283
vt 0.575568 0.654082
vt 0.532408 0.711099
vt 0.520473 0.658029
vt 0.448743 0.655893
vt 0.452167 0.711456
vt 0.489080 0.604365
vt 0.365288 0.649741
vt 0.590281 0.703860
vt 0.359619 0.714901
vt 0.483319 0.918965
vt 0.532839 0.911946
vt 0.619868 0.202159
vt 0.630190 0.091701
vt 0.569707 0.089985
vt 0.770116 0.447472
vt 0.101469 0.249213
vt 0.047668 0.266819
vt 0.949073 0.848317
vt 0.971794 0.909955
vt 0.389194 0.273579
vt 0.370748 0.237367
vt 0.347364 0.252297
vt 0.393067 0.234952
vt 0.403522 0.144605
vt 0.363849 0.146860
vt 0.918911 0.585240
vt 0.927728 0.597853
vt 0.936078 0.589413
vt 0.879827 0.603890
vt 0.875971 0.638813
vt 0.317537 0.157580
vt 0.287812 0.174500
vt 0.375936 0.271198
vt 0.359838 0.232561
vt 0.337753 0.247256
vt 0.381600 0.231826
vt 0.401920 0.141516
vt 0.362787 0.139694
vt 0.902158 0.545525
vt 0.920006 0.561745
vt 0.928914 0.539714
vt 0.857392 0.581266
vt 0.310352 0.151282
vt 0.281874 0.165211
vt 0.366901 0.269395
vt 0.350807 0.232227
vt 0.329512 0.244706
vt 0.376775 0.230248
vt 0.398715 0.140039
vt 0.369527 0.137194
vt 0.861209 0.512182
vt 0.880168 0.523684
vt 0.885368 0.498999
vt 0.827612 0.569344
vt 0.317213 0.145683
vt 0.278497 0.165822
vt 0.360251 0.272343
vt 0.344972 0.237503
vt 0.326844 0.247430
vt 0.371759 0.236203
vt 0.397740 0.144164
vt 0.363984 0.139979
vt 0.811218 0.509088
vt 0.831410 0.515939
vt 0.828541 0.490529
vt 0.798845 0.593822
vt 0.311430 0.149785
vt 0.284158 0.170377
vt 0.533459 0.026213
vt 0.514010 0.020596
vt 0.518739 0.050742
vt 0.550742 0.025927
vt 0.825098 0.655463
vt 0.571964 0.044199
vt 0.593708 0.020497
vt 0.629530 0.056239
vt 0.620944 0.017008
vt 0.642840 0.028212
vt 0.465415 0.039529
vt 0.432856 0.025367
vt 0.431397 0.049133
vt 0.464943 0.059907
vt 0.938941 0.195722
vt 0.934505 0.153313
vt 0.913842 0.162480
vt 0.956905 0.158257
vt 0.989279 0.079221
vt 0.953107 0.070985
vt 0.887118 0.669238
vt 0.880278 0.659755
vt 0.871861 0.673058
vt 0.912849 0.651716
vt 0.912416 0.617311
vt 0.916140 0.074371
vt 0.890662 0.105411
vt 0.938941 0.195722
vt 0.935137 0.152232
vt 0.914618 0.161403
vt 0.957781 0.156698
vt 0.987693 0.092432
vt 0.952893 0.070850
vt 0.902899 0.699526
vt 0.891657 0.689512
vt 0.884306 0.708275
vt 0.934168 0.667420
vt 0.916140 0.074371
vt 0.887421 0.098131
vt 0.938941 0.195722
vt 0.935842 0.151267
vt 0.915092 0.160316
vt 0.958504 0.156200
vt 0.986096 0.090739
vt 0.966039 0.071038
vt 0.940779 0.720938
vt 0.926283 0.715919
vt 0.926249 0.737647
vt 0.960035 0.671539
vt 0.928165 0.072679
vt 0.883813 0.096502
vt 0.938941 0.195722
vt 0.936597 0.151731
vt 0.915420 0.159593
vt 0.959080 0.156409
vt 0.984607 0.094197
vt 0.966038 0.071038
vt 0.976578 0.712707
vt 0.961948 0.712150
vt 0.967428 0.732144
vt 0.981226 0.637893
vt 0.927827 0.072362
vt 0.883010 0.085959
vt 0.785840 0.037027
vt 0.769008 0.032716
vt 0.779076 0.060625
vt 0.805844 0.039433
vt 0.820219 0.071641
vt 0.822387 0.039006
vt 0.950585 0.595475
vt 0.835494 0.042352
vt 0.858936 0.070110
vt 0.853512 0.038061
vt 0.873893 0.043444
vt 0.721236 0.040062
vt 0.725338 0.077312
vt 0.684614 0.090882
vt 0.686254 0.039287
vt 0.634935 0.431188
vt 0.642991 0.390105
vt 0.636704 0.388063
vt 0.621413 0.435472
vt 0.686681 0.433191
vt 0.673774 0.385273
vt 0.662361 0.389242
vt 0.670889 0.432739
vt 0.652843 0.390384
vt 0.654614 0.429601
vt 0.652430 0.349384
vt 0.636373 0.431795
vt 0.652918 0.367619
vt 0.620749 0.427498
vt 0.688301 0.425954
vt 0.673903 0.431498
vt 0.655138 0.432841
vt 0.632367 0.425348
vt 0.649065 0.350928
vt 0.612180 0.416937
vt 0.684305 0.419523
vt 0.651903 0.421765
vt 0.166357 0.868067
vt 0.171617 0.840947
vt 0.142513 0.846996
vt 0.148359 0.870775
vt 0.079484 0.886742
vt 0.079280 0.862775
vt 0.063983 0.859897
vt 0.050008 0.882697
vt 0.024009 0.894412
vt 0.032243 0.866745
vt 0.021429 0.873322
vt 0.118467 0.847899
vt 0.098239 0.854719
vt 0.120437 0.878301
vt 0.085934 0.862895
vt 0.144005 0.935974
vt 0.111278 0.926180
vt 0.128874 0.958784
vt 0.164999 0.936238
vt 0.162470 0.957394
vt 0.183366 0.953970
vt 0.088921 0.950770
vt 0.077610 0.921942
vt 0.048360 0.912386
vt 0.052131 0.939544
vt 0.017644 0.906267
vt 0.047008 0.868366
vt 0.074463 0.907852
vt 0.022111 0.934719
vt 0.076913 0.328146
vt 0.033549 0.331762
vt 0.072188 0.360093
vt 0.213427 0.244766
vt 0.159086 0.233506
vt 0.254844 0.263589
vt 0.283521 0.286607
vt 0.298311 0.293789
vt 0.330313 0.299715
vt 0.625730 0.434536
vt 0.653679 0.345166
vt 0.605804 0.423208
vt 0.696668 0.428537
vt 0.679710 0.425908
vt 0.650528 0.429977
vt 0.274711 0.647280
vt 0.272318 0.715453
vt 0.411174 0.814856
vt 0.464952 0.806850
vt 0.423692 0.776021
vt 0.369152 0.789525
vt 0.365116 0.833014
vt 0.432516 0.851915
vt 0.106566 0.773360
vt 0.038040 0.768758
vt 0.037069 0.829107
vt 0.106146 0.832359
vt 0.407717 0.328930
vt 0.385423 0.324136
vt 0.354553 0.338290
vt 0.356567 0.330813
vt 0.133270 0.326285
vt 0.166933 0.367807
vt 0.127884 0.336416
vt 0.053448 0.226886
vt 0.862109 0.734160
vt 0.833329 0.713315
vt 0.816587 0.747443
vt 0.875555 0.759859
vt 0.869853 0.707162
vt 0.133608 0.358016
vt 0.127017 0.374917
vt 0.824668 0.693029
vt 0.806746 0.705203
vt 0.791876 0.754584
vt 0.822493 0.768813
vt 0.265134 0.199249
vt 0.182471 0.206474
vt 0.261363 0.240503
vt 0.255714 0.157145
vt 0.265135 0.199250
vt 0.182468 0.206475
vt 0.261364 0.240505
vt 0.255714 0.157143
vt 0.267012 0.200099
vt 0.179444 0.204398
vt 0.259272 0.235424
vt 0.255286 0.157685
vt 0.267011 0.200099
vt 0.179443 0.204398
vt 0.259271 0.235423
vt 0.255285 0.157686
vt 0.641731 0.419162
vt 0.653369 0.359230
vt 0.622434 0.418064
vt 0.687901 0.415823
vt 0.660642 0.422714
vt 0.265134 0.199250
vt 0.182470 0.206475
vt 0.261363 0.240504
vt 0.255714 0.157143
vt 0.267011 0.200099
vt 0.179444 0.204398
vt 0.259271 0.235424
vt 0.255284 0.157685
vt 0.267011 0.200099
vt 0.179445 0.204398
vt 0.259272 0.235424
vt 0.844423 0.938872
vt 0.569688 0.020969
vt 0.035262 0.582786
vt 0.978718 0.943479
vt 0.823052 0.451516
vt 0.880254 0.390892
vt 0.863628 0.392632
vt 0.173684 0.709736
vt 0.041343 0.564033
vn -0.96362 -0.00378 -0.26725
vn -0.76654 0.54144 -0.34533
vn -0.95412 -0.06356 -0.29261
vn -0.77935 0.10346 -0.61799
vn -0.36672 -0.12544 -0.92184
vn -0.48346 0.53193 -0.69520
vn -0.63447 0.65788 -0.40577
vn -0.93470 0.07804 -0.34677
vn -0.34873 0.86587 -0.35868
vn -0.28280 0.77414 -0.56632
vn -0.83192 0.44758 -0.32801
vn -0.68955 0.71358 -0.12377
vn -0.52778 0.77459 -0.34851
vn -0.85236 0.45045 -0.26567
vn -0.67420 0.56918 -0.47062
vn -0.90355 -0.40598 -0.13704
vn -0.32524 0.94226 0.07976
vn -0.30658 0.95095 -0.04132
vn -0.71125 0.70241 -0.02730
vn -0.73215 0.64884 0.20730
vn -0.97485 -0.06299 0.21375
vn -0.92315 0.20816 0.32321
vn -0.40266 -0.89804 -0.17718
vn -0.80491 -0.58517 -0.09851
vn -0.76365 -0.59105 -0.25980
vn -0.31146 -0.94855 -0.05697
vn -0.40438 -0.53142 -0.74436
vn 0.00000 -0.53524 -0.84470
vn -0.00000 0.51021 -0.86005
vn -0.04529 0.87644 -0.47937
vn -0.81289 0.55071 -0.18954
vn -0.59904 0.70760 -0.37477
vn -0.84379 -0.52865 -0.09248
vn -0.65449 0.55483 -0.51362
vn -0.96601 0.02433 -0.25737
vn -0.97154 -0.10664 0.21151
vn -0.71490 -0.68143 0.15675
vn -0.61080 -0.68635 0.39477
vn -0.49790 -0.70283 0.50806
vn -0.68968 -0.49873 0.52499
vn -0.39582 -0.89243 0.21657
vn -0.68968 -0.49873 0.52499
vn -0.49790 -0.70283 0.50806
vn -0.84800 -0.46660 -0.25135
vn -0.46336 0.73235 -0.49896
vn -0.37746 0.76229 -0.52578
vn -0.92745 0.31189 -0.20628
vn -0.26056 -0.96529 -0.01789
vn -0.46340 -0.48453 -0.74195
vn -0.95704 0.14691 -0.24999
vn -0.72665 0.25759 -0.63689
vn -0.69303 -0.00560 -0.72089
vn -0.97839 -0.06197 0.19726
vn -0.11069 -0.33319 0.93634
vn -0.23513 -0.01122 0.97190
vn -0.99410 -0.08108 -0.07207
vn -0.36575 -0.80688 0.46387
vn 0.20378 -0.94390 0.25985
vn -0.09650 -0.15686 -0.98290
vn -0.88383 0.25316 0.39340
vn -0.77589 0.62080 -0.11223
vn -0.95704 0.14691 -0.24999
vn -0.84418 0.53324 0.05496
vn -0.77589 0.62080 -0.11223
vn -0.67091 -0.73490 -0.09898
vn -0.57224 -0.80920 -0.13318
vn -0.98032 -0.17043 0.09962
vn -0.98443 -0.16238 -0.06735
vn -0.98032 -0.17043 0.09962
vn -0.99703 0.00792 -0.07663
vn -0.92056 0.36198 -0.14678
vn 0.37784 -0.88620 -0.26812
vn -0.47539 -0.66409 -0.57705
vn -0.42448 -0.24218 -0.87245
vn -0.86805 0.19056 -0.45844
vn -0.99354 -0.10605 0.04045
vn 0.41146 -0.10378 0.90550
vn -0.29384 -0.23713 0.92597
vn -0.99834 -0.04522 0.03576
vn 0.98396 -0.06116 0.16760
vn 0.95879 -0.11230 -0.26097
vn 0.37784 -0.88620 -0.26812
vn -0.38691 -0.08893 0.91782
vn -0.01638 0.37576 0.92657
vn -0.98659 0.00550 -0.16311
vn -0.16252 -0.58436 -0.79506
vn 0.42240 -0.08594 -0.90233
vn 0.97821 -0.18262 -0.09878
vn 0.97987 -0.04657 0.19413
vn 0.97821 -0.18262 -0.09878
vn -0.08000 -0.15027 -0.98540
vn -0.30271 -0.19861 0.93216
vn -0.86663 0.03216 0.49792
vn -0.41987 0.89173 0.16889
vn -0.54578 0.80329 0.23843
vn -0.71454 0.53745 0.44785
vn -0.34693 0.90930 -0.22982
vn -0.82823 0.51039 -0.23139
vn -0.93396 -0.26344 -0.24150
vn -0.86805 0.19056 -0.45844
vn -0.47539 -0.66409 -0.57705
vn -0.66173 -0.73593 -0.14324
vn -0.85408 -0.49747 0.15191
vn -0.96731 0.07445 0.24243
vn 0.00000 -0.97713 0.21264
vn -0.00000 -0.98502 0.17244
vn 0.37784 -0.88620 -0.26812
vn -0.57518 -0.81616 0.05521
vn -0.96880 -0.24344 0.04654
vn -0.46340 -0.48453 -0.74195
vn 0.20378 -0.94390 0.25985
vn -0.26088 -0.95162 0.16238
vn 0.20378 -0.94390 0.25985
vn 0.97987 -0.04657 0.19413
vn 0.00000 -0.99886 -0.04769
vn 0.00000 -0.98638 -0.16445
vn 0.00000 -0.98099 0.19406
vn 0.00000 -0.97150 0.23703
vn -0.64121 0.72576 -0.24924
vn -0.32697 0.92783 -0.17951
vn -0.33212 0.93636 -0.11367
vn -0.78063 0.61347 -0.11944
vn -0.67585 0.69600 -0.24251
vn -0.92056 0.36198 -0.14678
vn -0.87866 0.47632 -0.03276
vn -0.25216 0.93782 -0.23856
vn -0.38555 0.92268 -0.00315
vn 0.00000 0.98693 -0.16114
vn 0.00000 0.99342 -0.11454
vn 0.00000 -0.97041 -0.24146
vn 0.00000 -0.87567 -0.48291
vn -0.79026 0.29766 0.53562
vn -0.94989 -0.13990 0.27952
vn 0.00000 0.97957 0.20109
vn 0.00000 0.89500 0.44607
vn -0.00000 0.98928 -0.14602
vn 0.00000 0.96565 -0.25986
vn 0.95879 -0.11230 -0.26097
vn 0.06698 0.26477 -0.96198
vn 0.98396 -0.06116 0.16760
vn -0.71454 0.53745 0.44785
vn 0.00000 0.89784 -0.44033
vn 0.00000 0.82124 -0.57058
vn -0.88034 0.47341 0.02990
vn -0.73215 0.64884 0.20730
vn 0.00000 0.01144 -0.99993
vn 0.00000 0.76665 -0.64207
vn 0.00000 0.93278 -0.36045
vn -0.36575 -0.80688 0.46387
vn -0.00000 -0.93835 0.34568
vn -0.86663 0.03216 0.49792
vn 0.00000 -0.95615 0.29289
vn -0.23564 0.37984 -0.89454
vn 0.65166 -0.37698 -0.65819
vn -0.23232 0.85934 -0.45560
vn -0.84397 -0.53541 0.03250
vn -0.81546 0.57343 0.07872
vn -0.59134 -0.74232 0.31509
vn 0.65166 -0.37698 -0.65819
vn -0.23564 0.37984 -0.89454
vn -0.84397 -0.53541 0.03250
vn -0.59134 -0.74232 0.31509
vn -0.31683 -0.94069 -0.12133
vn -0.31683 -0.94069 -0.12133
vn -0.31364 0.83011 -0.46102
vn -0.29754 -0.11120 -0.94821
vn 0.81039 -0.35536 -0.46582
vn -0.38200 0.85320 -0.35513
vn -0.31364 0.83011 -0.46102
vn -0.31683 -0.94069 -0.12133
vn -0.65785 -0.75315 0.00179
vn 0.81039 -0.35536 -0.46582
vn -0.29754 -0.11120 -0.94821
vn -0.65785 -0.75315 0.00179
vn -0.17789 -0.97394 -0.14071
vn -0.17789 -0.97394 -0.14071
vn -0.01498 0.76624 -0.64238
vn -0.08344 -0.17218 -0.98152
vn 0.92609 -0.29670 -0.23306
vn -0.39345 0.83344 -0.38804
vn -0.01498 0.76624 -0.64238
vn -0.17789 -0.97394 -0.14071
vn -0.64176 -0.76054 -0.09858
vn 0.92609 -0.29670 -0.23306
vn -0.08344 -0.17218 -0.98152
vn -0.64176 -0.76054 -0.09858
vn -0.11051 -0.97959 -0.16790
vn 0.27966 0.87385 -0.39772
vn -0.11051 -0.97959 -0.16790
vn 0.09894 -0.19628 -0.97554
vn 0.82770 -0.55446 -0.08647
vn -0.19192 0.86025 -0.47236
vn 0.27966 0.87385 -0.39772
vn -0.11051 -0.97959 -0.16790
vn -0.83386 -0.51505 -0.19850
vn 0.82770 -0.55446 -0.08647
vn 0.09894 -0.19628 -0.97554
vn -0.83386 -0.51505 -0.19850
vn 0.81802 -0.53970 0.19894
vn 0.78787 0.61253 -0.06381
vn 0.81802 -0.53970 0.19894
vn -0.81546 0.57343 0.07872
vn -0.96698 0.20288 0.15425
vn -0.59134 -0.74232 0.31509
vn -0.31364 0.83011 -0.46102
vn 0.04595 -0.85824 0.51118
vn -0.16208 0.71633 -0.67868
vn 0.27966 0.87385 -0.39772
vn 0.95129 0.30829 0.00277
vn 0.78787 0.61253 -0.06381
vn 0.81802 -0.53970 0.19894
vn 0.04595 -0.85824 0.51118
vn 0.06110 -0.44594 0.89297
vn 0.95129 0.30829 0.00277
vn 0.81802 -0.53970 0.19894
vn -0.40038 0.30351 -0.86463
vn 0.56989 -0.46087 -0.68032
vn -0.24050 0.89189 -0.38301
vn -0.87092 -0.46339 0.16363
vn -0.76699 0.64128 0.02216
vn -0.67308 -0.60427 0.42641
vn 0.56989 -0.46087 -0.68032
vn -0.40038 0.30351 -0.86463
vn -0.87092 -0.46339 0.16363
vn -0.67308 -0.60427 0.42641
vn -0.27002 -0.96027 -0.07054
vn -0.27002 -0.96027 -0.07054
vn -0.27791 0.76874 -0.57602
vn -0.30863 0.13907 -0.94096
vn 0.77578 -0.29961 -0.55533
vn -0.30677 0.90950 -0.28054
vn -0.27791 0.76874 -0.57602
vn -0.27002 -0.96027 -0.07054
vn -0.65873 -0.75233 0.00926
vn 0.77578 -0.29961 -0.55533
vn -0.30863 0.13907 -0.94096
vn -0.65873 -0.75233 0.00926
vn -0.14734 -0.98059 -0.12939
vn -0.14734 -0.98059 -0.12939
vn -0.01207 0.77425 -0.63277
vn -0.06675 0.15775 -0.98522
vn 0.94168 -0.17046 -0.29013
vn -0.30886 0.88684 -0.34369
vn -0.01207 0.77425 -0.63277
vn -0.14734 -0.98059 -0.12939
vn -0.63915 -0.75759 -0.13250
vn 0.94168 -0.17046 -0.29013
vn -0.06675 0.15775 -0.98522
vn -0.63915 -0.75759 -0.13250
vn -0.15793 -0.96285 -0.21902
vn 0.25803 0.81024 -0.52624
vn -0.15793 -0.96285 -0.21902
vn 0.15357 0.11586 -0.98132
vn 0.86024 -0.50267 -0.08554
vn -0.16516 0.88908 -0.42692
vn 0.25803 0.81024 -0.52624
vn -0.15793 -0.96285 -0.21902
vn -0.82836 -0.48160 -0.28616
vn 0.86024 -0.50267 -0.08554
vn 0.15357 0.11586 -0.98132
vn -0.82836 -0.48160 -0.28616
vn 0.74257 -0.62134 0.25006
vn 0.73394 0.65919 -0.16370
vn 0.74257 -0.62134 0.25006
vn -0.76699 0.64128 0.02216
vn -0.96705 0.25451 -0.00617
vn -0.67308 -0.60427 0.42641
vn -0.27791 0.76874 -0.57602
vn -0.16513 0.56151 -0.81083
vn -0.01207 0.77425 -0.63277
vn 0.06810 -0.88732 0.45610
vn 0.25803 0.81024 -0.52624
vn 0.87396 0.39151 -0.28795
vn 0.73394 0.65919 -0.16370
vn 0.74257 -0.62134 0.25006
vn 0.22919 -0.34070 0.91181
vn 0.06810 -0.88732 0.45610
vn 0.87396 0.39151 -0.28795
vn 0.74257 -0.62134 0.25006
vn 0.47871 -0.03249 -0.87737
vn 0.78272 0.56245 0.26647
vn 0.92763 0.34784 -0.13609
vn -0.11513 -0.15634 -0.98097
vn 0.78272 0.56245 0.26647
vn -0.48089 0.22658 0.84700
vn 0.05523 0.49959 0.86450
vn 0.92763 0.34784 -0.13609
vn -0.86973 -0.38309 -0.31114
vn -0.99275 -0.01682 0.11898
vn -0.04893 0.99426 -0.09510
vn -0.19467 -0.14942 0.96942
vn 0.89284 -0.42647 0.14476
vn -0.22155 -0.97507 -0.01243
vn 0.89284 -0.42647 0.14476
vn 0.04241 -0.45637 -0.88878
vn -0.98804 -0.03932 -0.14908
vn 0.48370 0.17183 -0.85820
vn -0.09495 0.36772 0.92508
vn -0.93582 -0.08783 -0.34135
vn -0.09495 0.36772 0.92508
vn -0.92544 -0.24968 -0.28500
vn 0.15588 -0.23683 -0.95896
vn 0.16938 -0.98459 -0.04346
vn -0.48195 -0.87600 0.01838
vn -0.92745 0.31189 -0.20628
vn 0.31537 -0.92704 0.20281
vn 0.32947 -0.83518 0.44037
vn -0.30643 -0.94858 -0.07937
vn -0.62815 -0.75039 0.20580
vn -0.00000 -0.97997 -0.19916
vn -0.49190 -0.61038 -0.62087
vn -0.68302 -0.65722 0.31865
vn 0.39303 -0.68803 0.61003
vn -0.00000 -0.97997 -0.19916
vn -0.44716 -0.87375 0.19133
vn 0.39802 -0.82778 0.39544
vn -0.45735 -0.87155 -0.17674
vn -0.15296 -0.98541 0.07467
vn -0.81289 0.55071 -0.18954
vn 0.23663 0.94702 -0.21717
vn -0.59904 0.70760 -0.37477
vn -0.65449 0.55483 -0.51362
vn 0.31244 0.93764 -0.15235
vn -0.04529 0.87644 -0.47937
vn 0.13281 0.95193 -0.27602
vn -0.46336 0.73235 -0.49896
vn 0.12876 0.89005 -0.43730
vn -0.37746 0.76229 -0.52578
vn -0.92745 0.31189 -0.20628
vn -0.90409 -0.31334 -0.29059
vn 0.00000 -0.72927 -0.68422
vn 0.00000 -0.99921 0.03972
vn 0.73570 -0.60090 0.31251
vn -0.00000 -0.95636 0.29219
vn -0.00000 -0.95636 0.29219
vn 0.00000 0.98209 -0.18841
vn -0.00000 0.97380 -0.22739
vn 0.00000 0.86190 -0.50708
vn 0.00000 -0.72927 -0.68422
vn 0.15588 -0.23683 -0.95896
vn 0.00000 0.99504 -0.09951
vn -0.00000 0.51021 -0.86005
vn -0.58671 0.61347 0.52860
vn 0.19800 0.94136 0.27319
vn -0.32524 0.94226 0.07976
vn -0.48195 -0.87600 0.01838
vn -0.44716 -0.87375 0.19133
vn -0.45735 -0.87155 -0.17674
vn -0.15296 -0.98541 0.07467
vn -0.62815 -0.75039 0.20580
vn -0.30643 -0.94858 -0.07937
vn -0.78755 0.01872 0.61596
vn 0.49812 -0.09888 0.86145
vn -0.15529 -0.86616 0.47503
vn 0.49812 -0.09888 0.86145
vn 0.76548 -0.50261 -0.40179
vn -0.58746 -0.14957 -0.79531
vn 0.00000 -0.99177 0.12800
vn -0.89392 0.43432 0.11082
vn -0.41607 0.90493 0.08934
vn -0.88555 0.36626 -0.28575
vn -0.93005 -0.05071 -0.36393
vn -0.73113 0.12117 -0.67140
vn -0.95402 0.29181 0.06847
vn -0.69988 0.70903 0.08631
vn -0.69404 0.59334 -0.40776
vn -0.95612 0.17274 -0.23664
vn -0.92694 0.22357 -0.30134
vn -0.95612 0.17274 -0.23664
vn -0.97801 0.12060 -0.17014
vn -0.68302 -0.65722 0.31865
vn -0.49190 -0.61038 -0.62087
vn -0.00000 -0.97997 -0.19916
vn -0.90409 -0.31334 -0.29059
vn -0.80068 0.49487 -0.33766
vn -0.92683 0.19527 -0.32071
vn -0.02056 0.83153 -0.55510
vn -0.50208 0.81188 -0.29793
vn -0.92315 0.20816 0.32321
vn 0.00199 0.97316 -0.23012
vn 0.29749 0.73019 0.61508
vn -0.72225 0.63834 0.26622
vn 0.46458 0.87470 -0.13808
vn -0.50208 0.81188 -0.29793
vn 0.00199 0.97316 -0.23012
vn 0.46458 0.87470 -0.13808
vn 0.29749 0.73019 0.61508
vn -0.58671 0.61347 0.52860
vn 0.19800 0.94136 0.27319
vn -0.58671 0.61347 0.52860
vn -0.97677 0.19539 -0.08804
vn -0.60896 0.02992 -0.79264
vn -0.97677 0.19539 -0.08804
vn -0.70077 0.23207 0.67458
vn -0.96669 -0.22950 -0.11327
vn -0.55864 0.14041 0.81744
vn -0.96669 -0.22950 -0.11327
vn -0.24414 -0.33100 -0.91150
vn -0.97998 -0.13511 -0.14626
vn -0.61494 0.06626 0.78578
vn -0.97998 -0.13511 -0.14626
vn -0.32338 -0.19563 -0.92583
vn -0.97522 0.20926 -0.07187
vn -0.47582 0.00962 -0.87949
vn -0.97522 0.20926 -0.07187
vn -0.55643 0.21188 0.80342
vn -0.99051 -0.03764 -0.13218
vn 0.27253 0.05399 0.96063
vn -0.74272 -0.66933 0.01907
vn 0.27253 0.05399 0.96063
vn 0.47536 -0.56862 -0.67134
vn -0.96148 0.27235 -0.03712
vn -0.62044 -0.17467 -0.76456
vn -0.96148 0.27235 -0.03712
vn -0.48979 0.48915 0.72169
vn -0.98525 -0.16866 -0.02905
vn -0.63623 0.13084 0.76032
vn -0.98525 -0.16866 -0.02905
vn -0.51196 -0.32740 -0.79417
vn -0.06132 -0.15686 -0.98572
vn -0.43117 -0.10292 -0.89638
vn -0.16003 -0.13410 -0.97796
vn -0.00000 -0.99513 -0.09859
vn -0.00000 -0.99962 0.02771
vn 0.00000 0.99898 -0.04509
vn 0.00000 0.99828 0.05861
vn -0.78831 0.60154 0.12930
vn -0.01498 0.76624 -0.64238
vn -0.86663 0.03216 0.49792
vn -0.54578 0.80329 0.23843
vn -0.77589 0.62080 -0.11223
vn -0.72665 0.25759 -0.63689
vn -0.95704 0.14691 -0.24999
vn -0.41930 0.89398 0.15808
vn 0.00000 0.99157 0.12955
vn 0.00000 0.99214 0.12514
vn 0.00000 0.01277 0.99992
vn 0.00000 0.92111 -0.38930
vn 0.00000 0.97066 -0.24046
vn -0.00000 0.99883 -0.04830
vn -0.00000 0.99973 0.02310
vn 0.00000 0.99990 -0.01426
vn -0.00000 0.99973 0.02310
vn -0.00000 -0.97978 -0.20010
vn -0.00000 -0.99996 0.00871
vn 0.00000 -0.87366 0.48654
vn 0.00000 -1.00000 0.00296
vn 0.00000 -0.92243 0.38615
vn 0.00000 -0.87366 0.48654
vn -0.36575 -0.80688 0.46387
vn -0.00000 -0.93835 0.34568
vn -0.00000 -0.92034 0.39111
vn 0.00000 0.98843 0.15170
vn 0.00000 0.98418 0.17717
vn 0.00000 0.99157 0.12955
vn 0.00000 0.98223 0.18771
vn 0.00000 -0.94591 -0.32443
vn 0.00000 0.96084 -0.27710
vn 0.00000 -0.17667 -0.98427
vn 0.00000 -0.19766 -0.98027
vn 0.96362 -0.00378 -0.26725
vn 0.95412 -0.06356 -0.29261
vn 0.76654 0.54144 -0.34533
vn 0.77935 0.10346 -0.61799
vn 0.48346 0.53193 -0.69520
vn 0.36672 -0.12544 -0.92184
vn 0.93470 0.07803 -0.34677
vn 0.63447 0.65788 -0.40577
vn 0.28280 0.77414 -0.56632
vn 0.34873 0.86587 -0.35868
vn 0.83192 0.44758 -0.32801
vn 0.68955 0.71358 -0.12377
vn 0.85236 0.45045 -0.26567
vn 0.52778 0.77459 -0.34851
vn 0.67420 0.56918 -0.47062
vn 0.90355 -0.40598 -0.13704
vn 0.32524 0.94226 0.07976
vn 0.73215 0.64884 0.20730
vn 0.71125 0.70241 -0.02730
vn 0.30658 0.95095 -0.04132
vn 0.92315 0.20816 0.32321
vn 0.97485 -0.06299 0.21375
vn 0.40266 -0.89804 -0.17718
vn 0.31146 -0.94855 -0.05697
vn 0.76365 -0.59105 -0.25980
vn 0.80490 -0.58517 -0.09851
vn 0.40438 -0.53142 -0.74436
vn 0.04529 0.87644 -0.47937
vn 0.59904 0.70760 -0.37477
vn 0.81289 0.55071 -0.18954
vn 0.65449 0.55483 -0.51362
vn 0.84379 -0.52865 -0.09248
vn 0.96601 0.02433 -0.25737
vn 0.71490 -0.68143 0.15675
vn 0.97154 -0.10664 0.21151
vn 0.61080 -0.68635 0.39477
vn 0.68968 -0.49873 0.52499
vn 0.49790 -0.70283 0.50806
vn 0.39582 -0.89243 0.21657
vn 0.49790 -0.70283 0.50806
vn 0.68968 -0.49873 0.52499
vn 0.37746 0.76229 -0.52578
vn 0.46336 0.73235 -0.49896
vn 0.84800 -0.46660 -0.25135
vn 0.92745 0.31189 -0.20628
vn 0.26056 -0.96529 -0.01789
vn 0.46340 -0.48453 -0.74195
vn 0.69303 -0.00560 -0.72089
vn 0.72665 0.25759 -0.63689
vn 0.95704 0.14691 -0.24999
vn 0.97839 -0.06197 0.19726
vn 0.99410 -0.08108 -0.07207
vn 0.23513 -0.01122 0.97190
vn 0.11069 -0.33319 0.93634
vn -0.20378 -0.94390 0.25985
vn 0.36575 -0.80688 0.46387
vn 0.09650 -0.15686 -0.98290
vn 0.88383 0.25316 0.39340
vn 0.77589 0.62080 -0.11223
vn 0.95704 0.14691 -0.24999
vn 0.77589 0.62080 -0.11223
vn 0.84418 0.53324 0.05496
vn 0.67091 -0.73490 -0.09898
vn 0.98443 -0.16238 -0.06735
vn 0.98032 -0.17043 0.09962
vn 0.57224 -0.80920 -0.13318
vn 0.98032 -0.17043 0.09962
vn 0.92056 0.36198 -0.14678
vn 0.99703 0.00792 -0.07663
vn -0.37784 -0.88620 -0.26812
vn 0.42448 -0.24218 -0.87245
vn 0.47539 -0.66409 -0.57705
vn 0.86805 0.19056 -0.45844
vn 0.99354 -0.10605 0.04045
vn 0.99834 -0.04522 0.03576
vn 0.29384 -0.23713 0.92597
vn -0.41146 -0.10378 0.90550
vn -0.98396 -0.06116 0.16760
vn -0.95879 -0.11230 -0.26097
vn 0.38691 -0.08893 0.91782
vn -0.37784 -0.88620 -0.26812
vn 0.01638 0.37576 0.92657
vn 0.98659 0.00551 -0.16311
vn 0.16252 -0.58436 -0.79506
vn -0.42240 -0.08594 -0.90233
vn -0.97821 -0.18262 -0.09878
vn -0.97987 -0.04657 0.19413
vn -0.97821 -0.18262 -0.09878
vn 0.08000 -0.15027 -0.98540
vn 0.30271 -0.19861 0.93216
vn 0.86663 0.03216 0.49792
vn 0.41987 0.89173 0.16889
vn 0.71454 0.53745 0.44785
vn 0.54578 0.80329 0.23843
vn 0.34693 0.90930 -0.22982
vn 0.82823 0.51039 -0.23139
vn 0.93396 -0.26344 -0.24150
vn 0.66173 -0.73593 -0.14324
vn 0.47539 -0.66409 -0.57705
vn 0.86805 0.19056 -0.45844
vn 0.85408 -0.49747 0.15191
vn 0.96731 0.07445 0.24243
vn -0.37784 -0.88620 -0.26812
vn 0.57518 -0.81616 0.05521
vn 0.46340 -0.48453 -0.74195
vn 0.96880 -0.24344 0.04654
vn -0.20378 -0.94390 0.25985
vn 0.26088 -0.95162 0.16238
vn -0.20378 -0.94390 0.25985
vn -0.97987 -0.04657 0.19413
vn 0.64121 0.72576 -0.24924
vn 0.32697 0.92783 -0.17951
vn 0.67585 0.69600 -0.24251
vn 0.78063 0.61347 -0.11944
vn 0.33212 0.93636 -0.11367
vn 0.92056 0.36198 -0.14678
vn 0.87866 0.47632 -0.03276
vn 0.25216 0.93782 -0.23856
vn 0.38555 0.92268 -0.00315
vn 0.79026 0.29766 0.53562
vn 0.94989 -0.13990 0.27952
vn -0.95879 -0.11230 -0.26097
vn -0.98396 -0.06116 0.16760
vn -0.06698 0.26477 -0.96198
vn 0.71454 0.53745 0.44785
vn 0.88034 0.47341 0.02990
vn 0.73215 0.64884 0.20730
vn 0.36575 -0.80688 0.46387
vn 0.86663 0.03216 0.49792
vn 0.23564 0.37984 -0.89454
vn 0.23232 0.85934 -0.45560
vn -0.65166 -0.37698 -0.65819
vn 0.84397 -0.53541 0.03250
vn 0.59134 -0.74232 0.31509
vn 0.81546 0.57343 0.07872
vn -0.65166 -0.37698 -0.65819
vn 0.84397 -0.53541 0.03250
vn 0.23564 0.37984 -0.89454
vn 0.31683 -0.94069 -0.12133
vn 0.59134 -0.74232 0.31509
vn 0.31364 0.83011 -0.46102
vn 0.31683 -0.94069 -0.12133
vn 0.29754 -0.11120 -0.94821
vn 0.38200 0.85320 -0.35513
vn -0.81039 -0.35536 -0.46582
vn 0.65785 -0.75315 0.00179
vn 0.31683 -0.94069 -0.12133
vn 0.31364 0.83011 -0.46102
vn -0.81039 -0.35536 -0.46582
vn 0.65785 -0.75315 0.00179
vn 0.29754 -0.11120 -0.94821
vn 0.17789 -0.97394 -0.14071
vn 0.01498 0.76624 -0.64238
vn 0.17789 -0.97394 -0.14071
vn 0.08344 -0.17219 -0.98152
vn 0.39345 0.83344 -0.38804
vn -0.92609 -0.29670 -0.23306
vn 0.64176 -0.76054 -0.09858
vn 0.17789 -0.97394 -0.14071
vn 0.01498 0.76624 -0.64238
vn -0.92609 -0.29670 -0.23306
vn 0.64176 -0.76054 -0.09858
vn 0.08344 -0.17219 -0.98152
vn 0.11051 -0.97959 -0.16790
vn -0.27966 0.87385 -0.39772
vn 0.11051 -0.97959 -0.16790
vn -0.09894 -0.19628 -0.97554
vn 0.19192 0.86025 -0.47236
vn -0.82770 -0.55446 -0.08647
vn 0.83386 -0.51505 -0.19850
vn 0.11051 -0.97959 -0.16790
vn -0.27966 0.87385 -0.39772
vn -0.82770 -0.55446 -0.08647
vn 0.83386 -0.51505 -0.19850
vn -0.09894 -0.19628 -0.97554
vn -0.81802 -0.53970 0.19894
vn -0.78787 0.61253 -0.06381
vn -0.81802 -0.53970 0.19894
vn 0.81546 0.57343 0.07872
vn 0.59134 -0.74232 0.31509
vn 0.96698 0.20288 0.15425
vn 0.31364 0.83011 -0.46102
vn -0.04595 -0.85824 0.51118
vn 0.16208 0.71633 -0.67868
vn -0.27966 0.87385 -0.39772
vn -0.95129 0.30829 0.00277
vn -0.78787 0.61253 -0.06381
vn -0.81802 -0.53970 0.19894
vn -0.04595 -0.85824 0.51118
vn -0.81802 -0.53970 0.19894
vn -0.95129 0.30829 0.00277
vn -0.06110 -0.44594 0.89297
vn 0.40038 0.30351 -0.86463
vn 0.24050 0.89189 -0.38301
vn -0.56989 -0.46087 -0.68032
vn 0.87092 -0.46339 0.16363
vn 0.67308 -0.60427 0.42641
vn 0.76699 0.64128 0.02216
vn -0.56989 -0.46087 -0.68032
vn 0.87092 -0.46339 0.16363
vn 0.40038 0.30351 -0.86463
vn 0.27002 -0.96027 -0.07054
vn 0.67308 -0.60427 0.42641
vn 0.27791 0.76874 -0.57602
vn 0.27002 -0.96027 -0.07054
vn 0.30863 0.13907 -0.94096
vn 0.30677 0.90950 -0.28054
vn -0.77578 -0.29961 -0.55533
vn 0.65873 -0.75233 0.00926
vn 0.27002 -0.96027 -0.07054
vn 0.27791 0.76874 -0.57602
vn -0.77578 -0.29961 -0.55533
vn 0.65873 -0.75233 0.00926
vn 0.30863 0.13907 -0.94096
vn 0.14734 -0.98059 -0.12939
vn 0.01207 0.77425 -0.63277
vn 0.14734 -0.98059 -0.12939
vn 0.06675 0.15775 -0.98522
vn 0.30886 0.88684 -0.34369
vn -0.94168 -0.17046 -0.29013
vn 0.63915 -0.75759 -0.13250
vn 0.14734 -0.98059 -0.12939
vn 0.01207 0.77425 -0.63277
vn -0.94168 -0.17046 -0.29013
vn 0.63915 -0.75759 -0.13250
vn 0.06675 0.15775 -0.98522
vn 0.15793 -0.96285 -0.21902
vn -0.25803 0.81024 -0.52624
vn 0.15793 -0.96285 -0.21902
vn -0.15357 0.11586 -0.98132
vn 0.16516 0.88908 -0.42692
vn -0.86024 -0.50267 -0.08554
vn 0.82836 -0.48160 -0.28616
vn 0.15793 -0.96285 -0.21902
vn -0.25803 0.81024 -0.52624
vn -0.86024 -0.50267 -0.08554
vn 0.82836 -0.48160 -0.28616
vn -0.15357 0.11586 -0.98132
vn -0.74257 -0.62134 0.25006
vn -0.73394 0.65919 -0.16370
vn -0.74257 -0.62134 0.25006
vn 0.76699 0.64128 0.02216
vn 0.67308 -0.60427 0.42641
vn 0.96705 0.25451 -0.00617
vn 0.27791 0.76874 -0.57602
vn 0.16513 0.56151 -0.81083
vn 0.01207 0.77425 -0.63277
vn -0.06810 -0.88732 0.45610
vn -0.25803 0.81024 -0.52624
vn -0.87396 0.39151 -0.28795
vn -0.73394 0.65919 -0.16370
vn -0.74257 -0.62134 0.25006
vn -0.06810 -0.88732 0.45610
vn -0.22919 -0.34070 0.91181
vn -0.87396 0.39151 -0.28795
vn -0.74257 -0.62134 0.25006
vn -0.47871 -0.03249 -0.87737
vn 0.11513 -0.15634 -0.98097
vn -0.92762 0.34784 -0.13609
vn -0.78272 0.56245 0.26647
vn -0.78272 0.56245 0.26647
vn -0.92762 0.34784 -0.13609
vn -0.05523 0.49959 0.86450
vn 0.48089 0.22658 0.84700
vn 0.99275 -0.01682 0.11898
vn 0.86973 -0.38309 -0.31114
vn 0.04893 0.99426 -0.09510
vn 0.19467 -0.14942 0.96942
vn 0.22154 -0.97507 -0.01243
vn -0.89284 -0.42647 0.14476
vn -0.89284 -0.42647 0.14476
vn -0.04241 -0.45637 -0.88878
vn 0.98804 -0.03932 -0.14908
vn -0.48370 0.17182 -0.85820
vn 0.93582 -0.08783 -0.34135
vn 0.09495 0.36772 0.92508
vn 0.09495 0.36772 0.92508
vn 0.92544 -0.24968 -0.28500
vn -0.15588 -0.23683 -0.95896
vn 0.92745 0.31189 -0.20628
vn 0.48195 -0.87600 0.01838
vn -0.16938 -0.98459 -0.04346
vn -0.31537 -0.92704 0.20281
vn 0.62815 -0.75039 0.20579
vn 0.30643 -0.94858 -0.07937
vn -0.32947 -0.83518 0.44037
vn -0.39303 -0.68804 0.61003
vn 0.68302 -0.65722 0.31865
vn 0.49190 -0.61038 -0.62087
vn 0.44716 -0.87375 0.19133
vn 0.45735 -0.87155 -0.17674
vn -0.39802 -0.82778 0.39544
vn 0.15297 -0.98541 0.07467
vn 0.81289 0.55071 -0.18954
vn 0.59904 0.70760 -0.37477
vn -0.23663 0.94702 -0.21717
vn 0.65449 0.55483 -0.51362
vn -0.31244 0.93764 -0.15235
vn 0.04529 0.87644 -0.47937
vn -0.13281 0.95193 -0.27602
vn 0.46336 0.73235 -0.49896
vn 0.37746 0.76229 -0.52578
vn -0.12876 0.89005 -0.43730
vn 0.92745 0.31189 -0.20628
vn 0.90409 -0.31334 -0.29059
vn -0.73570 -0.60090 0.31251
vn -0.15588 -0.23683 -0.95896
vn 0.58671 0.61347 0.52860
vn 0.32524 0.94226 0.07976
vn -0.19800 0.94136 0.27319
vn 0.44716 -0.87375 0.19133
vn 0.48195 -0.87600 0.01838
vn 0.45735 -0.87155 -0.17674
vn 0.15297 -0.98541 0.07467
vn 0.62815 -0.75039 0.20579
vn 0.30643 -0.94858 -0.07937
vn 0.78755 0.01872 0.61596
vn 0.15529 -0.86616 0.47503
vn -0.49812 -0.09888 0.86145
vn -0.49812 -0.09888 0.86145
vn -0.76548 -0.50261 -0.40179
vn 0.58746 -0.14957 -0.79531
vn 0.89392 0.43432 0.11082
vn 0.41607 0.90493 0.08934
vn 0.88555 0.36626 -0.28575
vn 0.73113 0.12117 -0.67140
vn 0.93005 -0.05071 -0.36393
vn 0.95402 0.29181 0.06847
vn 0.69988 0.70903 0.08631
vn 0.69404 0.59334 -0.40776
vn 0.95612 0.17274 -0.23664
vn 0.97801 0.12060 -0.17014
vn 0.95612 0.17274 -0.23664
vn 0.92694 0.22356 -0.30134
vn 0.49190 -0.61038 -0.62087
vn 0.68302 -0.65722 0.31865
vn 0.80068 0.49487 -0.33766
vn 0.90409 -0.31334 -0.29059
vn 0.92683 0.19527 -0.32071
vn 0.02056 0.83153 -0.55510
vn 0.50208 0.81188 -0.29793
vn 0.92315 0.20816 0.32321
vn -0.00199 0.97316 -0.23012
vn 0.72225 0.63834 0.26622
vn -0.29749 0.73019 0.61508
vn -0.46458 0.87470 -0.13808
vn 0.50208 0.81188 -0.29793
vn -0.00199 0.97316 -0.23012
vn -0.46458 0.87470 -0.13808
vn 0.58671 0.61347 0.52860
vn -0.29749 0.73019 0.61508
vn 0.58671 0.61347 0.52860
vn -0.19800 0.94136 0.27319
vn 0.97677 0.19539 -0.08804
vn 0.97677 0.19539 -0.08804
vn 0.60895 0.02992 -0.79264
vn 0.70077 0.23207 0.67458
vn 0.96669 -0.22951 -0.11327
vn 0.96669 -0.22951 -0.11327
vn 0.55864 0.14041 0.81744
vn 0.24414 -0.33100 -0.91150
vn 0.97998 -0.13511 -0.14626
vn 0.97998 -0.13511 -0.14626
vn 0.61494 0.06626 0.78578
vn 0.32338 -0.19563 -0.92583
vn 0.97522 0.20926 -0.07187
vn 0.97522 0.20926 -0.07187
vn 0.47582 0.00962 -0.87949
vn 0.55643 0.21188 0.80342
vn 0.99051 -0.03764 -0.13218
vn 0.74272 -0.66933 0.01907
vn -0.27253 0.05399 0.96063
vn -0.27253 0.05399 0.96063
vn -0.47536 -0.56862 -0.67134
vn 0.96148 0.27234 -0.03712
vn 0.96148 0.27234 -0.03712
vn 0.62044 -0.17467 -0.76456
vn 0.48979 0.48915 0.72169
vn 0.98525 -0.16866 -0.02905
vn 0.98525 -0.16866 -0.02905
vn 0.63623 0.13084 0.76032
vn 0.51196 -0.32740 -0.79417
vn 0.06132 -0.15686 -0.98572
vn 0.16003 -0.13410 -0.97796
vn 0.43117 -0.10292 -0.89638
vn 0.78831 0.60154 0.12930
vn 0.01498 0.76624 -0.64238
vn 0.86663 0.03216 0.49792
vn 0.54578 0.80329 0.23843
vn 0.77589 0.62080 -0.11223
vn 0.95704 0.14691 -0.24999
vn 0.72665 0.25759 -0.63689
vn 0.41930 0.89398 0.15808
vn 0.36575 -0.80688 0.46387
f 693/693/693 691/691/691 690/690/690
f 690/690/690 691/691/691 692/692/692
f 691/691/691 693/693/693 694/694/694
f 692/692/692 691/691/691 700/700/700
f 691/691/691 695/695/695 700/700/700
f 694/694/694 695/695/695 691/691/691
f 700/700/700 701/701/701 692/692/692
f 258/258/258 253/253/253 255/255/255
f 253/253/253 254/254/254 255/255/255
f 257/257/257 258/258/258 255/255/255
f 263/263/263 255/255/255 254/254/254
f 255/255/255 263/263/263 256/256/256
f 255/255/255 256/256/256 257/257/257
f 254/254/254 264/264/264 263/263/263
f 669/669/669 667/667/667 666/666/666
f 666/666/666 667/667/667 668/668/668
f 667/667/667 669/669/669 670/670/670
f 667/667/667 671/671/671 676/676/676
f 668/668/668 667/667/667 676/676/676
f 670/670/670 671/671/671 667/667/667
f 676/676/676 677/677/677 668/668/668
f 234/234/234 229/229/229 231/231/231
f 229/229/229 230/230/230 231/231/231
f 233/233/233 234/234/234 231/231/231
f 231/231/231 240/240/240 232/232/232
f 240/240/240 231/231/231 230/230/230
f 231/231/231 232/232/232 233/233/233
f 230/230/230 239/239/239 240/240/240
f 681/681/681 679/679/679 678/678/678
f 678/678/678 679/679/679 680/680/680
f 679/679/679 681/681/681 682/682/682
f 680/680/680 679/679/679 688/688/688
f 679/679/679 683/683/683 688/688/688
f 682/682/682 683/683/683 679/679/679
f 688/688/688 689/689/689 680/680/680
f 246/246/246 241/241/241 243/243/243
f 241/241/241 242/242/242 243/243/243
f 245/245/245 246/246/246 243/243/243
f 251/251/251 243/243/243 242/242/242
f 243/243/243 251/251/251 244/244/244
f 243/243/243 244/244/244 245/245/245
f 242/242/242 252/252/252 251/251/251
f 656/656/656 654/654/654 653/653/653
f 653/653/653 654/654/654 655/655/655
f 658/658/658 654/654/654 656/656/656
f 656/656/656 657/657/657 658/658/658
f 654/654/654 658/658/658 664/664/664
f 655/655/655 654/654/654 664/664/664
f 664/664/664 665/665/665 655/655/655
f 219/219/219 216/216/216 218/218/218
f 216/216/216 217/217/217 218/218/218
f 220/220/220 221/221/221 219/219/219
f 219/219/219 218/218/218 220/220/220
f 218/218/218 228/228/228 220/220/220
f 228/228/228 218/218/218 217/217/217
f 217/217/217 227/227/227 228/228/228
f 782/782/782 778/778/778 777/777/777
f 777/777/777 778/778/778 779/779/779
f 781/781/781 778/778/778 782/782/782
f 780/780/780 778/778/778 781/781/781
f 357/357/357 352/352/352 354/354/354
f 352/352/352 353/353/353 354/354/354
f 356/356/356 357/357/357 354/354/354
f 355/355/355 356/356/356 354/354/354
f 334/334/334 766/766/766 743/743/743
f 743/743/743 746/746/746 334/334/334
f 307/307/307 334/334/334 314/314/314
f 330/330/330 307/307/307 312/312/312
f 308/308/308 307/307/307 330/330/330
f 307/307/307 314/314/314 313/313/313
f 313/313/313 312/312/312 307/307/307
f 747/747/747 314/314/314 746/746/746
f 746/746/746 748/748/748 747/747/747
f 310/310/310 747/747/747 748/748/748
f 765/765/765 748/748/748 746/746/746
f 745/745/745 765/765/765 746/746/746
f 745/745/745 746/746/746 743/743/743
f 744/744/744 743/743/743 753/753/753
f 743/743/743 744/744/744 745/745/745
f 748/748/748 749/749/749 310/310/310
f 312/312/312 313/313/313 310/310/310
f 310/310/310 311/311/311 312/312/312
f 90/90/90 113/113/113 49/49/49
f 49/49/49 59/59/59 90/90/90
f 49/49/49 52/52/52 59/59/59
f 51/51/51 52/52/52 49/49/49
f 49/49/49 50/50/50 51/51/51
f 90/90/90 86/86/86 87/87/87
f 87/87/87 114/114/114 90/90/90
f 59/59/59 86/86/86 90/90/90
f 56/56/56 86/86/86 59/59/59
f 56/56/56 59/59/59 52/52/52
f 53/53/53 52/52/52 51/51/51
f 52/52/52 53/53/53 56/56/56
f 548/548/548 517/517/517 507/507/507
f 507/507/507 569/569/569 548/548/548
f 507/507/507 517/517/517 508/508/508
f 509/509/509 510/510/510 507/507/507
f 507/507/507 508/508/508 509/509/509
f 548/548/548 570/570/570 545/545/545
f 545/545/545 544/544/544 548/548/548
f 517/517/517 548/548/548 544/544/544
f 512/512/512 517/517/517 544/544/544
f 508/508/508 517/517/517 512/512/512
f 509/509/509 508/508/508 511/511/511
f 512/512/512 511/511/511 508/508/508
f 741/741/741 742/742/742 739/739/739
f 739/739/739 740/740/740 741/741/741
f 741/741/741 750/750/750 752/752/752
f 750/750/750 751/751/751 752/752/752
f 752/752/752 751/751/751 753/753/753
f 752/752/752 743/743/743 766/766/766
f 766/766/766 335/335/335 752/752/752
f 753/753/753 743/743/743 752/752/752
f 316/316/316 335/335/335 333/333/333
f 333/333/333 306/306/306 316/316/316
f 304/304/304 316/316/316 315/315/315
f 318/318/318 317/317/317 316/316/316
f 316/316/316 306/306/306 318/318/318
f 315/315/315 316/316/316 317/317/317
f 306/306/306 333/333/333 334/334/334
f 309/309/309 318/318/318 306/306/306
f 334/334/334 307/307/307 306/306/306
f 308/308/308 309/309/309 306/306/306
f 306/306/306 307/307/307 308/308/308
f 746/746/746 314/314/314 334/334/334
f 630/630/630 628/628/628 627/627/627
f 627/627/627 628/628/628 629/629/629
f 628/628/628 630/630/630 631/631/631
f 629/629/629 628/628/628 637/637/637
f 628/628/628 632/632/632 637/637/637
f 631/631/631 632/632/632 628/628/628
f 637/637/637 638/638/638 629/629/629
f 195/195/195 190/190/190 192/192/192
f 190/190/190 191/191/191 192/192/192
f 194/194/194 195/195/195 192/192/192
f 200/200/200 192/192/192 191/191/191
f 192/192/192 200/200/200 193/193/193
f 192/192/192 193/193/193 194/194/194
f 191/191/191 201/201/201 200/200/200
f 183/183/183 178/178/178 180/180/180
f 178/178/178 179/179/179 180/180/180
f 182/182/182 183/183/183 180/180/180
f 188/188/188 180/180/180 179/179/179
f 180/180/180 188/188/188 181/181/181
f 180/180/180 181/181/181 182/182/182
f 179/179/179 189/189/189 188/188/188
f 618/618/618 616/616/616 615/615/615
f 615/615/615 616/616/616 617/617/617
f 616/616/616 618/618/618 619/619/619
f 617/617/617 616/616/616 625/625/625
f 616/616/616 620/620/620 625/625/625
f 619/619/619 620/620/620 616/616/616
f 625/625/625 626/626/626 617/617/617
f 54/54/54 57/57/57 58/58/58
f 141/141/141 93/93/93 60/60/60
f 61/61/61 141/141/141 60/60/60
f 276/276/276 92/92/92 89/89/89
f 89/89/89 278/278/278 276/276/276
f 279/279/279 276/276/276 278/278/278
f 279/279/279 277/277/277 276/276/276
f 267/267/267 266/266/266 276/276/276
f 92/92/92 276/276/276 266/266/266
f 267/267/267 276/276/276 277/277/277
f 269/269/269 266/266/266 268/268/268
f 268/268/268 266/266/266 265/265/265
f 265/265/265 266/266/266 267/267/267
f 87/87/87 269/269/269 273/273/273
f 269/269/269 270/270/270 272/272/272
f 272/272/272 273/273/273 269/269/269
f 268/268/268 270/270/270 269/269/269
f 273/273/273 114/114/114 87/87/87
f 275/275/275 273/273/273 274/274/274
f 274/274/274 273/273/273 272/272/272
f 606/606/606 604/604/604 603/603/603
f 603/603/603 604/604/604 605/605/605
f 604/604/604 606/606/606 607/607/607
f 604/604/604 608/608/608 613/613/613
f 605/605/605 604/604/604 613/613/613
f 607/607/607 608/608/608 604/604/604
f 613/613/613 614/614/614 605/605/605
f 171/171/171 166/166/166 168/168/168
f 166/166/166 167/167/167 168/168/168
f 170/170/170 171/171/171 168/168/168
f 168/168/168 177/177/177 169/169/169
f 177/177/177 168/168/168 167/167/167
f 168/168/168 169/169/169 170/170/170
f 167/167/167 176/176/176 177/177/177
f 156/156/156 153/153/153 155/155/155
f 153/153/153 154/154/154 155/155/155
f 157/157/157 158/158/158 156/156/156
f 156/156/156 155/155/155 157/157/157
f 155/155/155 165/165/165 157/157/157
f 165/165/165 155/155/155 154/154/154
f 154/154/154 164/164/164 165/165/165
f 593/593/593 591/591/591 590/590/590
f 590/590/590 591/591/591 592/592/592
f 595/595/595 591/591/591 593/593/593
f 593/593/593 594/594/594 595/595/595
f 591/591/591 595/595/595 601/601/601
f 592/592/592 591/591/591 601/601/601
f 601/601/601 602/602/602 592/592/592
f 497/497/497 496/496/496 482/482/482
f 482/482/482 481/481/481 497/497/497
f 478/478/478 481/481/481 482/482/482
f 496/496/496 497/497/497 498/498/498
f 76/76/76 77/77/77 78/78/78
f 82/82/82 81/81/81 77/77/77
f 77/77/77 81/81/81 80/80/80
f 80/80/80 78/78/78 77/77/77
f 79/79/79 78/78/78 213/213/213
f 213/213/213 78/78/78 80/80/80
f 213/213/213 203/203/203 79/79/79
f 139/139/139 79/79/79 203/203/203
f 79/79/79 139/139/139 91/91/91
f 72/72/72 74/74/74 91/91/91
f 91/91/91 138/138/138 72/72/72
f 138/138/138 91/91/91 139/139/139
f 209/209/209 140/140/140 139/139/139
f 139/139/139 207/207/207 209/209/209
f 203/203/203 207/207/207 139/139/139
f 139/139/139 140/140/140 138/138/138
f 211/211/211 209/209/209 210/210/210
f 210/210/210 209/209/209 208/208/208
f 208/208/208 209/209/209 207/207/207
f 207/207/207 428/428/428 208/208/208
f 431/431/431 432/432/432 433/433/433
f 850/850/850 851/851/851 852/852/852
f 303/303/303 302/302/302 331/331/331
f 304/304/304 305/305/305 302/302/302
f 302/302/302 303/303/303 304/304/304
f 316/316/316 303/303/303 332/332/332
f 303/303/303 316/316/316 304/304/304
f 331/331/331 332/332/332 303/303/303
f 742/742/742 332/332/332 331/331/331
f 331/331/331 739/739/739 742/742/742
f 332/332/332 742/742/742 752/752/752
f 752/752/752 335/335/335 332/332/332
f 332/332/332 335/335/335 316/316/316
f 742/742/742 741/741/741 752/752/752
f 584/584/584 644/644/644 641/641/641
f 642/642/642 639/639/639 641/641/641
f 639/639/639 640/640/640 641/641/641
f 644/644/644 645/645/645 847/847/847
f 646/646/646 644/644/644 584/584/584
f 642/642/642 644/644/644 847/847/847
f 645/645/645 644/644/644 646/646/646
f 647/647/647 645/645/645 646/646/646
f 584/584/584 583/583/583 646/646/646
f 648/648/648 647/647/647 646/646/646
f 582/582/582 583/583/583 584/584/584
f 516/516/516 551/551/551 514/514/514
f 585/585/585 518/518/518 551/551/551
f 519/519/519 518/518/518 585/585/585
f 714/714/714 715/715/715 547/547/547
f 547/547/547 550/550/550 714/714/714
f 716/716/716 715/715/715 714/714/714
f 716/716/716 714/714/714 713/713/713
f 703/703/703 714/714/714 704/704/704
f 704/704/704 714/714/714 550/550/550
f 703/703/703 713/713/713 714/714/714
f 705/705/705 704/704/704 706/706/706
f 705/705/705 702/702/702 704/704/704
f 702/702/702 703/703/703 704/704/704
f 706/706/706 707/707/707 705/705/705
f 710/710/710 706/706/706 545/545/545
f 706/706/706 710/710/710 709/709/709
f 709/709/709 707/707/707 706/706/706
f 545/545/545 570/570/570 710/710/710
f 712/712/712 711/711/711 710/710/710
f 711/711/711 709/709/709 710/710/710
f 804/804/804 803/803/803 807/807/807
f 805/805/805 806/806/806 803/803/803
f 803/803/803 804/804/804 805/805/805
f 804/804/804 807/807/807 810/810/810
f 804/804/804 810/810/810 811/811/811
f 813/813/813 806/806/806 805/805/805
f 805/805/805 812/812/812 813/813/813
f 382/382/382 384/384/384 380/380/380
f 381/381/381 380/380/380 383/383/383
f 380/380/380 381/381/381 382/382/382
f 382/382/382 388/388/388 384/384/384
f 382/382/382 387/387/387 388/388/388
f 389/389/389 381/381/381 383/383/383
f 381/381/381 389/389/389 390/390/390
f 35/35/35 36/36/36 37/37/37
f 35/35/35 47/47/47 36/36/36
f 47/47/47 35/35/35 46/46/46
f 45/45/45 46/46/46 35/35/35
f 36/36/36 47/47/47 379/379/379
f 379/379/379 42/42/42 36/36/36
f 42/42/42 43/43/43 41/41/41
f 41/41/41 43/43/43 446/446/446
f 423/423/423 41/41/41 447/447/447
f 446/446/446 447/447/447 41/41/41
f 423/423/423 447/447/447 499/499/499
f 499/499/499 447/447/447 446/446/446
f 446/446/446 500/500/500 499/499/499
f 379/379/379 144/144/144 145/145/145
f 144/144/144 379/379/379 47/47/47
f 527/527/527 529/529/529 540/540/540
f 527/527/527 540/540/540 541/541/541
f 527/527/527 528/528/528 529/529/529
f 540/540/540 529/529/529 534/534/534
f 529/529/529 533/533/533 531/531/531
f 534/534/534 529/529/529 531/531/531
f 528/528/528 533/533/533 529/529/529
f 534/534/534 537/537/537 540/540/540
f 541/541/541 540/540/540 537/537/537
f 537/537/537 539/539/539 541/541/541
f 537/537/537 536/536/536 538/538/538
f 538/538/538 539/539/539 537/537/537
f 20/20/20 19/19/19 21/21/21
f 21/21/21 22/22/22 20/20/20
f 98/98/98 99/99/99 21/21/21
f 102/102/102 38/38/38 21/21/21
f 21/21/21 99/99/99 102/102/102
f 40/40/40 22/22/22 21/21/21
f 21/21/21 38/38/38 40/40/40
f 119/119/119 98/98/98 97/97/97
f 100/100/100 99/99/99 98/98/98
f 98/98/98 119/119/119 100/100/100
f 101/101/101 102/102/102 99/99/99
f 99/99/99 100/100/100 101/101/101
f 102/102/102 457/457/457 448/448/448
f 448/448/448 38/38/38 102/102/102
f 457/457/457 102/102/102 101/101/101
f 39/39/39 38/38/38 448/448/448
f 38/38/38 39/39/39 40/40/40
f 558/558/558 496/496/496 448/448/448
f 448/448/448 457/457/457 558/558/558
f 448/448/448 496/496/496 498/498/498
f 733/733/733 729/729/729 728/728/728
f 728/728/728 729/729/729 730/730/730
f 732/732/732 729/729/729 733/733/733
f 731/731/731 729/729/729 732/732/732
f 296/296/296 291/291/291 293/293/293
f 291/291/291 292/292/292 293/293/293
f 295/295/295 296/296/296 293/293/293
f 294/294/294 295/295/295 293/293/293
f 834/834/834 831/831/831 830/830/830
f 830/830/830 831/831/831 832/832/832
f 833/833/833 831/831/831 834/834/834
f 411/411/411 407/407/407 409/409/409
f 407/407/407 408/408/408 409/409/409
f 410/410/410 411/411/411 409/409/409
f 566/566/566 524/524/524 523/523/523
f 525/525/525 524/524/524 577/577/577
f 523/523/523 524/524/524 525/525/525
f 566/566/566 565/565/565 520/520/520
f 523/523/523 564/564/564 566/566/566
f 564/564/564 565/565/565 566/566/566
f 358/358/358 564/564/564 523/523/523
f 523/523/523 115/115/115 358/358/358
f 115/115/115 523/523/523 526/526/526
f 525/525/525 526/526/526 523/523/523
f 526/526/526 525/525/525 563/563/563
f 526/526/526 563/563/563 130/130/130
f 130/130/130 116/116/116 526/526/526
f 526/526/526 116/116/116 115/115/115
f 115/115/115 116/116/116 66/66/66
f 66/66/66 116/116/116 130/130/130
f 130/130/130 107/107/107 66/66/66
f 358/358/358 118/118/118 568/568/568
f 568/568/568 564/564/564 358/358/358
f 358/358/358 108/108/108 112/112/112
f 112/112/112 118/118/118 358/358/358
f 565/565/565 564/564/564 568/568/568
f 327/327/327 340/340/340 329/329/329
f 328/328/328 327/327/327 329/329/329
f 327/327/327 328/328/328 326/326/326
f 757/757/757 754/754/754 758/758/758
f 759/759/759 757/757/757 758/758/758
f 759/759/759 758/758/758 341/341/341
f 341/341/341 342/342/342 759/759/759
f 324/324/324 342/342/342 341/341/341
f 319/319/319 323/323/323 320/320/320
f 322/322/322 323/323/323 319/319/319
f 319/319/319 320/320/320 321/321/321
f 341/341/341 323/323/323 324/324/324
f 320/320/320 323/323/323 341/341/341
f 324/324/324 323/323/323 322/322/322
f 341/341/341 336/336/336 320/320/320
f 337/337/337 325/325/325 320/320/320
f 320/320/320 336/336/336 337/337/337
f 321/321/321 320/320/320 325/325/325
f 321/321/321 325/325/325 326/326/326
f 338/338/338 327/327/327 325/325/325
f 288/288/288 280/280/280 283/283/283
f 282/282/282 283/283/283 280/280/280
f 280/280/280 281/281/281 282/282/282
f 283/283/283 289/289/289 288/288/288
f 285/285/285 288/288/288 289/289/289
f 283/283/283 290/290/290 289/289/289
f 282/282/282 290/290/290 283/283/283
f 289/289/289 290/290/290 286/286/286
f 289/289/289 286/286/286 285/285/285
f 284/284/284 285/285/285 286/286/286
f 286/286/286 290/290/290 287/287/287
f 286/286/286 287/287/287 284/284/284
f 718/718/718 717/717/717 726/726/726
f 719/719/719 720/720/720 717/717/717
f 717/717/717 718/718/718 719/719/719
f 718/718/718 725/725/725 727/727/727
f 719/719/719 718/718/718 727/727/727
f 726/726/726 725/725/725 718/718/718
f 725/725/725 726/726/726 724/724/724
f 725/725/725 723/723/723 727/727/727
f 724/724/724 723/723/723 725/725/725
f 723/723/723 722/722/722 727/727/727
f 723/723/723 724/724/724 721/721/721
f 721/721/721 722/722/722 723/723/723
f 434/434/434 63/63/63 359/359/359
f 63/63/63 62/62/62 359/359/359
f 359/359/359 62/62/62 109/109/109
f 359/359/359 109/109/109 68/68/68
f 65/65/65 68/68/68 109/109/109
f 67/67/67 68/68/68 65/65/65
f 66/66/66 107/107/107 67/67/67
f 65/65/65 66/66/66 67/67/67
f 109/109/109 108/108/108 65/65/65
f 358/358/358 115/115/115 65/65/65
f 65/65/65 108/108/108 358/358/358
f 66/66/66 65/65/65 115/115/115
f 109/109/109 62/62/62 110/110/110
f 108/108/108 109/109/109 110/110/110
f 842/842/842 840/840/840 839/839/839
f 839/839/839 840/840/840 841/841/841
f 419/419/419 416/416/416 418/418/418
f 416/416/416 417/417/417 418/418/418
f 207/207/207 203/203/203 205/205/205
f 205/205/205 428/428/428 207/207/207
f 205/205/205 203/203/203 202/202/202
f 203/203/203 213/213/213 212/212/212
f 212/212/212 204/204/204 203/203/203
f 202/202/202 203/203/203 204/204/204
f 80/80/80 214/214/214 213/213/213
f 212/212/212 213/213/213 214/214/214
f 214/214/214 215/215/215 212/212/212
f 72/72/72 73/73/73 74/74/74
f 75/75/75 74/74/74 73/73/73
f 25/25/25 24/24/24 31/31/31
f 26/26/26 25/25/25 44/44/44
f 44/44/44 25/25/25 32/32/32
f 31/31/31 32/32/32 25/25/25
f 445/445/445 26/26/26 48/48/48
f 26/26/26 445/445/445 444/444/444
f 44/44/44 48/48/48 26/26/26
f 44/44/44 35/35/35 37/37/37
f 48/48/48 44/44/44 37/37/37
f 32/32/32 45/45/45 44/44/44
f 35/35/35 44/44/44 45/45/45
f 48/48/48 424/424/424 445/445/445
f 37/37/37 41/41/41 48/48/48
f 48/48/48 41/41/41 423/423/423
f 423/423/423 424/424/424 48/48/48
f 36/36/36 42/42/42 37/37/37
f 41/41/41 37/37/37 42/42/42
f 117/117/117 567/567/567 568/568/568
f 568/568/568 118/118/118 117/117/117
f 567/567/567 565/565/565 568/568/568
f 117/117/117 118/118/118 112/112/112
f 110/110/110 112/112/112 108/108/108
f 112/112/112 111/111/111 117/117/117
f 111/111/111 112/112/112 110/110/110
f 567/567/567 117/117/117 451/451/451
f 451/451/451 117/117/117 111/111/111
f 451/451/451 854/854/854 567/567/567
f 111/111/111 450/450/450 451/451/451
f 829/829/829 827/827/827 826/826/826
f 826/826/826 827/827/827 828/828/828
f 406/406/406 403/403/403 405/405/405
f 403/403/403 404/404/404 405/405/405
f 415/415/415 412/412/412 414/414/414
f 412/412/412 413/413/413 414/414/414
f 838/838/838 836/836/836 835/835/835
f 835/835/835 836/836/836 837/837/837
f 493/493/493 494/494/494 495/495/495
f 501/501/501 494/494/494 499/499/499
f 499/499/499 500/500/500 501/501/501
f 494/494/494 506/506/506 499/499/499
f 504/504/504 494/494/494 493/493/493
f 506/506/506 494/494/494 504/504/504
f 505/505/505 502/502/502 493/493/493
f 503/503/503 504/504/504 493/493/493
f 493/493/493 502/502/502 503/503/503
f 504/504/504 485/485/485 484/484/484
f 484/484/484 506/506/506 504/504/504
f 489/489/489 485/485/485 504/504/504
f 504/504/504 503/503/503 489/489/489
f 506/506/506 484/484/484 445/445/445
f 445/445/445 424/424/424 506/506/506
f 506/506/506 424/424/424 423/423/423
f 423/423/423 499/499/499 506/506/506
f 484/484/484 483/483/483 444/444/444
f 444/444/444 445/445/445 484/484/484
f 483/483/483 484/484/484 485/485/485
f 490/490/490 486/486/486 485/485/485
f 485/485/485 489/489/489 490/490/490
f 472/472/472 473/473/473 474/474/474
f 801/801/801 475/475/475 799/799/799
f 799/799/799 475/475/475 476/476/476
f 473/473/473 476/476/476 475/475/475
f 473/473/473 472/472/472 476/476/476
f 476/476/476 472/472/472 799/799/799
f 472/472/472 801/801/801 799/799/799
f 801/801/801 472/472/472 768/768/768
f 472/472/472 769/769/769 768/768/768
f 472/472/472 587/587/587 769/769/769
f 587/587/587 472/472/472 586/586/586
f 802/802/802 587/587/587 586/586/586
f 586/586/586 505/505/505 802/802/802
f 495/495/495 802/802/802 505/505/505
f 802/802/802 495/495/495 501/501/501
f 495/495/495 494/494/494 501/501/501
f 493/493/493 495/495/495 505/505/505
f 768/768/768 769/769/769 770/770/770
f 394/394/394 391/391/391 393/393/393
f 391/391/391 392/392/392 393/393/393
f 817/817/817 815/815/815 814/814/814
f 814/814/814 815/815/815 816/816/816
f 821/821/821 819/819/819 818/818/818
f 818/818/818 819/819/819 820/820/820
f 398/398/398 395/395/395 397/397/397
f 395/395/395 396/396/396 397/397/397
f 498/498/498 449/449/449 448/448/448
f 448/448/448 449/449/449 39/39/39
f 559/559/559 558/558/558 457/457/457
f 457/457/457 131/131/131 559/559/559
f 101/101/101 131/131/131 457/457/457
f 131/131/131 101/101/101 107/107/107
f 131/131/131 130/130/130 563/563/563
f 563/563/563 559/559/559 131/131/131
f 107/107/107 130/130/130 131/131/131
f 559/559/559 560/560/560 557/557/557
f 557/557/557 558/558/558 559/559/559
f 560/560/560 573/573/573 571/571/571
f 573/573/573 560/560/560 576/576/576
f 560/560/560 571/571/571 556/556/556
f 556/556/556 557/557/557 560/560/560
f 482/482/482 557/557/557 556/556/556
f 558/558/558 557/557/557 482/482/482
f 555/555/555 556/556/556 571/571/571
f 556/556/556 479/479/479 482/482/482
f 479/479/479 556/556/556 555/555/555
f 571/571/571 573/573/573 572/572/572
f 572/572/572 578/578/578 571/571/571
f 571/571/571 578/578/578 555/555/555
f 576/576/576 574/574/574 573/573/573
f 572/572/572 573/573/573 574/574/574
f 576/576/576 525/525/525 574/574/574
f 575/575/575 574/574/574 577/577/577
f 577/577/577 574/574/574 525/525/525
f 69/69/69 83/83/83 70/70/70
f 69/69/69 82/82/82 83/83/83
f 69/69/69 70/70/70 71/71/71
f 76/76/76 70/70/70 83/83/83
f 83/83/83 77/77/77 76/76/76
f 77/77/77 83/83/83 82/82/82
f 70/70/70 74/74/74 75/75/75
f 74/74/74 70/70/70 76/76/76
f 71/71/71 70/70/70 75/75/75
f 91/91/91 76/76/76 79/79/79
f 76/76/76 91/91/91 74/74/74
f 78/78/78 79/79/79 76/76/76
f 402/402/402 399/399/399 401/401/401
f 399/399/399 400/400/400 401/401/401
f 825/825/825 823/823/823 822/822/822
f 822/822/822 823/823/823 824/824/824
f 17/17/17 443/443/443 442/442/442
f 442/442/442 18/18/18 17/17/17
f 19/19/19 20/20/20 17/17/17
f 17/17/17 18/18/18 19/19/19
f 442/442/442 443/443/443 477/477/477
f 136/136/136 442/442/442 480/480/480
f 477/477/477 480/480/480 442/442/442
f 18/18/18 442/442/442 136/136/136
f 136/136/136 97/97/97 18/18/18
f 19/19/19 18/18/18 97/97/97
f 21/21/21 19/19/19 98/98/98
f 97/97/97 98/98/98 19/19/19
f 151/151/151 427/427/427 103/103/103
f 104/104/104 103/103/103 427/427/427
f 149/149/149 151/151/151 103/103/103
f 149/149/149 103/103/103 106/106/106
f 105/105/105 106/106/106 103/103/103
f 103/103/103 104/104/104 105/105/105
f 151/151/151 430/430/430 427/427/427
f 427/427/427 436/436/436 456/456/456
f 456/456/456 104/104/104 427/427/427
f 436/436/436 427/427/427 430/430/430
f 133/133/133 104/104/104 456/456/456
f 105/105/105 104/104/104 133/133/133
f 123/123/123 124/124/124 100/100/100
f 100/100/100 119/119/119 123/123/123
f 97/97/97 126/126/126 119/119/119
f 137/137/137 126/126/126 97/97/97
f 97/97/97 136/136/136 137/137/137
f 137/137/137 136/136/136 555/555/555
f 480/480/480 555/555/555 136/136/136
f 555/555/555 480/480/480 479/479/479
f 479/479/479 480/480/480 477/477/477
f 482/482/482 479/479/479 478/478/478
f 477/477/477 478/478/478 479/479/479
f 482/482/482 496/496/496 558/558/558
f 325/325/325 337/337/337 338/338/338
f 326/326/326 325/325/325 327/327/327
f 338/338/338 337/337/337 760/760/760
f 337/337/337 336/336/336 756/756/756
f 756/756/756 760/760/760 337/337/337
f 756/756/756 336/336/336 341/341/341
f 341/341/341 758/758/758 756/756/756
f 754/754/754 756/756/756 758/758/758
f 755/755/755 760/760/760 756/756/756
f 754/754/754 755/755/755 756/756/756
f 760/760/760 763/763/763 338/338/338
f 755/755/755 761/761/761 760/760/760
f 763/763/763 760/760/760 761/761/761
f 763/763/763 764/764/764 767/767/767
f 338/338/338 763/763/763 767/767/767
f 762/762/762 764/764/764 763/763/763
f 761/761/761 762/762/762 763/763/763
f 767/767/767 339/339/339 338/338/338
f 338/338/338 339/339/339 340/340/340
f 340/340/340 327/327/327 338/338/338
f 125/125/125 122/122/122 121/121/121
f 120/120/120 121/121/121 122/122/122
f 119/119/119 126/126/126 120/120/120
f 120/120/120 123/123/123 119/119/119
f 122/122/122 123/123/123 120/120/120
f 124/124/124 123/123/123 122/122/122
f 124/124/124 122/122/122 67/67/67
f 67/67/67 122/122/122 125/125/125
f 359/359/359 125/125/125 127/127/127
f 68/68/68 125/125/125 359/359/359
f 125/125/125 68/68/68 67/67/67
f 426/426/426 360/360/360 127/127/127
f 127/127/127 360/360/360 359/359/359
f 359/359/359 360/360/360 434/434/434
f 574/574/574 575/575/575 572/572/572
f 578/578/578 572/572/572 128/128/128
f 129/129/129 128/128/128 572/572/572
f 572/572/572 575/575/575 129/129/129
f 128/128/128 137/137/137 578/578/578
f 555/555/555 578/578/578 137/137/137
f 126/126/126 137/137/137 128/128/128
f 128/128/128 120/120/120 126/126/126
f 120/120/120 128/128/128 129/129/129
f 425/425/425 129/129/129 575/575/575
f 121/121/121 129/129/129 425/425/425
f 129/129/129 121/121/121 120/120/120
f 575/575/575 579/579/579 425/425/425
f 577/577/577 579/579/579 575/575/575
f 426/426/426 425/425/425 579/579/579
f 425/425/425 127/127/127 121/121/121
f 127/127/127 425/425/425 426/426/426
f 121/121/121 127/127/127 125/125/125
f 369/369/369 370/370/370 367/367/367
f 367/367/367 368/368/368 369/369/369
f 793/793/793 794/794/794 791/791/791
f 791/791/791 792/792/792 793/793/793
f 536/536/536 537/537/537 534/534/534
f 535/535/535 534/534/534 549/549/549
f 531/531/531 549/549/549 534/534/534
f 534/534/534 535/535/535 536/536/536
f 549/549/549 531/531/531 530/530/530
f 533/533/533 532/532/532 531/531/531
f 530/530/530 531/531/531 532/532/532
f 530/530/530 582/582/582 549/549/549
f 549/549/549 584/584/584 535/535/535
f 584/584/584 549/549/549 582/582/582
f 535/535/535 641/641/641 652/652/652
f 652/652/652 536/536/536 535/535/535
f 641/641/641 535/535/535 584/584/584
f 538/538/538 536/536/536 652/652/652
f 652/652/652 651/651/651 538/538/538
f 649/649/649 652/652/652 641/641/641
f 651/651/651 652/652/652 649/649/649
f 649/649/649 650/650/650 651/651/651
f 641/641/641 640/640/640 649/649/649
f 644/644/644 642/642/642 641/641/641
f 429/429/429 96/96/96 95/95/95
f 848/848/848 554/554/554 553/553/553
f 553/553/553 554/554/554 552/552/552
f 552/552/552 853/853/853 522/522/522
f 522/522/522 521/521/521 552/552/552
f 552/552/552 521/521/521 553/553/553
f 426/426/426 784/784/784 853/853/853
f 783/783/783 522/522/522 853/853/853
f 853/853/853 784/784/784 783/783/783
f 522/522/522 783/783/783 520/520/520
f 520/520/520 521/521/521 522/522/522
f 783/783/783 566/566/566 520/520/520
f 783/783/783 784/784/784 579/579/579
f 579/579/579 577/577/577 783/783/783
f 524/524/524 566/566/566 783/783/783
f 783/783/783 577/577/577 524/524/524
f 579/579/579 784/784/784 426/426/426
f 62/62/62 63/63/63 64/64/64
f 94/94/94 64/64/64 63/63/63
f 63/63/63 434/434/434 94/94/94
f 96/96/96 64/64/64 94/94/94
f 95/95/95 94/94/94 454/454/454
f 453/453/453 454/454/454 94/94/94
f 94/94/94 434/434/434 453/453/453
f 94/94/94 95/95/95 96/96/96
f 426/426/426 453/453/453 434/434/434
f 434/434/434 360/360/360 426/426/426
f 853/853/853 453/453/453 426/426/426
f 453/453/453 853/853/853 552/552/552
f 552/552/552 454/454/454 453/453/453
f 454/454/454 552/552/552 554/554/554
f 554/554/554 455/455/455 454/454/454
f 454/454/454 455/455/455 95/95/95
f 14/14/14 16/16/16 12/12/12
f 16/16/16 376/376/376 12/12/12
f 12/12/12 376/376/376 378/378/378
f 378/378/378 343/343/343 12/12/12
f 378/378/378 377/377/377 385/385/385
f 12/12/12 343/343/343 345/345/345
f 12/12/12 345/345/345 145/145/145
f 145/145/145 144/144/144 12/12/12
f 343/343/343 344/344/344 345/345/345
f 441/441/441 345/345/345 344/344/344
f 344/344/344 440/440/440 441/441/441
f 440/440/440 344/344/344 386/386/386
f 770/770/770 769/769/769 441/441/441
f 441/441/441 440/440/440 770/770/770
f 809/809/809 770/770/770 440/440/440
f 440/440/440 439/439/439 809/809/809
f 386/386/386 439/439/439 440/440/440
f 438/438/438 439/439/439 386/386/386
f 386/386/386 377/377/377 438/438/438
f 385/385/385 377/377/377 386/386/386
f 809/809/809 439/439/439 438/438/438
f 438/438/438 800/800/800 809/809/809
f 808/808/808 809/809/809 800/800/800
f 800/800/800 438/438/438 143/143/143
f 143/143/143 438/438/438 377/377/377
f 377/377/377 10/10/10 143/143/143
f 143/143/143 469/469/469 800/800/800
f 469/469/469 143/143/143 142/142/142
f 785/785/785 788/788/788 789/789/789
f 790/790/790 786/786/786 785/785/785
f 789/789/789 790/790/790 785/785/785
f 785/785/785 787/787/787 788/788/788
f 785/785/785 786/786/786 787/787/787
f 361/361/361 365/365/365 364/364/364
f 366/366/366 361/361/361 363/363/363
f 365/365/365 361/361/361 366/366/366
f 361/361/361 364/364/364 362/362/362
f 361/361/361 362/362/362 363/363/363
f 456/456/456 562/562/562 581/581/581
f 581/581/581 134/134/134 456/456/456
f 846/846/846 562/562/562 456/456/456
f 456/456/456 436/436/436 846/846/846
f 456/456/456 134/134/134 133/133/133
f 436/436/436 435/435/435 849/849/849
f 849/849/849 846/846/846 436/436/436
f 430/430/430 435/435/435 436/436/436
f 589/589/589 846/846/846 849/849/849
f 589/589/589 561/561/561 846/846/846
f 562/562/562 846/846/846 561/561/561
f 581/581/581 562/562/562 105/105/105
f 105/105/105 562/562/562 561/561/561
f 588/588/588 561/561/561 589/589/589
f 106/106/106 561/561/561 588/588/588
f 561/561/561 106/106/106 105/105/105
f 105/105/105 152/152/152 581/581/581
f 133/133/133 152/152/152 105/105/105
f 581/581/581 152/152/152 452/452/452
f 452/452/452 152/152/152 133/133/133
f 301/301/301 297/297/297 299/299/299
f 297/297/297 298/298/298 299/299/299
f 300/300/300 301/301/301 299/299/299
f 738/738/738 735/735/735 734/734/734
f 734/734/734 735/735/735 736/736/736
f 737/737/737 735/735/735 738/738/738
f 2/2/2 1/1/1 375/375/375
f 374/374/374 375/375/375 1/1/1
f 1/1/1 351/351/351 374/374/374
f 1/1/1 3/3/3 350/350/350
f 350/350/350 351/351/351 1/1/1
f 1/1/1 2/2/2 3/3/3
f 2/2/2 375/375/375 9/9/9
f 2/2/2 9/9/9 7/7/7
f 3/3/3 2/2/2 7/7/7
f 3/3/3 349/349/349 350/350/350
f 348/348/348 349/349/349 3/3/3
f 3/3/3 8/8/8 348/348/348
f 468/468/468 463/463/463 462/462/462
f 462/462/462 775/775/775 774/774/774
f 773/773/773 467/467/467 462/462/462
f 462/462/462 774/774/774 773/773/773
f 462/462/462 467/467/467 468/468/468
f 474/474/474 468/468/468 471/471/471
f 468/468/468 474/474/474 475/475/475
f 467/467/467 471/471/471 468/468/468
f 467/467/467 773/773/773 771/771/771
f 772/772/772 471/471/471 467/467/467
f 467/467/467 771/771/771 772/772/772
f 505/505/505 471/471/471 772/772/772
f 586/586/586 471/471/471 505/505/505
f 472/472/472 474/474/474 471/471/471
f 471/471/471 586/586/586 472/472/472
f 474/474/474 473/473/473 475/475/475
f 206/206/206 199/199/199 187/187/187
f 196/196/196 198/198/198 187/187/187
f 187/187/187 199/199/199 196/196/196
f 196/196/196 197/197/197 198/198/198
f 624/624/624 636/636/636 643/643/643
f 633/633/633 636/636/636 624/624/624
f 624/624/624 634/634/634 633/633/633
f 633/633/633 634/634/634 635/635/635
f 27/27/27 28/28/28 29/29/29
f 29/29/29 30/30/30 27/27/27
f 27/27/27 23/23/23 444/444/444
f 27/27/27 33/33/33 23/23/23
f 27/27/27 30/30/30 34/34/34
f 34/34/34 33/33/33 27/27/27
f 444/444/444 23/23/23 26/26/26
f 33/33/33 24/24/24 23/23/23
f 25/25/25 26/26/26 23/23/23
f 23/23/23 24/24/24 25/25/25
f 33/33/33 34/34/34 31/31/31
f 31/31/31 24/24/24 33/33/33
f 597/597/597 596/596/596 599/599/599
f 596/596/596 597/597/597 598/598/598
f 599/599/599 600/600/600 597/597/597
f 600/600/600 599/599/599 612/612/612
f 612/612/612 599/599/599 610/610/610
f 612/612/612 643/643/643 600/600/600
f 643/643/643 612/612/612 624/624/624
f 624/624/624 612/612/612 622/622/622
f 610/610/610 609/609/609 612/612/612
f 609/609/609 610/610/610 611/611/611
f 622/622/622 621/621/621 624/624/624
f 621/621/621 622/622/622 623/623/623
f 163/163/163 159/159/159 161/161/161
f 159/159/159 160/160/160 161/161/161
f 175/175/175 163/163/163 162/162/162
f 174/174/174 163/163/163 175/175/175
f 161/161/161 162/162/162 163/163/163
f 187/187/187 175/175/175 206/206/206
f 162/162/162 206/206/206 175/175/175
f 186/186/186 175/175/175 187/187/187
f 175/175/175 172/172/172 174/174/174
f 172/172/172 173/173/173 174/174/174
f 187/187/187 184/184/184 186/186/186
f 184/184/184 185/185/185 186/186/186
f 660/660/660 659/659/659 662/662/662
f 659/659/659 660/660/660 661/661/661
f 662/662/662 663/663/663 660/660/660
f 663/663/663 662/662/662 675/675/675
f 675/675/675 662/662/662 673/673/673
f 675/675/675 708/708/708 663/663/663
f 699/699/699 708/708/708 675/675/675
f 675/675/675 687/687/687 699/699/699
f 687/687/687 675/675/675 685/685/685
f 673/673/673 672/672/672 675/675/675
f 672/672/672 673/673/673 674/674/674
f 685/685/685 684/684/684 687/687/687
f 226/226/226 222/222/222 224/224/224
f 222/222/222 223/223/223 224/224/224
f 238/238/238 226/226/226 225/225/225
f 237/237/237 226/226/226 238/238/238
f 224/224/224 225/225/225 226/226/226
f 225/225/225 271/271/271 238/238/238
f 262/262/262 250/250/250 238/238/238
f 238/238/238 271/271/271 262/262/262
f 249/249/249 238/238/238 250/250/250
f 238/238/238 235/235/235 237/237/237
f 235/235/235 236/236/236 237/237/237
f 250/250/250 247/247/247 249/249/249
f 7/7/7 8/8/8 3/3/3
f 13/13/13 11/11/11 7/7/7
f 15/15/15 7/7/7 10/10/10
f 7/7/7 15/15/15 13/13/13
f 8/8/8 7/7/7 11/11/11
f 7/7/7 9/9/9 10/10/10
f 8/8/8 347/347/347 348/348/348
f 346/346/346 347/347/347 8/8/8
f 8/8/8 11/11/11 346/346/346
f 47/47/47 346/346/346 11/11/11
f 144/144/144 47/47/47 11/11/11
f 12/12/12 144/144/144 11/11/11
f 11/11/11 13/13/13 12/12/12
f 13/13/13 15/15/15 14/14/14
f 12/12/12 13/13/13 14/14/14
f 378/378/378 376/376/376 15/15/15
f 15/15/15 377/377/377 378/378/378
f 10/10/10 377/377/377 15/15/15
f 376/376/376 16/16/16 15/15/15
f 14/14/14 15/15/15 16/16/16
f 464/464/464 465/465/465 466/466/466
f 795/795/795 796/796/796 464/464/464
f 797/797/797 465/465/465 464/464/464
f 797/797/797 464/464/464 796/796/796
f 796/796/796 798/798/798 797/797/797
f 463/463/463 470/470/470 797/797/797
f 470/470/470 465/465/465 797/797/797
f 463/463/463 797/797/797 461/461/461
f 461/461/461 797/797/797 798/798/798
f 798/798/798 776/776/776 461/461/461
f 461/461/461 776/776/776 775/775/775
f 775/775/775 462/462/462 461/461/461
f 461/461/461 462/462/462 463/463/463
f 463/463/463 468/468/468 470/470/470
f 247/247/247 248/248/248 249/249/249
f 259/259/259 261/261/261 250/250/250
f 250/250/250 262/262/262 259/259/259
f 259/259/259 260/260/260 261/261/261
f 684/684/684 685/685/685 686/686/686
f 696/696/696 699/699/699 687/687/687
f 687/687/687 697/697/697 696/696/696
f 696/696/696 697/697/697 698/698/698
f 485/485/485 486/486/486 483/483/483
f 444/444/444 483/483/483 487/487/487
f 487/487/487 483/483/483 492/492/492
f 492/492/492 483/483/483 486/486/486
f 492/492/492 486/486/486 490/490/490
f 490/490/490 491/491/491 492/492/492
f 487/487/487 492/492/492 491/491/491
f 487/487/487 28/28/28 444/444/444
f 491/491/491 488/488/488 487/487/487
f 29/29/29 28/28/28 487/487/487
f 487/487/487 488/488/488 29/29/29
f 444/444/444 28/28/28 27/27/27
f 51/51/51 60/60/60 53/53/53
f 60/60/60 51/51/51 61/61/61
f 54/54/54 53/53/53 60/60/60
f 55/55/55 56/56/56 53/53/53
f 53/53/53 54/54/54 55/55/55
f 86/86/86 56/56/56 85/85/85
f 56/56/56 55/55/55 84/84/84
f 84/84/84 85/85/85 56/56/56
f 85/85/85 87/87/87 86/86/86
f 266/266/266 85/85/85 92/92/92
f 269/269/269 87/87/87 85/85/85
f 85/85/85 266/266/266 269/269/269
f 92/92/92 85/85/85 84/84/84
f 84/84/84 89/89/89 92/92/92
f 84/84/84 55/55/55 88/88/88
f 88/88/88 89/89/89 84/84/84
f 88/88/88 55/55/55 54/54/54
f 54/54/54 58/58/58 88/88/88
f 60/60/60 93/93/93 54/54/54
f 57/57/57 54/54/54 93/93/93
f 511/511/511 518/518/518 509/509/509
f 518/518/518 519/519/519 509/509/509
f 518/518/518 511/511/511 514/514/514
f 513/513/513 514/514/514 511/511/511
f 511/511/511 512/512/512 513/513/513
f 543/543/543 512/512/512 544/544/544
f 512/512/512 543/543/543 542/542/542
f 542/542/542 513/513/513 512/512/512
f 544/544/544 545/545/545 543/543/543
f 550/550/550 543/543/543 704/704/704
f 706/706/706 704/704/704 543/543/543
f 543/543/543 545/545/545 706/706/706
f 550/550/550 542/542/542 543/543/543
f 542/542/542 550/550/550 547/547/547
f 542/542/542 547/547/547 546/546/546
f 546/546/546 513/513/513 542/542/542
f 514/514/514 513/513/513 546/546/546
f 546/546/546 515/515/515 514/514/514
f 514/514/514 515/515/515 516/516/516
f 514/514/514 551/551/551 518/518/518
f 142/142/142 143/143/143 10/10/10
f 801/801/801 808/808/808 800/800/800
f 475/475/475 801/801/801 800/800/800
f 469/469/469 475/475/475 800/800/800
f 475/475/475 469/469/469 468/468/468
f 142/142/142 470/470/470 469/469/469
f 468/468/468 469/469/469 470/470/470
f 142/142/142 458/458/458 470/470/470
f 142/142/142 9/9/9 458/458/458
f 10/10/10 9/9/9 142/142/142
f 458/458/458 148/148/148 470/470/470
f 458/458/458 9/9/9 148/148/148
f 9/9/9 375/375/375 6/6/6
f 147/147/147 148/148/148 9/9/9
f 9/9/9 6/6/6 147/147/147
f 470/470/470 148/148/148 147/147/147
f 147/147/147 465/465/465 470/470/470
f 465/465/465 147/147/147 146/146/146
f 146/146/146 147/147/147 6/6/6
f 375/375/375 4/4/4 6/6/6
f 6/6/6 5/5/5 146/146/146
f 4/4/4 5/5/5 6/6/6
f 371/371/371 4/4/4 375/375/375
f 375/375/375 374/374/374 371/371/371
f 372/372/372 5/5/5 4/4/4
f 4/4/4 371/371/371 372/372/372
f 373/373/373 146/146/146 5/5/5
f 5/5/5 372/372/372 373/373/373
f 466/466/466 146/146/146 373/373/373
f 146/146/146 466/466/466 465/465/465
f 373/373/373 795/795/795 466/466/466
f 464/464/464 466/466/466 795/795/795
f 459/459/459 460/460/460 420/420/420
f 420/420/420 422/422/422 459/459/459
f 420/420/420 421/421/421 422/422/422
f 459/459/459 844/844/844 843/843/843
f 843/843/843 460/460/460 459/459/459
f 843/843/843 844/844/844 845/845/845
f 133/133/133 132/132/132 452/452/452
f 132/132/132 133/133/133 134/134/134
f 452/452/452 437/437/437 580/580/580
f 452/452/452 580/580/580 581/581/581
f 452/452/452 132/132/132 437/437/437
f 437/437/437 132/132/132 135/135/135
f 134/134/134 135/135/135 132/132/132
f 134/134/134 581/581/581 580/580/580
f 580/580/580 135/135/135 134/134/134
f 437/437/437 135/135/135 580/580/580
f 588/588/588 150/150/150 106/106/106
f 106/106/106 150/150/150 149/149/149
