# platecarpus_ad reconstructed from live game memory
v -15.87693 55.03211 -11.84284
v -14.98167 53.25267 -24.13708
v -0.00000 59.18692 -24.10015
v -0.00000 61.52622 -11.91434
v -14.53325 51.05197 61.73843
v -14.29259 52.82742 44.38372
v -0.00000 62.15999 44.19102
v 0.00000 61.36787 61.21499
v -24.83694 35.81956 1.83236
v -24.43462 37.19953 -11.32854
v -23.03889 36.46839 -24.13992
v -17.64713 12.62367 -19.13246
v -18.17398 11.66657 -1.46587
v 0.00000 6.05956 -1.49147
v -0.00000 7.31666 -19.18656
v -17.63819 12.49077 15.53535
v 0.00000 7.45024 15.53192
v 0.00000 59.64081 72.09905
v -13.00715 48.98499 71.83856
v -14.90737 54.21969 30.18093
v -0.00000 62.64235 30.18154
v -15.70648 54.89445 2.14501
v -15.57232 54.89305 15.73589
v -24.36316 35.93491 15.61870
v -20.36087 35.68763 44.56662
v -22.48190 35.82907 30.20699
v -15.63470 34.78751 72.43059
v -13.09778 17.02150 44.23130
v 0.00001 13.31917 43.83250
v 0.00000 10.08121 30.13870
v -15.27448 14.59086 30.13863
v -18.80954 25.58785 44.28078
v -21.89061 23.98594 30.18008
v -10.75674 38.47880 103.61682
v -12.83612 40.59333 86.23162
v 0.00001 57.13123 86.22956
v 0.00001 52.23355 103.63548
v -4.33472 24.00528 150.72852
v -4.56512 24.91504 136.27692
v -7.98129 33.54594 136.29062
v -6.81887 31.72785 150.84152
v -13.00715 48.98499 71.83856
v 0.00000 59.64081 72.09905
v -8.19947 25.60250 86.25472
v -9.84893 20.95823 72.45184
v -14.53768 26.68491 72.49857
v -15.63470 34.78751 72.43059
v 0.00001 20.76582 86.21884
v 0.00001 18.58609 72.27048
v -6.88639 26.19540 103.60138
v 0.00001 22.48859 103.56218
v -1.02981 43.92774 136.30841
v -1.29769 40.40685 150.96422
v -9.15896 35.36079 121.18539
v -5.24088 25.08942 121.16335
v 0.00000 47.71509 121.20644
v -1.59517 37.45673 166.59296
v -6.05184 29.68367 164.33469
v -4.01741 23.09700 162.72498
v 0.00001 21.88337 150.70227
v 0.00001 20.77366 162.11563
v -2.16309 30.60745 180.43079
v -2.21099 19.73267 191.89128
v -4.65281 14.46878 187.77258
v -5.28320 24.65727 176.51125
v -4.35776 8.97184 184.36369
v -4.44161 18.98279 173.27055
v -1.63962 17.00534 172.12154
v -2.06019 7.06005 183.47929
v -4.01692 4.07910 198.07480
v -2.11133 8.49925 201.44746
v -3.63534 -0.91940 195.33530
v -1.42778 -2.86865 194.69931
v -3.05619 -9.57320 211.23289
v -2.17371 -12.54148 209.40936
v -2.22660 -18.64882 222.04703
v -1.16142 -17.26577 223.26495
v -0.94326 -20.89956 229.54994
v -0.63218 -22.13858 229.85298
v 0.00001 48.93566 168.73267
v -2.21354 38.33080 186.30586
v -2.16309 30.60745 180.43079
v -1.59517 37.45673 166.59296
v -10.60794 18.94879 62.16047
v -9.84893 20.95823 72.45184
v 0.00001 18.58609 72.27048
v 0.00001 16.06218 61.91897
v -0.44331 -22.96917 229.03612
v -0.98227 -20.80813 220.90175
v 0.00001 22.48433 136.27328
v 0.00001 22.02845 121.15207
v -0.00000 62.36862 2.29732
v 0.00000 62.64698 15.73739
v -19.04982 36.12444 61.26411
v -1.07750 -14.29252 208.85817
v -1.51798 -7.30695 213.33875
v -1.08369 55.76318 205.55618
v 0.00001 60.00807 203.99850
v 0.00001 61.62266 213.15416
v -1.60367 48.03841 195.29852
v 0.00001 51.31652 207.90904
v 0.00001 40.53710 203.47356
v -10.82396 45.55256 -71.30789
v -12.00858 41.13804 -71.45024
v -10.71724 44.72242 -74.55740
v -12.55597 42.41982 -76.49854
v -15.92009 39.52411 -70.09006
v -15.08034 39.61045 -74.62708
v -14.05591 43.05529 -68.39624
v -4.10595 29.57926 -103.49948
v -4.05092 31.93375 -105.10081
v -7.18170 31.99840 -99.21577
v -6.58837 28.62869 -99.07144
v -10.41788 32.10481 -92.12865
v -12.91969 32.13075 -85.39693
v -11.78359 26.56415 -84.94658
v -9.73096 27.41894 -91.64577
v -13.99055 24.86628 -76.32838
v -0.00001 21.88835 -76.17416
v -0.00001 24.11072 -84.89853
v -2.92912 37.29997 -105.95355
v -0.00000 37.96045 -107.68399
v -0.00000 40.67039 -103.74307
v -3.81805 39.95136 -102.85094
v -4.29844 34.06446 -106.84305
v -0.00000 34.57011 -109.20593
v -9.15808 38.63666 -94.69945
v -10.53250 39.59417 -87.29967
v -13.80961 34.30254 -86.02170
v -11.32333 34.21466 -93.36803
v -8.38225 33.92922 -101.93359
v -6.91921 38.00060 -102.08966
v -9.20796 49.53895 -66.50757
v -8.88773 49.21508 -71.25822
v -0.00000 50.71409 -71.38519
v -0.00000 51.11472 -66.16930
v -14.03688 52.36684 -32.95130
v -12.52458 51.46637 -44.06797
v -0.00000 56.43374 -43.81167
v -0.00000 57.90613 -32.94648
v -0.00001 25.41994 -91.71861
v -18.20988 36.78362 -65.30115
v -19.26949 32.11088 -64.67206
v -16.17407 33.87676 -77.04300
v -15.95592 36.77684 -76.44409
v -0.00000 46.51045 -81.53250
v -7.87417 45.49256 -81.13516
v -6.16365 43.35378 -88.28555
v -0.00000 44.40782 -88.55901
v -10.88405 50.14437 -54.44319
v -20.99275 35.83627 -44.25841
v -20.14153 35.80116 -54.79882
v -14.69907 21.99544 -64.84232
v -0.00000 18.50584 -64.80148
v -11.35867 41.11803 -80.15359
v -22.31931 35.81712 -32.99171
v -15.42230 42.27588 -62.63545
v -9.71343 49.14914 -60.51358
v -0.00000 52.53726 -59.86282
v -0.00000 54.25660 -54.01500
v -17.48740 14.93023 -33.02369
v -23.58563 28.22969 -25.89137
v -26.41219 22.67791 -19.03527
v -5.04378 41.44868 -95.90269
v -8.58942 48.04109 -76.51071
v -0.00000 42.33544 -96.27957
v -0.00001 27.32164 -99.52782
v -0.00001 28.71134 -105.24541
v -16.17407 33.87676 -77.04300
v -19.26949 32.11088 -64.67206
v -0.00000 34.28096 -61.26773
v -0.00000 35.71249 -75.82005
v -11.32333 34.21466 -93.36803
v -13.80961 34.30254 -86.02170
v -0.00000 35.73787 -85.51184
v -0.00000 35.67122 -93.36818
v -4.29844 34.06446 -106.84305
v -8.38225 33.92922 -101.93359
v -0.00000 35.03766 -101.93370
v -0.00000 34.57011 -109.20593
v -7.18170 31.99840 -99.21577
v -0.00001 29.69284 -99.21585
v -0.00001 29.37046 -92.31033
v -10.41788 32.10481 -92.12865
v -0.00001 29.36726 -85.21353
v -12.91969 32.13075 -85.39693
v -0.00000 29.44052 -76.79044
v -16.32966 31.64054 -76.75479
v -0.00000 29.48867 -63.67408
v -19.26949 32.11088 -64.67206
v -4.05092 31.93375 -105.10081
v -0.00001 31.30245 -107.51181
v 0.00000 10.17768 -33.02669
v 0.00000 12.16031 -44.40215
v -16.20741 16.58158 -44.42102
v -10.40996 45.05169 -71.11949
v -14.14892 42.30027 -72.05261
v -10.41907 44.10330 -73.98071
v -11.85417 42.11919 -75.29260
v -13.77207 39.34781 -73.99713
v -14.51163 39.84680 -70.46188
v -12.94759 42.61041 -68.09821
v -6.79990 35.39018 -101.31712
v -5.30445 32.27190 -102.38414
v -5.09455 35.38750 -103.82501
v -4.86231 35.12329 -104.05399
v -3.21872 32.18545 -105.39101
v -3.02984 35.39132 -106.03651
v -2.40434 35.21794 -106.50890
v -0.59933 32.19193 -107.85640
v -0.00000 34.13301 -108.47658
v -0.00000 35.33819 -108.15059
v -7.77845 35.34935 -98.30702
v -6.99226 32.14451 -99.92792
v -7.33814 35.14744 -101.23863
v -8.43815 35.19145 -95.63718
v -7.67144 32.21504 -97.28558
v -7.91785 35.63281 -99.11555
v -9.05317 34.93700 -92.93481
v -8.54037 32.27218 -94.36455
v -8.43904 35.02813 -95.68602
v -9.94139 35.17962 -90.26753
v -9.57827 32.32998 -91.68146
v -9.15026 35.25251 -93.18207
v -10.85800 35.10781 -87.19409
v -9.91605 32.30840 -88.53201
v -10.17560 35.11625 -90.03824
v -11.81358 35.21161 -83.96704
v -10.85092 32.52825 -85.41924
v -11.06427 35.19926 -86.94594
v -12.82004 35.43354 -81.07458
v -11.94862 32.44915 -82.59869
v -12.32429 35.27930 -84.01888
v -9.09006 31.04357 -88.39781
v -9.15458 33.60753 -87.06296
v -9.71992 31.51443 -86.15671
v -10.90737 31.60107 -85.14075
v -11.12551 33.85108 -84.00398
v -11.57277 31.74722 -82.96382
v -12.51464 31.04221 -82.35767
v -12.59657 33.69645 -81.18924
v -13.13765 31.52132 -80.17250
v -8.12762 30.96725 -91.50348
v -8.71231 33.71040 -90.10402
v -8.86363 31.22043 -89.24231
v -7.11891 30.91111 -94.56949
v -7.70037 33.56645 -92.92148
v -7.49931 30.79871 -91.78102
v -6.10350 30.73418 -96.99330
v -6.94899 33.67081 -95.68527
v -7.42357 31.12501 -94.44455
v -5.44767 31.06546 -100.01640
v -5.62505 33.67636 -98.54172
v -6.16985 31.46712 -97.23210
v -3.73061 30.79284 -102.62213
v -4.25173 33.24430 -101.10477
v -4.77938 30.91217 -99.97711
v -1.61891 30.89870 -105.56668
v -2.34097 33.41020 -104.07681
v -2.77463 31.04689 -102.66495
v -13.57135 35.23935 -78.33022
v -12.72422 32.12707 -79.63763
v -13.06738 34.97747 -81.16728
v -13.84886 34.76024 -72.28357
v -14.31956 31.77561 -73.51236
v -14.35816 34.56172 -74.73631
v -13.96488 34.97527 -75.36703
v -13.35433 31.88369 -76.74754
v -13.23716 34.75668 -78.24675
v -1.50293 31.23187 -105.56543
v -0.00001 30.98141 -106.48920
v -0.00001 32.41164 -106.49850
v -0.48567 33.40193 -106.20630
v -13.43020 30.92842 -79.45361
v -13.97934 33.58267 -78.28514
v -14.51998 31.40755 -77.26840
v -14.64635 30.61875 -76.21817
v -14.73191 33.27298 -75.04982
v -15.27376 31.09788 -74.03305
v -15.19722 30.46920 -73.10022
v -15.28594 33.12341 -71.93185
v -14.80307 30.94832 -70.91508
v 0.00001 28.58840 202.10860
v -2.21099 19.73267 191.89128
v 0.00001 54.30820 188.51350
v -31.64926 32.51601 -11.25987
v -38.78441 31.46790 -11.07673
v -38.88625 30.48628 -19.69764
v -31.31656 31.45726 -18.85450
v -54.87473 31.04809 -7.64906
v -53.97533 30.08216 -19.24982
v -38.95827 28.25526 -22.49260
v -31.66051 28.25907 -21.50898
v -54.03398 28.25106 -21.78432
v -31.60592 25.25979 -18.12207
v -26.41219 22.67791 -19.03527
v -26.07112 28.25744 -21.31433
v -37.00018 30.35155 -3.99668
v -35.89884 28.24911 -1.48586
v -46.59796 28.25216 3.70431
v -47.73018 30.12843 1.37603
v -35.89884 28.24911 -1.48586
v -37.25993 26.33929 -4.52102
v -48.69768 26.58844 -0.16344
v -46.59796 28.25216 3.70431
v -27.72204 34.04519 -11.20435
v -27.54918 31.53502 -1.57422
v -31.51824 30.66333 -4.08638
v -39.30597 26.38923 -17.97173
v -52.84028 26.55208 -16.98448
v -59.97231 28.25121 4.60618
v -59.77068 30.03234 1.60609
v -25.92592 32.50371 -18.58783
v -69.33357 28.25175 -1.98325
v -66.80142 30.05275 -3.08496
v -31.61044 28.36538 -1.42750
v -31.61044 28.36538 -1.42750
v -30.53731 25.28923 -4.66325
v -60.03504 26.56503 -0.24402
v -59.97231 28.25121 4.60618
v -66.01857 26.58151 -2.92418
v -69.33357 28.25175 -1.98325
v -62.72291 26.55774 -11.23456
v -25.13113 22.20046 -1.24039
v -26.61717 28.77279 1.67578
v -26.61717 28.77279 1.67578
v -63.48638 30.07359 -11.96327
v -64.82394 28.25108 -14.21815
v -27.54918 31.53502 -1.57422
v -27.72204 34.04519 -11.20435
v -25.92592 32.50371 -18.58783
v -26.07112 28.25744 -21.31433
v -23.58563 28.22969 -25.89137
v -26.61717 28.77279 1.67578
v -15.25547 19.15823 -54.60110
v -16.32966 31.64054 -76.75479
v -25.13113 22.20046 -1.24039
v -18.17398 11.66657 -1.46587
v -21.56910 26.95626 62.04403
v -26.91960 26.00056 64.60349
v -28.79505 24.83289 58.97353
v -22.34484 26.37750 57.36224
v -31.96889 25.15033 67.52824
v -34.48908 24.05468 60.84496
v -29.33176 23.94183 57.27307
v -22.36275 24.89813 55.44416
v -34.93172 23.16472 59.36270
v -21.79757 23.24019 58.04974
v -17.31059 22.21910 56.04903
v -18.80954 25.58785 44.28078
v -24.03230 25.65471 68.22234
v -22.73047 24.54900 69.67531
v -25.74467 24.12530 73.66193
v -27.09827 25.06680 72.54606
v -22.73047 24.54900 69.67531
v -23.97602 23.28646 68.33913
v -27.68633 22.81447 71.85812
v -25.74467 24.12530 73.66193
v -19.84282 29.77676 61.51075
v -17.59085 28.85759 66.77917
v -20.05462 26.15765 65.59357
v -28.24624 22.76339 60.31044
v -33.54794 22.00271 62.22064
v -32.64770 23.14736 76.25541
v -33.36617 24.12158 74.43906
v -19.91225 29.11191 56.05730
v -39.92107 22.26976 74.36395
v -38.53655 23.47746 73.27338
v -18.21276 24.98198 68.01559
v -18.21276 24.98198 68.01559
v -19.10083 23.66583 65.34510
v -33.62005 21.95642 73.40753
v -32.64770 23.14736 76.25541
v -37.72398 21.44534 73.18983
v -39.92107 22.26976 74.36395
v -37.38342 21.43737 67.21181
v -14.53768 26.68491 72.49857
v -15.09546 22.14477 62.33270
v -14.53768 26.68491 72.49857
v -38.31696 23.48156 66.95581
v -40.03474 22.24596 66.25742
v -17.59085 28.85759 66.77917
v -19.84282 29.77676 61.51075
v -19.91225 29.11191 56.05730
v -18.80954 25.58785 44.28078
v -17.31059 22.21910 56.04903
v -14.53768 26.68491 72.49857
v -15.09546 22.14477 62.33270
v -10.60794 18.94879 62.16047
v -15.09546 22.14477 62.33270
v -14.53768 26.68491 72.49857
v -24.93375 22.99414 15.59552
v -25.13113 22.20046 -1.24039
v -0.00000 15.26397 -54.51099
v -0.00001 31.30245 -107.51181
v -0.00000 48.90970 -77.02472
v -0.00000 34.28096 -61.26773
v -2.11133 8.49925 201.44746
v 0.00001 13.41844 206.50235
v 0.00001 -4.15646 217.26389
v -1.51798 -7.30695 213.33875
v -2.11133 8.49925 201.44746
v 0.00001 28.58840 202.10860
v -1.16142 -17.26577 223.26495
v 0.00001 -15.57645 224.77614
v 0.00001 -20.27881 231.85336
v -0.94326 -20.89956 229.54994
v -1.51798 -7.30695 213.33875
v -2.06019 7.06005 183.47929
v 0.00001 3.34988 181.44878
v 0.00001 13.21973 169.90219
v -1.63962 17.00534 172.12154
v -1.07750 -14.29252 208.85817
v 0.00001 -16.73697 207.61247
v 0.00001 -6.21149 192.56187
v -1.42778 -2.86865 194.69931
v -0.44331 -22.96917 229.03612
v 0.00001 -24.68775 229.75787
v 0.00001 -22.72304 220.39664
v -0.98227 -20.80813 220.90175
v -2.06019 7.06005 183.47929
v 0.00001 20.77366 162.11563
v 0.00001 -22.94436 232.23441
v -0.63218 -22.13858 229.85298
v -0.63218 -22.13858 229.85298
v 0.00001 -22.94436 232.23441
v -1.07750 -14.29252 208.85817
v -1.29769 40.40685 150.96422
v 0.00001 45.75640 151.04111
v -1.02981 43.92774 136.30841
v 0.00000 46.65074 136.30841
v 0.00000 47.71509 121.20644
v 15.87693 55.03212 -11.84284
v 14.98167 53.25267 -24.13707
v 14.53325 51.05198 61.73843
v 0.00000 61.36787 61.21499
v 14.29259 52.82742 44.38372
v 24.83694 35.81956 1.83236
v 24.43462 37.19954 -11.32854
v 23.03889 36.46840 -24.13992
v 17.64713 12.62367 -19.13246
v -0.00000 7.31666 -19.18656
v 0.00000 6.05956 -1.49147
v 18.17398 11.66658 -1.46587
v 0.00000 7.45024 15.53192
v 17.63819 12.49077 15.53534
v 13.00716 48.98499 71.83856
v 0.00000 59.64081 72.09905
v 14.90737 54.21969 30.18093
v 24.36316 35.93491 15.61870
v 15.57233 54.89305 15.73588
v 15.70648 54.89446 2.14501
v 20.36087 35.68763 44.56661
v 22.48190 35.82907 30.20698
v 15.63471 34.78751 72.43059
v 13.09779 17.02150 44.23130
v 15.27449 14.59086 30.13863
v 21.89061 23.98594 30.18007
v 18.80955 25.58786 44.28078
v 10.75675 38.47880 103.61682
v 0.00001 52.23355 103.63548
v 0.00001 57.13123 86.22956
v 12.83613 40.59333 86.23162
v 4.33474 24.00529 150.72852
v 6.81889 31.72785 150.84152
v 7.98130 33.54594 136.29062
v 4.56513 24.91504 136.27692
v 13.00716 48.98499 71.83856
v 0.00000 59.64081 72.09905
v 8.19948 25.60250 86.25472
v 14.53769 26.68492 72.49857
v 9.84895 20.95823 72.45184
v 15.63471 34.78751 72.43059
v 0.00001 18.58609 72.27048
v 0.00001 20.76582 86.21884
v 0.00001 22.48859 103.56218
v 6.88640 26.19540 103.60138
v 1.29771 40.40685 150.96422
v 1.02981 43.92774 136.30841
v 9.15898 35.36079 121.18539
v 5.24089 25.08942 121.16335
v 0.00000 47.71509 121.20644
v 6.05186 29.68367 164.33469
v 1.59519 37.45673 166.59296
v 4.01743 23.09700 162.72498
v 0.00001 21.88337 150.70227
v 0.00001 20.77366 162.11563
v 2.16311 30.60745 180.43079
v 5.28322 24.65727 176.51125
v 4.65283 14.46878 187.77258
v 2.21102 19.73267 191.89128
v 4.44163 18.98279 173.27055
v 4.35779 8.97184 184.36369
v 1.63964 17.00534 172.12154
v 2.06021 7.06005 183.47929
v 4.01694 4.07910 198.07480
v 2.11135 8.49925 201.44746
v 3.63536 -0.91940 195.33530
v 1.42780 -2.86865 194.69931
v 2.17373 -12.54148 209.40936
v 3.05622 -9.57320 211.23289
v 2.22662 -18.64882 222.04703
v 0.63220 -22.13858 229.85298
v 0.94329 -20.89956 229.54994
v 1.16144 -17.26577 223.26495
v 0.00001 48.93566 168.73267
v 1.59519 37.45673 166.59296
v 2.16311 30.60745 180.43079
v 2.21357 38.33080 186.30586
v 10.60795 18.94879 62.16047
v 9.84895 20.95823 72.45184
v 0.98230 -20.80813 220.90175
v 0.44333 -22.96917 229.03612
v 0.00001 22.48433 136.27328
v 0.00001 22.02845 121.15207
v 19.04983 36.12444 61.26411
v 1.07752 -14.29252 208.85817
v 1.51800 -7.30695 213.33875
v 1.08371 55.76318 205.55618
v 0.00001 61.62266 213.15416
v 0.00001 60.00807 203.99850
v 1.60369 48.03841 195.29852
v 0.00001 40.53710 203.47356
v 0.00001 51.31652 207.90904
v 10.82396 45.55256 -71.30789
v 10.71724 44.72242 -74.55740
v 12.00858 41.13804 -71.45024
v 12.55597 42.41982 -76.49854
v 15.92009 39.52411 -70.09006
v 15.08034 39.61045 -74.62708
v 14.05591 43.05529 -68.39624
v 4.10593 29.57926 -103.49948
v 6.58836 28.62869 -99.07144
v 7.18169 31.99840 -99.21577
v 4.05091 31.93375 -105.10081
v 10.41787 32.10480 -92.12865
v 9.73095 27.41894 -91.64577
v 11.78358 26.56414 -84.94658
v 12.91968 32.13074 -85.39693
v 13.99054 24.86628 -76.32838
v 2.92911 37.29997 -105.95355
v 3.81805 39.95136 -102.85094
v 4.29843 34.06446 -106.84305
v 9.15808 38.63666 -94.69945
v 11.32333 34.21466 -93.36803
v 13.80961 34.30254 -86.02170
v 10.53250 39.59417 -87.29967
v 6.91921 38.00060 -102.08966
v 8.38225 33.92922 -101.93359
v 9.20796 49.53895 -66.50757
v 8.88773 49.21508 -71.25822
v 14.03688 52.36684 -32.95130
v 12.52458 51.46637 -44.06797
v 18.20988 36.78362 -65.30115
v 15.95592 36.77684 -76.44409
v 16.17407 33.87676 -77.04300
v 19.26948 32.11088 -64.67206
v 6.16365 43.35378 -88.28555
v 7.87417 45.49256 -81.13516
v 10.88405 50.14437 -54.44319
v 20.14153 35.80116 -54.79882
v 20.99275 35.83627 -44.25841
v 14.69906 21.99544 -64.84232
v 11.35867 41.11803 -80.15359
v 22.31931 35.81713 -32.99171
v 15.42230 42.27588 -62.63545
v 9.71343 49.14914 -60.51358
v 26.41219 22.67791 -19.03526
v 23.58562 28.22969 -25.89137
v 17.48740 14.93024 -33.02369
v 5.04378 41.44868 -95.90269
v 8.58942 48.04109 -76.51071
v 16.17407 33.87676 -77.04300
v 19.26948 32.11088 -64.67206
v 11.32333 34.21466 -93.36803
v 13.80961 34.30254 -86.02170
v 4.29843 34.06446 -106.84305
v 8.38225 33.92922 -101.93359
v 7.18169 31.99840 -99.21577
v 10.41787 32.10480 -92.12865
v 12.91968 32.13074 -85.39693
v 16.32965 31.64053 -76.75479
v 19.26948 32.11088 -64.67206
v 4.05091 31.93375 -105.10081
v 16.20741 16.58158 -44.42102
v 10.40996 45.05169 -71.11949
v 10.41907 44.10330 -73.98071
v 14.14892 42.30027 -72.05261
v 11.85417 42.11919 -75.29260
v 13.77207 39.34781 -73.99713
v 14.51163 39.84680 -70.46188
v 12.94759 42.61041 -68.09821
v 6.79990 35.39018 -101.31712
v 5.09455 35.38750 -103.82501
v 5.30445 32.27190 -102.38414
v 4.86231 35.12329 -104.05399
v 3.02984 35.39132 -106.03651
v 3.21872 32.18545 -105.39101
v 2.40433 35.21794 -106.50890
v 0.59933 32.19193 -107.85640
v 7.77844 35.34935 -98.30702
v 7.33814 35.14744 -101.23863
v 6.99226 32.14451 -99.92792
v 8.43814 35.19145 -95.63718
v 7.91784 35.63281 -99.11555
v 7.67144 32.21504 -97.28558
v 9.05317 34.93700 -92.93481
v 8.43904 35.02813 -95.68602
v 8.54037 32.27218 -94.36455
v 9.94139 35.17962 -90.26753
v 9.15026 35.25251 -93.18207
v 9.57827 32.32998 -91.68146
v 10.85800 35.10781 -87.19409
v 10.17560 35.11625 -90.03824
v 9.91605 32.30840 -88.53201
v 11.81358 35.21161 -83.96704
v 11.06427 35.19926 -86.94594
v 10.85092 32.52825 -85.41924
v 12.82004 35.43354 -81.07458
v 12.32428 35.27930 -84.01888
v 11.94862 32.44915 -82.59869
v 9.09005 31.04357 -88.39781
v 9.71991 31.51443 -86.15671
v 9.15457 33.60752 -87.06296
v 10.90736 31.60107 -85.14075
v 11.57276 31.74722 -82.96382
v 11.12550 33.85107 -84.00398
v 12.51463 31.04221 -82.35767
v 13.13764 31.52132 -80.17250
v 12.59656 33.69645 -81.18924
v 8.12761 30.96725 -91.50348
v 8.86361 31.22043 -89.24231
v 8.71230 33.71040 -90.10402
v 7.11890 30.91110 -94.56949
v 7.49930 30.79871 -91.78102
v 7.70036 33.56645 -92.92148
v 6.10349 30.73418 -96.99330
v 7.42356 31.12501 -94.44455
v 6.94898 33.67081 -95.68527
v 5.44766 31.06546 -100.01640
v 6.16983 31.46712 -97.23210
v 5.62504 33.67636 -98.54172
v 3.73060 30.79284 -102.62213
v 4.77937 30.91217 -99.97711
v 4.25172 33.24430 -101.10477
v 1.61889 30.89870 -105.56668
v 2.77462 31.04689 -102.66495
v 2.34095 33.41020 -104.07681
v 13.57135 35.23935 -78.33022
v 13.06738 34.97747 -81.16728
v 12.72422 32.12707 -79.63763
v 13.84886 34.76024 -72.28357
v 14.35816 34.56172 -74.73631
v 14.31956 31.77561 -73.51236
v 13.96488 34.97527 -75.36703
v 13.23716 34.75668 -78.24675
v 13.35433 31.88369 -76.74754
v 1.50292 31.23187 -105.56543
v 0.48566 33.40193 -106.20630
v 13.43020 30.92842 -79.45361
v 14.51998 31.40754 -77.26840
v 13.97933 33.58267 -78.28514
v 14.64635 30.61875 -76.21817
v 15.27376 31.09787 -74.03305
v 14.73191 33.27298 -75.04982
v 15.19721 30.46920 -73.10022
v 14.80306 30.94831 -70.91508
v 15.28594 33.12341 -71.93185
v 2.21102 19.73267 191.89128
v 0.00001 28.58840 202.10860
v 0.00001 54.30820 188.51350
v 31.64927 32.51601 -11.25987
v 31.31657 31.45726 -18.85450
v 38.88625 30.48628 -19.69763
v 38.78442 31.46790 -11.07673
v 53.97533 30.08216 -19.24981
v 54.87473 31.04809 -7.64906
v 38.95827 28.25527 -22.49260
v 31.66051 28.25907 -21.50898
v 54.03398 28.25107 -21.78432
v 31.60592 25.25979 -18.12206
v 26.07112 28.25744 -21.31433
v 26.41219 22.67791 -19.03526
v 37.00018 30.35156 -3.99668
v 47.73018 30.12843 1.37603
v 46.59796 28.25216 3.70431
v 35.89884 28.24911 -1.48586
v 35.89884 28.24911 -1.48586
v 46.59796 28.25216 3.70431
v 48.69768 26.58844 -0.16344
v 37.25993 26.33930 -4.52102
v 27.72204 34.04519 -11.20435
v 31.51825 30.66332 -4.08638
v 27.54918 31.53502 -1.57422
v 39.30598 26.38923 -17.97173
v 52.84028 26.55208 -16.98448
v 59.77068 30.03235 1.60609
v 59.97231 28.25122 4.60618
v 25.92591 32.50371 -18.58783
v 66.80141 30.05275 -3.08496
v 69.33356 28.25175 -1.98325
v 31.61044 28.36538 -1.42750
v 30.53731 25.28923 -4.66325
v 31.61044 28.36538 -1.42750
v 59.97231 28.25122 4.60618
v 60.03504 26.56503 -0.24402
v 69.33356 28.25175 -1.98325
v 66.01857 26.58152 -2.92418
v 62.72291 26.55775 -11.23455
v 25.13113 22.20047 -1.24039
v 26.61717 28.77279 1.67578
v 26.61717 28.77279 1.67578
v 64.82394 28.25109 -14.21814
v 63.48638 30.07359 -11.96327
v 27.54918 31.53502 -1.57422
v 27.72204 34.04519 -11.20435
v 25.92591 32.50371 -18.58783
v 26.07112 28.25744 -21.31433
v 23.58562 28.22969 -25.89137
v 26.61717 28.77279 1.67578
v 15.25547 19.15823 -54.60110
v 16.32965 31.64053 -76.75479
v 18.17398 11.66658 -1.46587
v 25.13113 22.20047 -1.24039
v 21.56910 26.95627 62.04403
v 22.34484 26.37751 57.36223
v 28.79506 24.83290 58.97352
v 26.91961 26.00057 64.60348
v 34.48910 24.05469 60.84494
v 31.96890 25.15034 67.52823
v 29.33177 23.94184 57.27306
v 22.36276 24.89814 55.44415
v 34.93174 23.16472 59.36269
v 21.79758 23.24019 58.04973
v 18.80955 25.58786 44.28078
v 17.31060 22.21911 56.04903
v 24.03231 25.65472 68.22232
v 27.09828 25.06680 72.54604
v 25.74468 24.12531 73.66192
v 22.73048 24.54901 69.67529
v 22.73048 24.54901 69.67529
v 25.74468 24.12531 73.66192
v 27.68633 22.81448 71.85811
v 23.97603 23.28646 68.33912
v 19.84283 29.77677 61.51075
v 20.05462 26.15766 65.59357
v 17.59085 28.85760 66.77917
v 28.24625 22.76339 60.31043
v 33.54796 22.00272 62.22063
v 33.36618 24.12159 74.43906
v 32.64771 23.14737 76.25540
v 19.91226 29.11192 56.05729
v 38.53657 23.47747 73.27337
v 39.92108 22.26976 74.36395
v 18.21277 24.98199 68.01559
v 19.10084 23.66583 65.34510
v 18.21277 24.98199 68.01559
v 32.64771 23.14737 76.25540
v 33.62006 21.95643 73.40752
v 39.92108 22.26976 74.36395
v 37.72401 21.44535 73.18982
v 37.38344 21.43737 67.21181
v 15.09547 22.14477 62.33270
v 14.53769 26.68492 72.49857
v 14.53769 26.68492 72.49857
v 40.03476 22.24596 66.25742
v 38.31697 23.48156 66.95580
v 17.59085 28.85760 66.77917
v 19.84283 29.77677 61.51075
v 19.91226 29.11192 56.05729
v 18.80955 25.58786 44.28078
v 17.31060 22.21911 56.04903
v 14.53769 26.68492 72.49857
v 15.09547 22.14477 62.33270
v 10.60795 18.94879 62.16047
v 14.53769 26.68492 72.49857
v 15.09547 22.14477 62.33270
v 24.93375 22.99414 15.59551
v 25.13113 22.20047 -1.24039
v 2.11135 8.49925 201.44746
v 1.51800 -7.30695 213.33875
v 0.00001 -4.15646 217.26389
v 0.00001 13.41844 206.50235
v 0.00001 28.58840 202.10860
v 2.11135 8.49925 201.44746
v 1.16144 -17.26577 223.26495
v 0.94329 -20.89956 229.54994
v 0.00001 -20.27881 231.85336
v 0.00001 -15.57645 224.77614
v 1.51800 -7.30695 213.33875
v 2.06021 7.06005 183.47929
v 1.63964 17.00534 172.12154
v 0.00001 13.21973 169.90219
v 0.00001 3.34988 181.44878
v 1.07752 -14.29252 208.85817
v 1.42780 -2.86865 194.69931
v 0.00001 -6.21149 192.56187
v 0.00001 -16.73697 207.61247
v 0.44333 -22.96917 229.03612
v 0.98230 -20.80813 220.90175
v 0.00001 -22.72304 220.39664
v 0.00001 -24.68775 229.75787
v 2.06021 7.06005 183.47929
v 0.00001 20.77366 162.11563
v 0.63220 -22.13858 229.85298
v 0.00001 -22.94436 232.23441
v 0.63220 -22.13858 229.85298
v 0.00001 -22.94436 232.23441
v 1.07752 -14.29252 208.85817
v 1.29771 40.40685 150.96422
v 0.00001 45.75640 151.04111
v 1.02981 43.92774 136.30841
v 0.00000 46.65074 136.30841
v 0.00000 47.71509 121.20644
vt 0.524568 0.900804
vt 0.466131 0.893914
vt 0.461464 0.974882
vt 0.521774 0.985072
vt 0.918183 0.870334
vt 0.812178 0.881248
vt 0.818807 0.973750
vt 0.918832 0.976405
vt 0.592476 0.786964
vt 0.524920 0.794198
vt 0.461656 0.794640
vt 0.486536 0.657806
vt 0.578926 0.648123
vt 0.571200 0.553343
vt 0.477677 0.563737
vt 0.662160 0.646459
vt 0.668311 0.552857
vt 0.986141 0.965138
vt 0.979841 0.864405
vt 0.740422 0.889254
vt 0.744601 0.983415
vt 0.589842 0.899712
vt 0.655277 0.895231
vt 0.662902 0.783399
vt 0.814819 0.776844
vt 0.742976 0.781073
vt 0.983923 0.776014
vt 0.814927 0.647765
vt 0.814880 0.566504
vt 0.745186 0.554494
vt 0.741437 0.646226
vt 0.815590 0.714464
vt 0.741434 0.715492
vt 0.807317 0.451788
vt 0.923146 0.459842
vt 0.916372 0.541249
vt 0.806366 0.537281
vt 0.526561 0.428354
vt 0.600771 0.409693
vt 0.614993 0.455296
vt 0.539139 0.468950
vt 0.982254 0.500598
vt 0.966736 0.556086
vt 0.918637 0.386315
vt 0.975151 0.348618
vt 0.982078 0.386262
vt 0.972999 0.425147
vt 0.909150 0.336913
vt 0.963543 0.315784
vt 0.804322 0.387339
vt 0.797541 0.335709
vt 0.630387 0.522018
vt 0.551405 0.521391
vt 0.700730 0.452547
vt 0.683363 0.396500
vt 0.713916 0.525044
vt 0.470728 0.527446
vt 0.467479 0.478999
vt 0.461602 0.441931
vt 0.519335 0.403941
vt 0.458224 0.417210
vt 0.394172 0.522035
vt 0.318400 0.507121
vt 0.319797 0.470278
vt 0.398066 0.481193
vt 0.318790 0.437181
vt 0.398432 0.446425
vt 0.399215 0.427163
vt 0.317334 0.420821
vt 0.244785 0.464740
vt 0.246596 0.495373
vt 0.240718 0.435205
vt 0.237519 0.419796
vt 0.148019 0.456903
vt 0.146756 0.438453
vt 0.074799 0.455290
vt 0.074233 0.465953
vt 0.036583 0.468583
vt 0.031712 0.464292
vt 0.643329 0.076724
vt 0.536496 0.080378
vt 0.528756 0.009437
vt 0.633902 0.013318
vt 0.917210 0.631378
vt 0.977874 0.627126
vt 0.979262 0.568484
vt 0.914533 0.568964
vt 0.032769 0.458354
vt 0.072135 0.439197
vt 0.593336 0.383371
vt 0.672549 0.362897
vt 0.591092 0.993543
vt 0.661067 0.990571
vt 0.915005 0.780841
vt 0.142707 0.428951
vt 0.145066 0.475872
vt 0.531628 0.256733
vt 0.563285 0.268820
vt 0.521104 0.315996
vt 0.533211 0.171007
vt 0.497049 0.243752
vt 0.466803 0.160767
vt 0.227198 0.886590
vt 0.219757 0.860915
vt 0.209282 0.887143
vt 0.195786 0.871076
vt 0.224679 0.836276
vt 0.201320 0.845526
vt 0.239029 0.859290
vt 0.047799 0.578029
vt 0.030297 0.581777
vt 0.055789 0.613059
vt 0.071252 0.596527
vt 0.088106 0.648023
vt 0.121108 0.678891
vt 0.143814 0.648271
vt 0.109101 0.624712
vt 0.191208 0.673368
vt 0.205529 0.585571
vt 0.160222 0.575399
vt 0.033636 0.920911
vt 0.022940 0.939193
vt 0.049364 0.947677
vt 0.056475 0.924746
vt 0.020632 0.902732
vt 0.003866 0.926979
vt 0.096982 0.889739
vt 0.136398 0.880079
vt 0.132514 0.840371
vt 0.094793 0.857920
vt 0.048387 0.878713
vt 0.058251 0.903392
vt 0.253608 0.902388
vt 0.231318 0.907757
vt 0.231865 0.956606
vt 0.257599 0.953249
vt 0.416623 0.888864
vt 0.365917 0.885821
vt 0.365931 0.955359
vt 0.412383 0.964653
vt 0.123516 0.564999
vt 0.243591 0.806226
vt 0.239595 0.763347
vt 0.177537 0.813236
vt 0.187408 0.830397
vt 0.175208 0.953498
vt 0.177015 0.908167
vt 0.136452 0.914736
vt 0.133172 0.953243
vt 0.317571 0.888169
vt 0.354839 0.784049
vt 0.302242 0.783047
vt 0.256378 0.686618
vt 0.263665 0.591716
vt 0.175056 0.874226
vt 0.415643 0.788238
vt 0.265543 0.843742
vt 0.281031 0.893539
vt 0.286815 0.950971
vt 0.320628 0.952569
vt 0.415628 0.674731
vt 0.455016 0.746039
vt 0.494192 0.724156
vt 0.096457 0.919058
vt 0.204573 0.909736
vt 0.093639 0.950686
vt 0.077406 0.554788
vt 0.042525 0.549807
vt 0.595403 0.282788
vt 0.590373 0.301533
vt 0.621783 0.302529
vt 0.620544 0.283545
vt 0.603426 0.258654
vt 0.599173 0.269403
vt 0.620416 0.270190
vt 0.620734 0.259321
vt 0.614029 0.239888
vt 0.608654 0.246460
vt 0.620196 0.247567
vt 0.620835 0.236323
vt 0.642761 0.242812
vt 0.629535 0.242825
vt 0.629569 0.249791
vt 0.646075 0.250460
vt 0.629272 0.259607
vt 0.649581 0.260552
vt 0.628569 0.271115
vt 0.655498 0.273925
vt 0.626375 0.289103
vt 0.657261 0.292135
vt 0.636512 0.232590
vt 0.629924 0.229698
vt 0.406328 0.577244
vt 0.357307 0.590304
vt 0.362391 0.677535
vt 0.391132 0.265862
vt 0.415657 0.317922
vt 0.446306 0.269975
vt 0.477872 0.322591
vt 0.453490 0.368037
vt 0.400008 0.363317
vt 0.370174 0.321986
vt 0.037981 0.848961
vt 0.200971 0.763203
vt 0.038297 0.690477
vt 0.037988 0.848966
vt 0.200974 0.763206
vt 0.038296 0.690512
vt 0.037986 0.848960
vt 0.200976 0.763208
vt 0.101210 0.718633
vt 0.038254 0.712025
vt 0.037979 0.848969
vt 0.200979 0.763199
vt 0.038300 0.690486
vt 0.037978 0.848969
vt 0.200957 0.763203
vt 0.038290 0.690436
vt 0.037990 0.848965
vt 0.200957 0.763200
vt 0.038300 0.690479
vt 0.037985 0.848968
vt 0.200961 0.763212
vt 0.038298 0.690480
vt 0.037988 0.848965
vt 0.200962 0.763202
vt 0.038300 0.690466
vt 0.037989 0.848965
vt 0.200955 0.763196
vt 0.038301 0.690455
vt 0.037987 0.848966
vt 0.200951 0.763197
vt 0.038299 0.690465
vt 0.038302 0.690504
vt 0.200942 0.763214
vt 0.038000 0.848964
vt 0.038302 0.690504
vt 0.200942 0.763214
vt 0.038000 0.848964
vt 0.038302 0.690504
vt 0.200942 0.763214
vt 0.038000 0.848964
vt 0.038302 0.690504
vt 0.200943 0.763213
vt 0.038000 0.848964
vt 0.038302 0.690504
vt 0.200943 0.763213
vt 0.038000 0.848964
vt 0.038302 0.690504
vt 0.200943 0.763213
vt 0.038000 0.848964
vt 0.038302 0.690504
vt 0.200942 0.763214
vt 0.038000 0.848964
vt 0.038302 0.690504
vt 0.200942 0.763214
vt 0.038000 0.848964
vt 0.038302 0.690504
vt 0.200942 0.763214
vt 0.038000 0.848964
vt 0.037983 0.848965
vt 0.200952 0.763207
vt 0.038302 0.690469
vt 0.037986 0.848964
vt 0.200947 0.763209
vt 0.038302 0.690498
vt 0.037982 0.848968
vt 0.200946 0.763219
vt 0.038301 0.690485
vt 0.038000 0.848964
vt 0.038200 0.743851
vt 0.137722 0.734950
vt 0.200943 0.763213
vt 0.038302 0.690504
vt 0.200942 0.763214
vt 0.038000 0.848964
vt 0.038302 0.690504
vt 0.200942 0.763214
vt 0.038000 0.848964
vt 0.038302 0.690504
vt 0.200942 0.763214
vt 0.038000 0.848964
vt 0.408000 0.096318
vt 0.419214 0.017158
vt 0.599413 0.170519
vt 0.305649 0.319540
vt 0.252590 0.317036
vt 0.259427 0.264897
vt 0.312791 0.270080
vt 0.133928 0.321365
vt 0.155086 0.261108
vt 0.258469 0.243065
vt 0.308741 0.240029
vt 0.158175 0.251132
vt 0.307288 0.207438
vt 0.350896 0.203420
vt 0.349158 0.240647
vt 0.255451 0.362055
vt 0.260643 0.383239
vt 0.175766 0.401450
vt 0.171275 0.381526
vt 0.237345 0.110718
vt 0.235940 0.134355
vt 0.145131 0.130037
vt 0.149547 0.100963
vt 0.337118 0.321760
vt 0.326607 0.383304
vt 0.296970 0.365883
vt 0.250791 0.214344
vt 0.155188 0.228295
vt 0.076853 0.388377
vt 0.086156 0.367746
vt 0.352775 0.273832
vt 0.020263 0.333066
vt 0.045060 0.329760
vt 0.290152 0.387502
vt 0.264383 0.101940
vt 0.286478 0.124529
vt 0.067494 0.156229
vt 0.053079 0.126467
vt 0.034505 0.185751
vt 0.005549 0.187753
vt 0.075142 0.224888
vt 0.327477 0.094879
vt 0.283433 0.070910
vt 0.323587 0.410201
vt 0.077242 0.281516
vt 0.066803 0.256112
vt 0.573427 0.759994
vt 0.525001 0.768819
vt 0.490563 0.769910
vt 0.481327 0.749578
vt 0.455016 0.746039
vt 0.587869 0.746469
vt 0.316171 0.682021
vt 0.169820 0.716640
vt 0.578804 0.712668
vt 0.578926 0.648123
vt 0.879545 0.111257
vt 0.830890 0.117420
vt 0.842920 0.165057
vt 0.896562 0.154593
vt 0.778597 0.122858
vt 0.794884 0.172366
vt 0.841173 0.186398
vt 0.901795 0.184518
vt 0.791211 0.184379
vt 0.893636 0.216987
vt 0.929876 0.233871
vt 0.990562 0.179077
vt 0.830681 0.079620
vt 0.830491 0.061066
vt 0.786650 0.053697
vt 0.784507 0.070447
vt 0.824827 0.303226
vt 0.823310 0.284854
vt 0.779364 0.289933
vt 0.783680 0.314209
vt 0.905714 0.103621
vt 0.901864 0.076494
vt 0.870709 0.076304
vt 0.831473 0.210557
vt 0.784822 0.201407
vt 0.726425 0.071574
vt 0.733795 0.088621
vt 0.921723 0.138830
vt 0.691253 0.119435
vt 0.710062 0.119014
vt 0.866996 0.048696
vt 0.865020 0.308314
vt 0.873010 0.282604
vt 0.728814 0.274361
vt 0.719875 0.299977
vt 0.703809 0.250904
vt 0.681399 0.247747
vt 0.732845 0.213178
vt 0.920203 0.311825
vt 0.916522 0.282548
vt 0.894227 0.043249
vt 0.739509 0.158958
vt 0.730816 0.180678
vt 0.949716 0.740514
vt 0.914857 0.740933
vt 0.881096 0.745991
vt 0.815590 0.714464
vt 0.886941 0.678142
vt 0.986657 0.729585
vt 0.919940 0.661156
vt 0.917210 0.631378
vt 0.919940 0.661156
vt 0.975412 0.671777
vt 0.663137 0.715427
vt 0.578804 0.712668
vt 0.315978 0.594060
vt 0.021058 0.552932
vt 0.200572 0.956108
vt 0.626381 0.297961
vt 0.332160 0.014394
vt 0.325791 0.063401
vt 0.232835 0.057354
vt 0.229901 0.013418
vt 0.332160 0.014394
vt 0.408000 0.096318
vt 0.150380 0.014199
vt 0.139730 0.051895
vt 0.076403 0.047539
vt 0.073538 0.012674
vt 0.229901 0.013418
vt 0.228873 0.531494
vt 0.225758 0.560112
vt 0.268319 0.562454
vt 0.271228 0.533838
vt 0.134838 0.525577
vt 0.132971 0.543561
vt 0.184716 0.556797
vt 0.186719 0.530777
vt 0.075703 0.486047
vt 0.071059 0.491197
vt 0.094455 0.519360
vt 0.096867 0.506617
vt 0.228873 0.531494
vt 0.299008 0.562275
vt 0.015072 0.056686
vt 0.036966 0.015639
vt 0.075339 0.477740
vt 0.068297 0.473240
vt 0.134838 0.525577
vt 0.739182 0.014070
vt 0.748017 0.046250
vt 0.833690 0.008700
vt 0.837031 0.024164
vt 0.908430 0.012975
vt 0.524568 0.900804
vt 0.466131 0.893914
vt 0.917756 0.870530
vt 0.919137 0.974860
vt 0.812178 0.881248
vt 0.591602 0.786050
vt 0.525482 0.792857
vt 0.461910 0.794045
vt 0.487094 0.658046
vt 0.478148 0.564287
vt 0.572642 0.552910
vt 0.577152 0.648833
vt 0.665114 0.554051
vt 0.664462 0.648923
vt 0.978885 0.864196
vt 0.984996 0.965737
vt 0.740422 0.889254
vt 0.662499 0.782684
vt 0.655277 0.895231
vt 0.589842 0.899712
vt 0.814819 0.776844
vt 0.742976 0.781073
vt 0.984861 0.776036
vt 0.814927 0.647765
vt 0.741437 0.646226
vt 0.741434 0.715492
vt 0.815590 0.714464
vt 0.809874 0.454028
vt 0.807490 0.534254
vt 0.916624 0.541308
vt 0.924019 0.459843
vt 0.527973 0.427696
vt 0.540233 0.468326
vt 0.615890 0.454197
vt 0.602361 0.407482
vt 0.980634 0.497794
vt 0.967541 0.556131
vt 0.916442 0.388272
vt 0.982567 0.385418
vt 0.975182 0.348833
vt 0.973675 0.423619
vt 0.965653 0.314561
vt 0.909558 0.336744
vt 0.796064 0.335876
vt 0.802711 0.387225
vt 0.551541 0.520689
vt 0.629760 0.523435
vt 0.701736 0.452701
vt 0.686166 0.397696
vt 0.711807 0.527975
vt 0.468632 0.477530
vt 0.471916 0.525939
vt 0.462729 0.440474
vt 0.521086 0.402991
vt 0.459317 0.415732
vt 0.396399 0.521280
vt 0.399579 0.480424
vt 0.321336 0.471742
vt 0.319296 0.508621
vt 0.399363 0.445653
vt 0.319277 0.438743
vt 0.399803 0.426336
vt 0.317280 0.422442
vt 0.245534 0.463876
vt 0.246258 0.494467
vt 0.240827 0.435192
vt 0.236937 0.419955
vt 0.146138 0.437370
vt 0.148346 0.455694
vt 0.075061 0.455485
vt 0.029961 0.463733
vt 0.035077 0.467704
vt 0.073280 0.466279
vt 0.642149 0.075499
vt 0.636990 0.014768
vt 0.528305 0.010267
vt 0.535542 0.081456
vt 0.917210 0.631378
vt 0.977874 0.627126
vt 0.071574 0.441434
vt 0.030653 0.457730
vt 0.594862 0.380906
vt 0.674456 0.360731
vt 0.914215 0.779854
vt 0.141529 0.426877
vt 0.146360 0.473536
vt 0.530406 0.258736
vt 0.519720 0.315633
vt 0.563299 0.268230
vt 0.534272 0.171054
vt 0.466940 0.161116
vt 0.497313 0.245687
vt 0.227198 0.886590
vt 0.209282 0.887143
vt 0.219757 0.860915
vt 0.195786 0.871076
vt 0.224679 0.836276
vt 0.201320 0.845526
vt 0.239029 0.859290
vt 0.047799 0.578029
vt 0.071252 0.596527
vt 0.055789 0.613059
vt 0.030297 0.581777
vt 0.088106 0.648023
vt 0.109101 0.624712
vt 0.143814 0.648271
vt 0.121108 0.678891
vt 0.191208 0.673368
vt 0.033636 0.920911
vt 0.056475 0.924746
vt 0.020632 0.902732
vt 0.096982 0.889739
vt 0.094793 0.857920
vt 0.132514 0.840371
vt 0.136398 0.880079
vt 0.058251 0.903392
vt 0.048387 0.878713
vt 0.253608 0.902388
vt 0.231318 0.907757
vt 0.416623 0.888864
vt 0.365917 0.885821
vt 0.243591 0.806226
vt 0.187408 0.830397
vt 0.177537 0.813236
vt 0.239595 0.763347
vt 0.136452 0.914736
vt 0.177015 0.908167
vt 0.317571 0.888169
vt 0.302242 0.783047
vt 0.354839 0.784049
vt 0.256378 0.686618
vt 0.175056 0.874226
vt 0.416618 0.788578
vt 0.265543 0.843742
vt 0.281031 0.893539
vt 0.493802 0.724032
vt 0.455035 0.746318
vt 0.416380 0.673880
vt 0.096457 0.919058
vt 0.204573 0.909736
vt 0.595403 0.282788
vt 0.590373 0.301533
vt 0.603426 0.258654
vt 0.599173 0.269403
vt 0.614029 0.239888
vt 0.608654 0.246460
vt 0.642761 0.242812
vt 0.646075 0.250460
vt 0.649581 0.260552
vt 0.655498 0.273925
vt 0.657261 0.292135
vt 0.636512 0.232590
vt 0.362391 0.677535
vt 0.391132 0.265862
vt 0.446306 0.269975
vt 0.415657 0.317922
vt 0.477872 0.322591
vt 0.453490 0.368037
vt 0.400008 0.363317
vt 0.370174 0.321986
vt 0.037981 0.848961
vt 0.038297 0.690477
vt 0.200971 0.763203
vt 0.037988 0.848966
vt 0.038296 0.690512
vt 0.200974 0.763206
vt 0.037986 0.848960
vt 0.200976 0.763208
vt 0.037979 0.848969
vt 0.038300 0.690486
vt 0.200979 0.763199
vt 0.037978 0.848969
vt 0.038290 0.690436
vt 0.200957 0.763203
vt 0.037990 0.848965
vt 0.038300 0.690479
vt 0.200957 0.763200
vt 0.037985 0.848968
vt 0.038298 0.690480
vt 0.200961 0.763212
vt 0.037988 0.848965
vt 0.038300 0.690466
vt 0.200962 0.763202
vt 0.037989 0.848965
vt 0.038301 0.690455
vt 0.200955 0.763196
vt 0.037987 0.848966
vt 0.038299 0.690465
vt 0.200951 0.763197
vt 0.038302 0.690504
vt 0.038000 0.848964
vt 0.200942 0.763214
vt 0.038302 0.690504
vt 0.038000 0.848964
vt 0.200942 0.763214
vt 0.038302 0.690504
vt 0.038000 0.848964
vt 0.200942 0.763214
vt 0.038302 0.690504
vt 0.038000 0.848964
vt 0.200943 0.763213
vt 0.038302 0.690504
vt 0.038000 0.848964
vt 0.200943 0.763213
vt 0.038302 0.690504
vt 0.038000 0.848964
vt 0.200943 0.763213
vt 0.038302 0.690504
vt 0.038000 0.848964
vt 0.200942 0.763214
vt 0.038302 0.690504
vt 0.038000 0.848964
vt 0.200942 0.763214
vt 0.038302 0.690504
vt 0.038000 0.848964
vt 0.200942 0.763214
vt 0.037983 0.848965
vt 0.038302 0.690469
vt 0.200952 0.763207
vt 0.037986 0.848964
vt 0.038302 0.690498
vt 0.200947 0.763209
vt 0.037982 0.848968
vt 0.038301 0.690485
vt 0.200946 0.763219
vt 0.038000 0.848964
vt 0.200943 0.763213
vt 0.038302 0.690504
vt 0.038000 0.848964
vt 0.200942 0.763214
vt 0.038302 0.690504
vt 0.038000 0.848964
vt 0.200942 0.763214
vt 0.038302 0.690504
vt 0.038000 0.848964
vt 0.200942 0.763214
vt 0.421190 0.015146
vt 0.409444 0.097631
vt 0.599475 0.171709
vt 0.305234 0.321759
vt 0.313991 0.272177
vt 0.259846 0.266136
vt 0.251060 0.318062
vt 0.153638 0.259128
vt 0.129867 0.319124
vt 0.259383 0.244019
vt 0.310656 0.241837
vt 0.156887 0.249375
vt 0.310028 0.209011
vt 0.351825 0.243203
vt 0.354577 0.205806
vt 0.252412 0.363045
vt 0.166049 0.380519
vt 0.170014 0.400638
vt 0.257021 0.384407
vt 0.241398 0.110524
vt 0.152199 0.098884
vt 0.146874 0.127948
vt 0.239314 0.134210
vt 0.337227 0.324620
vt 0.294587 0.368011
vt 0.324257 0.386149
vt 0.252287 0.214837
vt 0.154415 0.226621
vt 0.079822 0.364930
vt 0.069643 0.385491
vt 0.354622 0.276696
vt 0.039189 0.325998
vt 0.013842 0.328756
vt 0.286918 0.389498
vt 0.291072 0.125374
vt 0.269172 0.102264
vt 0.053108 0.122535
vt 0.066961 0.152666
vt 0.002919 0.183077
vt 0.032497 0.181625
vt 0.072889 0.221639
vt 0.333670 0.096423
vt 0.289436 0.071511
vt 0.320285 0.413046
vt 0.063563 0.252673
vt 0.073419 0.278191
vt 0.573475 0.759940
vt 0.525851 0.768723
vt 0.490546 0.769890
vt 0.480098 0.748330
vt 0.455035 0.746318
vt 0.589423 0.745313
vt 0.316171 0.682021
vt 0.169820 0.716640
vt 0.577152 0.648833
vt 0.579411 0.712005
vt 0.879716 0.109072
vt 0.896532 0.154278
vt 0.843730 0.164068
vt 0.829892 0.117298
vt 0.794651 0.173375
vt 0.778755 0.123560
vt 0.839701 0.185469
vt 0.901675 0.185624
vt 0.791518 0.185573
vt 0.894139 0.217411
vt 0.990747 0.179380
vt 0.928202 0.234306
vt 0.827302 0.080091
vt 0.782897 0.069006
vt 0.784038 0.051970
vt 0.826127 0.061923
vt 0.825989 0.302194
vt 0.784173 0.314818
vt 0.778334 0.291032
vt 0.823376 0.284117
vt 0.906264 0.100362
vt 0.868475 0.074951
vt 0.899416 0.074143
vt 0.832302 0.212716
vt 0.785754 0.200951
vt 0.732031 0.090126
vt 0.723384 0.073931
vt 0.921254 0.138689
vt 0.711531 0.117489
vt 0.692115 0.118737
vt 0.862946 0.047861
vt 0.872303 0.284883
vt 0.865524 0.310616
vt 0.720405 0.298244
vt 0.728170 0.272569
vt 0.677738 0.248314
vt 0.701040 0.250481
vt 0.731624 0.214746
vt 0.917190 0.282965
vt 0.923561 0.313538
vt 0.894479 0.039439
vt 0.732179 0.181193
vt 0.738191 0.162407
vt 0.949859 0.739336
vt 0.915129 0.742718
vt 0.881096 0.745991
vt 0.815590 0.714464
vt 0.886941 0.678142
vt 0.988346 0.726756
vt 0.919940 0.661156
vt 0.917210 0.631378
vt 0.975412 0.671777
vt 0.919940 0.661156
vt 0.663779 0.716052
vt 0.579411 0.712005
vt 0.330899 0.013175
vt 0.227836 0.014109
vt 0.233612 0.057957
vt 0.325486 0.064163
vt 0.409444 0.097631
vt 0.330899 0.013175
vt 0.149901 0.014785
vt 0.072706 0.013624
vt 0.074160 0.048060
vt 0.138770 0.052381
vt 0.227836 0.014109
vt 0.229106 0.530408
vt 0.271811 0.533100
vt 0.269246 0.561878
vt 0.226295 0.559181
vt 0.135263 0.525761
vt 0.186688 0.530953
vt 0.184839 0.557030
vt 0.133234 0.543664
vt 0.075615 0.485835
vt 0.097470 0.506966
vt 0.094818 0.519475
vt 0.070868 0.491565
vt 0.229106 0.530408
vt 0.299923 0.559873
vt 0.034891 0.014871
vt 0.014525 0.060128
vt 0.075376 0.478479
vt 0.068415 0.473392
vt 0.135263 0.525761
vt 0.738879 0.012553
vt 0.748724 0.046674
vt 0.834390 0.006932
vt 0.837323 0.024687
vt 0.908806 0.013128
vn -0.68875 0.72066 -0.07922
vn -0.67292 0.72594 -0.14210
vn -0.00000 0.98585 -0.16761
vn -0.00000 0.99226 -0.12418
vn -0.80942 0.56959 0.14288
vn -0.73221 0.67797 0.06498
vn -0.00000 0.99831 0.05805
vn -0.00000 0.99479 0.10191
vn -0.91685 0.39084 0.08144
vn -0.83154 0.55302 -0.05204
vn -0.92511 0.32487 -0.19652
vn -0.56820 -0.79975 -0.19378
vn -0.57854 -0.81541 0.01988
vn 0.00000 -0.99984 -0.01764
vn 0.00000 -0.98910 -0.14721
vn -0.58172 -0.80368 0.12528
vn 0.00000 -0.99441 0.10558
vn -0.00000 0.97668 0.21471
vn -0.82738 0.51804 0.21696
vn -0.81670 0.56853 0.09884
vn -0.00000 0.99837 0.05709
vn -0.65735 0.75356 0.00510
vn -0.72128 0.69202 0.02918
vn -0.96120 0.26215 0.08580
vn -0.98687 0.13395 0.09026
vn -0.97810 0.14296 0.15129
vn -0.96017 0.07217 0.26993
vn -0.53454 -0.82804 0.16917
vn 0.00000 -0.98174 0.19022
vn 0.00000 -0.97934 0.20223
vn -0.62299 -0.75203 0.21526
vn -0.94631 -0.30881 -0.09555
vn -0.91901 -0.33086 0.21435
vn -0.97806 0.16308 0.12962
vn -0.97331 0.05795 0.22204
vn -0.00000 0.95231 0.30514
vn -0.00000 0.96355 0.26753
vn -0.79243 -0.60976 -0.01570
vn -0.75143 -0.65976 0.00864
vn -0.99730 0.01347 0.07220
vn -0.95937 0.26726 0.09042
vn -0.82738 0.51804 0.21696
vn -0.00000 0.97668 0.21471
vn -0.71628 -0.66199 0.22069
vn -0.50800 -0.82693 0.24110
vn -0.74459 -0.51145 0.42895
vn -0.96017 0.07217 0.26993
vn 0.00000 -0.97764 0.21027
vn 0.00000 -0.97983 0.19984
vn -0.77362 -0.63186 0.04768
vn 0.00000 -0.99881 0.04886
vn -0.82197 0.55717 0.11800
vn -0.84026 0.53314 0.09866
vn -0.97331 0.20445 0.10425
vn -0.81287 -0.58174 0.02868
vn -0.00000 0.97909 0.20344
vn -0.86543 0.48373 0.13055
vn -0.99422 0.06798 0.08306
vn -0.79893 -0.59121 -0.11040
vn 0.00000 -0.99778 -0.06661
vn -0.00000 -0.94911 -0.31494
vn -0.91401 0.33271 0.23216
vn -0.93963 0.22658 0.25645
vn -0.98554 0.09543 0.13998
vn -0.99862 0.01487 0.05035
vn -0.89269 -0.34932 -0.28475
vn -0.81677 -0.49312 -0.29955
vn -0.64081 -0.61001 -0.46611
vn -0.65859 -0.57202 -0.48893
vn -0.98194 0.09795 0.16188
vn -0.92688 0.22030 0.30390
vn -0.91269 -0.33912 -0.22802
vn -0.72744 -0.54526 -0.41656
vn -0.99004 0.03994 0.13504
vn -0.88435 -0.40115 -0.23875
vn -0.99270 -0.04123 0.11332
vn -0.86574 0.38185 0.32355
vn -0.97397 0.10834 0.19909
vn -0.94952 -0.31290 0.02259
vn 0.00000 0.98168 -0.19055
vn -0.99919 0.03328 0.02281
vn -0.99761 0.05971 0.03478
vn -0.99076 0.13469 0.01603
vn -0.46092 -0.86069 0.21628
vn -0.50800 -0.82693 0.24110
vn 0.00000 -0.97983 0.19984
vn 0.00000 -0.98422 0.17694
vn -0.97413 -0.22595 0.00452
vn -0.90919 -0.39866 -0.12023
vn 0.00000 -0.99976 -0.02209
vn 0.00000 -1.00000 0.00259
vn -0.00000 0.99976 -0.02174
vn -0.00000 0.99999 -0.00517
vn -0.96852 0.15330 0.19613
vn -0.85052 -0.44342 -0.28284
vn -0.88418 0.29909 0.35884
vn -0.99707 0.04486 0.06195
vn -0.00000 0.94499 -0.32709
vn 0.00000 0.53396 0.84551
vn -0.99857 0.04491 0.02903
vn -0.00000 -0.52159 0.85320
vn 0.00000 -0.31812 0.94805
vn -0.86567 0.35123 -0.35671
vn -0.77048 0.60881 -0.18898
vn -0.84669 0.50020 -0.18141
vn -0.74809 0.65571 -0.10203
vn -0.75582 0.60294 -0.25533
vn -0.75361 0.63621 -0.16524
vn -0.78744 0.51540 -0.33809
vn -0.58752 -0.63194 -0.50545
vn -0.60584 -0.47038 -0.64164
vn -0.86477 -0.21066 -0.45584
vn -0.63407 -0.65436 -0.41203
vn -0.91238 -0.18325 -0.36604
vn -0.91031 -0.25142 -0.32883
vn -0.66406 -0.67908 -0.31283
vn -0.57232 -0.75844 -0.31182
vn -0.71785 -0.63253 -0.29086
vn -0.00000 -0.96631 -0.25737
vn -0.00000 -0.97817 -0.20780
vn -0.53297 0.50095 -0.68191
vn 0.00000 0.64565 -0.76363
vn 0.00000 0.86346 -0.50441
vn -0.37154 0.82618 -0.42354
vn -0.59121 0.43663 -0.67810
vn 0.00000 0.44121 -0.89740
vn -0.79180 0.54474 -0.27625
vn -0.76382 0.59917 -0.23992
vn -0.89591 0.35119 -0.27205
vn -0.88737 0.34110 -0.31020
vn -0.80591 0.33596 -0.48748
vn -0.68677 0.56175 -0.46127
vn -0.50591 0.86065 -0.05782
vn -0.66433 0.71467 -0.21891
vn -0.00000 0.98491 -0.17308
vn -0.00000 0.99672 -0.08095
vn -0.60993 0.77922 -0.14425
vn -0.65462 0.73706 -0.16797
vn 0.00000 0.98729 -0.15892
vn -0.00000 0.99020 -0.13965
vn -0.00000 -0.97486 -0.22282
vn -0.92196 0.35194 -0.16164
vn -0.97792 -0.14616 -0.14935
vn -0.96526 0.14212 -0.21925
vn -0.89130 0.37970 -0.24781
vn 0.00000 0.93322 -0.35930
vn -0.51394 0.75557 -0.40618
vn -0.47612 0.83084 -0.28814
vn 0.00000 0.96258 -0.27100
vn -0.63670 0.74902 -0.18326
vn -0.98310 0.13129 -0.12755
vn -0.97267 0.21744 -0.08144
vn -0.62905 -0.73839 -0.24305
vn -0.00000 -0.95763 -0.28800
vn -0.73063 0.59569 -0.33366
vn -0.97378 0.15954 -0.16219
vn -0.80702 0.57958 -0.11317
vn -0.47468 0.86988 -0.13412
vn -0.00000 0.97039 -0.24155
vn -0.00000 0.97439 -0.22486
vn -0.62657 -0.75068 -0.20950
vn -0.90931 -0.17488 -0.37758
vn -0.69847 -0.64096 -0.31830
vn -0.39233 0.88106 -0.26420
vn -0.48037 0.80890 -0.33899
vn 0.00000 0.97080 -0.23989
vn -0.00000 -0.96423 -0.26508
vn -0.00000 -0.77489 -0.63209
vn 0.12131 -0.98984 -0.07420
vn 0.32050 0.38895 -0.86371
vn -0.00000 -0.81302 -0.58224
vn -0.00000 -0.99923 -0.03924
vn 0.11884 -0.99195 0.04379
vn 0.10640 -0.99428 0.00887
vn -0.00000 -0.99985 0.01747
vn -0.00000 -0.99858 0.05319
vn 0.14080 -0.98738 0.07245
vn 0.12954 -0.98857 0.07708
vn -0.00000 -0.99730 0.07338
vn -0.00000 -0.99794 0.06416
vn 0.28762 0.95262 0.09895
vn 0.00000 0.99123 0.13219
vn 0.00000 0.99871 0.05079
vn 0.23884 0.96929 0.05856
vn 0.00000 0.99975 0.02236
vn 0.18362 0.98129 0.05785
vn 0.00000 0.99947 0.03255
vn 0.13406 0.99042 0.03305
vn 0.00000 0.93792 -0.34685
vn 0.32050 0.38895 -0.86371
vn 0.27990 0.94534 0.16730
vn 0.00000 0.98169 0.19047
vn 0.00000 -0.98234 -0.18710
vn 0.00000 -0.97703 -0.21311
vn -0.70260 -0.67824 -0.21527
vn -0.57928 0.81187 -0.07276
vn -0.81780 0.53761 -0.20535
vn -0.54908 0.75694 -0.35433
vn -0.69250 0.50160 -0.51850
vn -0.90549 0.14669 -0.39822
vn -0.98639 0.16241 0.02559
vn -0.79875 0.56812 0.19810
vn -0.81030 -0.20013 -0.55079
vn -0.81030 -0.20013 -0.55079
vn -0.81030 -0.20013 -0.55079
vn -0.72463 -0.09475 -0.68259
vn -0.72463 -0.09475 -0.68259
vn -0.72463 -0.09475 -0.68259
vn -0.60719 0.08682 -0.78980
vn -0.64472 -0.04475 -0.76311
vn -0.00000 0.10927 -0.99401
vn -0.00000 0.26111 -0.96531
vn -0.97596 -0.17124 -0.13479
vn -0.97596 -0.17124 -0.13479
vn -0.97596 -0.17124 -0.13479
vn -0.97328 -0.15891 -0.16575
vn -0.97328 -0.15891 -0.16575
vn -0.97328 -0.15891 -0.16575
vn -0.97313 -0.06948 -0.21952
vn -0.97313 -0.06948 -0.21952
vn -0.97313 -0.06948 -0.21952
vn -0.96510 0.00692 -0.26180
vn -0.96510 0.00692 -0.26180
vn -0.96510 0.00692 -0.26180
vn -0.95047 -0.21053 -0.22867
vn -0.95047 -0.21053 -0.22867
vn -0.95047 -0.21053 -0.22867
vn -0.94805 -0.21153 -0.23760
vn -0.94805 -0.21153 -0.23760
vn -0.94805 -0.21153 -0.23760
vn -0.96694 -0.20467 -0.15209
vn -0.96694 -0.20467 -0.15209
vn -0.96694 -0.20467 -0.15209
vn -0.94729 0.12887 -0.29331
vn -0.94729 0.12887 -0.29331
vn -0.94729 0.12887 -0.29331
vn -0.95371 0.05674 -0.29532
vn -0.95371 0.05674 -0.29532
vn -0.95371 0.05674 -0.29532
vn -0.95092 0.09961 -0.29296
vn -0.95092 0.09961 -0.29296
vn -0.95092 0.09961 -0.29296
vn -0.95138 -0.04751 -0.30435
vn -0.95138 -0.04751 -0.30435
vn -0.95138 -0.04751 -0.30435
vn -0.98188 -0.12866 -0.13913
vn -0.98188 -0.12866 -0.13913
vn -0.98188 -0.12866 -0.13913
vn -0.89004 -0.05466 -0.45260
vn -0.89004 -0.05466 -0.45260
vn -0.89004 -0.05466 -0.45260
vn -0.96174 0.08226 -0.26132
vn -0.96174 0.08226 -0.26132
vn -0.96174 0.08226 -0.26132
vn -0.92865 0.03138 -0.36963
vn -0.92865 0.03138 -0.36963
vn -0.92865 0.03138 -0.36963
vn -0.92876 -0.04907 -0.36741
vn -0.92876 -0.04907 -0.36741
vn -0.92876 -0.04907 -0.36741
vn -0.96790 -0.19894 -0.15357
vn -0.96790 -0.19894 -0.15357
vn -0.96790 -0.19894 -0.15357
vn -0.97766 0.07304 0.19709
vn -0.97766 0.07304 0.19709
vn -0.97766 0.07304 0.19709
vn -0.96754 -0.08477 -0.23807
vn -0.96754 -0.08477 -0.23807
vn -0.96754 -0.08477 -0.23807
vn -0.52423 -0.00566 -0.85156
vn -0.00000 -0.00651 -0.99998
vn -0.00000 -0.00665 -0.99998
vn -0.52417 -0.00578 -0.85160
vn -0.89372 0.01252 -0.44845
vn -0.89372 0.01252 -0.44845
vn -0.89372 0.01252 -0.44845
vn -0.95047 0.09905 -0.29462
vn -0.95047 0.09905 -0.29462
vn -0.95047 0.09905 -0.29462
vn -0.97185 -0.12137 0.20191
vn -0.97185 -0.12137 0.20191
vn -0.97185 -0.12137 0.20191
vn 0.00000 0.15354 0.98814
vn -0.97876 0.11721 0.16818
vn 0.00000 0.92104 -0.38947
vn -0.21816 0.97544 -0.03037
vn -0.06790 0.99670 0.04449
vn -0.06694 0.92263 -0.37983
vn -0.04556 0.80925 -0.58569
vn -0.03411 0.99893 0.03137
vn -0.15772 0.93286 -0.32389
vn -0.00756 -0.11186 -0.99369
vn 0.08422 -0.07899 -0.99331
vn -0.24340 -0.16081 -0.95650
vn -0.17450 -0.89823 -0.40341
vn -0.69847 -0.64096 -0.31830
vn -0.56079 0.06350 -0.82552
vn 0.06389 0.90733 0.41553
vn 0.20259 -0.39164 0.89754
vn 0.28754 0.20771 0.93497
vn 0.06406 0.92163 0.38274
vn 0.20259 -0.39164 0.89754
vn -0.03816 -0.96587 0.25619
vn 0.04741 -0.97416 0.22084
vn 0.28754 0.20771 0.93497
vn -0.50412 0.86336 0.02180
vn -0.66302 0.64716 0.37628
vn -0.24725 0.89714 0.36607
vn -0.07160 -0.97285 -0.22008
vn -0.08098 -0.98312 -0.16407
vn -0.21191 -0.35155 0.91187
vn -0.14973 0.92556 0.34773
vn -0.58037 0.72086 -0.37885
vn -0.86243 0.44312 0.24465
vn -0.30082 0.94960 0.08814
vn -0.40690 0.01967 0.91326
vn -0.40690 0.01967 0.91326
vn -0.39209 -0.88676 0.24481
vn -0.03825 -0.98525 0.16679
vn -0.21191 -0.35155 0.91187
vn -0.29369 -0.95206 0.08560
vn -0.86243 0.44312 0.24465
vn -0.13720 -0.98433 -0.11080
vn -0.77602 -0.59509 0.20896
vn -0.91370 0.08445 0.39751
vn -0.91370 0.08445 0.39751
vn -0.37156 0.90231 -0.21858
vn -0.72602 -0.33830 -0.59870
vn -0.66302 0.64716 0.37628
vn -0.50412 0.86336 0.02180
vn -0.58037 0.72086 -0.37885
vn -0.56079 0.06350 -0.82552
vn -0.90931 -0.17488 -0.37758
vn -0.91370 0.08445 0.39751
vn -0.73063 -0.65452 -0.19439
vn -0.90495 -0.35386 -0.23633
vn -0.77602 -0.59509 0.20896
vn -0.57854 -0.81541 0.01988
vn -0.52525 0.84677 0.08426
vn -0.13458 0.99044 0.03030
vn -0.25142 0.93293 -0.25774
vn -0.58488 0.76403 -0.27236
vn -0.16090 0.98585 0.04704
vn -0.33280 0.91800 -0.21569
vn -0.33173 -0.06718 -0.94098
vn -0.74395 -0.15147 -0.65084
vn -0.51447 -0.10838 -0.85063
vn -0.16629 -0.96876 -0.18397
vn -0.47472 -0.87870 0.05029
vn -0.94631 -0.30881 -0.09555
vn 0.10516 0.95183 0.28804
vn 0.59415 -0.30668 0.74359
vn 0.58163 0.31723 0.74905
vn 0.05152 0.94244 0.33038
vn 0.59415 -0.30668 0.74359
vn 0.21227 -0.95922 0.18665
vn 0.25478 -0.94968 0.18222
vn 0.58163 0.31723 0.74905
vn -0.89051 0.37912 0.25152
vn -0.85691 0.20194 0.47426
vn -0.40700 0.80797 0.42607
vn 0.03283 -0.97542 -0.21789
vn 0.00061 -0.98755 -0.15731
vn 0.12329 -0.32398 0.93800
vn -0.14714 0.91555 0.37432
vn -0.94673 0.31940 -0.04107
vn -0.70266 0.45761 0.54485
vn -0.34409 0.92230 0.17597
vn -0.24575 -0.04964 0.96806
vn -0.24575 -0.04964 0.96806
vn -0.05581 -0.96524 0.25534
vn 0.14672 -0.97427 0.17108
vn 0.12329 -0.32398 0.93800
vn -0.09429 -0.97807 0.18570
vn -0.70266 0.45761 0.54485
vn -0.01539 -0.99834 -0.05545
vn -0.74459 -0.51145 0.42895
vn -0.36892 -0.88798 0.27458
vn -0.74459 -0.51145 0.42895
vn -0.46191 0.88440 -0.06682
vn -0.83928 -0.42572 -0.33819
vn -0.85691 0.20194 0.47426
vn -0.89051 0.37912 0.25152
vn -0.94673 0.31940 -0.04107
vn -0.94631 -0.30881 -0.09555
vn -0.47472 -0.87870 0.05029
vn -0.74459 -0.51145 0.42895
vn -0.36892 -0.88798 0.27458
vn -0.46092 -0.86069 0.21628
vn -0.36892 -0.88798 0.27458
vn -0.74459 -0.51145 0.42895
vn -0.94904 -0.28161 0.14149
vn -0.77602 -0.59509 0.20896
vn -0.00000 -0.95795 -0.28695
vn -0.00000 -0.65837 -0.75269
vn -0.00000 0.90497 -0.42548
vn -0.00000 -0.81302 -0.58224
vn -0.95696 0.16199 0.24079
vn -0.00000 0.51228 0.85882
vn 0.00000 0.53043 0.84773
vn -0.93806 0.20669 0.27809
vn -0.95696 0.16199 0.24079
vn 0.00000 0.15354 0.98814
vn -0.88831 0.36081 0.28411
vn -0.00000 0.71240 0.70177
vn -0.00000 0.68551 0.72806
vn -0.95622 0.08542 0.27990
vn -0.93806 0.20669 0.27809
vn -0.90955 -0.31592 -0.27002
vn -0.00000 -0.77540 -0.63147
vn -0.00000 -0.72986 -0.68360
vn -0.93301 -0.25562 -0.25328
vn -0.93406 -0.30063 -0.19274
vn 0.00000 -0.87568 -0.48289
vn 0.00000 -0.79742 -0.60343
vn -0.92731 -0.29649 -0.22843
vn -0.94671 -0.32052 -0.03164
vn 0.00000 -0.98438 0.17606
vn 0.00000 -0.96471 -0.26331
vn -0.90884 -0.39308 -0.13965
vn -0.90955 -0.31592 -0.27002
vn 0.00000 -0.71775 -0.69630
vn 0.00000 -0.46908 0.88315
vn -0.96542 -0.22732 0.12763
vn -0.96542 -0.22732 0.12763
vn 0.00000 -0.46908 0.88315
vn -0.93406 -0.30063 -0.19274
vn -0.97921 0.20285 0.00106
vn 0.00000 0.99977 0.02152
vn -0.94878 0.31465 0.02842
vn -0.00000 0.99786 0.06545
vn 0.00000 0.99753 0.07030
vn 0.68875 0.72066 -0.07922
vn 0.67292 0.72594 -0.14210
vn 0.80942 0.56959 0.14288
vn -0.00000 0.99479 0.10191
vn 0.73221 0.67797 0.06498
vn 0.91685 0.39084 0.08144
vn 0.83154 0.55302 -0.05204
vn 0.92511 0.32487 -0.19652
vn 0.56820 -0.79975 -0.19378
vn 0.00000 -0.98910 -0.14721
vn 0.00000 -0.99984 -0.01764
vn 0.57854 -0.81541 0.01988
vn 0.00000 -0.99441 0.10558
vn 0.58172 -0.80368 0.12528
vn 0.82738 0.51804 0.21696
vn -0.00000 0.97668 0.21471
vn 0.81670 0.56853 0.09884
vn 0.96120 0.26215 0.08580
vn 0.72128 0.69202 0.02918
vn 0.65735 0.75356 0.00510
vn 0.98687 0.13396 0.09026
vn 0.97810 0.14296 0.15129
vn 0.96017 0.07217 0.26993
vn 0.53454 -0.82804 0.16917
vn 0.62299 -0.75203 0.21526
vn 0.91901 -0.33086 0.21435
vn 0.94631 -0.30881 -0.09555
vn 0.97806 0.16308 0.12962
vn -0.00000 0.96355 0.26753
vn -0.00000 0.95231 0.30514
vn 0.97331 0.05795 0.22204
vn 0.79243 -0.60976 -0.01570
vn 0.95937 0.26726 0.09042
vn 0.99730 0.01347 0.07220
vn 0.75143 -0.65976 0.00864
vn 0.82738 0.51804 0.21696
vn -0.00000 0.97668 0.21471
vn 0.71628 -0.66199 0.22069
vn 0.74459 -0.51145 0.42895
vn 0.50800 -0.82693 0.24110
vn 0.96017 0.07217 0.26993
vn 0.00000 -0.97983 0.19984
vn 0.00000 -0.97764 0.21027
vn 0.00000 -0.99881 0.04886
vn 0.77362 -0.63186 0.04768
vn 0.84026 0.53314 0.09866
vn 0.82197 0.55717 0.11800
vn 0.97331 0.20445 0.10425
vn 0.81287 -0.58174 0.02868
vn -0.00000 0.97909 0.20344
vn 0.99422 0.06798 0.08306
vn 0.86543 0.48373 0.13055
vn 0.79893 -0.59121 -0.11040
vn 0.00000 -0.99778 -0.06661
vn -0.00000 -0.94911 -0.31494
vn 0.91401 0.33271 0.23216
vn 0.99862 0.01487 0.05035
vn 0.98554 0.09543 0.13998
vn 0.93963 0.22658 0.25645
vn 0.81677 -0.49312 -0.29955
vn 0.89269 -0.34932 -0.28475
vn 0.64081 -0.61001 -0.46611
vn 0.65859 -0.57202 -0.48893
vn 0.98194 0.09795 0.16188
vn 0.92688 0.22030 0.30390
vn 0.91269 -0.33912 -0.22802
vn 0.72744 -0.54526 -0.41656
vn 0.88435 -0.40115 -0.23875
vn 0.99004 0.03994 0.13504
vn 0.99270 -0.04123 0.11332
vn 0.94952 -0.31290 0.02259
vn 0.97397 0.10834 0.19909
vn 0.86574 0.38185 0.32355
vn 0.00000 0.98168 -0.19055
vn 0.99076 0.13469 0.01603
vn 0.99761 0.05971 0.03478
vn 0.99919 0.03328 0.02281
vn 0.46092 -0.86069 0.21628
vn 0.50800 -0.82693 0.24110
vn 0.90919 -0.39866 -0.12023
vn 0.97413 -0.22595 0.00452
vn 0.00000 -0.99976 -0.02209
vn 0.00000 -1.00000 0.00259
vn 0.96852 0.15330 0.19613
vn 0.85052 -0.44342 -0.28284
vn 0.88418 0.29909 0.35884
vn 0.99707 0.04486 0.06195
vn 0.00000 0.53396 0.84551
vn -0.00000 0.94499 -0.32709
vn 0.99857 0.04491 0.02903
vn 0.00000 -0.31812 0.94805
vn -0.00000 -0.52159 0.85320
vn 0.86567 0.35123 -0.35671
vn 0.84669 0.50020 -0.18141
vn 0.77048 0.60881 -0.18898
vn 0.74809 0.65571 -0.10203
vn 0.75582 0.60294 -0.25533
vn 0.75361 0.63621 -0.16524
vn 0.78744 0.51540 -0.33809
vn 0.58752 -0.63194 -0.50545
vn 0.63407 -0.65436 -0.41203
vn 0.86477 -0.21066 -0.45584
vn 0.60584 -0.47038 -0.64164
vn 0.91238 -0.18325 -0.36604
vn 0.57232 -0.75844 -0.31182
vn 0.66406 -0.67908 -0.31283
vn 0.91031 -0.25142 -0.32883
vn 0.71785 -0.63253 -0.29086
vn 0.53297 0.50095 -0.68191
vn 0.37154 0.82618 -0.42354
vn 0.59121 0.43663 -0.67810
vn 0.79180 0.54474 -0.27625
vn 0.88737 0.34110 -0.31020
vn 0.89591 0.35119 -0.27205
vn 0.76382 0.59917 -0.23992
vn 0.68677 0.56175 -0.46127
vn 0.80591 0.33596 -0.48748
vn 0.50591 0.86065 -0.05782
vn 0.66433 0.71467 -0.21891
vn 0.60993 0.77922 -0.14425
vn 0.65462 0.73706 -0.16797
vn 0.92196 0.35194 -0.16164
vn 0.89130 0.37970 -0.24781
vn 0.96526 0.14212 -0.21924
vn 0.97792 -0.14616 -0.14935
vn 0.47612 0.83084 -0.28814
vn 0.51394 0.75557 -0.40618
vn 0.63670 0.74902 -0.18326
vn 0.97267 0.21744 -0.08144
vn 0.98310 0.13129 -0.12755
vn 0.62905 -0.73839 -0.24305
vn 0.73063 0.59569 -0.33366
vn 0.97378 0.15954 -0.16219
vn 0.80702 0.57958 -0.11317
vn 0.47468 0.86988 -0.13412
vn 0.69847 -0.64096 -0.31830
vn 0.90931 -0.17488 -0.37758
vn 0.62657 -0.75068 -0.20950
vn 0.39233 0.88106 -0.26420
vn 0.48037 0.80890 -0.33899
vn -0.12131 -0.98984 -0.07420
vn -0.32050 0.38895 -0.86371
vn -0.11884 -0.99195 0.04379
vn -0.10640 -0.99428 0.00887
vn -0.14080 -0.98738 0.07245
vn -0.12954 -0.98857 0.07708
vn -0.28762 0.95262 0.09895
vn -0.23884 0.96929 0.05856
vn -0.18362 0.98129 0.05785
vn -0.13406 0.99042 0.03305
vn -0.32050 0.38895 -0.86371
vn -0.27990 0.94534 0.16730
vn 0.70260 -0.67824 -0.21527
vn 0.57928 0.81187 -0.07276
vn 0.54908 0.75694 -0.35433
vn 0.81780 0.53761 -0.20535
vn 0.69250 0.50160 -0.51850
vn 0.90549 0.14669 -0.39822
vn 0.98639 0.16241 0.02559
vn 0.79875 0.56812 0.19810
vn 0.81030 -0.20013 -0.55079
vn 0.81030 -0.20013 -0.55079
vn 0.81030 -0.20013 -0.55079
vn 0.72463 -0.09475 -0.68259
vn 0.72463 -0.09475 -0.68259
vn 0.72463 -0.09475 -0.68259
vn 0.60719 0.08682 -0.78980
vn 0.64472 -0.04475 -0.76311
vn 0.97596 -0.17124 -0.13479
vn 0.97596 -0.17124 -0.13479
vn 0.97596 -0.17124 -0.13479
vn 0.97328 -0.15891 -0.16575
vn 0.97328 -0.15891 -0.16575
vn 0.97328 -0.15891 -0.16575
vn 0.97313 -0.06948 -0.21952
vn 0.97313 -0.06948 -0.21952
vn 0.97313 -0.06948 -0.21952
vn 0.96510 0.00692 -0.26180
vn 0.96510 0.00692 -0.26180
vn 0.96510 0.00692 -0.26180
vn 0.95047 -0.21053 -0.22867
vn 0.95047 -0.21053 -0.22867
vn 0.95047 -0.21053 -0.22867
vn 0.94805 -0.21153 -0.23760
vn 0.94805 -0.21153 -0.23760
vn 0.94805 -0.21153 -0.23760
vn 0.96694 -0.20467 -0.15209
vn 0.96694 -0.20467 -0.15209
vn 0.96694 -0.20467 -0.15209
vn 0.94729 0.12887 -0.29331
vn 0.94729 0.12887 -0.29331
vn 0.94729 0.12887 -0.29331
vn 0.95371 0.05674 -0.29532
vn 0.95371 0.05674 -0.29532
vn 0.95371 0.05674 -0.29532
vn 0.95092 0.09961 -0.29296
vn 0.95092 0.09961 -0.29296
vn 0.95092 0.09961 -0.29296
vn 0.95138 -0.04751 -0.30435
vn 0.95138 -0.04751 -0.30435
vn 0.95138 -0.04751 -0.30435
vn 0.98188 -0.12866 -0.13913
vn 0.98188 -0.12866 -0.13913
vn 0.98188 -0.12866 -0.13913
vn 0.89004 -0.05466 -0.45260
vn 0.89004 -0.05466 -0.45260
vn 0.89004 -0.05466 -0.45260
vn 0.96174 0.08226 -0.26132
vn 0.96174 0.08226 -0.26132
vn 0.96174 0.08226 -0.26132
vn 0.92865 0.03138 -0.36963
vn 0.92865 0.03138 -0.36963
vn 0.92865 0.03138 -0.36963
vn 0.92876 -0.04907 -0.36741
vn 0.92876 -0.04907 -0.36741
vn 0.92876 -0.04907 -0.36741
vn 0.96790 -0.19894 -0.15357
vn 0.96790 -0.19894 -0.15357
vn 0.96790 -0.19894 -0.15357
vn 0.97766 0.07304 0.19709
vn 0.97766 0.07304 0.19709
vn 0.97766 0.07304 0.19709
vn 0.96754 -0.08477 -0.23807
vn 0.96754 -0.08477 -0.23807
vn 0.96754 -0.08477 -0.23807
vn 0.52423 -0.00566 -0.85156
vn 0.52417 -0.00578 -0.85160
vn 0.89372 0.01252 -0.44845
vn 0.89372 0.01252 -0.44845
vn 0.89372 0.01252 -0.44845
vn 0.95047 0.09905 -0.29462
vn 0.95047 0.09905 -0.29462
vn 0.95047 0.09905 -0.29462
vn 0.97185 -0.12137 0.20191
vn 0.97185 -0.12137 0.20191
vn 0.97185 -0.12137 0.20191
vn 0.97876 0.11721 0.16818
vn 0.00000 0.15354 0.98814
vn 0.00000 0.92104 -0.38947
vn 0.21816 0.97544 -0.03037
vn 0.04556 0.80925 -0.58569
vn 0.06694 0.92263 -0.37983
vn 0.06790 0.99670 0.04449
vn 0.15772 0.93286 -0.32389
vn 0.03411 0.99893 0.03137
vn 0.00756 -0.11186 -0.99369
vn -0.08422 -0.07899 -0.99331
vn 0.24340 -0.16081 -0.95650
vn 0.17450 -0.89823 -0.40341
vn 0.56079 0.06350 -0.82552
vn 0.69847 -0.64096 -0.31830
vn -0.06389 0.90733 0.41553
vn -0.06406 0.92163 0.38274
vn -0.28754 0.20771 0.93497
vn -0.20259 -0.39164 0.89754
vn -0.20259 -0.39164 0.89754
vn -0.28754 0.20771 0.93497
vn -0.04740 -0.97416 0.22084
vn 0.03816 -0.96587 0.25619
vn 0.50412 0.86336 0.02180
vn 0.24725 0.89714 0.36607
vn 0.66302 0.64716 0.37628
vn 0.07160 -0.97285 -0.22008
vn 0.08098 -0.98312 -0.16407
vn 0.14973 0.92556 0.34773
vn 0.21191 -0.35155 0.91187
vn 0.58037 0.72086 -0.37885
vn 0.30082 0.94960 0.08814
vn 0.86243 0.44312 0.24465
vn 0.40690 0.01967 0.91326
vn 0.39209 -0.88676 0.24481
vn 0.40690 0.01967 0.91326
vn 0.21191 -0.35155 0.91187
vn 0.03825 -0.98525 0.16679
vn 0.86243 0.44312 0.24465
vn 0.29369 -0.95206 0.08560
vn 0.13720 -0.98433 -0.11080
vn 0.77602 -0.59509 0.20896
vn 0.91370 0.08445 0.39751
vn 0.91370 0.08445 0.39751
vn 0.72602 -0.33830 -0.59870
vn 0.37156 0.90231 -0.21858
vn 0.66302 0.64716 0.37628
vn 0.50412 0.86336 0.02180
vn 0.58037 0.72086 -0.37885
vn 0.56079 0.06350 -0.82552
vn 0.90931 -0.17488 -0.37758
vn 0.91370 0.08445 0.39751
vn 0.73063 -0.65452 -0.19439
vn 0.90495 -0.35386 -0.23633
vn 0.57854 -0.81541 0.01988
vn 0.77602 -0.59509 0.20896
vn 0.52525 0.84677 0.08426
vn 0.58488 0.76403 -0.27236
vn 0.25142 0.93293 -0.25774
vn 0.13458 0.99044 0.03030
vn 0.33280 0.91800 -0.21569
vn 0.16090 0.98585 0.04704
vn 0.33173 -0.06718 -0.94098
vn 0.74395 -0.15147 -0.65084
vn 0.51447 -0.10838 -0.85063
vn 0.16629 -0.96876 -0.18397
vn 0.94631 -0.30881 -0.09555
vn 0.47472 -0.87870 0.05029
vn -0.10516 0.95183 0.28804
vn -0.05152 0.94244 0.33038
vn -0.58163 0.31723 0.74905
vn -0.59415 -0.30668 0.74359
vn -0.59415 -0.30668 0.74359
vn -0.58163 0.31723 0.74905
vn -0.25478 -0.94968 0.18222
vn -0.21227 -0.95922 0.18665
vn 0.89051 0.37912 0.25152
vn 0.40701 0.80797 0.42607
vn 0.85691 0.20194 0.47426
vn -0.03283 -0.97542 -0.21789
vn -0.00061 -0.98755 -0.15731
vn 0.14714 0.91555 0.37432
vn -0.12329 -0.32398 0.93800
vn 0.94673 0.31940 -0.04107
vn 0.34410 0.92230 0.17597
vn 0.70266 0.45760 0.54485
vn 0.24575 -0.04964 0.96806
vn 0.05581 -0.96524 0.25534
vn 0.24575 -0.04964 0.96806
vn -0.12329 -0.32398 0.93800
vn -0.14672 -0.97427 0.17108
vn 0.70266 0.45760 0.54485
vn 0.09429 -0.97807 0.18570
vn 0.01539 -0.99834 -0.05545
vn 0.36892 -0.88798 0.27458
vn 0.74459 -0.51145 0.42895
vn 0.74459 -0.51145 0.42895
vn 0.83928 -0.42572 -0.33819
vn 0.46191 0.88440 -0.06682
vn 0.85691 0.20194 0.47426
vn 0.89051 0.37912 0.25152
vn 0.94673 0.31940 -0.04107
vn 0.94631 -0.30881 -0.09555
vn 0.47472 -0.87870 0.05029
vn 0.74459 -0.51145 0.42895
vn 0.36892 -0.88798 0.27458
vn 0.46092 -0.86069 0.21628
vn 0.74459 -0.51145 0.42895
vn 0.36892 -0.88798 0.27458
vn 0.94904 -0.28161 0.14149
vn 0.77602 -0.59509 0.20896
vn 0.95696 0.16199 0.24079
vn 0.93806 0.20669 0.27809
vn 0.00000 0.53043 0.84773
vn -0.00000 0.51228 0.85882
vn 0.00000 0.15354 0.98814
vn 0.95696 0.16199 0.24079
vn 0.88831 0.36081 0.28411
vn 0.95622 0.08542 0.27990
vn -0.00000 0.68551 0.72806
vn -0.00000 0.71240 0.70177
vn 0.93806 0.20669 0.27809
vn 0.90955 -0.31592 -0.27002
vn 0.93301 -0.25562 -0.25328
vn -0.00000 -0.72986 -0.68360
vn -0.00000 -0.77540 -0.63147
vn 0.93406 -0.30063 -0.19274
vn 0.92731 -0.29649 -0.22843
vn 0.00000 -0.79742 -0.60343
vn 0.00000 -0.87568 -0.48289
vn 0.94671 -0.32052 -0.03164
vn 0.90884 -0.39308 -0.13965
vn 0.00000 -0.96471 -0.26331
vn 0.00000 -0.98438 0.17606
vn 0.90955 -0.31592 -0.27002
vn 0.00000 -0.71775 -0.69630
vn 0.96542 -0.22732 0.12763
vn 0.00000 -0.46908 0.88315
vn 0.96542 -0.22732 0.12763
vn 0.00000 -0.46908 0.88315
vn 0.93406 -0.30063 -0.19274
vn 0.97921 0.20285 0.00106
vn 0.00000 0.99977 0.02152
vn 0.94878 0.31465 0.02842
vn -0.00000 0.99786 0.06545
vn 0.00000 0.99753 0.07030
f 490/490/490 491/491/491 488/488/488
f 498/498/498 496/496/496 490/490/490
f 490/490/490 493/493/493 498/498/498
f 491/491/491 490/490/490 496/496/496
f 498/498/498 493/493/493 495/495/495
f 493/493/493 492/492/492 494/494/494
f 494/494/494 495/495/495 493/493/493
f 487/487/487 494/494/494 492/492/492
f 492/492/492 485/485/485 487/487/487
f 486/486/486 487/487/487 485/485/485
f 495/495/495 499/499/499 498/498/498
f 500/500/500 498/498/498 499/499/499
f 499/499/499 517/517/517 500/500/500
f 501/501/501 496/496/496 498/498/498
f 498/498/498 500/500/500 501/501/501
f 512/512/512 500/500/500 517/517/517
f 502/502/502 501/501/501 500/500/500
f 500/500/500 512/512/512 502/502/502
f 501/501/501 518/518/518 497/497/497
f 411/411/411 412/412/412 409/409/409
f 409/409/409 410/410/410 411/411/411
f 411/411/411 422/422/422 412/412/412
f 410/410/410 421/421/421 416/416/416
f 416/416/416 415/415/415 410/410/410
f 415/415/415 416/416/416 413/413/413
f 413/413/413 414/414/414 415/415/415
f 414/414/414 427/427/427 420/420/420
f 420/420/420 419/419/419 414/414/414
f 419/419/419 420/420/420 417/417/417
f 417/417/417 418/418/418 419/419/419
f 418/418/418 417/417/417 425/425/425
f 425/425/425 426/426/426 418/418/418
f 793/793/793 794/794/794 791/791/791
f 791/791/791 792/792/792 793/793/793
f 793/793/793 792/792/792 804/804/804
f 794/794/794 797/797/797 796/796/796
f 796/796/796 803/803/803 794/794/794
f 797/797/797 798/798/798 795/795/795
f 795/795/795 796/796/796 797/797/797
f 798/798/798 801/801/801 800/800/800
f 800/800/800 809/809/809 798/798/798
f 801/801/801 802/802/802 799/799/799
f 799/799/799 800/800/800 801/801/801
f 802/802/802 808/808/808 807/807/807
f 807/807/807 799/799/799 802/802/802
f 62/62/62 65/65/65 58/58/58
f 58/58/58 57/57/57 62/62/62
f 61/61/61 59/59/59 67/67/67
f 65/65/65 67/67/67 59/59/59
f 59/59/59 61/61/61 60/60/60
f 66/66/66 67/67/67 65/65/65
f 65/65/65 64/64/64 66/66/66
f 64/64/64 65/65/65 62/62/62
f 62/62/62 63/63/63 64/64/64
f 72/72/72 66/66/66 64/64/64
f 64/64/64 70/70/70 72/72/72
f 70/70/70 64/64/64 63/63/63
f 69/69/69 66/66/66 72/72/72
f 66/66/66 69/69/69 68/68/68
f 68/68/68 67/67/67 66/66/66
f 67/67/67 68/68/68 61/61/61
f 72/72/72 73/73/73 69/69/69
f 73/73/73 72/72/72 75/75/75
f 74/74/74 75/75/75 72/72/72
f 176/176/176 575/575/575 578/578/578
f 578/578/578 179/179/179 176/176/176
f 176/176/176 179/179/179 178/178/178
f 177/177/177 178/178/178 179/179/179
f 179/179/179 578/578/578 577/577/577
f 577/577/577 180/180/180 179/179/179
f 179/179/179 180/180/180 177/177/177
f 682/682/682 679/679/679 673/673/673
f 673/673/673 699/699/699 682/682/682
f 683/683/683 710/710/710 703/703/703
f 704/704/704 703/703/703 710/710/710
f 710/710/710 711/711/711 704/704/704
f 701/701/701 698/698/698 697/697/697
f 697/697/697 700/700/700 701/701/701
f 698/698/698 686/686/686 685/685/685
f 685/685/685 697/697/697 698/698/698
f 686/686/686 687/687/687 684/684/684
f 684/684/684 685/685/685 686/686/686
f 684/684/684 687/687/687 702/702/702
f 702/702/702 712/712/712 694/694/694
f 182/182/182 181/181/181 191/191/191
f 183/183/183 184/184/184 181/181/181
f 181/181/181 182/182/182 183/183/183
f 182/182/182 192/192/192 584/584/584
f 584/584/584 579/579/579 182/182/182
f 183/183/183 182/182/182 579/579/579
f 191/191/191 192/192/192 182/182/182
f 185/185/185 183/183/183 580/580/580
f 579/579/579 580/580/580 183/183/183
f 184/184/184 183/183/183 185/185/185
f 185/185/185 186/186/186 184/184/184
f 187/187/187 185/185/185 581/581/581
f 580/580/580 581/581/581 185/185/185
f 307/307/307 326/326/326 316/316/316
f 264/264/264 265/265/265 266/266/266
f 652/652/652 653/653/653 654/654/654
f 280/280/280 281/281/281 282/282/282
f 666/666/666 667/667/667 668/668/668
f 174/174/174 169/169/169 172/172/172
f 171/171/171 172/172/172 169/169/169
f 169/169/169 170/170/170 171/171/171
f 172/172/172 175/175/175 174/174/174
f 173/173/173 174/174/174 175/175/175
f 172/172/172 573/573/573 576/576/576
f 576/576/576 175/175/175 172/172/172
f 573/573/573 172/172/172 171/171/171
f 171/171/171 574/574/574 573/573/573
f 175/175/175 576/576/576 575/575/575
f 575/575/575 176/176/176 175/175/175
f 175/175/175 176/176/176 173/173/173
f 178/178/178 173/173/173 176/176/176
f 287/287/287 286/286/286 308/308/308
f 286/286/286 289/289/289 313/313/313
f 313/313/313 306/306/306 286/286/286
f 308/308/308 286/286/286 306/306/306
f 288/288/288 289/289/289 286/286/286
f 286/286/286 287/287/287 288/288/288
f 308/308/308 298/298/298 287/287/287
f 290/290/290 287/287/287 298/298/298
f 291/291/291 288/288/288 287/287/287
f 287/287/287 290/290/290 291/291/291
f 316/316/316 308/308/308 307/307/307
f 298/298/298 308/308/308 316/316/316
f 306/306/306 307/307/307 308/308/308
f 693/693/693 672/672/672 675/675/675
f 672/672/672 692/692/692 699/699/699
f 699/699/699 673/673/673 672/672/672
f 692/692/692 672/672/672 693/693/693
f 674/674/674 675/675/675 672/672/672
f 672/672/672 673/673/673 674/674/674
f 694/694/694 693/693/693 702/702/702
f 675/675/675 684/684/684 693/693/693
f 702/702/702 693/693/693 684/684/684
f 693/693/693 694/694/694 692/692/692
f 684/684/684 675/675/675 677/677/677
f 676/676/676 677/677/677 675/675/675
f 675/675/675 674/674/674 676/676/676
f 369/369/369 352/352/352 351/351/351
f 351/351/351 354/354/354 343/343/343
f 353/353/353 354/354/354 351/351/351
f 351/351/351 352/352/352 353/353/353
f 365/365/365 343/343/343 354/354/354
f 380/380/380 343/343/343 368/368/368
f 343/343/343 380/380/380 344/344/344
f 365/365/365 368/368/368 343/343/343
f 381/381/381 347/347/347 344/344/344
f 344/344/344 380/380/380 381/381/381
f 341/341/341 344/344/344 347/347/347
f 367/367/367 381/381/381 380/380/380
f 380/380/380 368/368/368 367/367/367
f 367/367/367 368/368/368 365/365/365
f 365/365/365 364/364/364 367/367/367
f 364/364/364 365/365/365 354/354/354
f 354/354/354 353/353/353 364/364/364
f 347/347/347 345/345/345 341/341/341
f 342/342/342 341/341/341 345/345/345
f 363/363/363 347/347/347 381/381/381
f 81/81/81 80/80/80 285/285/285
f 80/80/80 83/83/83 428/428/428
f 428/428/428 429/429/429 80/80/80
f 82/82/82 83/83/83 80/80/80
f 80/80/80 81/81/81 82/82/82
f 285/285/285 100/100/100 81/81/81
f 81/81/81 100/100/100 102/102/102
f 102/102/102 283/283/283 81/81/81
f 82/82/82 81/81/81 283/283/283
f 100/100/100 285/285/285 98/98/98
f 98/98/98 97/97/97 100/100/100
f 101/101/101 102/102/102 100/100/100
f 100/100/100 97/97/97 101/101/101
f 316/316/316 299/299/299 298/298/298
f 298/298/298 301/301/301 290/290/290
f 300/300/300 301/301/301 298/298/298
f 298/298/298 299/299/299 300/300/300
f 312/312/312 290/290/290 301/301/301
f 327/327/327 290/290/290 315/315/315
f 290/290/290 327/327/327 291/291/291
f 312/312/312 315/315/315 290/290/290
f 328/328/328 294/294/294 291/291/291
f 291/291/291 327/327/327 328/328/328
f 288/288/288 291/291/291 294/294/294
f 314/314/314 328/328/328 327/327/327
f 327/327/327 315/315/315 314/314/314
f 314/314/314 315/315/315 312/312/312
f 312/312/312 311/311/311 314/314/314
f 311/311/311 312/312/312 301/301/301
f 301/301/301 300/300/300 311/311/311
f 294/294/294 292/292/292 288/288/288
f 289/289/289 288/288/288 292/292/292
f 310/310/310 294/294/294 328/328/328
f 727/727/727 731/731/731 733/733/733
f 733/733/733 729/729/729 727/727/727
f 731/731/731 727/727/727 726/726/726
f 730/730/730 729/729/729 767/767/767
f 766/766/766 767/767/767 729/729/729
f 729/729/729 733/733/733 766/766/766
f 750/750/750 738/738/738 730/730/730
f 767/767/767 753/753/753 730/730/730
f 750/750/750 730/730/730 753/753/753
f 730/730/730 738/738/738 737/737/737
f 754/754/754 753/753/753 767/767/767
f 767/767/767 766/766/766 754/754/754
f 766/766/766 762/762/762 761/761/761
f 761/761/761 760/760/760 766/766/766
f 749/749/749 762/762/762 766/766/766
f 766/766/766 733/733/733 749/749/749
f 748/748/748 749/749/749 733/733/733
f 733/733/733 731/731/731 748/748/748
f 762/762/762 749/749/749 743/743/743
f 744/744/744 743/743/743 749/749/749
f 812/812/812 810/810/810 811/811/811
f 812/812/812 813/813/813 814/814/814
f 811/811/811 813/813/813 812/812/812
f 317/317/317 325/325/325 324/324/324
f 304/304/304 305/305/305 302/302/302
f 304/304/304 310/310/310 323/323/323
f 323/323/323 319/319/319 304/304/304
f 320/320/320 305/305/305 304/304/304
f 304/304/304 319/319/319 320/320/320
f 328/328/328 323/323/323 310/310/310
f 321/321/321 323/323/323 328/328/328
f 323/323/323 321/321/321 319/319/319
f 320/320/320 319/319/319 321/321/321
f 321/321/321 322/322/322 320/320/320
f 328/328/328 322/322/322 321/321/321
f 671/671/671 506/506/506 509/509/509
f 506/506/506 811/811/811 810/810/810
f 810/810/810 507/507/507 506/506/506
f 508/508/508 509/509/509 506/506/506
f 506/506/506 507/507/507 508/508/508
f 509/509/509 522/522/522 671/671/671
f 521/521/521 671/671/671 522/522/522
f 509/509/509 670/670/670 523/523/523
f 523/523/523 522/522/522 509/509/509
f 670/670/670 509/509/509 508/508/508
f 508/508/508 669/669/669 670/670/670
f 669/669/669 785/785/785 783/783/783
f 783/783/783 784/784/784 669/669/669
f 696/696/696 695/695/695 691/691/691
f 690/690/690 706/706/706 709/709/709
f 709/709/709 706/706/706 708/708/708
f 708/708/708 706/706/706 705/705/705
f 705/705/705 707/707/707 708/708/708
f 705/705/705 706/706/706 690/690/690
f 690/690/690 689/689/689 705/705/705
f 690/690/690 691/691/691 688/688/688
f 688/688/688 689/689/689 690/690/690
f 681/681/681 703/703/703 691/691/691
f 691/691/691 695/695/695 681/681/681
f 704/704/704 688/688/688 691/691/691
f 691/691/691 703/703/703 704/704/704
f 681/681/681 695/695/695 678/678/678
f 703/703/703 681/681/681 683/683/683
f 678/678/678 679/679/679 681/681/681
f 682/682/682 683/683/683 681/681/681
f 681/681/681 679/679/679 682/682/682
f 673/673/673 679/679/679 678/678/678
f 362/362/362 345/345/345 347/347/347
f 347/347/347 363/363/363 362/362/362
f 348/348/348 346/346/346 345/345/345
f 345/345/345 362/362/362 348/348/348
f 345/345/345 346/346/346 342/342/342
f 342/342/342 346/346/346 350/350/350
f 350/350/350 366/366/366 342/342/342
f 350/350/350 346/346/346 348/348/348
f 349/349/349 348/348/348 371/371/371
f 348/348/348 362/362/362 356/356/356
f 356/356/356 371/371/371 348/348/348
f 348/348/348 349/349/349 350/350/350
f 356/356/356 362/362/362 363/363/363
f 363/363/363 357/357/357 356/356/356
f 370/370/370 371/371/371 356/356/356
f 356/356/356 355/355/355 370/370/370
f 355/355/355 356/356/356 357/357/357
f 371/371/371 378/378/378 349/349/349
f 377/377/377 378/378/378 371/371/371
f 749/749/749 748/748/748 744/744/744
f 743/743/743 759/759/759 762/762/762
f 762/762/762 759/759/759 761/761/761
f 761/761/761 759/759/759 758/758/758
f 758/758/758 760/760/760 761/761/761
f 758/758/758 759/759/759 743/743/743
f 743/743/743 742/742/742 758/758/758
f 743/743/743 744/744/744 741/741/741
f 741/741/741 742/742/742 743/743/743
f 734/734/734 756/756/756 744/744/744
f 744/744/744 748/748/748 734/734/734
f 757/757/757 741/741/741 744/744/744
f 744/744/744 756/756/756 757/757/757
f 734/734/734 748/748/748 731/731/731
f 756/756/756 734/734/734 736/736/736
f 731/731/731 732/732/732 734/734/734
f 735/735/735 736/736/736 734/734/734
f 734/734/734 732/732/732 735/735/735
f 726/726/726 732/732/732 731/731/731
f 44/44/44 50/50/50 51/51/51
f 91/91/91 55/55/55 39/39/39
f 39/39/39 55/55/55 54/54/54
f 39/39/39 90/90/90 91/91/91
f 90/90/90 39/39/39 38/38/38
f 54/54/54 40/40/40 39/39/39
f 38/38/38 39/39/39 40/40/40
f 38/38/38 60/60/60 90/90/90
f 60/60/60 38/38/38 59/59/59
f 58/58/58 59/59/59 38/38/38
f 38/38/38 41/41/41 58/58/58
f 40/40/40 41/41/41 38/38/38
f 52/52/52 40/40/40 54/54/54
f 41/41/41 40/40/40 52/52/52
f 37/37/37 56/56/56 54/54/54
f 54/54/54 56/56/56 52/52/52
f 52/52/52 53/53/53 41/41/41
f 57/57/57 58/58/58 41/41/41
f 41/41/41 53/53/53 57/57/57
f 59/59/59 58/58/58 65/65/65
f 340/340/340 339/339/339 361/361/361
f 339/339/339 342/342/342 366/366/366
f 366/366/366 359/359/359 339/339/339
f 361/361/361 339/339/339 359/359/359
f 341/341/341 342/342/342 339/339/339
f 339/339/339 340/340/340 341/341/341
f 361/361/361 351/351/351 340/340/340
f 343/343/343 340/340/340 351/351/351
f 344/344/344 341/341/341 340/340/340
f 340/340/340 343/343/343 344/344/344
f 369/369/369 361/361/361 360/360/360
f 351/351/351 361/361/361 369/369/369
f 359/359/359 360/360/360 361/361/361
f 746/746/746 725/725/725 728/728/728
f 725/725/725 745/745/745 752/752/752
f 752/752/752 726/726/726 725/725/725
f 745/745/745 725/725/725 746/746/746
f 727/727/727 728/728/728 725/725/725
f 725/725/725 726/726/726 727/727/727
f 747/747/747 746/746/746 755/755/755
f 728/728/728 737/737/737 746/746/746
f 755/755/755 746/746/746 737/737/737
f 746/746/746 747/747/747 745/745/745
f 737/737/737 728/728/728 730/730/730
f 729/729/729 730/730/730 728/728/728
f 728/728/728 727/727/727 729/729/729
f 477/477/477 460/460/460 463/463/463
f 461/461/461 460/460/460 480/480/480
f 481/481/481 480/480/480 460/460/460
f 460/460/460 477/477/477 481/481/481
f 462/462/462 463/463/463 460/460/460
f 460/460/460 461/461/461 462/462/462
f 463/463/463 470/470/470 477/477/477
f 477/477/477 476/476/476 515/515/515
f 515/515/515 481/481/481 477/477/477
f 476/476/476 477/477/477 470/470/470
f 467/467/467 481/481/481 515/515/515
f 480/480/480 481/481/481 467/467/467
f 515/515/515 514/514/514 467/467/467
f 464/464/464 467/467/467 514/514/514
f 467/467/467 466/466/466 480/480/480
f 466/466/466 467/467/467 464/464/464
f 514/514/514 486/486/486 464/464/464
f 485/485/485 464/464/464 486/486/486
f 483/483/483 465/465/465 464/464/464
f 464/464/464 485/485/485 483/483/483
f 464/464/464 465/465/465 466/466/466
f 480/480/480 466/466/466 479/479/479
f 479/479/479 466/466/466 465/465/465
f 484/484/484 478/478/478 465/465/465
f 465/465/465 483/483/483 484/484/484
f 465/465/465 478/478/478 479/479/479
f 489/489/489 483/483/483 485/485/485
f 488/488/488 484/484/484 483/483/483
f 483/483/483 489/489/489 488/488/488
f 485/485/485 492/492/492 489/489/489
f 493/493/493 490/490/490 489/489/489
f 489/489/489 492/492/492 493/493/493
f 488/488/488 489/489/489 490/490/490
f 371/371/371 370/370/370 377/377/377
f 357/357/357 358/358/358 355/355/355
f 357/357/357 363/363/363 376/376/376
f 376/376/376 372/372/372 357/357/357
f 373/373/373 358/358/358 357/357/357
f 357/357/357 372/372/372 373/373/373
f 381/381/381 376/376/376 363/363/363
f 374/374/374 376/376/376 381/381/381
f 376/376/376 374/374/374 372/372/372
f 373/373/373 372/372/372 374/374/374
f 374/374/374 375/375/375 373/373/373
f 381/381/381 375/375/375 374/374/374
f 453/453/453 516/516/516 435/435/435
f 435/435/435 516/516/516 455/455/455
f 435/435/435 455/455/455 447/447/447
f 448/448/448 436/436/436 435/435/435
f 435/435/435 447/447/447 448/448/448
f 770/770/770 769/769/769 516/516/516
f 516/516/516 769/769/769 768/768/768
f 768/768/768 455/455/455 516/516/516
f 773/773/773 455/455/455 768/768/768
f 771/771/771 456/456/456 772/772/772
f 772/772/772 456/456/456 510/510/510
f 87/87/87 510/510/510 456/456/456
f 510/510/510 774/774/774 772/772/772
f 86/86/86 511/511/511 510/510/510
f 510/510/510 87/87/87 86/86/86
f 86/86/86 87/87/87 84/84/84
f 84/84/84 85/85/85 86/86/86
f 386/386/386 388/388/388 84/84/84
f 391/391/391 85/85/85 389/389/389
f 389/389/389 390/390/390 391/391/391
f 453/453/453 454/454/454 458/458/458
f 778/778/778 446/446/446 457/457/457
f 457/457/457 458/458/458 778/778/778
f 779/779/779 778/778/778 720/720/720
f 446/446/446 778/778/778 779/779/779
f 456/456/456 459/459/459 458/458/458
f 458/458/458 457/457/457 456/456/456
f 458/458/458 459/459/459 453/453/453
f 30/30/30 457/457/457 446/446/446
f 456/456/456 457/457/457 30/30/30
f 446/446/446 445/445/445 30/30/30
f 779/779/779 444/444/444 446/446/446
f 445/445/445 446/446/446 444/444/444
f 30/30/30 29/29/29 456/456/456
f 16/16/16 31/31/31 30/30/30
f 30/30/30 17/17/17 16/16/16
f 30/30/30 31/31/31 28/28/28
f 28/28/28 29/29/29 30/30/30
f 456/456/456 29/29/29 87/87/87
f 87/87/87 29/29/29 28/28/28
f 84/84/84 28/28/28 386/386/386
f 28/28/28 31/31/31 33/33/33
f 33/33/33 32/32/32 28/28/28
f 385/385/385 386/386/386 28/28/28
f 28/28/28 84/84/84 87/87/87
f 392/392/392 33/33/33 31/31/31
f 31/31/31 16/16/16 392/392/392
f 26/26/26 33/33/33 392/392/392
f 33/33/33 26/26/26 25/25/25
f 25/25/25 32/32/32 33/33/33
f 392/392/392 24/24/24 26/26/26
f 393/393/393 334/334/334 392/392/392
f 393/393/393 392/392/392 16/16/16
f 24/24/24 392/392/392 334/334/334
f 20/20/20 26/26/26 24/24/24
f 25/25/25 26/26/26 20/20/20
f 24/24/24 23/23/23 20/20/20
f 334/334/334 9/9/9 24/24/24
f 35/35/35 34/34/34 50/50/50
f 54/54/54 34/34/34 37/37/37
f 55/55/55 50/50/50 34/34/34
f 34/34/34 54/54/54 55/55/55
f 36/36/36 37/37/37 34/34/34
f 34/34/34 35/35/35 36/36/36
f 46/46/46 47/47/47 35/35/35
f 35/35/35 44/44/44 46/46/46
f 50/50/50 44/44/44 35/35/35
f 42/42/42 35/35/35 47/47/47
f 36/36/36 35/35/35 42/42/42
f 50/50/50 55/55/55 91/91/91
f 91/91/91 51/51/51 50/50/50
f 9/9/9 22/22/22 23/23/23
f 21/21/21 93/93/93 451/451/451
f 452/452/452 451/451/451 93/93/93
f 23/23/23 93/93/93 21/21/21
f 433/433/433 438/438/438 452/452/452
f 451/451/451 452/452/452 438/438/438
f 451/451/451 449/449/449 21/21/21
f 449/449/449 451/451/451 450/450/450
f 438/438/438 450/450/450 451/451/451
f 450/450/450 438/438/438 720/720/720
f 720/720/720 438/438/438 715/715/715
f 715/715/715 438/438/438 439/439/439
f 438/438/438 433/433/433 439/439/439
f 454/454/454 450/450/450 778/778/778
f 450/450/450 454/454/454 449/449/449
f 720/720/720 778/778/778 450/450/450
f 453/453/453 437/437/437 449/449/449
f 449/449/449 454/454/454 453/453/453
f 21/21/21 449/449/449 437/437/437
f 778/778/778 458/458/458 454/454/454
f 72/72/72 70/70/70 74/74/74
f 74/74/74 70/70/70 71/71/71
f 63/63/63 71/71/71 70/70/70
f 71/71/71 96/96/96 74/74/74
f 75/75/75 74/74/74 76/76/76
f 76/76/76 74/74/74 96/96/96
f 89/89/89 95/95/95 75/75/75
f 76/76/76 89/89/89 75/75/75
f 75/75/75 95/95/95 73/73/73
f 96/96/96 77/77/77 76/76/76
f 89/89/89 76/76/76 79/79/79
f 78/78/78 79/79/79 76/76/76
f 76/76/76 77/77/77 78/78/78
f 79/79/79 88/88/88 89/89/89
f 186/186/186 185/185/185 187/187/187
f 187/187/187 188/188/188 186/186/186
f 189/189/189 187/187/187 582/582/582
f 581/581/581 582/582/582 187/187/187
f 188/188/188 187/187/187 189/189/189
f 189/189/189 190/190/190 188/188/188
f 189/189/189 583/583/583 397/397/397
f 582/582/582 583/583/583 189/189/189
f 189/189/189 397/397/397 190/190/190
f 479/479/479 482/482/482 480/480/480
f 480/480/480 482/482/482 461/461/461
f 470/470/470 475/475/475 476/476/476
f 471/471/471 470/470/470 463/463/463
f 475/475/475 470/470/470 472/472/472
f 470/470/470 471/471/471 472/472/472
f 472/472/472 474/474/474 475/475/475
f 463/463/463 473/473/473 471/471/471
f 468/468/468 473/473/473 463/463/463
f 468/468/468 463/463/463 462/462/462
f 462/462/462 469/469/469 468/468/468
f 51/51/51 48/48/48 44/44/44
f 48/48/48 49/49/49 45/45/45
f 45/45/45 44/44/44 48/48/48
f 44/44/44 45/45/45 46/46/46
f 21/21/21 20/20/20 23/23/23
f 437/437/437 7/7/7 21/21/21
f 21/21/21 7/7/7 6/6/6
f 6/6/6 20/20/20 21/21/21
f 20/20/20 6/6/6 25/25/25
f 6/6/6 5/5/5 25/25/25
f 5/5/5 6/6/6 7/7/7
f 7/7/7 437/437/437 435/435/435
f 435/435/435 436/436/436 7/7/7
f 7/7/7 8/8/8 5/5/5
f 437/437/437 453/453/453 435/435/435
f 770/770/770 453/453/453 771/771/771
f 516/516/516 453/453/453 770/770/770
f 16/16/16 13/13/13 393/393/393
f 17/17/17 14/14/14 13/13/13
f 13/13/13 16/16/16 17/17/17
f 5/5/5 8/8/8 18/18/18
f 5/5/5 27/27/27 94/94/94
f 25/25/25 5/5/5 94/94/94
f 5/5/5 19/19/19 27/27/27
f 18/18/18 19/19/19 5/5/5
f 387/387/387 382/382/382 27/27/27
f 94/94/94 27/27/27 382/382/382
f 384/384/384 25/25/25 94/94/94
f 94/94/94 383/383/383 384/384/384
f 382/382/382 383/383/383 94/94/94
f 384/384/384 385/385/385 25/25/25
f 735/735/735 732/732/732 726/726/726
f 726/726/726 752/752/752 735/735/735
f 736/736/736 763/763/763 756/756/756
f 764/764/764 757/757/757 756/756/756
f 756/756/756 763/763/763 764/764/764
f 754/754/754 751/751/751 750/750/750
f 750/750/750 753/753/753 754/754/754
f 751/751/751 739/739/739 738/738/738
f 738/738/738 750/750/750 751/751/751
f 739/739/739 740/740/740 737/737/737
f 737/737/737 738/738/738 739/739/739
f 737/737/737 740/740/740 755/755/755
f 755/755/755 765/765/765 747/747/747
f 775/775/775 511/511/511 776/776/776
f 776/776/776 777/777/777 775/775/775
f 601/601/601 602/602/602 603/603/603
f 213/213/213 214/214/214 215/215/215
f 246/246/246 247/247/247 248/248/248
f 634/634/634 635/635/635 636/636/636
f 309/309/309 292/292/292 294/294/294
f 294/294/294 310/310/310 309/309/309
f 295/295/295 293/293/293 292/292/292
f 292/292/292 309/309/309 295/295/295
f 292/292/292 293/293/293 289/289/289
f 289/289/289 293/293/293 297/297/297
f 297/297/297 313/313/313 289/289/289
f 297/297/297 293/293/293 295/295/295
f 296/296/296 295/295/295 318/318/318
f 295/295/295 309/309/309 303/303/303
f 303/303/303 318/318/318 295/295/295
f 295/295/295 296/296/296 297/297/297
f 303/303/303 309/309/309 310/310/310
f 310/310/310 304/304/304 303/303/303
f 317/317/317 318/318/318 303/303/303
f 303/303/303 302/302/302 317/317/317
f 302/302/302 303/303/303 304/304/304
f 318/318/318 324/324/324 296/296/296
f 324/324/324 318/318/318 317/317/317
f 92/92/92 22/22/22 1/1/1
f 1/1/1 4/4/4 92/92/92
f 2/2/2 1/1/1 11/11/11
f 1/1/1 22/22/22 9/9/9
f 11/11/11 1/1/1 10/10/10
f 9/9/9 10/10/10 1/1/1
f 3/3/3 4/4/4 1/1/1
f 1/1/1 2/2/2 3/3/3
f 92/92/92 4/4/4 433/433/433
f 433/433/433 452/452/452 92/92/92
f 93/93/93 92/92/92 452/452/452
f 22/22/22 92/92/92 93/93/93
f 93/93/93 23/23/23 22/22/22
f 42/42/42 43/43/43 36/36/36
f 156/156/156 137/137/137 2/2/2
f 3/3/3 434/434/434 433/433/433
f 433/433/433 4/4/4 3/3/3
f 565/565/565 440/440/440 434/434/434
f 434/434/434 440/440/440 433/433/433
f 569/569/569 440/440/440 565/565/565
f 565/565/565 570/570/570 569/569/569
f 440/440/440 719/719/719 718/718/718
f 718/718/718 717/717/717 440/440/440
f 439/439/439 440/440/440 717/717/717
f 440/440/440 439/439/439 433/433/433
f 568/568/568 718/718/718 719/719/719
f 723/723/723 724/724/724 568/568/568
f 568/568/568 441/441/441 723/723/723
f 441/441/441 568/568/568 569/569/569
f 569/569/569 570/570/570 441/441/441
f 442/442/442 441/441/441 570/570/570
f 443/443/443 444/444/444 441/441/441
f 441/441/441 442/442/442 443/443/443
f 444/444/444 443/443/443 445/445/445
f 717/717/717 716/716/716 439/439/439
f 439/439/439 716/716/716 715/715/715
f 97/97/97 98/98/98 99/99/99
f 99/99/99 101/101/101 97/97/97
f 283/283/283 284/284/284 82/82/82
f 284/284/284 403/403/403 399/399/399
f 399/399/399 402/402/402 284/284/284
f 398/398/398 399/399/399 400/400/400
f 400/400/400 401/401/401 398/398/398
f 408/408/408 400/400/400 405/405/405
f 405/405/405 404/404/404 408/408/408
f 404/404/404 405/405/405 406/406/406
f 406/406/406 407/407/407 404/404/404
f 407/407/407 406/406/406 423/423/423
f 423/423/423 424/424/424 407/407/407
f 429/429/429 428/428/428 430/430/430
f 430/430/430 431/431/431 429/429/429
f 430/430/430 432/432/432 431/431/431
f 619/619/619 620/620/620 621/621/621
f 231/231/231 232/232/232 233/233/233
f 216/216/216 217/217/217 218/218/218
f 604/604/604 605/605/605 606/606/606
f 261/261/261 262/262/262 263/263/263
f 649/649/649 650/650/650 651/651/651
f 160/160/160 139/139/139 138/138/138
f 150/150/150 152/152/152 157/157/157
f 151/151/151 152/152/152 150/150/150
f 150/150/150 138/138/138 151/151/151
f 138/138/138 137/137/137 156/156/156
f 156/156/156 151/151/151 138/138/138
f 137/137/137 138/138/138 139/139/139
f 139/139/139 553/553/553 552/552/552
f 552/552/552 140/140/140 139/139/139
f 139/139/139 140/140/140 137/137/137
f 553/553/553 562/562/562 565/565/565
f 565/565/565 552/552/552 553/553/553
f 434/434/434 552/552/552 565/565/565
f 140/140/140 552/552/552 434/434/434
f 434/434/434 3/3/3 140/140/140
f 140/140/140 3/3/3 2/2/2
f 2/2/2 137/137/137 140/140/140
f 360/360/360 379/379/379 369/369/369
f 23/23/23 24/24/24 9/9/9
f 334/334/334 329/329/329 9/9/9
f 10/10/10 9/9/9 329/329/329
f 329/329/329 330/330/330 10/10/10
f 331/331/331 11/11/11 10/10/10
f 10/10/10 330/330/330 331/331/331
f 11/11/11 331/331/331 332/332/332
f 156/156/156 11/11/11 162/162/162
f 332/332/332 333/333/333 11/11/11
f 2/2/2 11/11/11 156/156/156
f 163/163/163 333/333/333 332/332/332
f 338/338/338 12/12/12 163/163/163
f 163/163/163 337/337/337 338/338/338
f 162/162/162 163/163/163 12/12/12
f 162/162/162 161/161/161 156/156/156
f 12/12/12 161/161/161 162/162/162
f 161/161/161 12/12/12 15/15/15
f 14/14/14 15/15/15 12/12/12
f 12/12/12 13/13/13 14/14/14
f 15/15/15 193/193/193 161/161/161
f 156/156/156 161/161/161 195/195/195
f 194/194/194 195/195/195 161/161/161
f 161/161/161 193/193/193 194/194/194
f 570/570/570 193/193/193 442/442/442
f 194/194/194 193/193/193 570/570/570
f 394/394/394 194/194/194 585/585/585
f 570/570/570 585/585/585 194/194/194
f 195/195/195 194/194/194 394/394/394
f 151/151/151 195/195/195 335/335/335
f 394/394/394 335/335/335 195/195/195
f 195/195/195 151/151/151 156/156/156
f 585/585/585 721/721/721 394/394/394
f 154/154/154 394/394/394 721/721/721
f 335/335/335 394/394/394 154/154/154
f 721/721/721 585/585/585 562/562/562
f 585/585/585 570/570/570 565/565/565
f 782/782/782 783/783/783 780/780/780
f 789/789/789 782/782/782 790/790/790
f 780/780/780 781/781/781 782/782/782
f 790/790/790 786/786/786 789/789/789
f 788/788/788 789/789/789 786/786/786
f 786/786/786 787/787/787 788/788/788
f 806/806/806 788/788/788 787/787/787
f 787/787/787 805/805/805 806/806/806
f 522/522/522 523/523/523 524/524/524
f 522/522/522 519/519/519 521/521/521
f 524/524/524 519/519/519 522/522/522
f 520/520/520 519/519/519 524/524/524
f 519/519/519 520/520/520 521/521/521
f 531/531/531 525/525/525 527/527/527
f 525/525/525 526/526/526 527/527/527
f 526/526/526 528/528/528 527/527/527
f 335/335/335 152/152/152 151/151/151
f 143/143/143 152/152/152 335/335/335
f 335/335/335 153/153/153 143/143/143
f 336/336/336 143/143/143 153/153/153
f 153/153/153 118/118/118 336/336/336
f 119/119/119 118/118/118 153/153/153
f 115/115/115 336/336/336 118/118/118
f 118/118/118 116/116/116 115/115/115
f 116/116/116 118/118/118 119/119/119
f 119/119/119 540/540/540 538/538/538
f 538/538/538 120/120/120 119/119/119
f 119/119/119 120/120/120 116/116/116
f 117/117/117 116/116/116 120/120/120
f 566/566/566 567/567/567 550/550/550
f 567/567/567 159/159/159 136/136/136
f 136/136/136 159/159/159 158/158/158
f 158/158/158 133/133/133 136/136/136
f 133/133/133 158/158/158 157/157/157
f 150/150/150 158/158/158 159/159/159
f 157/157/157 158/158/158 150/150/150
f 159/159/159 567/567/567 560/560/560
f 560/560/560 160/160/160 159/159/159
f 159/159/159 160/160/160 150/150/150
f 560/560/560 567/567/567 566/566/566
f 160/160/160 560/560/560 553/553/553
f 562/562/562 553/553/553 560/560/560
f 553/553/553 139/139/139 160/160/160
f 138/138/138 150/150/150 160/160/160
f 497/497/497 496/496/496 501/501/501
f 518/518/518 501/501/501 502/502/502
f 502/502/502 505/505/505 518/518/518
f 503/503/503 502/502/502 512/512/512
f 504/504/504 505/505/505 502/502/502
f 502/502/502 503/503/503 504/504/504
f 512/512/512 513/513/513 503/503/503
f 496/496/496 497/497/497 491/491/491
f 219/219/219 220/220/220 221/221/221
f 607/607/607 608/608/608 609/609/609
f 225/225/225 226/226/226 227/227/227
f 613/613/613 614/614/614 615/615/615
f 202/202/202 197/197/197 196/196/196
f 196/196/196 197/197/197 198/198/198
f 201/201/201 197/197/197 202/202/202
f 197/197/197 200/200/200 199/199/199
f 200/200/200 197/197/197 201/201/201
f 198/198/198 197/197/197 199/199/199
f 592/592/592 586/586/586 588/588/588
f 586/586/586 587/587/587 588/588/588
f 591/591/591 592/592/592 588/588/588
f 588/588/588 589/589/589 590/590/590
f 590/590/590 591/591/591 588/588/588
f 587/587/587 589/589/589 588/588/588
f 155/155/155 106/106/106 108/108/108
f 104/104/104 108/108/108 106/106/106
f 107/107/107 108/108/108 104/104/104
f 142/142/142 107/107/107 109/109/109
f 109/109/109 107/107/107 104/104/104
f 142/142/142 157/157/157 152/152/152
f 143/143/143 142/142/142 152/152/152
f 109/109/109 157/157/157 142/142/142
f 142/142/142 143/143/143 144/144/144
f 157/157/157 109/109/109 133/133/133
f 109/109/109 103/103/103 134/134/134
f 134/134/134 133/133/133 109/109/109
f 109/109/109 104/104/104 103/103/103
f 105/105/105 104/104/104 106/106/106
f 103/103/103 104/104/104 105/105/105
f 134/134/134 103/103/103 105/105/105
f 135/135/135 134/134/134 165/165/165
f 105/105/105 165/165/165 134/134/134
f 133/133/133 134/134/134 135/135/135
f 147/147/147 165/165/165 105/105/105
f 165/165/165 396/396/396 135/135/135
f 565/565/565 562/562/562 585/585/585
f 562/562/562 561/561/561 721/721/721
f 721/721/721 563/563/563 154/154/154
f 557/557/557 563/563/563 721/721/721
f 721/721/721 561/561/561 557/557/557
f 119/119/119 154/154/154 563/563/563
f 154/154/154 153/153/153 335/335/335
f 153/153/153 154/154/154 119/119/119
f 722/722/722 540/540/540 563/563/563
f 563/563/563 557/557/557 722/722/722
f 563/563/563 540/540/540 119/119/119
f 557/557/557 561/561/561 554/554/554
f 556/556/556 557/557/557 554/554/554
f 554/554/554 561/561/561 566/566/566
f 566/566/566 561/561/561 560/560/560
f 560/560/560 561/561/561 562/562/562
f 554/554/554 566/566/566 531/531/531
f 531/531/531 529/529/529 554/554/554
f 555/555/555 554/554/554 529/529/529
f 554/554/554 555/555/555 556/556/556
f 546/546/546 556/556/556 555/555/555
f 564/564/564 555/555/555 530/530/530
f 529/529/529 530/530/530 555/555/555
f 555/555/555 564/564/564 547/547/547
f 547/547/547 546/546/546 555/555/555
f 531/531/531 527/527/527 529/529/529
f 529/529/529 527/527/527 530/530/530
f 530/530/530 528/528/528 564/564/564
f 228/228/228 229/229/229 230/230/230
f 616/616/616 617/617/617 618/618/618
f 267/267/267 268/268/268 269/269/269
f 655/655/655 656/656/656 657/657/657
f 252/252/252 253/253/253 254/254/254
f 640/640/640 641/641/641 642/642/642
f 222/222/222 223/223/223 224/224/224
f 610/610/610 611/611/611 612/612/612
f 234/234/234 235/235/235 236/236/236
f 622/622/622 623/623/623 624/624/624
f 625/625/625 626/626/626 627/627/627
f 237/237/237 238/238/238 239/239/239
f 240/240/240 241/241/241 242/242/242
f 628/628/628 629/629/629 630/630/630
f 631/631/631 632/632/632 633/633/633
f 243/243/243 244/244/244 245/245/245
f 396/396/396 165/165/165 147/147/147
f 147/147/147 146/146/146 396/396/396
f 135/135/135 396/396/396 572/572/572
f 396/396/396 146/146/146 559/559/559
f 559/559/559 572/572/572 396/396/396
f 572/572/572 551/551/551 135/135/135
f 135/135/135 551/551/551 550/550/550
f 550/550/550 136/136/136 135/135/135
f 135/135/135 136/136/136 133/133/133
f 551/551/551 572/572/572 526/526/526
f 559/559/559 526/526/526 572/572/572
f 526/526/526 525/525/525 551/551/551
f 531/531/531 550/550/550 551/551/551
f 551/551/551 525/525/525 531/531/531
f 136/136/136 550/550/550 567/567/567
f 550/550/550 531/531/531 566/566/566
f 663/663/663 664/664/664 665/665/665
f 277/277/277 278/278/278 279/279/279
f 527/527/527 528/528/528 530/530/530
f 526/526/526 559/559/559 564/564/564
f 564/564/564 528/528/528 526/526/526
f 564/564/564 559/559/559 558/558/558
f 558/558/558 547/547/547 564/564/564
f 544/544/544 547/547/547 558/558/558
f 546/546/546 547/547/547 544/544/544
f 544/544/544 545/545/545 546/546/546
f 548/548/548 544/544/544 571/571/571
f 558/558/558 571/571/571 544/544/544
f 549/549/549 545/545/545 544/544/544
f 544/544/544 548/548/548 549/549/549
f 571/571/571 558/558/558 149/149/149
f 558/558/558 559/559/559 146/146/146
f 146/146/146 149/149/149 558/558/558
f 149/149/149 166/166/166 571/571/571
f 571/571/571 542/542/542 548/548/548
f 542/542/542 571/571/571 166/166/166
f 549/549/549 548/548/548 541/541/541
f 126/126/126 122/122/122 121/121/121
f 121/121/121 125/125/125 126/126/126
f 131/131/131 132/132/132 127/127/127
f 127/127/127 130/130/130 131/131/131
f 164/164/164 127/127/127 132/132/132
f 149/149/149 148/148/148 164/164/164
f 127/127/127 164/164/164 148/148/148
f 148/148/148 128/128/128 127/127/127
f 129/129/129 130/130/130 127/127/127
f 127/127/127 128/128/128 129/129/129
f 155/155/155 128/128/128 148/148/148
f 148/148/148 147/147/147 155/155/155
f 148/148/148 149/149/149 146/146/146
f 146/146/146 147/147/147 148/148/148
f 145/145/145 129/129/129 128/128/128
f 128/128/128 155/155/155 145/145/145
f 129/129/129 145/145/145 144/144/144
f 108/108/108 145/145/145 155/155/155
f 107/107/107 142/142/142 145/145/145
f 145/145/145 108/108/108 107/107/107
f 144/144/144 145/145/145 142/142/142
f 105/105/105 106/106/106 155/155/155
f 155/155/155 147/147/147 105/105/105
f 258/258/258 259/259/259 260/260/260
f 646/646/646 647/647/647 648/648/648
f 255/255/255 256/256/256 257/257/257
f 643/643/643 644/644/644 645/645/645
f 674/674/674 678/678/678 680/680/680
f 680/680/680 676/676/676 674/674/674
f 678/678/678 674/674/674 673/673/673
f 677/677/677 676/676/676 714/714/714
f 713/713/713 714/714/714 676/676/676
f 676/676/676 680/680/680 713/713/713
f 697/697/697 685/685/685 677/677/677
f 714/714/714 700/700/700 677/677/677
f 697/697/697 677/677/677 700/700/700
f 677/677/677 685/685/685 684/684/684
f 701/701/701 700/700/700 714/714/714
f 714/714/714 713/713/713 701/701/701
f 713/713/713 709/709/709 708/708/708
f 708/708/708 707/707/707 713/713/713
f 696/696/696 709/709/709 713/713/713
f 713/713/713 680/680/680 696/696/696
f 695/695/695 696/696/696 680/680/680
f 680/680/680 678/678/678 695/695/695
f 709/709/709 696/696/696 690/690/690
f 691/691/691 690/690/690 696/696/696
f 660/660/660 661/661/661 662/662/662
f 274/274/274 275/275/275 276/276/276
f 637/637/637 638/638/638 639/639/639
f 249/249/249 250/250/250 251/251/251
f 116/116/116 117/117/117 114/114/114
f 114/114/114 115/115/115 116/116/116
f 120/120/120 538/538/538 537/537/537
f 537/537/537 141/141/141 120/120/120
f 120/120/120 141/141/141 117/117/117
f 539/539/539 538/538/538 540/540/540
f 538/538/538 539/539/539 536/536/536
f 536/536/536 537/537/537 538/538/538
f 540/540/540 722/722/722 539/539/539
f 536/536/536 534/534/534 533/533/533
f 533/533/533 537/537/537 536/536/536
f 141/141/141 537/537/537 533/533/533
f 533/533/533 167/167/167 141/141/141
f 113/113/113 117/117/117 141/141/141
f 141/141/141 167/167/167 113/113/113
f 114/114/114 117/117/117 113/113/113
f 113/113/113 112/112/112 114/114/114
f 110/110/110 113/113/113 167/167/167
f 112/112/112 113/113/113 110/110/110
f 167/167/167 533/533/533 532/532/532
f 593/593/593 594/594/594 595/595/595
f 203/203/203 204/204/204 205/205/205
f 541/541/541 548/548/548 542/542/542
f 541/541/541 543/543/543 549/549/549
f 126/126/126 543/543/543 541/541/541
f 541/541/541 122/122/122 126/126/126
f 123/123/123 122/122/122 541/541/541
f 541/541/541 542/542/542 123/123/123
f 166/166/166 123/123/123 542/542/542
f 124/124/124 123/123/123 166/166/166
f 123/123/123 124/124/124 121/121/121
f 121/121/121 122/122/122 123/123/123
f 164/164/164 166/166/166 149/149/149
f 166/166/166 164/164/164 124/124/124
f 132/132/132 124/124/124 164/164/164
f 121/121/121 124/124/124 132/132/132
f 131/131/131 125/125/125 121/121/121
f 121/121/121 132/132/132 131/131/131
f 532/532/532 168/168/168 167/167/167
f 167/167/167 168/168/168 110/110/110
f 532/532/532 533/533/533 534/534/534
f 534/534/534 535/535/535 532/532/532
f 168/168/168 532/532/532 535/535/535
f 535/535/535 395/395/395 168/168/168
f 111/111/111 110/110/110 168/168/168
f 168/168/168 395/395/395 111/111/111
f 110/110/110 111/111/111 112/112/112
f 596/596/596 597/597/597 598/598/598
f 206/206/206 207/207/207 208/208/208
f 272/272/272 273/273/273 270/270/270
f 270/270/270 271/271/271 272/272/272
f 272/272/272 271/271/271 658/658/658
f 658/658/658 659/659/659 272/272/272
f 211/211/211 212/212/212 209/209/209
f 209/209/209 210/210/210 211/211/211
f 211/211/211 600/600/600 599/599/599
f 599/599/599 212/212/212 211/211/211
