# Blender 5.1.0
# www.blender.org
mtllib leviathan_battle.mtl
o leviathan_battle
v -0.000000 31.603649 -96.556694
v 12.769082 35.282810 -117.981346
v 19.015831 35.217049 -101.357422
v 20.459902 30.568701 -86.571739
v 23.110872 32.570011 -86.568459
v 19.378038 33.300182 -101.357475
v 16.222202 31.643602 -101.357475
v 22.545370 34.441784 -86.572960
v 19.015831 35.217049 -101.357422
v 18.165600 54.096100 98.623680
v 16.175102 51.731201 112.507240
v 8.964801 56.743801 112.507187
v 10.083100 59.767296 98.623680
v 14.342200 49.521477 125.984123
v 7.935766 53.858135 125.984718
v 0.000000 55.709305 125.985016
v 0.000000 58.890594 112.507187
v -0.000000 62.201691 98.623665
v 22.770102 59.725609 70.081810
v 20.357300 56.475300 85.871849
v 11.314300 62.708202 85.871727
v 12.394230 65.023460 77.300995
v 0.000001 65.757530 85.871628
v -0.000001 68.145004 79.418800
v 23.197298 38.794399 98.623680
v 25.848202 39.614605 85.871887
v 24.605001 30.987604 85.871887
v 22.129400 30.876898 98.623680
v 28.617796 40.748798 70.082130
v 27.232397 31.403797 70.082138
v 22.189400 23.752605 70.082146
v 20.039001 23.968904 85.871887
v 18.049999 24.457298 98.623680
v 20.237301 79.936295 -12.456959
v 10.561100 82.926208 -12.456660
v 10.783100 81.972000 -26.504295
v 20.630199 79.113503 -26.504398
v 0.000001 83.928589 -12.456758
v 0.000001 82.925491 -26.504295
v -0.000000 81.531998 -41.200363
v 11.009900 80.639603 -41.200356
v 21.018902 77.932098 -41.200344
v 20.492500 70.926102 -92.663498
v 10.831499 73.024597 -92.663422
v 9.544199 71.991608 -111.928802
v 17.805500 69.854706 -111.928650
v 21.067402 71.782608 -85.356567
v 11.103199 73.911003 -85.356567
v -0.000000 74.615196 -85.356583
v -0.000000 73.736893 -92.663300
v -0.000000 72.782700 -111.928894
v 39.731300 37.166504 -41.202831
v 39.534901 37.554798 -26.345900
v 39.480598 43.132301 -26.504200
v 39.800102 44.029301 -41.200371
v 38.696201 35.084801 -12.404960
v 38.870796 41.665405 -12.458260
v 38.689301 49.495598 -12.461761
v 39.081501 50.416801 -26.507401
v 39.391998 51.097603 -41.200356
v 29.735504 20.677200 -41.198002
v 15.119101 19.457899 -41.194862
v 15.853900 17.214899 -23.744600
v 29.288498 17.995300 -23.504900
v -0.000000 18.960701 -41.194798
v -0.000000 16.709999 -23.766699
v 16.281698 17.509800 -11.897400
v 30.980898 19.364901 -12.039399
v -0.000000 16.575300 -11.888399
v 31.417299 42.354103 52.803600
v 30.081001 32.172604 52.799698
v 33.959301 44.116203 35.035862
v 32.738605 33.251205 35.035828
v 27.106003 24.190905 35.035786
v 24.696699 23.773899 52.793697
v 36.426098 36.470501 0.160579
v 37.382198 47.156605 0.160578
v 39.731300 37.166504 -41.202831
v 39.800102 44.029301 -41.200371
v 39.980999 44.849598 -52.259403
v 39.390301 38.902401 -52.244305
v 39.391998 51.097603 -41.200356
v 39.628700 51.460102 -52.266903
v 39.582920 51.120853 -63.173820
v 39.610920 45.114746 -63.193298
v 38.865532 39.756744 -63.181900
v 12.948799 36.829700 172.685333
v 13.444002 36.914299 166.476044
v 12.596601 32.710098 166.471542
v 12.132000 32.967800 172.685211
v 14.030601 36.983002 159.411331
v 13.152600 32.430500 159.412415
v 10.451700 28.645298 159.413513
v 9.998601 29.230402 166.476044
v 9.625400 29.810101 172.685089
v 40.999195 29.066999 -24.934698
v 43.266209 26.145700 -23.734198
v 39.933308 23.820599 -13.937399
v 37.321495 25.845501 -12.008800
v 46.733898 24.589600 -22.384897
v 44.978378 22.669899 -13.876898
v 57.181805 23.440901 -19.529200
v 51.519505 23.826799 -21.045000
v 53.520809 22.048000 -28.952400
v 60.190304 21.867397 -27.511700
v 47.571205 22.758898 -30.881100
v 37.843704 18.316698 -22.874001
v 29.288498 17.995300 -23.504900
v 37.553604 19.736498 -13.386798
v 44.487560 19.902498 -12.846798
v 46.244167 18.401598 -21.915297
v 50.728107 18.472401 -20.692200
v 57.575508 18.539099 -19.122700
v 60.573608 19.954399 -28.510599
v 53.339909 19.964899 -29.852600
v 47.673668 20.449697 -31.825354
v 59.639206 21.401400 -8.684301
v 53.572109 21.786898 -10.706101
v 63.280109 23.015699 -17.652502
v 69.652802 22.589199 -15.566603
v 66.123901 21.086000 -7.017004
v 66.652702 21.675198 -25.631401
v 72.984497 21.502199 -23.327602
v 64.579803 18.611700 -17.124702
v 53.147408 19.921698 -9.207901
v 59.390907 19.880501 -7.271202
v 65.974197 19.848200 -5.758503
v 71.455498 18.689600 -15.050803
v 67.332809 19.945000 -26.679802
v 73.789101 19.939600 -24.433800
v 72.822609 20.982300 -6.168404
v 76.138603 22.199600 -13.423303
v 81.797615 21.836100 -11.741858
v 78.647102 20.972200 -6.032504
v 79.262497 21.379200 -20.616602
v 84.312996 21.261600 -17.804602
v 77.916901 18.772499 -13.253503
v 72.623100 19.850201 -4.978503
v 78.476204 19.882500 -4.876304
v 83.915398 19.102390 -11.545403
v 80.113998 19.941000 -21.846502
v 85.264297 19.953699 -19.034903
v 60.782009 20.893497 -29.232403
v 53.731403 20.978300 -30.610300
v 47.643501 21.551199 -32.249599
v 53.147408 19.921698 -9.207901
v 52.756607 20.828798 -8.599001
v 58.845711 20.611200 -6.614902
v 59.390907 19.880501 -7.271202
v 65.357697 20.439899 -5.103403
v 65.974197 19.848200 -5.758503
v 67.391708 20.804600 -27.389603
v 73.743698 20.730001 -25.095301
v 72.060898 20.409201 -4.467803
v 72.623100 19.850201 -4.978503
v 78.067200 20.440399 -4.618504
v 78.476204 19.882500 -4.876304
v 80.021301 20.687901 -22.362803
v 85.119003 20.645100 -19.309902
v 51.213482 36.177994 233.373184
v 52.628487 35.423492 232.115387
v 54.258881 34.929295 235.161407
v 54.005581 35.075893 236.385391
v 53.020580 34.313492 231.720581
v 54.726082 34.133293 235.375092
v 55.893642 34.057793 238.448669
v 82.488602 20.454800 -5.465703
v 82.509499 20.937799 -6.503503
v 86.908897 20.945999 -9.955304
v 87.858803 20.467600 -9.679304
v 82.671997 19.941299 -5.397503
v 88.118103 19.956699 -9.670704
v 82.671997 19.941299 -5.397503
v 88.118103 19.956699 -9.670704
v 86.482513 19.342880 -10.477593
v 40.089985 34.416092 231.316803
v 40.445988 35.960194 230.794891
v 46.375782 35.616592 233.221405
v 45.923485 34.248894 233.736603
v 41.247086 37.259792 228.775482
v 46.816681 36.750187 231.602783
v 50.450081 35.281792 235.155579
v 50.102982 34.137691 235.701492
v 39.798302 32.109001 -19.595798
v 37.321495 25.845501 -12.008800
v 40.279400 32.746700 -31.843100
v 39.995602 33.930599 -25.880299
v 40.999195 29.066999 -24.934698
v 53.200581 34.060394 237.323181
v 53.038479 34.870995 236.719879
v 24.884689 31.504297 200.222168
v 28.030993 33.432697 198.383270
v 19.437897 33.420498 191.355301
v 17.356697 31.452797 192.507507
v 29.338793 35.910797 198.321976
v 20.561594 36.244293 191.347595
v 14.233100 36.496498 185.992081
v 13.377701 33.337399 185.992126
v 10.390300 30.778898 186.007767
v 43.638485 31.951595 221.463287
v 45.268784 33.275993 219.861481
v 37.340290 33.375996 209.070496
v 35.606785 31.844398 211.482788
v 46.142384 35.012592 219.499481
v 38.464390 35.472095 208.860687
v 48.030682 32.023193 228.046478
v 49.719582 33.158192 227.201385
v 50.329880 32.266594 233.127686
v 52.111782 33.141792 231.967392
v 50.576881 34.616394 226.774078
v 53.512283 33.096291 236.229401
v 53.864185 33.345592 235.036591
v 45.904579 31.658693 228.779388
v 45.950081 32.027294 231.463287
v 41.699284 31.572899 224.800491
v 40.551884 31.987495 228.704178
v 52.643887 33.287292 236.595078
v 49.928780 33.036793 235.008789
v 45.868980 32.971592 233.133087
v 40.070385 33.013592 230.747986
v 32.748287 31.923698 224.531189
v 32.138790 33.084892 227.633392
v 24.156092 31.885996 220.305069
v 23.524290 33.176495 224.219467
v 23.221392 34.935398 225.054489
v 32.030186 34.661697 228.330383
v 16.392195 31.924498 217.386475
v 15.677095 33.279499 220.936691
v 9.844696 32.035400 214.961487
v 9.050198 33.409698 217.663681
v 8.423098 35.419399 218.500290
v 15.140994 35.187195 221.765472
v 21.018902 77.932098 -41.200344
v 11.009900 80.639603 -41.200356
v 11.180700 79.141602 -52.267403
v 21.298100 76.569397 -52.268105
v -0.000000 81.531998 -41.200363
v -0.000000 79.974808 -52.267109
v -0.000000 78.335106 -63.188427
v 11.216731 77.563217 -63.188416
v 21.324757 75.132355 -63.188435
v 18.485521 37.660408 125.981850
v 20.753702 38.131302 112.507507
v 19.736700 31.024096 112.507286
v 17.480312 31.373976 125.978088
v 16.026802 25.252298 112.507027
v 14.088917 26.241001 125.974220
v 13.148600 47.986198 135.330811
v 7.263200 51.867691 135.330811
v 12.117202 46.709297 143.823669
v 6.682301 50.168102 143.826660
v 0.000000 51.651001 143.827179
v -0.000001 53.529694 135.330811
v 17.037300 37.361492 135.330872
v 16.237799 42.989597 135.330811
v 17.649071 43.915920 125.983528
v 15.789801 37.196999 143.808838
v 15.016402 42.264603 143.816559
v 5.158400 84.688110 68.630890
v 2.195500 88.756805 64.628197
v 3.435200 86.117004 62.183395
v 2.749500 89.681244 68.310799
v 0.000001 91.386230 68.274696
v -0.000001 89.878311 63.703793
v -0.000001 87.402802 59.697693
v 2.195500 90.431396 72.481300
v -0.000002 91.724731 79.927315
v 0.000000 91.971497 73.520195
v 16.053600 31.585794 135.330872
v 14.847100 31.869698 143.804138
v 12.872200 26.837795 135.330902
v 11.863300 27.462097 143.801178
v 10.659100 44.793396 159.411819
v 10.182600 44.107704 166.476044
v 5.594100 46.458599 166.476044
v 5.861001 47.451096 159.411331
v 9.786101 43.543800 172.685455
v 5.372900 45.635300 172.685577
v -0.000001 46.438408 172.685776
v -0.000001 47.399807 166.471542
v -0.000001 48.547100 159.410919
v 10.597700 32.236900 -116.846306
v 12.677471 33.534103 -117.422333
v 9.563391 33.673920 -121.873833
v 8.030301 32.576900 -121.058502
v 12.769082 35.282810 -117.981346
v 9.814794 35.361736 -122.864029
v 7.377891 35.186169 -124.870872
v 6.478641 33.752277 -124.323135
v 6.168701 32.934399 -122.826797
v 10.006000 20.926199 98.623680
v 8.865901 22.109301 112.506927
v 0.000000 19.882698 98.623825
v 0.000000 21.194996 112.506905
v 0.000000 22.632689 125.972336
v 7.767010 23.445852 125.972542
v 7.078900 24.292994 135.330902
v 0.000000 23.571394 135.330902
v 0.000000 24.523996 143.797363
v 6.513101 25.153500 143.798553
v -0.000000 26.233999 159.413513
v -0.000000 27.069502 166.476059
v 5.471400 27.498503 166.476044
v 5.722701 26.726700 159.413727
v -0.000000 27.904902 172.684921
v 5.265800 28.270302 172.684921
v 4.886000 29.879097 186.005722
v 4.774799 30.846394 196.499710
v 9.691099 30.975792 195.927124
v 0.000000 29.663900 186.006912
v 0.000000 30.763294 196.933716
v 5.098698 31.589193 205.026093
v 10.156198 31.489895 203.791199
v 37.976601 50.676205 -85.356537
v 36.889103 57.494503 -85.356567
v 35.471600 57.128704 -92.662933
v 35.921501 50.933002 -92.662781
v 33.999901 63.390106 -85.356567
v 32.741199 62.832504 -92.662979
v 27.108801 62.265903 -111.928436
v 29.350401 56.839703 -111.928680
v 29.743000 50.848503 -111.930313
v 34.049000 44.809799 -92.662170
v 35.691399 44.509598 -85.356232
v 27.844400 44.811001 -111.934296
v 30.757900 39.871700 -92.661377
v 24.670900 39.913898 -111.940674
v 32.529400 39.078400 -85.362518
v 29.174675 70.927582 -63.188541
v 29.248201 72.186096 -52.269501
v 34.731438 65.291786 -63.188690
v 34.907600 66.234299 -52.270405
v 34.693501 67.104507 -41.200344
v 28.985601 73.378899 -41.200344
v 28.985601 73.378899 -41.200344
v 28.564701 74.351799 -26.505098
v 34.693501 67.104507 -41.200344
v 34.309200 67.697906 -26.506201
v 33.858196 67.978394 -12.459660
v 28.102999 74.976196 -12.457960
v 27.093801 74.689392 0.160584
v 19.513899 79.796402 0.160585
v 32.707996 67.418396 0.160582
v 23.996340 71.961258 35.047070
v 16.641600 76.731010 35.052750
v 18.748337 78.547112 17.626221
v 25.977383 73.629105 17.624617
v 28.817902 64.685257 35.037407
v 31.365814 66.469322 17.622614
v 21.468201 69.848846 52.119900
v 14.825799 74.448792 50.603092
v 9.140400 30.702299 -101.357475
v 10.917500 29.422501 -86.569405
v -0.000000 30.408503 -101.357491
v -0.000000 29.056101 -86.569298
v 29.735504 20.677200 -41.198002
v 13.955901 21.354599 -52.194099
v 15.119101 19.457899 -41.194862
v 25.484402 22.842598 -52.185600
v 24.124140 25.188192 -63.174355
v 12.689640 23.589891 -63.188213
v -0.000000 23.065794 -63.187862
v -0.000000 20.839598 -52.200100
v -0.000000 18.960701 -41.194798
v 48.126102 22.100901 -12.618400
v 43.268700 24.541500 -33.814766
v 39.084496 26.969099 -41.198849
v 47.518105 19.946699 -11.260099
v 38.410305 20.396297 -34.916077
v 47.321999 20.998100 -10.652299
v 44.209991 21.247398 -12.117298
v 47.518105 19.946699 -11.260099
v 44.487560 19.902498 -12.846798
v 41.840504 23.175697 -35.748211
v 8.903401 79.397636 35.058178
v 9.795050 81.535378 17.627121
v 7.558800 77.884811 47.407597
v -0.000001 79.169907 45.390095
v -0.000001 80.365936 35.060822
v -0.000001 82.547104 17.627424
v 38.721100 44.995605 -73.389099
v 37.595798 42.763100 -76.570801
v 37.395599 42.013401 -74.935593
v 37.568401 42.372700 -73.291794
v 36.714500 40.518200 -77.615707
v 36.856701 40.679001 -75.558289
v 36.668800 40.441601 -73.196091
v 36.734299 36.512398 -69.666000
v 36.808701 38.692402 -71.563904
v 36.651299 38.038101 -73.025589
v 36.003502 36.421906 -73.369293
v 36.542500 38.718498 -74.585999
v 35.967999 37.178799 -75.802689
v 38.407200 40.812801 -68.845490
v 37.512901 40.730701 -70.861099
v 37.318600 39.375999 -70.365997
v 37.909599 38.983006 -68.823303
v 38.711601 42.930500 -70.075394
v 37.892200 42.062401 -71.616394
v 36.679901 39.365299 -75.877502
v 36.210499 38.544300 -77.399292
v 39.237267 52.724926 -73.483887
v 39.343437 49.646770 -73.449371
v 38.479000 47.144699 -78.494492
v 39.427898 44.184505 -67.064301
v 39.092098 41.025501 -66.414200
v 39.609600 47.375702 -68.461594
v 38.058998 37.753601 -66.348190
v 38.611084 39.225281 -66.063629
v 31.378799 36.214500 -80.945389
v 34.272301 37.428398 -79.315094
v 30.618299 34.084301 -78.200851
v 33.717300 35.541801 -77.348801
v 35.318600 40.090599 -80.216690
v 36.950699 43.711300 -79.768799
v 37.959805 58.567894 -63.188759
v 37.889168 58.374874 -73.525558
v 34.792870 64.529396 -73.572433
v 21.514269 73.642479 -73.658310
v 11.336532 75.869873 -73.699951
v -0.000000 76.573776 -73.694061
v 28.712799 68.214211 -85.356567
v 29.333832 69.769684 -73.627472
v 35.690601 28.715298 -52.194202
v 39.084496 26.969099 -41.198849
v 33.654053 30.038187 -63.179108
v 33.653000 31.589708 -67.465836
v 33.602299 33.147400 -71.566803
v -0.000000 71.910095 -130.371521
v 7.849500 71.168304 -130.084213
v 14.231299 69.204208 -129.889114
v 14.469000 62.316704 -137.369919
v 19.257799 62.224304 -131.103912
v 17.636900 66.279404 -130.452820
v 13.752099 66.354111 -136.207809
v 23.460400 66.608505 -111.928436
v 12.060199 68.561600 -134.210815
v 20.285700 56.869205 -131.170822
v 20.192301 50.781506 -130.485809
v 22.206499 46.819595 98.623680
v 19.835600 45.280300 112.507408
v 27.537397 50.353405 70.082146
v 24.817202 48.443901 85.871887
v 44.542686 37.730694 221.500778
v 45.811588 36.627987 219.881500
v 50.208080 35.950394 227.294388
v 48.874481 36.929893 228.191895
v 14.552118 66.825813 70.081131
v 10.141079 70.061768 70.080917
v 17.361801 68.065506 64.529602
v -0.000000 70.245804 75.948990
v -0.000000 72.576401 75.307106
v 6.918300 72.884506 70.081024
v -0.000000 70.245804 75.948990
v 11.796800 73.359482 61.752701
v 12.719302 40.819904 166.471588
v 13.290900 41.203995 159.411423
v 12.239100 40.481800 172.685455
v 10.669400 42.698399 186.000641
v 13.628100 39.751396 185.992050
v 20.195694 39.233997 191.343704
v 18.536194 41.555294 191.774307
v 29.168392 38.529797 198.367477
v 26.780991 40.757595 199.676376
v 27.771999 67.480209 -92.663269
v 38.152699 58.957008 -52.270103
v 37.926102 59.233402 -41.200344
v 37.926102 59.233402 -41.200344
v 37.586201 59.162498 -26.507498
v 37.202698 58.875801 -12.461561
v 36.140095 57.856697 0.160579
v 32.700699 55.064701 35.035885
v 30.236902 52.748302 52.801899
v 26.825401 62.646175 52.629105
v 14.802100 56.924404 -137.552811
v 14.422400 50.727406 -136.504913
v 11.110400 39.050198 -130.980621
v 15.908200 39.461899 -126.888504
v 18.449699 44.528500 -128.881210
v 13.001000 44.276199 -133.974411
v 5.933801 31.528402 -116.893608
v -0.000000 31.317398 -116.933899
v 39.084496 26.969099 -41.198849
v 21.239000 37.344002 -111.949524
v 26.952400 37.231499 -92.660690
v 13.418100 36.933399 -125.039215
v 18.142809 36.558292 -111.951096
v 10.198000 35.816383 -124.184418
v 24.499212 36.722183 -92.660294
v 28.103300 36.629299 -85.367401
v 25.455078 36.093056 -85.288971
v 5.698600 38.583698 -133.114517
v 4.767000 36.085201 -130.328613
v 9.323400 36.529099 -128.542709
v -0.000000 38.336700 -133.691910
v -0.000000 35.853401 -130.792221
v -0.000000 35.392662 -128.408615
v 4.494200 35.488056 -127.853806
v 8.045700 35.671982 -126.864517
v 34.876835 34.559860 17.615095
v 29.031712 25.102165 17.611687
v 36.043335 45.711117 17.618002
v 32.675095 25.623598 0.153292
v 10.184198 82.866089 0.160586
v -0.000001 83.891602 0.160587
v 34.797047 56.755417 17.620508
v 24.499212 36.722183 -92.660294
v 18.142809 36.558292 -111.951096
v -0.000000 39.778915 -96.381973
v 10.198000 35.816383 -124.184418
v 22.545370 34.441784 -86.572960
v 11.836600 32.990002 -86.571075
v -0.000000 32.252800 -86.573227
v -0.000001 35.146660 -126.165749
v 4.432386 35.263168 -125.900429
v -0.000000 34.027397 -121.458511
v 7.377891 35.186169 -124.870872
v 9.814794 35.361736 -122.864029
v -0.000001 44.767998 185.992020
v 4.941100 44.241100 185.992035
v 4.751699 43.630791 191.338715
v 0.000000 44.027096 191.338028
v 9.894500 42.920395 191.772308
v 10.032199 42.330093 197.742798
v 4.503300 42.922787 197.245819
v 0.000000 43.228901 197.064011
v -0.000000 50.653805 -140.785416
v 7.491300 50.677605 -139.810822
v 7.776400 57.054401 -141.014511
v -0.000001 57.138203 -142.015305
v 7.715500 62.628002 -140.675018
v -0.000001 62.838306 -141.587418
v 6.702700 43.984200 -136.726318
v -0.000000 43.828400 -137.516922
v 8.045700 35.671982 -126.864517
v 4.494200 35.488056 -127.853806
v -0.000000 35.392662 -128.408615
v -0.000000 38.037601 -85.362793
v 12.053700 37.104401 -85.264877
v 25.455078 36.093056 -85.288971
v -0.000000 70.390503 -136.332611
v -0.000001 67.311203 -139.882217
v 7.466100 66.911697 -139.129608
v 7.390200 69.795197 -135.794113
v 28.043301 35.099602 -81.610794
v 25.571404 34.855873 -81.486710
v 25.248306 32.412441 -77.375275
v 27.498600 32.886879 -77.990265
v 35.109299 23.774298 -41.188351
v 32.117802 25.246899 -52.184505
v 29.897331 26.835932 -63.195454
v 29.605700 28.405474 -68.196869
v 22.045839 28.236692 -74.413162
v 30.069000 30.089199 -72.227692
v 26.888800 29.094200 -73.543503
v 23.824263 30.838570 -79.577629
v 23.147509 34.280674 -81.430809
v 27.195601 31.319464 -76.156143
v 30.106703 32.441528 -75.954895
v 11.868502 26.835503 -74.162445
v -0.000000 26.341599 -74.273636
v 33.558899 34.247601 -74.602798
v 38.436905 21.704899 -12.336199
v 37.553604 19.736498 -13.386798
v 30.980898 19.364901 -12.039399
v 35.569595 22.332199 -11.024799
v 35.569595 22.332199 -11.024799
v 15.128901 18.656301 35.035744
v 13.733101 18.727901 52.788704
v 0.000000 16.770500 35.035721
v 0.000000 17.043102 52.786495
v 0.000000 17.750204 70.082138
v 12.296900 19.229702 70.082146
v 11.102101 19.964401 85.871910
v -0.000000 18.715601 85.871910
v 16.774597 19.502199 0.160481
v -0.000000 17.423298 0.160485
v 16.241821 19.138655 17.607676
v -0.000000 17.030396 17.605570
v 25.248306 32.412441 -77.375275
v 25.571404 34.855873 -81.486710
v 11.977312 35.554104 -76.379608
v 11.929413 33.990906 -74.990112
v -0.255888 36.314102 -75.633118
v -0.255887 34.417805 -73.995102
v 11.865913 33.199207 -76.122131
v -0.255891 33.021103 -75.263931
v 23.147509 34.280674 -81.430809
v 32.290989 36.397091 227.754089
v 23.366392 36.870895 224.374283
v 24.197390 38.668995 220.399277
v 33.204685 37.941696 224.709595
v 33.990185 31.435299 217.892090
v 24.997793 31.355799 211.746674
v 4.901697 32.214401 212.216080
v 4.096597 33.582802 214.279587
v 0.000000 32.444988 208.404388
v 5.030952 31.752499 209.387009
v 0.000000 31.669430 205.015610
v 0.000002 35.737995 213.708084
v 3.702197 35.634701 215.295380
v -0.000000 33.680096 212.559784
v 15.778798 42.374096 193.070297
v 17.571394 41.776592 198.506195
v 37.351200 43.100399 -73.288193
v 36.940201 42.234501 -74.980591
v 37.430901 41.685501 -74.389893
v 37.780499 41.983398 -73.252502
v 36.472301 40.553299 -76.056503
v 37.288700 40.569698 -74.820999
v 37.849499 40.391701 -73.186890
v 36.413898 37.930401 -71.173889
v 37.254799 39.066601 -72.058899
v 36.915401 38.495899 -73.071198
v 36.167000 37.450100 -73.002502
v 37.070801 38.969700 -74.150299
v 36.101002 37.751900 -74.879791
v 37.281399 40.662701 -70.319397
v 37.742199 40.634201 -71.570496
v 37.377300 39.599998 -71.228989
v 36.859798 39.106201 -70.239304
v 37.455002 42.285301 -71.535095
v 37.774101 41.719398 -72.092896
v 36.935902 39.477699 -75.043091
v 36.197701 38.922699 -75.960403
v 8.642898 39.907001 213.809586
v 8.299397 37.752800 217.571884
v 3.605797 38.146801 214.445786
v 3.759599 40.473202 211.091782
v 0.000002 35.737995 213.708084
v 0.000001 38.335499 212.940887
v -0.000000 40.749908 209.810684
v 15.127694 37.325100 220.930771
v 15.732796 39.314903 216.839096
v 42.601986 37.928795 224.851273
v 46.837082 37.324692 228.896179
v 25.952492 40.015896 211.349869
v 17.051697 40.777802 207.896713
v 9.417698 41.379196 206.144180
v 4.115697 41.967701 204.594284
v 0.000000 42.258804 203.870010
v 38.252689 37.574497 209.059601
v 37.013485 38.970196 211.496796
v 35.054783 38.945995 218.001892
v 10.470797 31.608000 209.339676
v 16.652994 31.320101 201.919769
v 16.942295 31.444597 210.057190
v 14.849798 31.031498 195.944992
v 24.942385 38.271702 -90.713699
v 25.085285 38.379101 -92.241791
v 23.991585 35.198898 -92.082596
v 23.871386 35.076900 -91.304001
v 24.154785 38.529400 -93.544296
v 23.472685 35.205799 -92.738892
v 23.472685 35.205799 -92.738892
v 24.154785 38.529400 -93.544296
v 22.415585 38.636902 -93.677689
v 22.601086 35.332199 -92.830490
v 20.937786 38.658401 -92.867691
v 21.841286 35.271500 -92.395889
v 21.841286 35.271500 -92.395889
v 20.937786 38.658401 -92.867691
v 20.791485 38.550400 -91.339691
v 21.755186 35.288799 -91.612793
v 21.718685 38.399700 -90.037201
v 22.237785 35.142300 -90.960999
v 22.237785 35.142300 -90.960999
v 21.718685 38.399700 -90.037201
v 23.461285 38.292706 -89.903702
v 23.145786 35.155499 -90.864899
v 24.942385 38.271702 -90.713699
v 23.871386 35.076900 -91.304001
v 22.930485 33.725601 -92.377289
v 23.378485 33.958401 -92.031601
v 22.451481 32.614685 -91.907990
v 23.148785 33.655300 -91.591003
v 22.036385 33.761700 -92.189392
v 22.488585 34.043499 -92.510300
v 22.930485 33.725601 -92.377289
v 22.253885 33.691299 -91.403091
v 21.947186 34.016102 -91.730896
v 22.451481 32.614685 -91.907990
v 22.036385 33.761700 -92.189392
v 23.148785 33.655300 -91.591003
v 22.837185 33.931000 -91.252289
v 22.253885 33.691299 -91.403091
v 26.230154 38.333199 -84.958160
v 26.425255 38.536598 -86.651093
v 25.317654 35.358799 -86.863495
v 25.170555 35.187901 -86.097198
v 26.425255 38.536598 -86.651093
v 25.535654 38.769798 -88.108490
v 24.818853 35.407799 -87.528595
v 24.818853 35.407799 -87.528595
v 25.535654 38.769798 -88.108490
v 23.794655 38.887699 -88.276489
v 23.947655 35.540901 -87.633789
v 22.284254 38.860001 -87.503296
v 23.170254 35.453800 -87.221802
v 23.170254 35.453800 -87.221802
v 22.284254 38.860001 -87.503296
v 22.086355 38.656300 -85.348480
v 23.058155 35.421600 -86.443298
v 22.086355 38.656300 -85.348480
v 22.973154 38.422600 -84.829544
v 23.520254 35.233601 -85.790390
v 23.520254 35.233601 -85.790390
v 22.973154 38.422600 -84.829544
v 24.716955 38.305099 -84.693039
v 24.428154 35.239498 -85.672989
v 24.716955 38.305099 -84.693039
v 26.230154 38.333199 -84.958160
v 25.170555 35.187901 -86.097198
v 24.257254 33.907902 -87.261002
v 24.696354 34.118099 -86.894791
v 23.758352 32.768280 -86.833801
v 24.449854 33.787701 -86.476700
v 23.353855 33.933201 -87.092896
v 23.819553 34.234501 -87.387802
v 23.758352 32.768280 -86.833801
v 24.257254 33.907902 -87.261002
v 23.545753 33.812801 -86.308594
v 23.250355 34.158401 -86.625900
v 23.353855 33.933201 -87.092896
v 24.449854 33.787701 -86.476700
v 24.127153 34.042000 -86.132889
v 23.545753 33.812801 -86.308594
v 22.503853 38.060600 -100.760605
v 22.573952 38.210999 -102.288208
v 21.516151 34.999699 -102.202209
v 21.433853 34.855701 -101.424606
v 21.591452 38.392502 -103.553604
v 20.972052 35.021198 -102.840500
v 20.972052 35.021198 -102.840500
v 21.591452 38.392502 -103.553604
v 19.863453 38.494900 -103.626007
v 20.104452 35.146198 -102.899017
v 18.438152 38.486500 -102.767319
v 19.372852 35.069599 -102.441910
v 19.372852 35.069599 -102.441910
v 18.438152 38.486500 -102.767319
v 18.363653 38.335602 -101.239807
v 19.323553 35.065701 -101.656204
v 19.341755 38.153500 -99.974304
v 19.831852 34.903702 -101.026016
v 19.831852 34.903702 -101.026016
v 19.341755 38.153500 -99.974304
v 21.074152 38.051601 -99.902008
v 20.735153 34.919300 -100.959412
v 22.503853 38.060600 -100.760605
v 21.433853 34.855701 -101.424606
v 20.460352 33.518700 -102.512207
v 20.918453 33.746399 -102.173706
v 20.011148 32.389084 -102.047318
v 20.713255 33.428600 -101.736404
v 19.583952 33.545300 -102.293808
v 20.015053 33.839901 -102.619614
v 20.011148 32.389084 -102.047318
v 20.460352 33.518700 -102.512207
v 19.835651 33.455002 -101.517914
v 19.515253 33.788898 -101.824219
v 19.583952 33.545300 -102.293808
v 20.713255 33.428600 -101.736404
v 20.418652 33.695499 -101.378311
v 19.835651 33.455002 -101.517914
v 20.524481 37.976799 -106.167618
v 20.591381 38.109501 -107.696716
v 19.540581 34.885101 -107.581406
v 19.460180 34.750099 -106.802292
v 19.612379 38.276501 -108.964005
v 18.998680 34.898701 -108.219910
v 18.998680 34.898701 -108.219910
v 19.612379 38.276501 -108.964005
v 17.894781 38.378502 -109.037308
v 18.136181 35.023499 -108.279617
v 16.479481 38.380501 -108.178406
v 17.409781 34.952202 -107.821716
v 17.409781 34.952202 -107.821716
v 16.479481 38.380501 -108.178406
v 16.407681 38.247299 -106.649292
v 17.361881 34.958199 -107.035904
v 17.381781 38.079601 -105.382111
v 17.868181 34.803299 -106.404114
v 17.868181 34.803299 -106.404114
v 17.381781 38.079601 -105.382111
v 19.104382 37.978199 -105.308807
v 18.766281 34.819698 -106.337708
v 20.524481 37.976799 -106.167618
v 19.460180 34.750099 -106.802292
v 18.490879 33.393700 -107.877808
v 18.946781 33.626598 -107.541306
v 18.045179 32.267281 -107.407516
v 18.743580 33.312901 -107.101105
v 17.620081 33.423199 -107.659607
v 18.047981 33.714901 -107.988205
v 18.045179 32.267281 -107.407516
v 18.490879 33.393700 -107.877808
v 17.871481 33.342201 -106.882812
v 17.552481 33.673698 -107.192215
v 17.620081 33.423199 -107.659607
v 18.743580 33.312901 -107.101105
v 18.451281 33.585400 -106.745407
v 17.871481 33.342201 -106.882812
v 18.636129 38.004200 -110.988113
v 18.554329 38.073898 -112.524918
v 17.583429 34.835999 -112.202209
v 17.580528 34.732700 -111.413010
v 17.462830 38.180000 -113.720108
v 16.986629 34.818199 -112.797913
v 16.986629 34.818199 -112.797913
v 17.462830 38.180000 -113.720108
v 15.756229 38.264400 -113.663116
v 16.126129 34.933601 -112.795013
v 14.439029 38.290001 -112.695404
v 15.452829 34.875301 -112.278412
v 15.452829 34.875301 -112.278412
v 14.439029 38.290001 -112.695404
v 14.515929 38.219501 -111.158615
v 15.480129 34.913799 -111.490616
v 15.602329 38.112598 -109.963409
v 16.043530 34.789299 -110.893509
v 16.043530 34.789299 -110.893509
v 15.602329 38.112598 -109.963409
v 17.314030 38.028900 -110.020508
v 16.937529 34.816200 -110.897812
v 18.636129 38.004200 -110.988113
v 17.580528 34.732700 -111.413010
v 16.543728 33.319401 -112.358109
v 17.022429 33.570900 -112.066818
v 16.158226 32.207581 -111.830811
v 16.868929 33.273201 -111.599304
v 15.703030 33.350899 -112.073517
v 16.089628 33.632999 -112.446213
v 16.543728 33.319401 -112.358109
v 16.026928 33.304401 -111.314606
v 15.676229 33.621101 -111.611404
v 16.158226 32.207581 -111.830811
v 15.703030 33.350899 -112.073517
v 16.868929 33.273201 -111.599304
v 16.609028 33.558899 -111.232010
v 16.026928 33.304401 -111.314606
v 16.168604 38.367699 -116.087418
v 15.926203 38.292500 -117.616409
v 15.205004 35.052601 -116.928818
v 15.289703 35.022400 -116.133606
v 14.721804 38.244999 -118.719513
v 14.556704 34.956402 -117.468018
v 14.556704 34.956402 -117.468018
v 14.721804 38.244999 -118.719513
v 13.040903 38.266800 -118.519318
v 13.701703 35.037800 -117.399109
v 11.840703 38.329098 -117.441711
v 13.094903 35.000801 -116.820206
v 13.094903 35.000801 -116.820206
v 11.840703 38.329098 -117.441711
v 12.078403 38.403198 -115.912704
v 13.200503 35.112900 -116.041504
v 13.278004 38.449699 -114.809616
v 13.824903 35.066101 -115.485916
v 13.824903 35.066101 -115.485916
v 13.278004 38.449699 -114.809616
v 14.963604 38.429001 -115.009918
v 14.703804 35.127800 -115.571304
v 16.168604 38.367699 -116.087418
v 15.289703 35.022400 -116.133606
v 14.258803 33.484699 -116.861008
v 14.744904 33.781200 -116.634918
v 13.969001 32.408180 -116.252014
v 14.660303 33.521500 -116.129913
v 13.457503 33.509300 -116.506119
v 13.782703 33.771500 -116.935913
v 13.969001 32.408180 -116.252014
v 14.258803 33.484699 -116.861008
v 13.857803 33.545799 -115.774918
v 13.461904 33.820400 -116.067017
v 13.457503 33.509300 -116.506119
v 14.660303 33.521500 -116.129913
v 14.424104 33.830101 -115.766113
v 13.857803 33.545799 -115.774918
v 5.135700 37.286499 -127.729706
v 3.763100 37.201000 -128.589996
v 3.756300 33.997398 -127.427292
v 4.442900 33.974800 -126.947205
v 2.116200 37.231201 -128.503494
v 2.910200 33.945400 -127.339401
v 2.910200 33.945400 -127.339401
v 2.116200 37.231201 -128.503494
v 1.196900 37.396099 -127.212204
v 2.419600 34.101898 -126.709702
v 1.286300 37.579300 -125.663101
v 2.491300 34.127300 -125.899490
v 2.491300 34.127300 -125.899490
v 1.286300 37.579300 -125.663101
v 2.665500 37.664001 -124.802795
v 3.185300 34.246300 -125.454803
v 4.319099 37.632900 -124.889297
v 4.028200 34.156200 -125.507202
v 4.028200 34.156200 -125.507202
v 4.319099 37.632900 -124.889297
v 5.231800 37.468800 -126.180496
v 4.521999 34.141800 -126.172394
v 5.135700 37.286499 -127.729706
v 4.442900 33.974800 -126.947205
v 3.160800 32.496101 -126.633102
v 3.660000 32.757900 -126.833191
v 3.445697 31.450779 -125.989304
v 4.001100 32.512501 -126.418091
v 2.931700 32.596802 -125.843994
v 2.804400 32.825298 -126.373901
v 3.445697 31.450779 -125.989304
v 3.160800 32.496101 -126.633102
v 3.773600 32.612900 -125.629105
v 3.294700 32.918701 -125.570801
v 2.931700 32.596802 -125.843994
v 4.001100 32.512501 -126.418091
v 4.150199 32.851299 -126.029999
v 3.773600 32.612900 -125.629105
v 23.789003 38.222000 -95.909195
v 23.927402 38.314899 -97.438110
v 22.839003 35.127102 -97.255905
v 22.721302 35.012600 -96.476318
v 22.997305 38.452801 -98.741714
v 22.320702 35.127399 -97.912308
v 22.320702 35.127399 -97.912308
v 22.997305 38.452801 -98.741714
v 21.265202 38.559399 -98.876007
v 21.452402 35.253201 -98.004807
v 19.795702 38.588799 -98.066010
v 20.696903 35.196800 -97.569717
v 20.696903 35.196800 -97.569717
v 19.795702 38.588799 -98.066010
v 19.653503 38.495399 -96.537109
v 20.613003 35.221901 -96.786713
v 20.579702 38.356899 -95.233490
v 21.095102 35.081699 -96.133804
v 21.095102 35.081699 -96.133804
v 20.579702 38.356899 -95.233490
v 22.315702 38.250900 -95.099197
v 21.999603 35.095798 -96.037811
v 23.789003 38.222000 -95.909195
v 22.721302 35.012600 -96.476318
v 21.781803 33.646599 -97.539917
v 22.228703 33.883598 -97.195908
v 21.305998 32.538780 -97.066406
v 22.001102 33.584099 -96.753113
v 20.891903 33.684700 -97.352219
v 21.341303 33.964100 -97.675217
v 21.781803 33.646599 -97.539917
v 21.110302 33.622101 -96.565414
v 20.804102 33.944500 -96.895615
v 21.305998 32.538780 -97.066406
v 20.891903 33.684700 -97.352219
v 22.001102 33.584099 -96.753113
v 21.691502 33.863998 -96.416306
v 21.110302 33.622101 -96.565414
v 4.432386 35.263168 -125.900429
v 3.075603 33.646664 -125.528824
v -0.000001 35.146660 -126.165749
v -0.000001 33.547890 -125.820786
v -0.000000 32.447296 -123.749901
v 3.542600 32.607899 -123.536102
v 4.480801 31.964802 -121.185509
v -0.000000 31.774799 -121.306297
v 84.136475 21.533073 -10.862803
v 86.962700 21.105000 -15.197504
v 88.196602 19.982401 -16.116102
v 35.109299 23.774298 -41.188351
v 38.582703 22.451796 -38.214504
v 29.735504 20.677200 -41.198002
v 87.931000 20.568399 -16.054401
v 88.196602 19.982401 -16.116102
v 9.685105 37.778999 -125.204010
v 8.983105 37.697601 -126.610214
v 8.520605 34.428600 -125.754318
v 8.847404 34.401501 -125.012009
v 7.511804 37.654099 -127.347717
v 7.745204 34.334400 -126.098709
v 7.745204 34.334400 -126.098709
v 7.511804 37.654099 -127.347717
v 5.996204 37.691200 -126.701813
v 6.964505 34.425098 -125.802109
v 5.204705 37.769501 -125.341507
v 6.575506 34.396400 -125.081604
v 6.575506 34.396400 -125.081604
v 5.204705 37.769501 -125.341507
v 5.905405 37.849499 -123.935318
v 6.917803 34.512901 -124.361115
v 7.375604 37.891499 -123.197815
v 7.677004 34.462601 -123.994919
v 7.677004 34.462601 -123.994919
v 7.375604 37.891499 -123.197815
v 8.892305 37.855900 -123.843613
v 8.473905 34.516399 -124.313416
v 9.685105 37.778999 -125.204010
v 8.847404 34.401501 -125.012009
v 7.654705 32.852001 -125.434509
v 8.180805 33.148399 -125.347717
v 7.572702 31.775476 -124.770508
v 8.258705 32.889400 -124.839005
v 7.013706 32.886600 -124.877213
v 7.184704 33.146099 -125.378311
v 7.572702 31.775476 -124.770508
v 7.654705 32.852001 -125.434509
v 7.617505 32.923599 -124.281708
v 7.155004 33.203400 -124.456116
v 7.013706 32.886600 -124.877213
v 8.258705 32.889400 -124.839005
v 8.151005 33.205700 -124.425507
v 7.617505 32.923599 -124.281708
v 14.238074 38.257702 -120.384506
v 13.874373 38.178600 -121.894608
v 13.216874 34.924400 -121.157013
v 13.365273 34.896198 -120.368805
v 12.593774 38.130199 -122.911606
v 12.531874 34.827499 -121.649918
v 12.531874 34.827499 -121.649918
v 12.593774 38.130199 -122.911606
v 9.847574 38.223701 -121.432510
v 11.138574 34.877201 -120.900116
v 11.138574 34.877201 -120.900116
v 9.847574 38.223701 -121.432510
v 10.207174 38.301601 -119.922409
v 11.306474 34.991901 -120.129913
v 11.483574 38.348701 -118.905304
v 11.969374 34.945000 -119.619019
v 11.969374 34.945000 -119.619019
v 11.483574 38.348701 -118.905304
v 13.134173 38.324200 -119.223709
v 12.831573 35.004902 -119.766006
v 14.238074 38.257702 -120.384506
v 13.365273 34.896198 -120.368805
v 12.286474 33.350498 -121.022812
v 12.785674 33.648201 -120.831207
v 12.049471 32.273582 -120.394211
v 12.743073 33.388802 -120.320816
v 11.522874 33.378101 -120.611908
v 12.286474 33.350498 -121.022812
v 12.049471 32.273582 -120.394211
v 11.978374 33.416100 -119.909912
v 11.562974 33.692101 -120.173813
v 11.522874 33.378101 -120.611908
v 12.743073 33.388802 -120.320816
v 12.539174 33.700600 -119.940918
v 11.978374 33.416100 -119.909912
v 6.411000 78.585999 52.869495
v -0.000000 80.079514 49.023293
v -0.000001 79.169907 45.390095
v 14.800000 37.074100 152.157166
v 13.891501 32.150799 152.156906
v 11.064902 28.060200 152.156769
v 9.252201 30.378700 179.611694
v 11.667400 33.181702 179.611786
v 10.390300 30.778898 186.007767
v 13.377701 33.337399 185.992126
v 14.233100 36.496498 185.992081
v 12.453700 36.691002 179.611877
v 9.389601 43.049805 179.612091
v 5.151700 44.902699 179.612091
v 10.669400 42.698399 186.000641
v 4.941100 44.241100 185.992035
v -0.000001 44.767998 185.992020
v -0.000001 45.566505 179.612122
v -0.000000 49.977203 152.158417
v 6.219300 48.691799 152.158417
v 11.295701 45.652805 152.158234
v 0.000000 28.740404 179.611694
v 5.060200 29.042103 179.611740
v 0.000000 29.663900 186.006912
v 4.886000 29.879097 186.005722
v 6.065500 25.954901 152.156586
v -0.000000 25.398499 152.156494
v 11.759001 40.146503 179.611969
v 13.628100 39.751396 185.992050
v 14.045300 41.677502 152.157700
v -0.000001 80.579803 76.170708
v 3.435200 81.444611 73.637100
v 4.938500 77.065292 71.490799
v -0.000002 76.035492 75.351303
v 7.417800 79.335800 65.269089
v 11.796800 73.359482 61.752701
v 6.918300 72.884506 70.081024
v -0.000000 72.576401 75.307106
v 2.749500 88.731201 74.516388
v 2.195500 85.787109 75.948395
v -0.000001 86.166107 77.854095
v -0.000000 80.079514 49.023293
v 6.411000 78.585999 52.869495
v 4.938500 82.028397 58.029297
v 0.000000 83.480194 54.298393
v -0.000001 32.931877 210.531845
v 30.980898 19.364901 -12.039399
v -19.015837 35.217049 -101.357422
v -12.769083 35.282810 -117.981346
v -20.459900 30.568705 -86.571739
v -16.222202 31.643599 -101.357460
v -19.378038 33.300182 -101.357475
v -23.110872 32.570011 -86.568459
v -19.015837 35.217049 -101.357422
v -22.545372 34.441784 -86.572960
v -18.165596 54.096100 98.623680
v -10.083100 59.767292 98.623680
v -8.964802 56.743801 112.507187
v -16.175100 51.731205 112.507240
v -7.935766 53.858131 125.984718
v -14.342199 49.521477 125.984108
v -22.770102 59.725609 70.081810
v -12.394232 65.023460 77.300995
v -11.314299 62.708199 85.871727
v -20.357300 56.475300 85.871849
v -23.197298 38.794395 98.623680
v -22.129400 30.876894 98.623680
v -24.605000 30.987604 85.871887
v -25.848204 39.614605 85.871887
v -27.232397 31.403793 70.082130
v -28.617802 40.748795 70.082123
v -22.189398 23.752605 70.082146
v -20.039000 23.968904 85.871887
v -18.049999 24.457296 98.623680
v -20.237301 79.936310 -12.456959
v -20.630198 79.113503 -26.504398
v -10.783102 81.972015 -26.504295
v -10.561101 82.926208 -12.456660
v -11.009904 80.639648 -41.200363
v -21.018902 77.932114 -41.200344
v -20.492493 70.926071 -92.663483
v -17.805496 69.854691 -111.928635
v -9.544199 71.991592 -111.928802
v -10.831496 73.024582 -92.663406
v -11.103197 73.910988 -85.356567
v -21.067396 71.782593 -85.356567
v -39.731308 37.166492 -41.202831
v -39.800102 44.029301 -41.200371
v -39.480602 43.132305 -26.504200
v -39.534901 37.554798 -26.345898
v -38.870796 41.665405 -12.458258
v -38.696205 35.084801 -12.404959
v -38.689301 49.495598 -12.461761
v -39.081505 50.416809 -26.507401
v -39.391998 51.097603 -41.200356
v -29.735502 20.677200 -41.198002
v -29.288498 17.995298 -23.504898
v -15.853901 17.214899 -23.744600
v -15.119101 19.457901 -41.194862
v -30.980900 19.364901 -12.039398
v -16.281698 17.509800 -11.897398
v -30.081009 32.172611 52.799713
v -31.417313 42.354115 52.803612
v -32.738609 33.251217 35.035839
v -33.959312 44.116219 35.035885
v -27.106003 24.190905 35.035786
v -24.696699 23.773899 52.793697
v -37.382195 47.156597 0.160579
v -36.426098 36.470501 0.160580
v -39.731308 37.166492 -41.202831
v -39.390305 38.902393 -52.244301
v -39.981003 44.849598 -52.259411
v -39.800102 44.029301 -41.200371
v -39.628700 51.460102 -52.266911
v -39.391998 51.097603 -41.200356
v -39.582924 51.120853 -63.173820
v -39.610924 45.114750 -63.193302
v -38.865528 39.756744 -63.181900
v -12.948804 36.829697 172.685333
v -12.132002 32.967800 172.685226
v -12.596601 32.710098 166.471542
v -13.444004 36.914299 166.476044
v -13.152603 32.430504 159.412430
v -14.030601 36.983002 159.411331
v -10.451702 28.645300 159.413528
v -9.998601 29.230400 166.476044
v -9.625401 29.810102 172.685120
v -40.999195 29.067003 -24.934700
v -37.321495 25.845501 -12.008798
v -39.933300 23.820599 -13.937398
v -43.266201 26.145699 -23.734198
v -44.978371 22.669895 -13.876900
v -46.733891 24.589594 -22.384897
v -57.181805 23.440893 -19.529200
v -60.190296 21.867393 -27.511698
v -53.520798 22.047993 -28.952400
v -51.519501 23.826792 -21.044998
v -47.571198 22.758894 -30.881096
v -37.843697 18.316694 -22.874001
v -37.553596 19.736496 -13.386800
v -29.288498 17.995298 -23.504898
v -46.244164 18.401594 -21.915297
v -44.487560 19.902496 -12.846799
v -50.728096 18.472397 -20.692198
v -53.339897 19.964895 -29.852598
v -60.573605 19.954395 -28.510601
v -57.575504 18.539099 -19.122700
v -47.673660 20.449692 -31.825350
v -59.639202 21.401394 -8.684298
v -63.280106 23.015694 -17.652498
v -53.572109 21.786892 -10.706098
v -66.123901 21.085997 -7.016998
v -69.652802 22.589195 -15.566596
v -66.652702 21.675196 -25.631397
v -72.984497 21.502195 -23.327599
v -64.579803 18.611698 -17.124699
v -59.390903 19.880499 -7.271198
v -53.147404 19.921696 -9.207898
v -71.455505 18.689598 -15.050798
v -65.974197 19.848196 -5.758497
v -67.332802 19.944996 -26.679802
v -73.789108 19.939596 -24.433800
v -72.822601 20.982296 -6.168397
v -76.138611 22.199596 -13.423295
v -78.647110 20.972197 -6.032495
v -81.797623 21.836098 -11.741853
v -79.262497 21.379194 -20.616596
v -84.313004 21.261599 -17.804596
v -77.916901 18.772495 -13.253497
v -72.623108 19.850195 -4.978497
v -83.915405 19.102386 -11.545397
v -78.476196 19.882496 -4.876297
v -80.113998 19.940996 -21.846497
v -85.264297 19.953693 -19.034897
v -53.731400 20.978294 -30.610300
v -60.782001 20.893494 -29.232395
v -47.643501 21.551195 -32.249599
v -53.147404 19.921696 -9.207898
v -59.390903 19.880499 -7.271198
v -58.845703 20.611195 -6.614898
v -52.756603 20.828794 -8.598998
v -65.357697 20.439894 -5.103398
v -65.974197 19.848196 -5.758497
v -67.391701 20.804594 -27.389599
v -73.743698 20.729994 -25.095299
v -72.623108 19.850195 -4.978497
v -72.060898 20.409197 -4.467798
v -78.067200 20.440395 -4.618498
v -78.476196 19.882496 -4.876297
v -80.021301 20.687895 -22.362797
v -85.119003 20.645094 -19.309898
v -51.213493 36.178005 233.373199
v -54.005592 35.075901 236.385376
v -54.258892 34.929302 235.161392
v -52.628494 35.423504 232.115387
v -54.726093 34.133305 235.375076
v -53.020592 34.313503 231.720566
v -55.893650 34.057804 238.448654
v -82.488602 20.454796 -5.465697
v -87.858810 20.467596 -9.679296
v -86.908905 20.945993 -9.955296
v -82.509506 20.937794 -6.503496
v -82.671997 19.941296 -5.397498
v -88.118103 19.956696 -9.670696
v -82.671997 19.941296 -5.397498
v -86.482513 19.342876 -10.477586
v -88.118103 19.956696 -9.670696
v -40.090000 34.416103 231.316803
v -45.923496 34.248913 233.736603
v -46.375797 35.616604 233.221405
v -40.445995 35.960201 230.794891
v -46.816692 36.750202 231.602798
v -41.247093 37.259792 228.775467
v -50.450096 35.281803 235.155579
v -50.102997 34.137707 235.701492
v -39.798306 32.109001 -19.595798
v -37.321495 25.845501 -12.008798
v -39.995605 33.930599 -25.880299
v -40.279400 32.746700 -31.843100
v -40.999195 29.067003 -24.934700
v -53.038498 34.870998 236.719879
v -53.200588 34.060406 237.323181
v -24.884697 31.504297 200.222168
v -17.356695 31.452791 192.507523
v -19.437895 33.420498 191.355301
v -28.030998 33.432701 198.383286
v -20.561596 36.244297 191.347595
v -29.338795 35.910801 198.321976
v -14.233099 36.496498 185.992065
v -13.377697 33.337395 185.992126
v -10.390300 30.778894 186.007767
v -43.638489 31.951607 221.463287
v -35.606792 31.844402 211.482788
v -37.340302 33.375999 209.070496
v -45.268791 33.276005 219.861481
v -38.464397 35.472107 208.860687
v -46.142395 35.012600 219.499481
v -49.719589 33.158207 227.201401
v -48.030689 32.023205 228.046478
v -52.111790 33.141804 231.967377
v -50.329891 32.266605 233.127670
v -50.576889 34.616405 226.774063
v -53.864189 33.345600 235.036575
v -53.512283 33.096302 236.229385
v -45.950092 32.027302 231.463287
v -45.904591 31.658705 228.779373
v -41.699291 31.572905 224.800491
v -40.551891 31.987499 228.704178
v -52.643894 33.287304 236.595078
v -49.928791 33.036808 235.008789
v -45.868996 32.971607 233.133072
v -40.070393 33.013599 230.748001
v -32.138794 33.084896 227.633423
v -32.748291 31.923702 224.531219
v -23.524296 33.176498 224.219498
v -24.156094 31.886002 220.305099
v -23.221395 34.935398 225.054489
v -32.030201 34.661701 228.330383
v -15.677101 33.279503 220.936707
v -16.392200 31.924501 217.386490
v -9.050199 33.409702 217.663681
v -9.844699 32.035400 214.961487
v -8.423099 35.419399 218.500275
v -15.141000 35.187202 221.765472
v -21.018902 77.932114 -41.200344
v -21.298103 76.569412 -52.268108
v -11.180705 79.141632 -52.267410
v -11.009904 80.639648 -41.200363
v -11.216735 77.563225 -63.188416
v -21.324760 75.132370 -63.188442
v -18.485521 37.660408 125.981857
v -17.480310 31.373974 125.978081
v -19.736700 31.024096 112.507286
v -20.753702 38.131302 112.507507
v -16.026802 25.252300 112.507042
v -14.088917 26.241001 125.974220
v -7.263198 51.867691 135.330780
v -13.148598 47.986187 135.330811
v -6.682302 50.168102 143.826660
v -12.117202 46.709297 143.823669
v -17.649071 43.915920 125.983528
v -16.237799 42.989594 135.330811
v -17.037298 37.361492 135.330872
v -15.016402 42.264603 143.816559
v -15.789801 37.196999 143.808838
v -5.158400 84.688110 68.630890
v -3.435200 86.117004 62.183399
v -2.195500 88.756805 64.628197
v -2.749500 89.681244 68.310799
v -2.195502 90.431396 72.481300
v -0.000002 91.724731 79.927315
v -14.847099 31.869686 143.804108
v -16.053598 31.585781 135.330841
v -12.872198 26.837784 135.330872
v -11.863298 27.462091 143.801117
v -10.659101 44.793396 159.411819
v -5.861002 47.451096 159.411331
v -5.594100 46.458599 166.476044
v -10.182602 44.107704 166.476044
v -5.372900 45.635300 172.685593
v -9.786100 43.543800 172.685455
v -10.597703 32.236889 -116.846268
v -8.030305 32.576904 -121.058517
v -9.563392 33.673920 -121.873840
v -12.677472 33.534092 -117.422310
v -9.814792 35.361736 -122.864021
v -12.769083 35.282810 -117.981346
v -7.377891 35.186172 -124.870872
v -6.478643 33.752293 -124.323181
v -6.168703 32.934410 -122.826836
v -8.865902 22.109301 112.506950
v -10.006001 20.926201 98.623680
v -7.767010 23.445852 125.972542
v -7.078900 24.292994 135.330902
v -6.513101 25.153496 143.798553
v -5.722702 26.726700 159.413727
v -5.471400 27.498503 166.476044
v -5.265800 28.270302 172.684937
v -9.691100 30.975792 195.927124
v -4.774799 30.846390 196.499695
v -4.886001 29.879097 186.005722
v -5.098699 31.589191 205.026093
v -10.156199 31.489897 203.791214
v -37.976597 50.676205 -85.356537
v -35.921501 50.933022 -92.662811
v -35.471600 57.128700 -92.662933
v -36.889103 57.494499 -85.356567
v -32.741199 62.832500 -92.662979
v -33.999905 63.390106 -85.356567
v -29.350403 56.839699 -111.928665
v -27.108803 62.265900 -111.928421
v -29.743000 50.848499 -111.930313
v -35.691402 44.509605 -85.356247
v -34.049004 44.809822 -92.662201
v -27.844402 44.811001 -111.934296
v -30.757902 39.871700 -92.661377
v -24.670902 39.913895 -111.940674
v -32.529392 39.078388 -85.362503
v -29.248201 72.186096 -52.269501
v -29.174675 70.927582 -63.188541
v -34.907600 66.234299 -52.270405
v -34.731434 65.291779 -63.188686
v -34.693504 67.104507 -41.200340
v -28.985603 73.378899 -41.200344
v -28.564701 74.351799 -26.505098
v -28.985603 73.378899 -41.200344
v -34.309204 67.697906 -26.506197
v -34.693504 67.104507 -41.200340
v -33.858196 67.978394 -12.459659
v -28.102997 74.976196 -12.457960
v -19.513901 79.796402 0.160586
v -27.093800 74.689407 0.160585
v -32.708000 67.418396 0.160582
v -23.996340 71.961266 35.047070
v -25.977379 73.629112 17.624619
v -18.748331 78.547112 17.626221
v -16.641600 76.731010 35.052750
v -28.817900 64.685265 35.037407
v -31.365810 66.469322 17.622616
v -14.825799 74.448792 50.603092
v -21.468201 69.848846 52.119900
v -10.917500 29.422503 -86.569397
v -9.140401 30.702303 -101.357475
v -29.735502 20.677200 -41.198002
v -15.119101 19.457901 -41.194862
v -13.955901 21.354599 -52.194099
v -25.484402 22.842600 -52.185600
v -12.689641 23.589891 -63.188213
v -24.124140 25.188192 -63.174355
v -48.126099 22.100897 -12.618399
v -43.268700 24.541496 -33.814758
v -39.084507 26.969095 -41.198849
v -47.518101 19.946697 -11.260101
v -38.410305 20.396294 -34.916073
v -44.209991 21.247398 -12.117300
v -47.321999 20.998098 -10.652300
v -47.518101 19.946697 -11.260101
v -44.487560 19.902496 -12.846799
v -41.840504 23.175694 -35.748203
v -9.795053 81.535370 17.627121
v -8.903403 79.397652 35.058178
v -7.558802 77.884811 47.407597
v -38.721088 44.995605 -73.389099
v -37.568401 42.372692 -73.291794
v -37.395599 42.013401 -74.935593
v -37.595787 42.763107 -76.570801
v -36.856705 40.679008 -75.558304
v -36.714504 40.518204 -77.615707
v -36.668804 40.441593 -73.196091
v -36.734291 36.512398 -69.665985
v -36.003502 36.421906 -73.369293
v -36.651295 38.038105 -73.025589
v -36.808697 38.692402 -71.563904
v -36.542503 38.718498 -74.585999
v -35.968002 37.178799 -75.802704
v -38.407207 40.812775 -68.845459
v -37.909603 38.982986 -68.823288
v -37.318600 39.375999 -70.365997
v -37.512905 40.730679 -70.861069
v -37.892204 42.062370 -71.616364
v -38.711594 42.930485 -70.075378
v -36.679909 39.365307 -75.877518
v -36.210506 38.544300 -77.399307
v -39.237267 52.724922 -73.483887
v -39.343433 49.646770 -73.449371
v -38.478989 47.144691 -78.494492
v -39.092106 41.025486 -66.414185
v -39.427891 44.184505 -67.064301
v -39.609596 47.375702 -68.461594
v -38.611092 39.225266 -66.063614
v -38.058990 37.753601 -66.348175
v -34.272297 37.428379 -79.315079
v -31.378798 36.214497 -80.945389
v -33.717304 35.541801 -77.348801
v -30.618301 34.084297 -78.200851
v -35.318588 40.090576 -80.216660
v -36.950687 43.711288 -79.768784
v -37.889164 58.374874 -73.525574
v -37.959805 58.567894 -63.188759
v -34.792870 64.529396 -73.572433
v -21.514271 73.642479 -73.658310
v -11.336537 75.869881 -73.699951
v -0.000000 76.573776 -73.694061
v -29.333839 69.769684 -73.627472
v -28.712805 68.214226 -85.356567
v -35.690605 28.715288 -52.194195
v -39.084507 26.969095 -41.198849
v -33.654049 30.038187 -63.179108
v -33.652996 31.589712 -67.465836
v -33.602299 33.147404 -71.566803
v -7.849500 71.168304 -130.084213
v -14.231302 69.204208 -129.889114
v -14.468998 62.316700 -137.369919
v -13.752101 66.354111 -136.207809
v -17.636900 66.279404 -130.452820
v -19.257799 62.224304 -131.103912
v -23.460398 66.608490 -111.928421
v -12.060205 68.561600 -134.210815
v -20.192301 50.781502 -130.485809
v -20.285702 56.869202 -131.170822
v -19.835600 45.280304 112.507408
v -22.206497 46.819595 98.623665
v -24.817202 48.443901 85.871887
v -27.537401 50.353405 70.082146
v -44.542690 37.730701 221.500763
v -48.874493 36.929905 228.191895
v -50.208088 35.950405 227.294388
v -45.811592 36.627995 219.881500
v -14.552118 66.825813 70.081131
v -17.361797 68.065506 64.529602
v -10.141079 70.061768 70.080917
v -6.918302 72.884506 70.081024
v -11.796800 73.359482 61.752701
v -13.290900 41.203995 159.411423
v -12.719304 40.819904 166.471588
v -12.239103 40.481800 172.685455
v -10.669406 42.698406 186.000641
v -18.536203 41.555298 191.774338
v -20.195702 39.233994 191.343704
v -13.628103 39.751404 185.992050
v -29.168390 38.529797 198.367477
v -26.780994 40.757595 199.676376
v -27.771997 67.480209 -92.663254
v -38.152699 58.957001 -52.270103
v -37.926105 59.233402 -41.200344
v -37.586205 59.162502 -26.507496
v -37.926105 59.233402 -41.200344
v -37.202698 58.875805 -12.461559
v -36.140095 57.856697 0.160580
v -26.825401 62.646175 52.629105
v -30.236902 52.748302 52.801899
v -32.700699 55.064709 35.035885
v -14.802105 56.924400 -137.552826
v -14.422402 50.727402 -136.504913
v -11.110404 39.050209 -130.980637
v -13.000999 44.276196 -133.974396
v -18.449699 44.528492 -128.881195
v -15.908204 39.461899 -126.888519
v -5.933801 31.528400 -116.893593
v -39.084507 26.969095 -41.198849
v -26.952400 37.231503 -92.660690
v -21.239002 37.344002 -111.949554
v -13.418104 36.933403 -125.039230
v -18.142809 36.558292 -111.951096
v -10.198002 35.816380 -124.184433
v -24.499212 36.722187 -92.660309
v -28.103298 36.629303 -85.367401
v -25.455078 36.093060 -85.288971
v -9.323402 36.529106 -128.542740
v -4.767000 36.085201 -130.328613
v -5.698601 38.583698 -133.114517
v -4.494201 35.488052 -127.853821
v -8.045701 35.671982 -126.864532
v -29.031712 25.102165 17.611689
v -34.876835 34.559860 17.615095
v -36.043335 45.711117 17.618004
v -32.675095 25.623598 0.153293
v -10.184199 82.866074 0.160585
v -34.797047 56.755421 17.620512
v -24.499212 36.722187 -92.660309
v -18.142809 36.558292 -111.951096
v -10.198002 35.816380 -124.184433
v -11.836602 32.989998 -86.571091
v -22.545372 34.441784 -86.572960
v -4.432386 35.263172 -125.900429
v -9.814792 35.361736 -122.864021
v -7.377891 35.186172 -124.870872
v -4.751700 43.630798 191.338715
v -4.941102 44.241100 185.992035
v -9.894501 42.920399 191.772293
v -10.032201 42.330097 197.742844
v -4.503302 42.922794 197.245834
v -7.776402 57.054401 -141.014511
v -7.491301 50.677605 -139.810822
v -7.715500 62.628002 -140.675018
v -6.702700 43.984200 -136.726318
v -8.045701 35.671982 -126.864532
v -4.494201 35.488052 -127.853821
v -12.053701 37.104397 -85.264877
v -25.455078 36.093060 -85.288971
v -7.390202 69.795197 -135.794113
v -7.466100 66.911697 -139.129608
v -28.043299 35.099598 -81.610794
v -25.571404 34.855869 -81.486694
v -25.248306 32.412441 -77.375275
v -27.498598 32.886875 -77.990265
v -32.117802 25.246899 -52.184505
v -35.109299 23.774298 -41.188354
v -29.897329 26.835930 -63.195457
v -29.605700 28.405472 -68.196869
v -22.045839 28.236694 -74.413162
v -30.069000 30.089195 -72.227692
v -26.888802 29.094200 -73.543503
v -23.147511 34.280674 -81.430809
v -23.824263 30.838573 -79.577629
v -27.195602 31.319464 -76.156143
v -30.106705 32.441525 -75.954895
v -11.868500 26.835503 -74.162445
v -0.000000 26.341599 -74.273636
v -33.558903 34.247601 -74.602798
v -38.436897 21.704897 -12.336200
v -37.553596 19.736496 -13.386800
v -30.980900 19.364901 -12.039398
v -35.569595 22.332201 -11.024798
v -35.569595 22.332201 -11.024798
v -13.733102 18.727900 52.788704
v -15.128901 18.656301 35.035748
v -12.296902 19.229702 70.082146
v -11.102101 19.964401 85.871910
v -16.774595 19.502199 0.160481
v -16.241821 19.138655 17.607676
v -25.248306 32.412441 -77.375275
v -12.441194 33.990906 -74.990112
v -12.489092 35.554108 -76.379623
v -25.571404 34.855869 -81.486694
v -12.377693 33.199203 -76.122131
v -23.147511 34.280674 -81.430809
v -32.290997 36.397099 227.754089
v -23.366398 36.870903 224.374283
v -24.197393 38.668999 220.399277
v -33.204693 37.941700 224.709564
v -33.990192 31.435307 217.892090
v -24.997795 31.355801 211.746674
v -4.096598 33.582798 214.279587
v -4.901699 32.214397 212.216080
v -5.030953 31.752501 209.387009
v -3.702196 35.634701 215.295364
v -15.778801 42.374096 193.070328
v -17.571400 41.776604 198.506226
v -37.351212 43.100407 -73.288208
v -37.780502 41.983402 -73.252502
v -37.430897 41.685497 -74.389893
v -36.940201 42.234493 -74.980591
v -37.288704 40.569698 -74.820999
v -36.472305 40.553291 -76.056488
v -37.849503 40.391701 -73.186890
v -36.413898 37.930397 -71.173889
v -36.167000 37.450096 -73.002502
v -36.915401 38.495895 -73.071198
v -37.254799 39.066597 -72.058899
v -37.070816 38.969696 -74.150314
v -36.101021 37.751892 -74.879807
v -37.281399 40.662701 -70.319382
v -36.859795 39.106197 -70.239288
v -37.377300 39.599995 -71.228989
v -37.742199 40.634201 -71.570496
v -37.774109 41.719406 -72.092911
v -37.455017 42.285316 -71.535110
v -36.935921 39.477699 -75.043106
v -36.197720 38.922691 -75.960419
v -8.642899 39.907005 213.809586
v -3.759599 40.473206 211.091766
v -3.605798 38.146805 214.445770
v -8.299398 37.752804 217.571869
v -15.732800 39.314903 216.839096
v -15.127699 37.325100 220.930771
v -46.837093 37.324703 228.896179
v -42.601990 37.928799 224.851273
v -17.051701 40.777802 207.896713
v -25.952496 40.015896 211.349869
v -9.417700 41.379204 206.144226
v -4.115700 41.967705 204.594284
v -38.252689 37.574501 209.059570
v -37.013493 38.970200 211.496765
v -35.054790 38.945999 218.001892
v -10.470799 31.608000 209.339691
v -16.942299 31.444603 210.057190
v -16.652998 31.320103 201.919769
v -14.849802 31.031496 195.945007
v -24.941908 38.271702 -90.713699
v -23.870909 35.076900 -91.304001
v -23.991110 35.198895 -92.082596
v -25.084812 38.379101 -92.241791
v -23.472210 35.205791 -92.738892
v -24.154312 38.529396 -93.544296
v -23.472210 35.205791 -92.738892
v -22.600611 35.332195 -92.830490
v -22.415113 38.636902 -93.677689
v -24.154312 38.529396 -93.544296
v -21.840813 35.271500 -92.395889
v -20.937313 38.658401 -92.867676
v -21.840813 35.271500 -92.395889
v -21.754713 35.288799 -91.612793
v -20.791012 38.550396 -91.339691
v -20.937313 38.658401 -92.867676
v -22.237312 35.142300 -90.960999
v -21.718214 38.399704 -90.037216
v -22.237312 35.142300 -90.960999
v -23.145311 35.155499 -90.864899
v -23.460810 38.292706 -89.903717
v -21.718214 38.399704 -90.037216
v -23.870909 35.076900 -91.304001
v -24.941908 38.271702 -90.713699
v -23.378010 33.958405 -92.031616
v -22.930010 33.725601 -92.377289
v -22.451008 32.614689 -91.908005
v -23.148310 33.655304 -91.591019
v -22.488110 34.043495 -92.510300
v -22.035912 33.761700 -92.189392
v -22.930010 33.725601 -92.377289
v -21.946712 34.016102 -91.730896
v -22.253410 33.691296 -91.403091
v -22.451008 32.614689 -91.908005
v -22.035912 33.761700 -92.189392
v -22.836708 33.931000 -91.252289
v -23.148310 33.655304 -91.591019
v -22.253410 33.691296 -91.403091
v -26.230343 38.333206 -84.958160
v -25.170744 35.187904 -86.097198
v -25.317841 35.358807 -86.863495
v -26.425444 38.536602 -86.651093
v -26.425444 38.536602 -86.651093
v -24.819040 35.407803 -87.528595
v -25.535839 38.769798 -88.108490
v -24.819040 35.407803 -87.528595
v -23.947844 35.540901 -87.633789
v -23.794844 38.887695 -88.276489
v -25.535839 38.769798 -88.108490
v -23.170443 35.453796 -87.221802
v -22.284443 38.859997 -87.503296
v -23.170443 35.453796 -87.221802
v -23.058342 35.421600 -86.443298
v -22.086538 38.656296 -85.348480
v -22.284443 38.859997 -87.503296
v -22.086538 38.656296 -85.348480
v -23.520441 35.233604 -85.790390
v -22.973337 38.422600 -84.829529
v -23.520441 35.233604 -85.790390
v -24.428341 35.239502 -85.672989
v -24.717142 38.305103 -84.693039
v -22.973337 38.422600 -84.829529
v -24.717142 38.305103 -84.693039
v -25.170744 35.187904 -86.097198
v -26.230343 38.333206 -84.958160
v -24.696539 34.118103 -86.894791
v -24.257439 33.907909 -87.261002
v -23.758539 32.768280 -86.833801
v -24.450041 33.787701 -86.476700
v -23.819740 34.234501 -87.387802
v -23.354042 33.933201 -87.092896
v -23.758539 32.768280 -86.833801
v -24.257439 33.907909 -87.261002
v -23.250542 34.158401 -86.625900
v -23.545942 33.812805 -86.308594
v -23.354042 33.933201 -87.092896
v -24.127342 34.042000 -86.132889
v -24.450041 33.787701 -86.476700
v -23.545942 33.812805 -86.308594
v -22.503740 38.060596 -100.760605
v -21.433739 34.855701 -101.424606
v -21.516035 34.999695 -102.202209
v -22.573837 38.210991 -102.288208
v -20.971935 35.021194 -102.840500
v -21.591335 38.392498 -103.553619
v -20.971935 35.021194 -102.840500
v -20.104336 35.146198 -102.899017
v -19.863335 38.494900 -103.626022
v -21.591335 38.392498 -103.553619
v -19.372734 35.069599 -102.441895
v -18.438032 38.486500 -102.767303
v -19.372734 35.069599 -102.441895
v -19.323435 35.065701 -101.656204
v -18.363535 38.335598 -101.239807
v -18.438032 38.486500 -102.767303
v -19.831736 34.903702 -101.026016
v -19.341635 38.153503 -99.974304
v -19.831736 34.903702 -101.026016
v -20.735039 34.919300 -100.959412
v -21.074038 38.051605 -99.902008
v -19.341635 38.153503 -99.974304
v -21.433739 34.855701 -101.424606
v -22.503740 38.060596 -100.760605
v -20.918333 33.746384 -102.173676
v -20.460236 33.518688 -102.512192
v -20.011030 32.389072 -102.047287
v -20.713137 33.428585 -101.736389
v -20.014938 33.839901 -102.619598
v -19.583834 33.545300 -102.293793
v -20.011030 32.389072 -102.047287
v -20.460236 33.518688 -102.512192
v -19.515135 33.788898 -101.824203
v -19.835535 33.455002 -101.517914
v -19.583834 33.545300 -102.293793
v -20.418535 33.695496 -101.378311
v -20.713137 33.428585 -101.736389
v -19.835535 33.455002 -101.517914
v -20.524023 37.976799 -106.167618
v -19.459726 34.750099 -106.802292
v -19.540127 34.885101 -107.581406
v -20.590927 38.109505 -107.696716
v -18.998228 34.898701 -108.219925
v -19.611929 38.276505 -108.964005
v -18.998228 34.898701 -108.219925
v -18.135731 35.023502 -108.279617
v -17.894329 38.378510 -109.037323
v -19.611929 38.276505 -108.964005
v -17.409330 34.952202 -107.821716
v -16.479027 38.380505 -108.178406
v -17.409330 34.952202 -107.821716
v -17.361429 34.958195 -107.035904
v -16.407225 38.247292 -106.649292
v -16.479027 38.380505 -108.178406
v -17.867727 34.803303 -106.404114
v -17.381325 38.079601 -105.382111
v -17.867727 34.803303 -106.404114
v -18.765827 34.819702 -106.337708
v -19.103926 37.978203 -105.308807
v -17.381325 38.079601 -105.382111
v -19.459726 34.750099 -106.802292
v -20.524023 37.976799 -106.167618
v -18.946335 33.626602 -107.541321
v -18.490433 33.393703 -107.877823
v -18.044731 32.267284 -107.407532
v -18.743132 33.312904 -107.101120
v -18.047529 33.714901 -107.988220
v -17.619629 33.423199 -107.659607
v -18.044731 32.267284 -107.407532
v -18.490433 33.393703 -107.877823
v -17.552031 33.673698 -107.192200
v -17.871029 33.342205 -106.882812
v -17.619629 33.423199 -107.659607
v -18.450829 33.585403 -106.745407
v -18.743132 33.312904 -107.101120
v -17.871029 33.342205 -106.882812
v -18.636410 38.004204 -110.988129
v -17.580809 34.732704 -111.413010
v -17.583710 34.835999 -112.202209
v -18.554609 38.073902 -112.524918
v -16.986910 34.818199 -112.797897
v -17.463110 38.180000 -113.720108
v -16.986910 34.818199 -112.797897
v -16.126406 34.933601 -112.795013
v -15.756508 38.264404 -113.663101
v -17.463110 38.180000 -113.720108
v -15.453108 34.875305 -112.278412
v -14.439307 38.290009 -112.695404
v -15.453108 34.875305 -112.278412
v -15.480408 34.913803 -111.490616
v -14.516208 38.219505 -111.158615
v -14.439307 38.290009 -112.695404
v -16.043808 34.789303 -110.893509
v -15.602606 38.112598 -109.963409
v -16.043808 34.789303 -110.893509
v -16.937807 34.816200 -110.897812
v -17.314310 38.028896 -110.020508
v -15.602606 38.112598 -109.963409
v -17.580809 34.732704 -111.413010
v -18.636410 38.004204 -110.988129
v -17.022705 33.570896 -112.066803
v -16.544004 33.319397 -112.358109
v -16.158503 32.207577 -111.830811
v -16.869207 33.273197 -111.599304
v -16.089907 33.632996 -112.446213
v -15.703308 33.350899 -112.073517
v -16.544004 33.319397 -112.358109
v -15.676508 33.621105 -111.611404
v -16.027206 33.304401 -111.314606
v -16.158503 32.207577 -111.830811
v -15.703308 33.350899 -112.073517
v -16.609306 33.558899 -111.232010
v -16.869207 33.273197 -111.599304
v -16.027206 33.304401 -111.314606
v -16.168999 38.367706 -116.087433
v -15.290095 35.022400 -116.133606
v -15.205396 35.052601 -116.928818
v -15.926597 38.292507 -117.616425
v -14.557094 34.956398 -117.468002
v -14.722198 38.244995 -118.719513
v -14.557094 34.956398 -117.468002
v -13.702095 35.037796 -117.399109
v -13.041295 38.266796 -118.519318
v -14.722198 38.244995 -118.719513
v -13.095295 35.000797 -116.820206
v -11.841095 38.329098 -117.441727
v -13.095295 35.000797 -116.820206
v -13.200894 35.112900 -116.041504
v -12.078795 38.403202 -115.912704
v -11.841095 38.329098 -117.441727
v -13.825294 35.066105 -115.485916
v -13.278396 38.449703 -114.809601
v -13.825294 35.066105 -115.485916
v -14.704196 35.127796 -115.571304
v -14.963996 38.429001 -115.009903
v -13.278396 38.449703 -114.809601
v -15.290095 35.022400 -116.133606
v -16.168999 38.367706 -116.087433
v -14.745294 33.781193 -116.634903
v -14.259194 33.484695 -116.860992
v -13.969394 32.408176 -116.252014
v -14.660695 33.521496 -116.129898
v -13.783095 33.771496 -116.935898
v -13.457895 33.509296 -116.506119
v -13.969394 32.408176 -116.252014
v -14.259194 33.484695 -116.860992
v -13.462295 33.820400 -116.067017
v -13.858195 33.545799 -115.774918
v -13.457895 33.509296 -116.506119
v -14.424498 33.830101 -115.766098
v -14.660695 33.521496 -116.129898
v -13.858195 33.545799 -115.774918
v -5.135699 37.286499 -127.729706
v -4.442900 33.974800 -126.947189
v -3.756298 33.997395 -127.427292
v -3.763099 37.201000 -128.589996
v -2.910200 33.945396 -127.339401
v -2.116200 37.231190 -128.503494
v -2.910200 33.945396 -127.339401
v -2.419600 34.101898 -126.709702
v -1.196901 37.396095 -127.212204
v -2.116200 37.231190 -128.503494
v -2.491301 34.127296 -125.899490
v -1.286299 37.579300 -125.663101
v -2.491301 34.127296 -125.899490
v -3.185301 34.246296 -125.454803
v -2.665499 37.664001 -124.802795
v -1.286299 37.579300 -125.663101
v -4.028203 34.156200 -125.507202
v -4.319102 37.632900 -124.889297
v -4.028203 34.156200 -125.507202
v -4.522003 34.141800 -126.172394
v -5.231802 37.468800 -126.180481
v -4.319102 37.632900 -124.889297
v -4.442900 33.974800 -126.947189
v -5.135699 37.286499 -127.729706
v -3.659999 32.757893 -126.833176
v -3.160799 32.496098 -126.633087
v -3.445697 31.450781 -125.989288
v -4.001100 32.512501 -126.418091
v -2.804399 32.825302 -126.373901
v -2.931702 32.596802 -125.843994
v -3.445697 31.450781 -125.989288
v -3.160799 32.496098 -126.633087
v -3.294702 32.918701 -125.570801
v -3.773601 32.612904 -125.629105
v -2.931702 32.596802 -125.843994
v -4.150200 32.851303 -126.029999
v -4.001100 32.512501 -126.418091
v -3.773601 32.612904 -125.629105
v -23.789286 38.222000 -95.909195
v -22.721584 35.012600 -96.476318
v -22.839285 35.127098 -97.255905
v -23.927683 38.314899 -97.438110
v -22.320986 35.127396 -97.912323
v -22.997585 38.452801 -98.741714
v -22.320986 35.127396 -97.912323
v -21.452684 35.253197 -98.004822
v -21.265482 38.559395 -98.876022
v -22.997585 38.452801 -98.741714
v -20.697186 35.196800 -97.569717
v -19.795984 38.588802 -98.066025
v -20.697186 35.196800 -97.569717
v -20.613285 35.221901 -96.786713
v -19.653788 38.495407 -96.537140
v -19.795984 38.588802 -98.066025
v -21.095383 35.081699 -96.133820
v -20.579983 38.356899 -95.233505
v -21.095383 35.081699 -96.133820
v -21.999886 35.095798 -96.037811
v -22.315985 38.250900 -95.099197
v -20.579983 38.356899 -95.233505
v -22.721584 35.012600 -96.476318
v -23.789286 38.222000 -95.909195
v -22.228983 33.883583 -97.195877
v -21.782084 33.646587 -97.539886
v -21.306276 32.538773 -97.066391
v -22.001383 33.584091 -96.753082
v -21.341585 33.964100 -97.675217
v -20.892185 33.684696 -97.352219
v -21.782084 33.646587 -97.539886
v -20.804382 33.944500 -96.895615
v -21.110582 33.622101 -96.565414
v -21.306276 32.538773 -97.066391
v -20.892185 33.684696 -97.352219
v -21.691784 33.863998 -96.416321
v -22.001383 33.584091 -96.753082
v -21.110582 33.622101 -96.565414
v -3.075603 33.646664 -125.528831
v -4.432386 35.263172 -125.900429
v -3.542601 32.607899 -123.536102
v -4.480801 31.964798 -121.185493
v -84.136475 21.533070 -10.862796
v -86.962692 21.104998 -15.197496
v -88.196609 19.982395 -16.116096
v -38.582695 22.451790 -38.214497
v -35.109299 23.774298 -41.188354
v -29.735502 20.677200 -41.198002
v -87.931000 20.568396 -16.054398
v -88.196609 19.982395 -16.116096
v -9.685179 37.779003 -125.204010
v -8.847477 34.401505 -125.012009
v -8.520683 34.428604 -125.754318
v -8.983185 37.697605 -126.610214
v -7.745285 34.334396 -126.098709
v -7.511887 37.654091 -127.347717
v -7.745285 34.334396 -126.098709
v -6.964582 34.425095 -125.802094
v -5.996283 37.691196 -126.701797
v -7.511887 37.654091 -127.347717
v -6.575583 34.396400 -125.081604
v -5.204782 37.769505 -125.341507
v -6.575583 34.396400 -125.081604
v -6.917881 34.512901 -124.361084
v -5.905480 37.849506 -123.935303
v -5.204782 37.769505 -125.341507
v -7.677083 34.462601 -123.994919
v -7.375681 37.891499 -123.197800
v -7.677083 34.462601 -123.994919
v -8.473979 34.516396 -124.313416
v -8.892379 37.855896 -123.843597
v -7.375681 37.891499 -123.197800
v -8.847477 34.401505 -125.012009
v -9.685179 37.779003 -125.204010
v -8.180882 33.148407 -125.347717
v -7.654783 32.852005 -125.434509
v -7.572780 31.775480 -124.770523
v -8.258780 32.889404 -124.839005
v -7.184782 33.146095 -125.378311
v -7.013783 32.886600 -124.877197
v -7.572780 31.775480 -124.770523
v -7.654783 32.852005 -125.434509
v -7.155081 33.203400 -124.456116
v -7.617582 32.923599 -124.281723
v -7.013783 32.886600 -124.877197
v -8.151081 33.205696 -124.425522
v -8.258780 32.889404 -124.839005
v -7.617582 32.923599 -124.281723
v -14.237616 38.257702 -120.384506
v -13.364811 34.896198 -120.368820
v -13.216412 34.924400 -121.157013
v -13.873915 38.178596 -121.894623
v -12.531411 34.827496 -121.649918
v -12.593312 38.130192 -122.911606
v -12.531411 34.827496 -121.649918
v -11.138111 34.877201 -120.900116
v -9.847110 38.223701 -121.432510
v -12.593312 38.130192 -122.911606
v -11.138111 34.877201 -120.900116
v -11.306009 34.991894 -120.129913
v -10.206709 38.301594 -119.922409
v -9.847110 38.223701 -121.432510
v -11.968909 34.945000 -119.619019
v -11.483109 38.348701 -118.905304
v -11.968909 34.945000 -119.619019
v -12.831112 35.004902 -119.766006
v -13.133715 38.324200 -119.223709
v -11.483109 38.348701 -118.905304
v -13.364811 34.896198 -120.368820
v -14.237616 38.257702 -120.384506
v -12.785211 33.648201 -120.831223
v -12.286015 33.350494 -121.022812
v -12.049012 32.273579 -120.394211
v -12.742610 33.388798 -120.320816
v -12.286015 33.350494 -121.022812
v -11.522415 33.378098 -120.611908
v -12.049012 32.273579 -120.394211
v -11.562511 33.692101 -120.173813
v -11.977911 33.416100 -119.909912
v -11.522415 33.378098 -120.611908
v -12.538710 33.700596 -119.940918
v -12.742610 33.388798 -120.320816
v -11.977911 33.416100 -119.909912
v -6.411000 78.585999 52.869488
v -13.891503 32.150806 152.156906
v -14.800002 37.074100 152.157166
v -11.064904 28.060204 152.156784
v -11.667402 33.181702 179.611786
v -9.252201 30.378704 179.611740
v -13.377697 33.337395 185.992126
v -10.390300 30.778894 186.007767
v -14.233099 36.496498 185.992065
v -12.453702 36.690998 179.611862
v -5.151702 44.902699 179.612106
v -9.389602 43.049805 179.612091
v -4.941102 44.241100 185.992035
v -10.669406 42.698406 186.000641
v -6.219303 48.691807 152.158432
v -11.295703 45.652805 152.158234
v -5.060202 29.042103 179.611755
v -4.886001 29.879097 186.005722
v -6.065500 25.954899 152.156570
v -11.759001 40.146503 179.611969
v -13.628103 39.751404 185.992050
v -14.045299 41.677502 152.157700
v -4.938502 77.065292 71.490799
v -3.435201 81.444611 73.637085
v -7.417800 79.335815 65.269089
v -11.796800 73.359482 61.752701
v -6.918302 72.884506 70.081024
v -2.195500 85.787109 75.948395
v -2.749502 88.731201 74.516388
v -4.938500 82.028397 58.029293
v -6.411000 78.585999 52.869488
v -30.980900 19.364901 -12.039398
v 21.143166 33.471085 -90.362160
v 21.338266 33.446060 -88.657448
v 20.230663 35.666008 -88.758652
v 20.083567 35.732044 -89.538048
v 21.338266 33.446060 -88.657448
v 20.448666 33.384201 -87.184151
v 19.731867 35.677631 -88.091965
v 20.230663 35.666008 -88.758652
v 19.731867 35.677631 -88.091965
v 20.448666 33.384201 -87.184151
v 18.707664 33.313904 -87.005379
v 18.860666 35.592472 -87.974182
v 18.707664 33.313904 -87.005379
v 17.197266 33.280083 -87.777550
v 18.083265 35.624657 -88.392746
v 18.860666 35.592472 -87.974182
v 18.083265 35.624657 -88.392746
v 17.197266 33.280083 -87.777550
v 16.999367 33.273624 -89.941948
v 17.971167 35.593597 -89.170639
v 16.999367 33.273624 -89.941948
v 17.886166 33.400219 -90.481361
v 18.433266 35.679283 -89.838875
v 17.971167 35.593597 -89.170639
v 18.433266 35.679283 -89.838875
v 17.886166 33.400219 -90.481361
v 19.629965 33.472393 -90.628754
v 19.341166 35.667130 -89.955132
v 19.629965 33.472393 -90.628754
v 21.143166 33.471085 -90.362160
v 20.083567 35.732044 -89.538048
v 19.341166 35.667130 -89.955132
v 19.731867 35.677631 -88.091965
v 19.170265 36.700188 -88.505806
v 19.609364 36.529198 -88.849564
v 20.230663 35.666008 -88.758652
v 19.609364 36.529198 -88.849564
v 19.170265 36.700188 -88.505806
v 18.671364 37.461777 -89.043045
v 19.362865 36.729809 -89.298126
v 20.083567 35.732044 -89.538048
v 20.230663 35.666008 -88.758652
v 19.609364 36.529198 -88.849564
v 19.362865 36.729809 -89.298126
v 18.083265 35.624657 -88.392746
v 18.266867 36.671104 -88.670601
v 18.732567 36.482231 -88.347488
v 18.860666 35.592472 -87.974182
v 18.732567 36.482231 -88.347488
v 18.266867 36.671104 -88.670601
v 18.671364 37.461777 -89.043045
v 19.170265 36.700188 -88.505806
v 19.731867 35.677631 -88.091965
v 18.860666 35.592472 -87.974182
v 18.732567 36.482231 -88.347488
v 19.170265 36.700188 -88.505806
v 18.433266 35.679283 -89.838875
v 18.458765 36.700855 -89.462944
v 18.163364 36.482777 -89.113190
v 17.971167 35.593597 -89.170639
v 18.163364 36.482777 -89.113190
v 18.458765 36.700855 -89.462944
v 18.671364 37.461777 -89.043045
v 18.266867 36.671104 -88.670601
v 18.083265 35.624657 -88.392746
v 17.971167 35.593597 -89.170639
v 18.163364 36.482777 -89.113190
v 18.266867 36.671104 -88.670601
v 20.083567 35.732044 -89.538048
v 19.362865 36.729809 -89.298126
v 19.040167 36.529739 -89.615257
v 19.341166 35.667130 -89.955132
v 19.040167 36.529739 -89.615257
v 19.362865 36.729809 -89.298126
v 18.671364 37.461777 -89.043045
v 18.458765 36.700855 -89.462944
v 18.433266 35.679283 -89.838875
v 19.341166 35.667130 -89.955132
v 19.040167 36.529739 -89.615257
v 18.458765 36.700855 -89.462944
v -21.143160 33.471073 -90.362167
v -20.083563 35.732040 -89.538048
v -20.230659 35.666004 -88.758652
v -21.338261 33.446060 -88.657448
v -21.338261 33.446060 -88.657448
v -20.230659 35.666004 -88.758652
v -19.731859 35.677624 -88.091965
v -20.448660 33.384197 -87.184158
v -19.731859 35.677624 -88.091965
v -18.860662 35.592472 -87.974197
v -18.707663 33.313908 -87.005386
v -20.448660 33.384197 -87.184158
v -18.707663 33.313908 -87.005386
v -18.860662 35.592472 -87.974197
v -18.083261 35.624660 -88.392746
v -17.197262 33.280087 -87.777557
v -18.083261 35.624660 -88.392746
v -17.971159 35.593597 -89.170639
v -16.999357 33.273632 -89.941948
v -17.197262 33.280087 -87.777557
v -16.999357 33.273632 -89.941948
v -17.971159 35.593597 -89.170639
v -18.433260 35.679279 -89.838875
v -17.886156 33.400219 -90.481369
v -18.433260 35.679279 -89.838875
v -19.341160 35.667126 -89.955139
v -19.629961 33.472393 -90.628761
v -17.886156 33.400219 -90.481369
v -19.629961 33.472393 -90.628761
v -19.341160 35.667126 -89.955139
v -20.083563 35.732040 -89.538048
v -21.143160 33.471073 -90.362167
v -19.731859 35.677624 -88.091965
v -20.230659 35.666004 -88.758652
v -19.609358 36.529198 -88.849564
v -19.170256 36.700184 -88.505806
v -18.671358 37.461777 -89.043045
v -19.170256 36.700184 -88.505806
v -19.609358 36.529198 -88.849564
v -19.362858 36.729809 -89.298126
v -20.083563 35.732040 -89.538048
v -19.362858 36.729809 -89.298126
v -19.609358 36.529198 -88.849564
v -20.230659 35.666004 -88.758652
v -18.083261 35.624660 -88.392746
v -18.860662 35.592472 -87.974197
v -18.732557 36.482231 -88.347488
v -18.266859 36.671104 -88.670601
v -18.671358 37.461777 -89.043045
v -18.266859 36.671104 -88.670601
v -18.732557 36.482231 -88.347488
v -19.170256 36.700184 -88.505806
v -19.731859 35.677624 -88.091965
v -19.170256 36.700184 -88.505806
v -18.732557 36.482231 -88.347488
v -18.860662 35.592472 -87.974197
v -18.433260 35.679279 -89.838875
v -17.971159 35.593597 -89.170639
v -18.163361 36.482777 -89.113190
v -18.458761 36.700855 -89.462944
v -18.671358 37.461777 -89.043045
v -18.458761 36.700855 -89.462944
v -18.163361 36.482777 -89.113190
v -18.266859 36.671104 -88.670601
v -18.083261 35.624660 -88.392746
v -18.266859 36.671104 -88.670601
v -18.163361 36.482777 -89.113190
v -17.971159 35.593597 -89.170639
v -20.083563 35.732040 -89.538048
v -19.341160 35.667126 -89.955139
v -19.040161 36.529739 -89.615257
v -19.362858 36.729809 -89.298126
v -18.671358 37.461777 -89.043045
v -19.362858 36.729809 -89.298126
v -19.040161 36.529739 -89.615257
v -18.458761 36.700855 -89.462944
v -18.433260 35.679279 -89.838875
v -18.458761 36.700855 -89.462944
v -19.040161 36.529739 -89.615257
v -19.341160 35.667126 -89.955139
v 20.143166 33.471081 -95.239006
v 20.338266 33.446060 -93.534294
v 19.230665 35.666008 -93.635498
v 19.083565 35.732040 -94.414902
v 20.338266 33.446060 -93.534294
v 19.448666 33.384201 -92.061005
v 18.731867 35.677631 -92.968811
v 19.230665 35.666008 -93.635498
v 18.731867 35.677631 -92.968811
v 19.448666 33.384201 -92.061005
v 17.707666 33.313904 -91.882225
v 17.860666 35.592472 -92.851036
v 17.707666 33.313904 -91.882225
v 16.197266 33.280083 -92.654396
v 17.083265 35.624657 -93.269592
v 17.860666 35.592472 -92.851036
v 17.083265 35.624657 -93.269592
v 16.197266 33.280083 -92.654396
v 15.999367 33.273624 -94.818794
v 16.971167 35.593597 -94.047485
v 15.999367 33.273624 -94.818794
v 16.886166 33.400215 -95.358208
v 17.433266 35.679279 -94.715721
v 16.971167 35.593597 -94.047485
v 17.433266 35.679279 -94.715721
v 16.886166 33.400215 -95.358208
v 18.629967 33.472393 -95.505608
v 18.341166 35.667126 -94.831978
v 18.629967 33.472393 -95.505608
v 20.143166 33.471081 -95.239006
v 19.083565 35.732040 -94.414902
v 18.341166 35.667126 -94.831978
v 18.731867 35.677631 -92.968811
v 18.170265 36.700188 -93.382645
v 18.609365 36.529198 -93.726410
v 19.230665 35.666008 -93.635498
v 18.609365 36.529198 -93.726410
v 18.170265 36.700188 -93.382645
v 17.671364 37.461777 -93.919891
v 18.362865 36.729805 -94.174980
v 19.083565 35.732040 -94.414902
v 19.230665 35.666008 -93.635498
v 18.609365 36.529198 -93.726410
v 18.362865 36.729805 -94.174980
v 17.083265 35.624657 -93.269592
v 17.266867 36.671104 -93.547447
v 17.732567 36.482231 -93.224342
v 17.860666 35.592472 -92.851036
v 17.732567 36.482231 -93.224342
v 17.266867 36.671104 -93.547447
v 17.671364 37.461777 -93.919891
v 18.170265 36.700188 -93.382645
v 18.731867 35.677631 -92.968811
v 17.860666 35.592472 -92.851036
v 17.732567 36.482231 -93.224342
v 18.170265 36.700188 -93.382645
v 17.433266 35.679279 -94.715721
v 17.458765 36.700851 -94.339783
v 17.163366 36.482777 -93.990036
v 16.971167 35.593597 -94.047485
v 17.163366 36.482777 -93.990036
v 17.458765 36.700851 -94.339783
v 17.671364 37.461777 -93.919891
v 17.266867 36.671104 -93.547447
v 17.083265 35.624657 -93.269592
v 16.971167 35.593597 -94.047485
v 17.163366 36.482777 -93.990036
v 17.266867 36.671104 -93.547447
v 19.083565 35.732040 -94.414902
v 18.362865 36.729805 -94.174980
v 18.040167 36.529736 -94.492104
v 18.341166 35.667126 -94.831978
v 18.040167 36.529736 -94.492104
v 18.362865 36.729805 -94.174980
v 17.671364 37.461777 -93.919891
v 17.458765 36.700851 -94.339783
v 17.433266 35.679279 -94.715721
v 18.341166 35.667126 -94.831978
v 18.040167 36.529736 -94.492104
v 17.458765 36.700851 -94.339783
v -20.143162 33.471073 -95.239014
v -19.083563 35.732040 -94.414902
v -19.230658 35.666004 -93.635498
v -20.338263 33.446060 -93.534294
v -20.338263 33.446060 -93.534294
v -19.230658 35.666004 -93.635498
v -18.731859 35.677624 -92.968819
v -19.448660 33.384197 -92.061005
v -18.731859 35.677624 -92.968819
v -17.860662 35.592472 -92.851044
v -17.707663 33.313908 -91.882233
v -19.448660 33.384197 -92.061005
v -17.707663 33.313908 -91.882233
v -17.860662 35.592472 -92.851044
v -17.083261 35.624660 -93.269592
v -16.197262 33.280087 -92.654404
v -17.083261 35.624660 -93.269592
v -16.971159 35.593597 -94.047485
v -15.999357 33.273624 -94.818794
v -16.197262 33.280087 -92.654404
v -15.999357 33.273624 -94.818794
v -16.971159 35.593597 -94.047485
v -17.433260 35.679276 -94.715721
v -16.886156 33.400215 -95.358215
v -17.433260 35.679276 -94.715721
v -18.341160 35.667126 -94.831985
v -18.629959 33.472393 -95.505608
v -16.886156 33.400215 -95.358215
v -18.629959 33.472393 -95.505608
v -18.341160 35.667126 -94.831985
v -19.083563 35.732040 -94.414902
v -20.143162 33.471073 -95.239014
v -18.731859 35.677624 -92.968819
v -19.230658 35.666004 -93.635498
v -18.609358 36.529198 -93.726410
v -18.170258 36.700184 -93.382645
v -17.671358 37.461777 -93.919891
v -18.170258 36.700184 -93.382645
v -18.609358 36.529198 -93.726410
v -18.362860 36.729805 -94.174980
v -19.083563 35.732040 -94.414902
v -18.362860 36.729805 -94.174980
v -18.609358 36.529198 -93.726410
v -19.230658 35.666004 -93.635498
v -17.083261 35.624660 -93.269592
v -17.860662 35.592472 -92.851044
v -17.732559 36.482231 -93.224342
v -17.266861 36.671104 -93.547447
v -17.671358 37.461777 -93.919891
v -17.266861 36.671104 -93.547447
v -17.732559 36.482231 -93.224342
v -18.170258 36.700184 -93.382645
v -18.731859 35.677624 -92.968819
v -18.170258 36.700184 -93.382645
v -17.732559 36.482231 -93.224342
v -17.860662 35.592472 -92.851044
v -17.433260 35.679276 -94.715721
v -16.971159 35.593597 -94.047485
v -17.163361 36.482777 -93.990036
v -17.458761 36.700851 -94.339783
v -17.671358 37.461777 -93.919891
v -17.458761 36.700851 -94.339783
v -17.163361 36.482777 -93.990036
v -17.266861 36.671104 -93.547447
v -17.083261 35.624660 -93.269592
v -17.266861 36.671104 -93.547447
v -17.163361 36.482777 -93.990036
v -16.971159 35.593597 -94.047485
v -19.083563 35.732040 -94.414902
v -18.341160 35.667126 -94.831985
v -18.040161 36.529736 -94.492111
v -18.362860 36.729805 -94.174980
v -17.671358 37.461777 -93.919891
v -18.362860 36.729805 -94.174980
v -18.040161 36.529736 -94.492111
v -17.458761 36.700851 -94.339783
v -17.433260 35.679276 -94.715721
v -17.458761 36.700851 -94.339783
v -18.040161 36.529736 -94.492111
v -18.341160 35.667126 -94.831985
v 18.643158 33.471081 -101.054192
v 18.838259 33.446060 -99.349480
v 17.730659 35.666004 -99.450691
v 17.583563 35.732040 -100.230095
v 18.838259 33.446060 -99.349480
v 17.948660 33.384201 -97.876198
v 17.231859 35.677624 -98.783997
v 17.730659 35.666004 -99.450691
v 17.231859 35.677624 -98.783997
v 17.948660 33.384201 -97.876198
v 16.207661 33.313900 -97.697411
v 16.360661 35.592472 -98.666229
v 16.207661 33.313900 -97.697411
v 14.697260 33.280083 -98.469582
v 15.583261 35.624653 -99.084785
v 16.360661 35.592472 -98.666229
v 15.583261 35.624653 -99.084785
v 14.697260 33.280083 -98.469582
v 14.499362 33.273624 -100.633987
v 15.471162 35.593597 -99.862679
v 14.499362 33.273624 -100.633987
v 15.386161 33.400215 -101.173401
v 15.933260 35.679279 -100.530914
v 15.471162 35.593597 -99.862679
v 15.933260 35.679279 -100.530914
v 15.386161 33.400215 -101.173401
v 17.129961 33.472393 -101.320801
v 16.841160 35.667126 -100.647163
v 17.129961 33.472393 -101.320801
v 18.643158 33.471081 -101.054192
v 17.583563 35.732040 -100.230095
v 16.841160 35.667126 -100.647163
v 17.231859 35.677624 -98.783997
v 16.670259 36.700188 -99.197845
v 17.109360 36.529198 -99.541603
v 17.730659 35.666004 -99.450691
v 17.109360 36.529198 -99.541603
v 16.670259 36.700188 -99.197845
v 16.171358 37.461777 -99.735092
v 16.862860 36.729805 -99.990166
v 17.583563 35.732040 -100.230095
v 17.730659 35.666004 -99.450691
v 17.109360 36.529198 -99.541603
v 16.862860 36.729805 -99.990166
v 15.583261 35.624653 -99.084785
v 15.766862 36.671104 -99.362640
v 16.232559 36.482227 -99.039536
v 16.360661 35.592472 -98.666229
v 16.232559 36.482227 -99.039536
v 15.766862 36.671104 -99.362640
v 16.171358 37.461777 -99.735092
v 16.670259 36.700188 -99.197845
v 17.231859 35.677624 -98.783997
v 16.360661 35.592472 -98.666229
v 16.232559 36.482227 -99.039536
v 16.670259 36.700188 -99.197845
v 15.933260 35.679279 -100.530914
v 15.958760 36.700851 -100.154976
v 15.663361 36.482777 -99.805229
v 15.471162 35.593597 -99.862679
v 15.663361 36.482777 -99.805229
v 15.958760 36.700851 -100.154976
v 16.171358 37.461777 -99.735092
v 15.766862 36.671104 -99.362640
v 15.583261 35.624653 -99.084785
v 15.471162 35.593597 -99.862679
v 15.663361 36.482777 -99.805229
v 15.766862 36.671104 -99.362640
v 17.583563 35.732040 -100.230095
v 16.862860 36.729805 -99.990166
v 16.540159 36.529736 -100.307297
v 16.841160 35.667126 -100.647163
v 16.540159 36.529736 -100.307297
v 16.862860 36.729805 -99.990166
v 16.171358 37.461777 -99.735092
v 15.958760 36.700851 -100.154976
v 15.933260 35.679279 -100.530914
v 16.841160 35.667126 -100.647163
v 16.540159 36.529736 -100.307297
v 15.958760 36.700851 -100.154976
v -18.643164 33.471073 -101.054207
v -17.583565 35.732040 -100.230095
v -17.730661 35.666004 -99.450691
v -18.838263 33.446060 -99.349480
v -18.838263 33.446060 -99.349480
v -17.730661 35.666004 -99.450691
v -17.231861 35.677624 -98.784012
v -17.948662 33.384197 -97.876205
v -17.231861 35.677624 -98.784012
v -16.360664 35.592472 -98.666237
v -16.207664 33.313904 -97.697426
v -17.948662 33.384197 -97.876205
v -16.207664 33.313904 -97.697426
v -16.360664 35.592472 -98.666237
v -15.583261 35.624657 -99.084785
v -14.697262 33.280083 -98.469597
v -15.583261 35.624657 -99.084785
v -15.471162 35.593597 -99.862679
v -14.499358 33.273624 -100.633987
v -14.697262 33.280083 -98.469597
v -14.499358 33.273624 -100.633987
v -15.471162 35.593597 -99.862679
v -15.933260 35.679276 -100.530914
v -15.386156 33.400215 -101.173409
v -15.933260 35.679276 -100.530914
v -16.841162 35.667126 -100.647179
v -17.129965 33.472393 -101.320801
v -15.386156 33.400215 -101.173409
v -17.129965 33.472393 -101.320801
v -16.841162 35.667126 -100.647179
v -17.583565 35.732040 -100.230095
v -18.643164 33.471073 -101.054207
v -17.231861 35.677624 -98.784012
v -17.730661 35.666004 -99.450691
v -17.109360 36.529198 -99.541603
v -16.670259 36.700184 -99.197845
v -16.171360 37.461777 -99.735092
v -16.670259 36.700184 -99.197845
v -17.109360 36.529198 -99.541603
v -16.862862 36.729805 -99.990166
v -17.583565 35.732040 -100.230095
v -16.862862 36.729805 -99.990166
v -17.109360 36.529198 -99.541603
v -17.730661 35.666004 -99.450691
v -15.583261 35.624657 -99.084785
v -16.360664 35.592472 -98.666237
v -16.232561 36.482227 -99.039536
v -15.766862 36.671104 -99.362640
v -16.171360 37.461777 -99.735092
v -15.766862 36.671104 -99.362640
v -16.232561 36.482227 -99.039536
v -16.670259 36.700184 -99.197845
v -17.231861 35.677624 -98.784012
v -16.670259 36.700184 -99.197845
v -16.232561 36.482227 -99.039536
v -16.360664 35.592472 -98.666237
v -15.933260 35.679276 -100.530914
v -15.471162 35.593597 -99.862679
v -15.663361 36.482777 -99.805229
v -15.958761 36.700851 -100.154976
v -16.171360 37.461777 -99.735092
v -15.958761 36.700851 -100.154976
v -15.663361 36.482777 -99.805229
v -15.766862 36.671104 -99.362640
v -15.583261 35.624657 -99.084785
v -15.766862 36.671104 -99.362640
v -15.663361 36.482777 -99.805229
v -15.471162 35.593597 -99.862679
v -17.583565 35.732040 -100.230095
v -16.841162 35.667126 -100.647179
v -16.540163 36.529736 -100.307304
v -16.862862 36.729805 -99.990166
v -16.171360 37.461777 -99.735092
v -16.862862 36.729805 -99.990166
v -16.540163 36.529736 -100.307304
v -15.958761 36.700851 -100.154976
v -15.933260 35.679276 -100.530914
v -15.958761 36.700851 -100.154976
v -16.540163 36.529736 -100.307304
v -16.841162 35.667126 -100.647179
v 16.643156 33.471085 -105.845947
v 16.838259 33.446060 -104.141235
v 15.730658 35.666004 -104.242455
v 15.583558 35.732040 -105.021843
v 16.838259 33.446060 -104.141235
v 15.948658 33.384201 -102.667946
v 15.231858 35.677624 -103.575752
v 15.730658 35.666004 -104.242455
v 15.231858 35.677624 -103.575752
v 15.948658 33.384201 -102.667946
v 14.207660 33.313900 -102.489166
v 14.360660 35.592472 -103.457977
v 14.207660 33.313900 -102.489166
v 12.697259 33.280083 -103.261337
v 13.583259 35.624653 -103.876549
v 14.360660 35.592472 -103.457977
v 13.583259 35.624653 -103.876549
v 12.697259 33.280083 -103.261337
v 12.499360 33.273624 -105.425735
v 13.471159 35.593597 -104.654442
v 12.499360 33.273624 -105.425735
v 13.386158 33.400215 -105.965164
v 13.933259 35.679279 -105.322662
v 13.471159 35.593597 -104.654442
v 13.933259 35.679279 -105.322662
v 13.386158 33.400215 -105.965164
v 15.129960 33.472393 -106.112549
v 14.841159 35.667126 -105.438919
v 15.129960 33.472393 -106.112549
v 16.643156 33.471085 -105.845947
v 15.583558 35.732040 -105.021843
v 14.841159 35.667126 -105.438919
v 15.231858 35.677624 -103.575752
v 14.670259 36.700188 -103.989601
v 15.109359 36.529198 -104.333351
v 15.730658 35.666004 -104.242455
v 15.109359 36.529198 -104.333351
v 14.670259 36.700188 -103.989601
v 14.171356 37.461777 -104.526833
v 14.862858 36.729805 -104.781929
v 15.583558 35.732040 -105.021843
v 15.730658 35.666004 -104.242455
v 15.109359 36.529198 -104.333351
v 14.862858 36.729805 -104.781929
v 13.583259 35.624653 -103.876549
v 13.766860 36.671104 -104.154396
v 14.232558 36.482227 -103.831284
v 14.360660 35.592472 -103.457977
v 14.232558 36.482227 -103.831284
v 13.766860 36.671104 -104.154396
v 14.171356 37.461777 -104.526833
v 14.670259 36.700188 -103.989601
v 15.231858 35.677624 -103.575752
v 14.360660 35.592472 -103.457977
v 14.232558 36.482227 -103.831284
v 14.670259 36.700188 -103.989601
v 13.933259 35.679279 -105.322662
v 13.958758 36.700851 -104.946739
v 13.663360 36.482777 -104.596992
v 13.471159 35.593597 -104.654442
v 13.663360 36.482777 -104.596992
v 13.958758 36.700851 -104.946739
v 14.171356 37.461777 -104.526833
v 13.766860 36.671104 -104.154396
v 13.583259 35.624653 -103.876549
v 13.471159 35.593597 -104.654442
v 13.663360 36.482777 -104.596992
v 13.766860 36.671104 -104.154396
v 15.583558 35.732040 -105.021843
v 14.862858 36.729805 -104.781929
v 14.540158 36.529739 -105.099045
v 14.841159 35.667126 -105.438919
v 14.540158 36.529739 -105.099045
v 14.862858 36.729805 -104.781929
v 14.171356 37.461777 -104.526833
v 13.958758 36.700851 -104.946739
v 13.933259 35.679279 -105.322662
v 14.841159 35.667126 -105.438919
v 14.540158 36.529739 -105.099045
v 13.958758 36.700851 -104.946739
v -16.643167 33.471073 -105.845955
v -15.583568 35.732040 -105.021843
v -15.730665 35.666004 -104.242455
v -16.838270 33.446060 -104.141235
v -16.838270 33.446060 -104.141235
v -15.730665 35.666004 -104.242455
v -15.231863 35.677624 -103.575760
v -15.948666 33.384197 -102.667953
v -15.231863 35.677624 -103.575760
v -14.360667 35.592472 -103.458000
v -14.207667 33.313904 -102.489174
v -15.948666 33.384197 -102.667953
v -14.207667 33.313904 -102.489174
v -14.360667 35.592472 -103.458000
v -13.583265 35.624657 -103.876549
v -12.697267 33.280083 -103.261345
v -13.583265 35.624657 -103.876549
v -13.471166 35.593597 -104.654442
v -12.499362 33.273624 -105.425735
v -12.697267 33.280083 -103.261345
v -12.499362 33.273624 -105.425735
v -13.471166 35.593597 -104.654442
v -13.933264 35.679276 -105.322662
v -13.386160 33.400215 -105.965172
v -13.933264 35.679276 -105.322662
v -14.841165 35.667126 -105.438927
v -15.129966 33.472393 -106.112564
v -13.386160 33.400215 -105.965172
v -15.129966 33.472393 -106.112564
v -14.841165 35.667126 -105.438927
v -15.583568 35.732040 -105.021843
v -16.643167 33.471073 -105.845955
v -15.231863 35.677624 -103.575760
v -15.730665 35.666004 -104.242455
v -15.109362 36.529198 -104.333351
v -14.670261 36.700184 -103.989601
v -14.171363 37.461777 -104.526833
v -14.670261 36.700184 -103.989601
v -15.109362 36.529198 -104.333351
v -14.862864 36.729805 -104.781929
v -15.583568 35.732040 -105.021843
v -14.862864 36.729805 -104.781929
v -15.109362 36.529198 -104.333351
v -15.730665 35.666004 -104.242455
v -13.583265 35.624657 -103.876549
v -14.360667 35.592472 -103.458000
v -14.232563 36.482227 -103.831284
v -13.766865 36.671104 -104.154396
v -14.171363 37.461777 -104.526833
v -13.766865 36.671104 -104.154396
v -14.232563 36.482227 -103.831284
v -14.670261 36.700184 -103.989601
v -15.231863 35.677624 -103.575760
v -14.670261 36.700184 -103.989601
v -14.232563 36.482227 -103.831284
v -14.360667 35.592472 -103.458000
v -13.933264 35.679276 -105.322662
v -13.471166 35.593597 -104.654442
v -13.663365 36.482777 -104.596992
v -13.958765 36.700851 -104.946739
v -14.171363 37.461777 -104.526833
v -13.958765 36.700851 -104.946739
v -13.663365 36.482777 -104.596992
v -13.766865 36.671104 -104.154396
v -13.583265 35.624657 -103.876549
v -13.766865 36.671104 -104.154396
v -13.663365 36.482777 -104.596992
v -13.471166 35.593597 -104.654442
v -15.583568 35.732040 -105.021843
v -14.841165 35.667126 -105.438927
v -14.540166 36.529739 -105.099060
v -14.862864 36.729805 -104.781929
v -14.171363 37.461777 -104.526833
v -14.862864 36.729805 -104.781929
v -14.540166 36.529739 -105.099060
v -13.958765 36.700851 -104.946739
v -13.933264 35.679276 -105.322662
v -13.958765 36.700851 -104.946739
v -14.540166 36.529739 -105.099060
v -14.841165 35.667126 -105.438927
v 13.938852 33.471085 -110.002296
v 14.115355 33.446060 -108.297585
v 13.113342 35.666008 -108.398804
v 12.980268 35.732044 -109.178192
v 14.115355 33.446060 -108.297585
v 13.310560 33.384201 -106.824295
v 12.662095 35.677631 -107.732101
v 13.113342 35.666008 -108.398804
v 12.662095 35.677631 -107.732101
v 13.310560 33.384201 -106.824295
v 11.735535 33.313904 -106.645515
v 11.873949 35.592472 -107.614326
v 11.735535 33.313904 -106.645515
v 10.369124 33.280083 -107.417686
v 11.170659 35.624657 -108.032898
v 11.873949 35.592472 -107.614326
v 11.170659 35.624657 -108.032898
v 10.369124 33.280083 -107.417686
v 10.190091 33.273624 -109.582085
v 11.069247 35.593597 -108.810791
v 10.190091 33.273624 -109.582085
v 10.992349 33.400219 -110.121513
v 11.487293 35.679283 -109.479012
v 11.069247 35.593597 -108.810791
v 11.487293 35.679283 -109.479012
v 10.992349 33.400219 -110.121513
v 12.569910 33.472393 -110.268898
v 12.308641 35.667130 -109.595261
v 12.569910 33.472393 -110.268898
v 13.938852 33.471085 -110.002296
v 12.980268 35.732044 -109.178192
v 12.308641 35.667130 -109.595261
v 12.662095 35.677631 -107.732101
v 12.154034 36.700188 -108.145958
v 12.551271 36.529198 -108.489693
v 13.113342 35.666008 -108.398804
v 12.551271 36.529198 -108.489693
v 12.154034 36.700188 -108.145958
v 11.702693 37.461777 -108.683182
v 12.328273 36.729809 -108.938278
v 12.980268 35.732044 -109.178192
v 13.113342 35.666008 -108.398804
v 12.551271 36.529198 -108.489693
v 12.328273 36.729809 -108.938278
v 11.170659 35.624657 -108.032898
v 11.336758 36.671104 -108.310753
v 11.758060 36.482231 -107.987633
v 11.873949 35.592472 -107.614326
v 11.758060 36.482231 -107.987633
v 11.336758 36.671104 -108.310753
v 11.702693 37.461777 -108.683182
v 12.154034 36.700188 -108.145958
v 12.662095 35.677631 -107.732101
v 11.873949 35.592472 -107.614326
v 11.758060 36.482231 -107.987633
v 12.154034 36.700188 -108.145958
v 11.487293 35.679283 -109.479012
v 11.510362 36.700855 -109.103088
v 11.243124 36.482777 -108.753342
v 11.069247 35.593597 -108.810791
v 11.243124 36.482777 -108.753342
v 11.510362 36.700855 -109.103088
v 11.702693 37.461777 -108.683182
v 11.336758 36.671104 -108.310753
v 11.170659 35.624657 -108.032898
v 11.069247 35.593597 -108.810791
v 11.243124 36.482777 -108.753342
v 11.336758 36.671104 -108.310753
v 12.980268 35.732044 -109.178192
v 12.328273 36.729809 -108.938278
v 12.036336 36.529739 -109.255394
v 12.308641 35.667130 -109.595261
v 12.036336 36.529739 -109.255394
v 12.328273 36.729809 -108.938278
v 11.702693 37.461777 -108.683182
v 11.510362 36.700855 -109.103088
v 11.487293 35.679283 -109.479012
v 12.308641 35.667130 -109.595261
v 12.036336 36.529739 -109.255394
v 11.510362 36.700855 -109.103088
v -13.938848 33.471073 -110.002304
v -12.980264 35.732040 -109.178192
v -13.113338 35.666004 -108.398804
v -14.115349 33.446060 -108.297585
v -14.115349 33.446060 -108.297585
v -13.113338 35.666004 -108.398804
v -12.662089 35.677624 -107.732109
v -13.310555 33.384197 -106.824303
v -12.662089 35.677624 -107.732109
v -11.873944 35.592472 -107.614349
v -11.735530 33.313904 -106.645523
v -13.310555 33.384197 -106.824303
v -11.735530 33.313904 -106.645523
v -11.873944 35.592472 -107.614349
v -11.170655 35.624660 -108.032898
v -10.369120 33.280083 -107.417694
v -11.170655 35.624660 -108.032898
v -11.069242 35.593597 -108.810791
v -10.190082 33.273632 -109.582085
v -10.369120 33.280083 -107.417694
v -10.190082 33.273632 -109.582085
v -11.069242 35.593597 -108.810791
v -11.487287 35.679279 -109.479012
v -10.992339 33.400219 -110.121521
v -11.487287 35.679279 -109.479012
v -12.308636 35.667126 -109.595276
v -12.569905 33.472393 -110.268913
v -10.992339 33.400219 -110.121521
v -12.569905 33.472393 -110.268913
v -12.308636 35.667126 -109.595276
v -12.980264 35.732040 -109.178192
v -13.938848 33.471073 -110.002304
v -12.662089 35.677624 -107.732109
v -13.113338 35.666004 -108.398804
v -12.551265 36.529198 -108.489693
v -12.154026 36.700184 -108.145958
v -11.702687 37.461777 -108.683182
v -12.154026 36.700184 -108.145958
v -12.551265 36.529198 -108.489693
v -12.328266 36.729809 -108.938278
v -12.980264 35.732040 -109.178192
v -12.328266 36.729809 -108.938278
v -12.551265 36.529198 -108.489693
v -13.113338 35.666004 -108.398804
v -11.170655 35.624660 -108.032898
v -11.873944 35.592472 -107.614349
v -11.758054 36.482231 -107.987633
v -11.336751 36.671104 -108.310753
v -11.702687 37.461777 -108.683182
v -11.336751 36.671104 -108.310753
v -11.758054 36.482231 -107.987633
v -12.154026 36.700184 -108.145958
v -12.662089 35.677624 -107.732109
v -12.154026 36.700184 -108.145958
v -11.758054 36.482231 -107.987633
v -11.873944 35.592472 -107.614349
v -11.487287 35.679279 -109.479012
v -11.069242 35.593597 -108.810791
v -11.243117 36.482777 -108.753342
v -11.510357 36.700855 -109.103088
v -11.702687 37.461777 -108.683182
v -11.510357 36.700855 -109.103088
v -11.243117 36.482777 -108.753342
v -11.336751 36.671104 -108.310753
v -11.170655 35.624660 -108.032898
v -11.336751 36.671104 -108.310753
v -11.243117 36.482777 -108.753342
v -11.069242 35.593597 -108.810791
v -12.980264 35.732040 -109.178192
v -12.308636 35.667126 -109.595276
v -12.036332 36.529739 -109.255402
v -12.328266 36.729809 -108.938278
v -11.702687 37.461777 -108.683182
v -12.328266 36.729809 -108.938278
v -12.036332 36.529739 -109.255402
v -11.510357 36.700855 -109.103088
v -11.487287 35.679279 -109.479012
v -11.510357 36.700855 -109.103088
v -12.036332 36.529739 -109.255402
v -12.308636 35.667126 -109.595276
v 11.916845 33.471085 -115.695663
v 12.091344 33.446060 -113.990952
v 11.100704 35.666008 -114.092171
v 10.969138 35.732044 -114.871559
v 12.091344 33.446060 -113.990952
v 11.295684 33.384201 -112.517662
v 10.654576 35.677631 -113.425476
v 11.100704 35.666008 -114.092171
v 10.654576 35.677631 -113.425476
v 11.295684 33.384201 -112.517662
v 9.738532 33.313904 -112.338882
v 9.875376 35.592472 -113.307701
v 9.738532 33.313904 -112.338882
v 8.387627 33.280083 -113.111053
v 9.180067 35.624657 -113.726265
v 9.875376 35.592472 -113.307701
v 9.180067 35.624657 -113.726265
v 8.387627 33.280083 -113.111053
v 8.210627 33.273624 -115.275452
v 9.079804 35.593597 -114.504158
v 8.210627 33.273624 -115.275452
v 9.003781 33.400219 -115.814880
v 9.493107 35.679283 -115.172379
v 9.079804 35.593597 -114.504158
v 9.493107 35.679283 -115.172379
v 9.003781 33.400219 -115.814880
v 10.563438 33.472393 -115.962273
v 10.305135 35.667130 -115.288635
v 10.563438 33.472393 -115.962273
v 11.916845 33.471085 -115.695663
v 10.969138 35.732044 -114.871559
v 10.305135 35.667130 -115.288635
v 10.654576 35.677631 -113.425476
v 10.152281 36.700188 -113.839325
v 10.545013 36.529198 -114.183067
v 11.100704 35.666008 -114.092171
v 10.545013 36.529198 -114.183067
v 10.152281 36.700188 -113.839325
v 9.706062 37.461777 -114.376549
v 10.324543 36.729809 -114.631645
v 10.969138 35.732044 -114.871559
v 11.100704 35.666008 -114.092171
v 10.545013 36.529198 -114.183067
v 10.324543 36.729809 -114.631645
v 9.180067 35.624657 -113.726265
v 9.344280 36.671104 -114.004120
v 9.760801 36.482231 -113.681007
v 9.875376 35.592472 -113.307701
v 9.760801 36.482231 -113.681007
v 9.344280 36.671104 -114.004120
v 9.706062 37.461777 -114.376549
v 10.152281 36.700188 -113.839325
v 10.654576 35.677631 -113.425476
v 9.875376 35.592472 -113.307701
v 9.760801 36.482231 -113.681007
v 10.152281 36.700188 -113.839325
v 9.493107 35.679283 -115.172379
v 9.515915 36.700855 -114.796448
v 9.251710 36.482777 -114.446709
v 9.079804 35.593597 -114.504158
v 9.251710 36.482777 -114.446709
v 9.515915 36.700855 -114.796448
v 9.706062 37.461777 -114.376549
v 9.344280 36.671104 -114.004120
v 9.180067 35.624657 -113.726265
v 9.079804 35.593597 -114.504158
v 9.251710 36.482777 -114.446709
v 9.344280 36.671104 -114.004120
v 10.969138 35.732044 -114.871559
v 10.324543 36.729809 -114.631645
v 10.035918 36.529739 -114.948761
v 10.305135 35.667130 -115.288635
v 10.035918 36.529739 -114.948761
v 10.324543 36.729809 -114.631645
v 9.706062 37.461777 -114.376549
v 9.515915 36.700855 -114.796448
v 9.493107 35.679283 -115.172379
v 10.305135 35.667130 -115.288635
v 10.035918 36.529739 -114.948761
v 9.515915 36.700855 -114.796448
v -11.916851 33.471073 -115.695671
v -10.969145 35.732040 -114.871559
v -11.100709 35.666004 -114.092171
v -12.091352 33.446060 -113.990952
v -12.091352 33.446060 -113.990952
v -11.100709 35.666004 -114.092171
v -10.654581 35.677624 -113.425476
v -11.295689 33.384197 -112.517677
v -10.654581 35.677624 -113.425476
v -9.875382 35.592472 -113.307709
v -9.738538 33.313908 -112.338890
v -11.295689 33.384197 -112.517677
v -9.738538 33.313908 -112.338890
v -9.875382 35.592472 -113.307709
v -9.180072 35.624660 -113.726265
v -8.387633 33.280087 -113.111061
v -9.180072 35.624660 -113.726265
v -9.079810 35.593597 -114.504158
v -8.210627 33.273632 -115.275452
v -8.387633 33.280087 -113.111061
v -8.210627 33.273632 -115.275452
v -9.079810 35.593597 -114.504158
v -9.493113 35.679279 -115.172379
v -9.003781 33.400219 -115.814888
v -9.493113 35.679279 -115.172379
v -10.305139 35.667126 -115.288643
v -10.563443 33.472393 -115.962280
v -9.003781 33.400219 -115.814888
v -10.563443 33.472393 -115.962280
v -10.305139 35.667126 -115.288643
v -10.969145 35.732040 -114.871559
v -11.916851 33.471073 -115.695671
v -10.654581 35.677624 -113.425476
v -11.100709 35.666004 -114.092171
v -10.545015 36.529198 -114.183067
v -10.152284 36.700184 -113.839325
v -9.706067 37.461777 -114.376549
v -10.152284 36.700184 -113.839325
v -10.545015 36.529198 -114.183067
v -10.324548 36.729809 -114.631645
v -10.969145 35.732040 -114.871559
v -10.324548 36.729809 -114.631645
v -10.545015 36.529198 -114.183067
v -11.100709 35.666004 -114.092171
v -9.180072 35.624660 -113.726265
v -9.875382 35.592472 -113.307709
v -9.760806 36.482231 -113.681007
v -9.344285 36.671104 -114.004120
v -9.706067 37.461777 -114.376549
v -9.344285 36.671104 -114.004120
v -9.760806 36.482231 -113.681007
v -10.152284 36.700184 -113.839325
v -10.654581 35.677624 -113.425476
v -10.152284 36.700184 -113.839325
v -9.760806 36.482231 -113.681007
v -9.875382 35.592472 -113.307709
v -9.493113 35.679279 -115.172379
v -9.079810 35.593597 -114.504158
v -9.251713 36.482777 -114.446709
v -9.515920 36.700855 -114.796448
v -9.706067 37.461777 -114.376549
v -9.515920 36.700855 -114.796448
v -9.251713 36.482777 -114.446709
v -9.344285 36.671104 -114.004120
v -9.180072 35.624660 -113.726265
v -9.344285 36.671104 -114.004120
v -9.251713 36.482777 -114.446709
v -9.079810 35.593597 -114.504158
v -10.969145 35.732040 -114.871559
v -10.305139 35.667126 -115.288643
v -10.035925 36.529739 -114.948769
v -10.324548 36.729809 -114.631645
v -9.706067 37.461777 -114.376549
v -10.324548 36.729809 -114.631645
v -10.035925 36.529739 -114.948769
v -9.515920 36.700855 -114.796448
v -9.493113 35.679279 -115.172379
v -9.515920 36.700855 -114.796448
v -10.035925 36.529739 -114.948769
v -10.305139 35.667126 -115.288643
v 9.847695 33.748936 -119.841469
v 10.015897 33.727142 -118.319397
v 9.060996 35.660950 -118.409767
v 8.934177 35.718472 -119.105667
v 10.015897 33.727142 -118.319397
v 9.248942 33.673252 -117.003952
v 8.630963 35.671074 -117.814499
v 9.060996 35.660950 -118.409767
v 8.630963 35.671074 -117.814499
v 9.248942 33.673252 -117.003952
v 7.747967 33.612022 -116.844330
v 7.879874 35.596889 -117.709351
v 7.747967 33.612022 -116.844330
v 6.445799 33.582558 -117.533775
v 7.209650 35.624928 -118.083061
v 7.879874 35.596889 -117.709351
v 7.209650 35.624928 -118.083061
v 6.445799 33.582558 -117.533775
v 6.275183 33.576931 -119.466278
v 7.113005 35.597874 -118.777618
v 6.275183 33.576931 -119.466278
v 7.039723 33.687210 -119.947906
v 7.511397 35.672512 -119.374245
v 7.113005 35.597874 -118.777618
v 7.511397 35.672512 -119.374245
v 7.039723 33.687210 -119.947906
v 8.543116 33.750080 -120.079506
v 8.294129 35.661930 -119.478058
v 8.543116 33.750080 -120.079506
v 9.847695 33.748936 -119.841469
v 8.934177 35.718472 -119.105667
v 8.294129 35.661930 -119.478058
v 8.630963 35.671074 -117.814499
v 8.146789 36.561829 -118.184006
v 8.525352 36.412880 -118.490929
v 9.060996 35.660950 -118.409767
v 8.525352 36.412880 -118.490929
v 8.146789 36.561829 -118.184006
v 7.716669 37.225246 -118.663689
v 8.312837 36.587631 -118.891449
v 8.934177 35.718472 -119.105667
v 9.060996 35.660950 -118.409767
v 8.525352 36.412880 -118.490929
v 8.312837 36.587631 -118.891449
v 7.209650 35.624928 -118.083061
v 7.367939 36.536491 -118.331146
v 7.769433 36.371964 -118.042664
v 7.879874 35.596889 -117.709351
v 7.769433 36.371964 -118.042664
v 7.367939 36.536491 -118.331146
v 7.716669 37.225246 -118.663689
v 8.146789 36.561829 -118.184006
v 8.630963 35.671074 -117.814499
v 7.879874 35.596889 -117.709351
v 7.769433 36.371964 -118.042664
v 8.146789 36.561829 -118.184006
v 7.511397 35.672512 -119.374245
v 7.533381 36.562405 -119.038605
v 7.278707 36.372440 -118.726326
v 7.113005 35.597874 -118.777618
v 7.278707 36.372440 -118.726326
v 7.533381 36.562405 -119.038605
v 7.716669 37.225246 -118.663689
v 7.367939 36.536491 -118.331146
v 7.209650 35.624928 -118.083061
v 7.113005 35.597874 -118.777618
v 7.278707 36.372440 -118.726326
v 7.367939 36.536491 -118.331146
v 8.934177 35.718472 -119.105667
v 8.312837 36.587631 -118.891449
v 8.034625 36.413349 -119.174591
v 8.294129 35.661930 -119.478058
v 8.034625 36.413349 -119.174591
v 8.312837 36.587631 -118.891449
v 7.716669 37.225246 -118.663689
v 7.533381 36.562405 -119.038605
v 7.511397 35.672512 -119.374245
v 8.294129 35.661930 -119.478058
v 8.034625 36.413349 -119.174591
v 7.533381 36.562405 -119.038605
v -9.847697 33.748936 -119.841484
v -8.934182 35.718472 -119.105667
v -9.060997 35.660950 -118.409767
v -10.015901 33.727142 -118.319397
v -10.015901 33.727142 -118.319397
v -9.060997 35.660950 -118.409767
v -8.630965 35.671070 -117.814507
v -9.248944 33.673252 -117.003960
v -8.630965 35.671070 -117.814507
v -7.879877 35.596889 -117.709358
v -7.747971 33.612022 -116.844337
v -9.248944 33.673252 -117.003960
v -7.747971 33.612022 -116.844337
v -7.879877 35.596889 -117.709358
v -7.209653 35.624931 -118.083061
v -6.445802 33.582561 -117.533783
v -7.209653 35.624931 -118.083061
v -7.113007 35.597874 -118.777618
v -6.275183 33.576942 -119.466278
v -6.445802 33.582561 -117.533783
v -6.275183 33.576942 -119.466278
v -7.113007 35.597874 -118.777618
v -7.511399 35.672508 -119.374245
v -7.039721 33.687210 -119.947914
v -7.511399 35.672508 -119.374245
v -8.294131 35.661926 -119.478065
v -8.543116 33.750080 -120.079514
v -7.039721 33.687210 -119.947914
v -8.543116 33.750080 -120.079514
v -8.294131 35.661926 -119.478065
v -8.934182 35.718472 -119.105667
v -9.847697 33.748936 -119.841484
v -8.630965 35.671070 -117.814507
v -9.060997 35.660950 -118.409767
v -8.525352 36.412868 -118.490929
v -8.146789 36.561825 -118.184006
v -7.716671 37.225246 -118.663689
v -8.146789 36.561825 -118.184006
v -8.525352 36.412868 -118.490929
v -8.312839 36.587631 -118.891449
v -8.934182 35.718472 -119.105667
v -8.312839 36.587631 -118.891449
v -8.525352 36.412868 -118.490929
v -9.060997 35.660950 -118.409767
v -7.209653 35.624931 -118.083061
v -7.879877 35.596889 -117.709358
v -7.769435 36.371964 -118.042664
v -7.367941 36.536491 -118.331146
v -7.716671 37.225246 -118.663689
v -7.367941 36.536491 -118.331146
v -7.769435 36.371964 -118.042664
v -8.146789 36.561825 -118.184006
v -8.630965 35.671070 -117.814507
v -8.146789 36.561825 -118.184006
v -7.769435 36.371964 -118.042664
v -7.879877 35.596889 -117.709358
v -7.511399 35.672508 -119.374245
v -7.113007 35.597874 -118.777618
v -7.278709 36.372440 -118.726326
v -7.533385 36.562405 -119.038605
v -7.716671 37.225246 -118.663689
v -7.533385 36.562405 -119.038605
v -7.278709 36.372440 -118.726326
v -7.367941 36.536491 -118.331146
v -7.209653 35.624931 -118.083061
v -7.367941 36.536491 -118.331146
v -7.278709 36.372440 -118.726326
v -7.113007 35.597874 -118.777618
v -8.934182 35.718472 -119.105667
v -8.294131 35.661926 -119.478065
v -8.034630 36.413349 -119.174599
v -8.312839 36.587631 -118.891449
v -7.716671 37.225246 -118.663689
v -8.312839 36.587631 -118.891449
v -8.034630 36.413349 -119.174599
v -7.533385 36.562405 -119.038605
v -7.511399 35.672508 -119.374245
v -7.533385 36.562405 -119.038605
v -8.034630 36.413349 -119.174599
v -8.294131 35.661926 -119.478065
v 5.745017 33.811455 -123.413155
v 5.903872 33.790382 -121.944801
v 5.002037 35.659809 -122.031975
v 4.882265 35.715420 -122.703316
v 5.903872 33.790382 -121.944801
v 5.179537 33.738289 -120.675789
v 4.595901 35.669598 -121.457726
v 5.002037 35.659809 -122.031975
v 4.595901 35.669598 -121.457726
v 5.179537 33.738289 -120.675789
v 3.761971 33.679089 -120.521790
v 3.886548 35.597885 -121.356277
v 3.761971 33.679089 -120.521790
v 2.532164 33.650612 -121.186905
v 3.253568 35.624989 -121.716812
v 3.886548 35.597885 -121.356277
v 3.253568 35.624989 -121.716812
v 2.532164 33.650612 -121.186905
v 2.371030 33.645176 -123.051208
v 3.162294 35.598835 -122.386848
v 2.371030 33.645176 -123.051208
v 3.093084 33.751778 -123.515839
v 3.538548 35.670990 -122.962418
v 3.162294 35.598835 -122.386848
v 3.538548 35.670990 -122.962418
v 3.093084 33.751778 -123.515839
v 4.512932 33.812557 -123.642792
v 4.277782 35.660755 -123.062553
v 4.512932 33.812557 -123.642792
v 5.745017 33.811455 -123.413155
v 4.882265 35.715420 -122.703316
v 4.277782 35.660755 -123.062553
v 4.595901 35.669598 -121.457726
v 4.138631 36.530701 -121.814194
v 4.496159 36.386711 -122.110283
v 5.002037 35.659809 -122.031975
v 4.496159 36.386711 -122.110283
v 4.138631 36.530701 -121.814194
v 3.732412 37.172039 -122.276932
v 4.295452 36.555645 -122.496651
v 4.882265 35.715420 -122.703316
v 5.002037 35.659809 -122.031975
v 4.496159 36.386711 -122.110283
v 4.295452 36.555645 -122.496651
v 3.253568 35.624989 -121.716812
v 3.403061 36.506207 -121.956131
v 3.782244 36.347160 -121.677818
v 3.886548 35.597885 -121.356277
v 3.782244 36.347160 -121.677818
v 3.403061 36.506207 -121.956131
v 3.732412 37.172039 -122.276932
v 4.138631 36.530701 -121.814194
v 4.595901 35.669598 -121.457726
v 3.886548 35.597885 -121.356277
v 3.782244 36.347160 -121.677818
v 4.138631 36.530701 -121.814194
v 3.538548 35.670990 -122.962418
v 3.559309 36.531265 -122.638618
v 3.318789 36.347618 -122.337357
v 3.162294 35.598835 -122.386848
v 3.318789 36.347618 -122.337357
v 3.559309 36.531265 -122.638618
v 3.732412 37.172039 -122.276932
v 3.403061 36.506207 -121.956131
v 3.253568 35.624989 -121.716812
v 3.162294 35.598835 -122.386848
v 3.318789 36.347618 -122.337357
v 3.403061 36.506207 -121.956131
v 4.882265 35.715420 -122.703316
v 4.295452 36.555645 -122.496651
v 4.032701 36.387165 -122.769806
v 4.277782 35.660755 -123.062553
v 4.032701 36.387165 -122.769806
v 4.295452 36.555645 -122.496651
v 3.732412 37.172039 -122.276932
v 3.559309 36.531265 -122.638618
v 3.538548 35.670990 -122.962418
v 4.277782 35.660755 -123.062553
v 4.032701 36.387165 -122.769806
v 3.559309 36.531265 -122.638618
v -5.745017 33.811447 -123.413162
v -4.882265 35.715420 -122.703316
v -5.002034 35.659805 -122.031975
v -5.903872 33.790382 -121.944801
v -5.903872 33.790382 -121.944801
v -5.002034 35.659805 -122.031975
v -4.595899 35.669598 -121.457733
v -5.179535 33.738285 -120.675804
v -4.595899 35.669598 -121.457733
v -3.886548 35.597885 -121.356285
v -3.761971 33.679089 -120.521797
v -5.179535 33.738285 -120.675804
v -3.761971 33.679089 -120.521797
v -3.886548 35.597885 -121.356285
v -3.253569 35.624992 -121.716812
v -2.532165 33.650612 -121.186905
v -3.253569 35.624992 -121.716812
v -3.162292 35.598835 -122.386848
v -2.371024 33.645176 -123.051208
v -2.532165 33.650612 -121.186905
v -2.371024 33.645176 -123.051208
v -3.162292 35.598835 -122.386848
v -3.538546 35.670986 -122.962418
v -3.093079 33.751778 -123.515846
v -3.538546 35.670986 -122.962418
v -4.277781 35.660755 -123.062569
v -4.512930 33.812557 -123.642799
v -3.093079 33.751778 -123.515846
v -4.512930 33.812557 -123.642799
v -4.277781 35.660755 -123.062569
v -4.882265 35.715420 -122.703316
v -5.745017 33.811447 -123.413162
v -4.595899 35.669598 -121.457733
v -5.002034 35.659805 -122.031975
v -4.496154 36.386700 -122.110283
v -4.138628 36.530697 -121.814194
v -3.732410 37.172039 -122.276932
v -4.138628 36.530697 -121.814194
v -4.496154 36.386700 -122.110283
v -4.295451 36.555645 -122.496651
v -4.882265 35.715420 -122.703316
v -4.295451 36.555645 -122.496651
v -4.496154 36.386700 -122.110283
v -5.002034 35.659805 -122.031975
v -3.253569 35.624992 -121.716812
v -3.886548 35.597885 -121.356285
v -3.782243 36.347160 -121.677818
v -3.403059 36.506207 -121.956131
v -3.732410 37.172039 -122.276932
v -3.403059 36.506207 -121.956131
v -3.782243 36.347160 -121.677818
v -4.138628 36.530697 -121.814194
v -4.595899 35.669598 -121.457733
v -4.138628 36.530697 -121.814194
v -3.782243 36.347160 -121.677818
v -3.886548 35.597885 -121.356285
v -3.538546 35.670986 -122.962418
v -3.162292 35.598835 -122.386848
v -3.318787 36.347618 -122.337357
v -3.559309 36.531265 -122.638618
v -3.732410 37.172039 -122.276932
v -3.559309 36.531265 -122.638618
v -3.318787 36.347618 -122.337357
v -3.403059 36.506207 -121.956131
v -3.253569 35.624992 -121.716812
v -3.403059 36.506207 -121.956131
v -3.318787 36.347618 -122.337357
v -3.162292 35.598835 -122.386848
v -4.882265 35.715420 -122.703316
v -4.277781 35.660755 -123.062569
v -4.032701 36.387165 -122.769814
v -4.295451 36.555645 -122.496651
v -3.732410 37.172039 -122.276932
v -4.295451 36.555645 -122.496651
v -4.032701 36.387165 -122.769814
v -3.559309 36.531265 -122.638618
v -3.538546 35.670986 -122.962418
v -3.559309 36.531265 -122.638618
v -4.032701 36.387165 -122.769814
v -4.277781 35.660755 -123.062569
vn -0.0036 -0.9992 -0.0387
vn 0.1407 -0.9864 -0.0855
vn 0.1667 -0.9828 -0.0795
vn -0.3708 0.9081 0.1948
vn -0.9453 0.2616 0.1950
vn -0.8641 0.4073 0.2957
vn -0.3022 0.9411 0.1518
vn -0.9547 -0.2654 0.1349
vn -0.9391 -0.1817 0.2916
vn -0.7224 -0.6519 -0.2303
vn -0.7209 -0.6602 -0.2110
vn -0.3986 -0.8895 -0.2235
vn -0.3987 -0.8863 -0.2355
vn -0.7123 -0.6711 -0.2055
vn -0.3915 -0.8937 -0.2191
vn -0.0000 -0.9738 -0.2272
vn -0.0000 -0.9731 -0.2305
vn -0.0000 -0.9696 -0.2447
vn -0.7552 -0.5895 -0.2866
vn -0.7202 -0.6497 -0.2434
vn -0.4072 -0.8749 -0.2622
vn -0.4625 -0.8136 -0.3522
vn -0.0000 -0.9544 -0.2986
vn -0.0000 -0.9019 -0.4320
vn -0.9822 0.0078 -0.1879
vn -0.9823 0.0144 -0.1869
vn -0.9235 0.3485 -0.1602
vn -0.9247 0.3416 -0.1679
vn -0.9859 0.0168 -0.1665
vn -0.9246 0.3535 -0.1422
vn -0.6458 0.7573 -0.0967
vn -0.6451 0.7553 -0.1154
vn -0.6431 0.7542 -0.1323
vn -0.4190 -0.9080 0.0022
vn -0.1977 -0.9799 0.0256
vn -0.1847 -0.9800 0.0737
vn -0.3995 -0.9152 0.0523
vn -0.0000 -0.9994 0.0341
vn -0.0000 -0.9967 0.0813
vn -0.0000 -0.9958 0.0912
vn -0.1764 -0.9809 0.0822
vn -0.3888 -0.9194 0.0591
vn -0.3237 -0.9393 0.1142
vn -0.1404 -0.9858 0.0919
vn -0.1654 -0.9841 0.0644
vn -0.3805 -0.9170 0.1198
vn -0.3161 -0.9371 0.1480
vn -0.1367 -0.9799 0.1456
vn -0.0000 -0.9896 0.1436
vn -0.0000 -0.9964 0.0846
vn -0.0000 -0.9987 0.0516
vn -0.9998 0.0041 0.0204
vn -0.9973 -0.0645 -0.0362
vn -0.9991 -0.0288 -0.0298
vn -0.9994 -0.0247 -0.0227
vn -0.9865 0.0597 -0.1522
vn -0.9927 -0.0032 -0.1209
vn -0.9925 -0.0847 -0.0885
vn -0.9931 -0.1130 -0.0301
vn -0.9925 -0.1193 -0.0265
vn -0.0731 0.9878 0.1378
vn -0.0568 0.9900 0.1294
vn -0.0519 0.9968 0.0600
vn -0.0796 0.9962 0.0359
vn -0.0000 0.9918 0.1281
vn -0.0000 0.9975 0.0700
vn -0.0919 0.9917 -0.0901
vn -0.2623 0.9316 -0.2519
vn -0.0000 0.9993 -0.0364
vn -0.9884 0.0072 -0.1518
vn -0.9311 0.3416 -0.1281
vn -0.9915 -0.0014 -0.1303
vn -0.9391 0.3278 -0.1027
vn -0.6601 0.7494 -0.0511
vn -0.6523 0.7537 -0.0810
vn -0.9699 0.1865 -0.1565
vn -0.9960 -0.0120 -0.0883
vn -0.9854 0.1266 0.1138
vn -0.9996 -0.0215 -0.0188
vn -0.9998 0.0180 0.0133
vn -0.9734 0.2211 0.0607
vn -0.9926 -0.1196 -0.0218
vn -0.9919 -0.1272 -0.0059
vn -0.9934 -0.1137 0.0136
vn -0.9975 0.0654 0.0269
vn -0.9549 0.2927 0.0504
vn -0.9970 0.0065 -0.0770
vn -0.9965 0.0060 -0.0828
vn -0.9099 0.4054 -0.0876
vn -0.9029 0.4220 -0.0815
vn -0.9954 0.0071 -0.0960
vn -0.9146 0.3921 -0.0989
vn -0.6144 0.7814 -0.1090
vn -0.5987 0.7939 -0.1063
vn -0.5777 0.8097 -0.1034
vn -0.7832 -0.6195 -0.0530
vn -0.5706 -0.8151 -0.0999
vn -0.4573 -0.6154 -0.6420
vn -0.6853 -0.2239 -0.6930
vn -0.2693 -0.9617 -0.0502
vn -0.0689 -0.8978 -0.4350
vn -0.0594 -0.9982 -0.0080
vn -0.1016 -0.9947 -0.0144
vn -0.1586 -0.9249 0.3456
vn -0.1050 -0.9453 0.3089
vn -0.3786 -0.8403 0.3880
vn -0.0268 0.9996 0.0101
vn -0.0543 0.9982 0.0271
vn -0.0360 0.9901 -0.1353
vn 0.0327 0.9877 -0.1526
vn -0.0207 0.9995 0.0242
vn -0.0055 1.0000 0.0070
vn -0.0070 1.0000 0.0033
vn -0.1126 0.8630 0.4925
vn -0.0785 0.8700 0.4868
vn -0.2119 0.7630 0.6107
vn 0.0270 -0.9639 -0.2648
vn 0.0392 -0.9560 -0.2909
vn -0.0519 -0.9983 -0.0250
vn -0.0494 -0.9981 -0.0379
vn 0.0180 -0.9692 -0.2456
vn -0.1108 -0.9578 0.2652
vn -0.1168 -0.9672 0.2254
vn -0.0102 0.9999 0.0055
vn 0.0412 0.9924 -0.1159
vn 0.0358 0.9934 -0.1091
vn 0.0231 0.9932 -0.1137
vn -0.0133 0.9999 0.0045
vn -0.1486 0.8677 0.4743
vn -0.1810 0.8627 0.4722
vn 0.0066 -0.9700 -0.2430
vn -0.0427 -0.9981 -0.0444
vn -0.0745 -0.9954 -0.0602
vn -0.0232 -0.9646 -0.2627
vn -0.1177 -0.9733 0.1971
vn -0.1721 -0.9708 0.1671
vn -0.0341 0.9994 -0.0032
vn 0.0081 0.9922 -0.1240
vn -0.0140 0.9909 -0.1335
vn -0.0646 0.9978 -0.0177
vn -0.2545 0.8230 0.5079
vn -0.4503 0.7019 0.5519
vn -0.2362 -0.1942 0.9521
vn -0.2457 -0.1322 0.9603
vn -0.4479 -0.1953 0.8725
vn 0.2753 0.6161 -0.7380
vn 0.3000 -0.2459 -0.9217
vn 0.2449 -0.1996 -0.9488
vn 0.1846 0.7333 -0.6543
vn 0.1619 -0.1648 -0.9730
vn 0.0910 0.7778 -0.6218
vn -0.3022 -0.2219 0.9271
vn -0.3557 -0.2601 0.8977
vn 0.0631 -0.2234 -0.9727
vn 0.0117 0.6729 -0.7396
vn -0.0501 -0.3695 -0.9279
vn -0.1190 0.3246 -0.9383
vn -0.4189 -0.3373 0.8430
vn -0.5362 -0.4732 0.6989
vn -0.1655 -0.9690 -0.1834
vn -0.6674 -0.7063 0.2359
vn -0.6762 -0.7059 0.2108
vn -0.2187 -0.9500 -0.2230
vn -0.8970 0.1133 0.4272
vn -0.9181 0.2082 0.3372
vn -0.7053 0.0403 -0.7077
vn -0.2814 -0.5865 -0.7595
vn -0.1521 -0.9394 -0.3072
vn -0.3079 -0.9327 -0.1879
vn -0.6662 -0.6482 -0.3688
vn -0.4055 -0.2612 -0.8760
vn -0.8272 -0.4240 -0.3687
vn -0.0518 0.9864 -0.1559
vn -0.2875 0.9478 -0.1383
vn -0.1952 0.9767 -0.0895
vn 0.3588 -0.0107 -0.9333
vn 0.2550 -0.6514 -0.7146
vn 0.2521 -0.6625 -0.7054
vn 0.3958 -0.0245 -0.9180
vn 0.0921 -0.9389 -0.3317
vn 0.0644 -0.9219 -0.3821
vn 0.2516 -0.7399 -0.6239
vn 0.4453 -0.0287 -0.8949
vn -0.9858 -0.0504 -0.1601
vn -0.9369 0.2229 -0.2692
vn -0.9966 -0.0683 0.0454
vn -0.9844 -0.1692 -0.0472
vn -0.9912 -0.1119 -0.0706
vn 0.4098 -0.0087 -0.9121
vn 0.2223 -0.7480 -0.6254
vn -0.1900 0.9634 0.1890
vn -0.5235 0.6424 0.5597
vn -0.5592 0.5337 0.6344
vn -0.3051 0.9138 0.2679
vn -0.6906 0.1515 0.7072
vn -0.6302 0.0879 0.7715
vn -0.6535 0.0368 0.7561
vn -0.6017 0.4972 0.6252
vn -0.2439 0.9620 0.1229
vn -0.2602 0.9485 0.1805
vn -0.5940 0.6893 0.4148
vn -0.5609 0.6855 0.4643
vn -0.2171 0.9600 0.1770
vn -0.8270 0.0962 0.5539
vn -0.7776 0.1511 0.6103
vn -0.3008 0.9407 0.1566
vn -0.6008 0.7209 0.3455
vn -0.1196 0.9856 -0.1198
vn -0.5512 0.7939 0.2567
vn -0.8748 0.0879 0.4765
vn -0.2407 0.9598 -0.1447
vn -0.5803 0.7973 0.1661
vn -0.0479 0.9987 -0.0201
vn 0.1022 0.9441 -0.3135
vn -0.0227 0.9997 -0.0089
vn 0.1193 0.9606 -0.2509
vn 0.2511 0.7569 -0.6034
vn 0.2761 0.7410 -0.6121
vn 0.2820 0.6669 -0.6898
vn 0.2849 0.6681 -0.6874
vn 0.0925 0.9766 -0.1940
vn 0.2633 0.7229 -0.6389
vn 0.0812 0.9809 -0.1766
vn 0.2581 0.7530 -0.6053
vn 0.3658 0.0610 -0.9287
vn 0.3506 0.0304 -0.9360
vn 0.0936 0.9750 -0.2015
vn 0.2825 0.7424 -0.6075
vn 0.1468 0.9584 -0.2449
vn 0.3586 0.7101 -0.6059
vn 0.4970 0.0811 -0.8639
vn 0.4079 0.0655 -0.9107
vn -0.3709 -0.9223 0.1081
vn -0.1664 -0.9773 0.1314
vn -0.1610 -0.9778 0.1341
vn -0.3663 -0.9237 0.1122
vn -0.0000 -0.9902 0.1393
vn -0.0000 -0.9898 0.1423
vn -0.0000 -0.9881 0.1538
vn -0.1492 -0.9782 0.1443
vn -0.3540 -0.9273 0.1219
vn -0.9867 0.0114 -0.1621
vn -0.9853 0.0075 -0.1706
vn -0.9239 0.3464 -0.1624
vn -0.9203 0.3586 -0.1563
vn -0.6409 0.7547 -0.1406
vn -0.6378 0.7575 -0.1391
vn -0.7045 -0.6825 -0.1947
vn -0.3850 -0.8982 -0.2119
vn -0.6926 -0.7001 -0.1738
vn -0.3757 -0.9062 -0.1941
vn -0.0000 -0.9787 -0.2052
vn -0.0000 -0.9753 -0.2207
vn -0.9884 0.0125 -0.1511
vn -0.9266 -0.3358 -0.1692
vn -0.9293 -0.3215 -0.1816
vn -0.9910 0.0107 -0.1334
vn -0.9235 -0.3531 -0.1496
vn -0.9431 -0.3090 -0.1225
vn -0.6897 -0.6611 0.2954
vn -0.7491 -0.5917 0.2979
vn -0.7486 -0.6482 0.1394
vn -0.0000 -0.9793 0.2025
vn -0.0000 -0.9004 0.4350
vn -0.0000 -0.8232 0.5677
vn -0.7554 -0.6547 -0.0276
vn -0.8653 -0.2762 -0.4183
vn -0.0000 -0.9998 0.0184
vn -0.9185 0.3675 -0.1458
vn -0.9185 0.3734 -0.1305
vn -0.6343 0.7618 -0.1315
vn -0.6309 0.7661 -0.1225
vn -0.6548 -0.7442 -0.1318
vn -0.6346 -0.7644 -0.1145
vn -0.3130 -0.9396 -0.1382
vn -0.3361 -0.9286 -0.1576
vn -0.6166 -0.7806 -0.1019
vn -0.2906 -0.9491 -0.1216
vn -0.0000 -0.9909 -0.1347
vn -0.0000 -0.9883 -0.1524
vn -0.0000 -0.9850 -0.1728
vn -0.3145 0.9278 0.2007
vn -0.7316 0.5626 0.3849
vn -0.5568 0.6567 0.5085
vn -0.2818 0.9035 0.3229
vn -0.8711 0.1801 0.4569
vn -0.6594 0.4364 0.6121
vn -0.4391 0.5215 0.7316
vn -0.3319 0.7011 0.6311
vn -0.2131 0.8923 0.3979
vn -0.2549 0.9620 -0.0979
vn -0.2536 0.9611 -0.1092
vn -0.0000 0.9959 -0.0907
vn -0.0000 0.9950 -0.0998
vn -0.0000 0.9946 -0.1033
vn -0.2549 0.9605 -0.1115
vn -0.2525 0.9613 -0.1103
vn -0.0000 0.9945 -0.1051
vn -0.0000 0.9944 -0.1057
vn -0.2470 0.9629 -0.1084
vn -0.0000 0.9935 -0.1142
vn -0.0000 0.9924 -0.1233
vn -0.2165 0.9690 -0.1186
vn -0.2302 0.9666 -0.1123
vn -0.0000 0.9922 -0.1245
vn -0.1999 0.9726 -0.1189
vn -0.1001 0.9904 -0.0953
vn -0.0361 0.9960 -0.0822
vn -0.0186 0.9988 -0.0455
vn -0.0000 0.9950 -0.1001
vn -0.0000 0.9946 -0.1034
vn 0.0281 0.9968 -0.0747
vn 0.0113 0.9990 -0.0434
vn -0.9752 0.0802 0.2062
vn -0.9412 -0.3004 0.1547
vn -0.9337 -0.2532 0.2532
vn -0.9521 0.1053 0.2871
vn -0.7957 -0.5874 0.1476
vn -0.7901 -0.5741 0.2145
vn -0.8215 -0.4975 0.2788
vn -0.9143 -0.2052 0.3491
vn -0.9196 0.1183 0.3746
vn -0.8726 0.4179 0.2530
vn -0.8785 0.4039 0.2553
vn -0.8447 0.3956 0.3604
vn -0.7048 0.6719 0.2275
vn -0.6996 0.6486 0.2998
vn -0.6789 0.6683 0.3042
vn -0.5947 -0.7989 0.0897
vn -0.6106 -0.7877 0.0812
vn -0.8170 -0.5745 0.0500
vn -0.8315 -0.5539 0.0427
vn -0.8377 -0.5452 0.0319
vn -0.6146 -0.7853 0.0738
vn -0.6339 -0.7729 0.0276
vn -0.6436 -0.7651 0.0222
vn -0.8502 -0.5265 -0.0059
vn -0.8572 -0.5150 -0.0083
vn -0.8645 -0.4994 -0.0564
vn -0.6614 -0.7495 -0.0300
vn -0.6784 -0.7308 -0.0752
vn -0.4360 -0.8982 -0.0563
vn -0.8714 -0.4815 -0.0933
vn -0.6923 -0.7028 -0.1634
vn -0.4307 -0.8880 -0.1609
vn -0.4412 -0.8903 -0.1126
vn -0.6875 -0.7157 -0.1230
vn -0.8749 -0.4576 -0.1584
vn -0.8729 -0.4691 -0.1339
vn -0.6556 -0.7119 -0.2516
vn -0.4500 -0.8699 -0.2018
vn -0.0833 0.9928 0.0858
vn -0.0775 0.9854 0.1514
vn -0.0000 0.9972 0.0747
vn -0.0000 0.9885 0.1512
vn -0.3039 0.9207 0.2451
vn -0.0754 0.9774 0.1972
vn -0.0596 0.9828 0.1747
vn -0.2167 0.9461 0.2406
vn -0.2009 0.9445 0.2600
vn -0.0842 0.9651 0.2481
vn -0.0000 0.9701 0.2428
vn -0.0000 0.9828 0.1845
vn -0.0000 0.9857 0.1683
vn 0.0230 -0.9400 -0.3403
vn -0.7010 -0.5831 0.4106
vn -0.7132 0.2271 0.6631
vn 0.0450 0.9894 -0.1380
vn -0.2068 0.9027 0.3773
vn 0.3395 -0.2379 -0.9100
vn 0.1936 -0.2125 -0.9578
vn 0.3488 0.5150 -0.7830
vn 0.2328 0.5004 -0.8339
vn -0.6269 0.3525 0.6948
vn -0.2235 -0.9649 -0.1379
vn -0.2107 -0.9719 -0.1054
vn -0.3204 -0.9443 -0.0750
vn -0.0000 -0.9918 -0.1277
vn -0.0000 -0.9928 -0.1196
vn -0.0000 -0.9948 -0.1018
vn -0.9613 0.2421 0.1317
vn -0.9388 0.3087 0.1527
vn -0.9225 0.3852 0.0226
vn -0.9021 0.4126 0.1265
vn -0.9266 0.2917 0.2375
vn -0.9618 0.2734 0.0153
vn -0.9627 0.2445 0.1157
vn -0.8685 0.4582 0.1893
vn -0.9723 0.1508 0.1786
vn -0.9753 0.1857 0.1197
vn -0.8322 0.5256 0.1766
vn -0.9831 0.1713 0.0652
vn -0.8320 0.5042 0.2313
vn -0.9141 0.2862 0.2871
vn -0.8844 0.3344 0.3256
vn -0.9087 0.2533 0.3318
vn -0.9084 0.2960 0.2954
vn -0.9390 0.2697 0.2133
vn -0.8781 0.3941 0.2713
vn -0.9789 0.1709 0.1121
vn -0.8645 0.3923 0.3143
vn -0.9888 -0.1365 0.0606
vn -0.9957 0.0361 0.0849
vn -0.9628 0.2082 0.1725
vn -0.9898 0.1193 0.0783
vn -0.9743 0.1999 0.1043
vn -0.9975 0.0366 0.0598
vn -0.8833 0.4664 0.0469
vn -0.9442 0.3081 0.1166
vn -0.4370 0.7850 0.4391
vn -0.6811 0.5955 0.4259
vn -0.3755 0.7827 0.4964
vn -0.6008 0.6994 0.3871
vn -0.8345 0.4031 0.3757
vn -0.9050 0.3248 0.2748
vn -0.9457 -0.3243 0.0201
vn -0.9386 -0.3404 0.0553
vn -0.8047 -0.5893 0.0722
vn -0.3334 -0.9323 0.1400
vn -0.1385 -0.9770 0.1620
vn -0.0610 -0.9844 0.1652
vn -0.5544 -0.8190 0.1476
vn -0.5747 -0.8118 0.1034
vn -0.8248 0.5229 0.2153
vn -0.8383 0.4355 0.3279
vn -0.7511 0.6198 0.2274
vn -0.7419 0.6373 0.2082
vn -0.7084 0.6633 0.2414
vn -0.0000 -0.9884 0.1516
vn -0.1921 -0.9688 0.1568
vn -0.4654 -0.8564 0.2234
vn -0.6191 -0.2043 0.7583
vn -0.8257 -0.2866 0.4858
vn -0.7224 -0.5875 0.3646
vn -0.5736 -0.5283 0.6260
vn -0.6319 -0.7503 0.1941
vn -0.4170 -0.8153 0.4019
vn -0.8393 -0.0435 0.5420
vn -0.7964 0.2254 0.5612
vn -0.9296 -0.3025 -0.2105
vn -0.9320 -0.3096 -0.1886
vn -0.9417 -0.2692 -0.2017
vn -0.9307 -0.2960 -0.2148
vn -0.3136 -0.9438 0.1042
vn -0.6824 -0.6114 0.4006
vn -0.6929 -0.6481 0.3159
vn -0.3505 -0.9329 0.0829
vn -0.5701 -0.7184 -0.3986
vn -0.5022 -0.7290 -0.4650
vn -0.6129 -0.7087 -0.3493
vn -0.0000 -0.8581 -0.5136
vn -0.0000 -0.3326 -0.9431
vn -0.5355 -0.6114 -0.5826
vn -0.0000 -0.2655 -0.9641
vn -0.5573 -0.7812 -0.2813
vn -0.9086 -0.4068 -0.0949
vn -0.9140 -0.3906 -0.1093
vn -0.9041 -0.4183 -0.0878
vn -0.3171 -0.9286 0.1928
vn -0.6022 -0.3951 0.6937
vn -0.6074 -0.3064 0.7330
vn -0.4245 -0.8191 0.3858
vn -0.6583 -0.4388 0.6117
vn -0.3176 -0.9308 0.1809
vn -0.5645 -0.8089 0.1642
vn -0.9529 -0.3031 0.0090
vn -0.9577 -0.2878 -0.0058
vn -0.9601 -0.2785 -0.0253
vn -0.9636 -0.2659 -0.0267
vn -0.9661 -0.2488 -0.0684
vn -0.9696 -0.2260 -0.0939
vn -0.9578 -0.2442 -0.1516
vn -0.9605 -0.2226 -0.1671
vn -0.8537 -0.4742 -0.2153
vn -0.6036 0.0470 0.7959
vn -0.5613 0.2894 0.7754
vn -0.4309 0.6617 0.6136
vn -0.5972 0.6549 0.4631
vn -0.7157 0.4397 0.5425
vn -0.5029 0.4783 0.7200
vn -0.0954 0.9901 0.1031
vn -0.0000 0.9964 0.0842
vn -0.9941 0.0505 0.0958
vn -0.4315 0.8829 0.1850
vn -0.3899 0.9099 0.1416
vn -0.4105 0.8658 0.2862
vn -0.2483 0.9634 0.1011
vn -0.2894 0.9400 0.1805
vn -0.2037 0.9752 0.0860
vn -0.3367 0.9116 0.2360
vn -0.1881 0.9596 0.2094
vn -0.2172 0.6660 0.7136
vn -0.1589 0.8829 0.4419
vn -0.3188 0.8574 0.4040
vn -0.0000 0.6684 0.7438
vn -0.0000 0.8962 0.4437
vn -0.0000 0.9794 0.2020
vn -0.1124 0.9641 0.2407
vn -0.2371 0.9264 0.2926
vn -0.9439 0.3231 -0.0684
vn -0.6729 0.7376 -0.0558
vn -0.9951 -0.0038 -0.0988
vn -0.7187 0.6420 -0.2670
vn -0.2068 -0.9774 -0.0445
vn -0.0000 -0.9992 -0.0411
vn -0.9667 -0.2270 -0.1181
vn 0.1032 0.9939 0.0394
vn 0.1010 0.9910 -0.0874
vn -0.0000 0.9998 0.0176
vn 0.0765 0.9906 -0.1131
vn 0.1434 -0.9880 -0.0568
vn 0.1029 -0.9947 0.0042
vn 0.0003 -0.9985 0.0552
vn -0.0377 -0.9922 -0.1187
vn 0.0453 -0.9944 -0.0957
vn -1.0000 -0.0000 -0.0000
vn -0.0961 -0.9747 0.2019
vn 0.0851 -0.9927 -0.0859
vn -0.0000 -0.9920 -0.1264
vn -0.1525 -0.9846 -0.0849
vn -0.1038 -0.9875 -0.1186
vn -0.0000 -0.9911 -0.1331
vn -0.1265 -0.9905 -0.0533
vn -0.0807 -0.9905 -0.1112
vn -0.0791 -0.9882 -0.1309
vn -0.0000 -0.9902 -0.1395
vn -0.0000 0.3099 0.9508
vn -0.2718 0.3078 0.9118
vn -0.2868 0.0635 0.9559
vn -0.0000 0.0573 0.9984
vn -0.2817 -0.2029 0.9378
vn -0.0000 -0.2179 0.9760
vn -0.2446 0.4971 0.8325
vn -0.0000 0.5011 0.8654
vn 0.0195 0.9915 -0.1284
vn -0.0085 0.9906 -0.1363
vn -0.0000 0.9908 -0.1357
vn 0.0006 0.9864 0.1644
vn 0.0917 0.9838 0.1540
vn 0.0741 0.9772 0.1992
vn -0.0000 -0.8851 0.4655
vn -0.0000 -0.5697 0.8218
vn -0.2524 -0.5462 0.7988
vn -0.2169 -0.8635 0.4554
vn -0.2356 0.8704 0.4324
vn -0.0848 0.8962 0.4355
vn -0.5445 0.2780 0.7914
vn -0.1674 0.8142 0.5560
vn -0.5581 0.7834 0.2734
vn -0.5186 0.8174 0.2507
vn -0.4505 0.8538 0.2611
vn -0.4532 0.8463 0.2799
vn -0.2057 0.9374 0.2809
vn -0.5174 0.7754 0.3620
vn -0.3464 0.8569 0.3817
vn -0.7568 0.5187 0.3977
vn -0.9751 -0.0803 0.2069
vn -0.4287 0.6749 0.6005
vn -0.4181 0.7706 0.4810
vn -0.0830 0.9645 0.2505
vn -0.0426 0.9675 0.2494
vn -0.6391 0.7081 0.3004
vn -0.2176 0.0617 -0.9741
vn -0.1003 0.5057 -0.8569
vn -0.2103 0.5693 -0.7948
vn -0.3589 0.3735 -0.8554
vn -0.6994 0.6160 -0.3625
vn -0.2752 0.9613 -0.0081
vn -0.2727 0.9613 -0.0379
vn -0.0000 1.0000 0.0010
vn -0.0000 0.9996 -0.0276
vn -0.0000 0.9987 -0.0504
vn -0.2693 0.9613 -0.0581
vn -0.2625 0.9616 -0.0798
vn -0.0000 0.9972 -0.0743
vn -0.2125 0.9717 -0.1035
vn -0.0000 0.9991 -0.0422
vn -0.2720 0.9623 0.0013
vn -0.0000 0.9999 0.0173
vn 0.4590 0.3496 0.8167
vn 0.1470 0.9196 0.3643
vn 0.1325 0.8592 0.4942
vn 0.1320 -0.0974 0.9865
vn -0.0006 0.8674 0.4976
vn -0.0000 0.0019 1.0000
vn 0.0407 -0.9542 0.2963
vn -0.0001 -0.8978 0.4404
vn 0.0260 -0.9825 -0.1847
vn 0.2329 -0.6717 -0.7033
vn 0.2400 -0.6782 -0.6946
vn 0.0492 -0.9602 -0.2750
vn 0.0589 -0.9550 -0.2906
vn -0.0160 0.9999 -0.0045
vn -0.0017 0.9999 -0.0151
vn 0.1792 0.9425 -0.2821
vn 0.3532 0.6932 -0.6283
vn -0.0000 0.9841 -0.1779
vn 0.0945 0.9903 -0.1023
vn -0.0000 0.9872 -0.1595
vn -0.0000 0.4917 -0.8708
vn 0.4835 0.1040 -0.8691
vn -0.0000 0.7851 -0.6194
vn -0.1766 -0.9843 0.0036
vn -0.0991 -0.9927 -0.0682
vn -0.9227 -0.3571 0.1455
vn -0.8441 -0.2197 0.4891
vn -0.8941 -0.1629 0.4172
vn -0.9663 -0.2209 0.1325
vn -0.8330 0.0629 0.5496
vn -0.8896 0.0585 0.4531
vn -0.9768 0.1823 0.1122
vn -0.8374 0.5336 -0.1186
vn -0.8866 0.4573 -0.0688
vn -0.8472 0.5292 0.0468
vn -0.8112 0.5833 0.0420
vn -0.8718 0.4373 0.2208
vn -0.8213 0.5073 0.2612
vn -0.9309 0.0860 -0.3549
vn -0.9712 0.0901 -0.2207
vn -0.9157 0.3369 -0.2190
vn -0.8824 0.3861 -0.2688
vn -0.9309 -0.2731 -0.2427
vn -0.9672 -0.1992 -0.1578
vn -0.8546 0.2786 0.4382
vn -0.8252 0.3195 0.4658
vn 0.0931 -0.9323 -0.3494
vn 0.3555 -0.6193 -0.7001
vn 0.3374 -0.5907 -0.7329
vn 0.0836 -0.9170 -0.3900
vn -0.0000 -0.2919 -0.9564
vn -0.0000 -0.6249 -0.7807
vn -0.0000 -0.9206 -0.3905
vn 0.2748 -0.6647 -0.6947
vn 0.0580 -0.9524 -0.2992
vn -0.0630 -0.9938 -0.0912
vn -0.0952 -0.9910 -0.0943
vn -0.0409 -0.9934 -0.1075
vn -0.0449 -0.9902 -0.1322
vn -0.0473 -0.9861 -0.1594
vn -0.0474 -0.9828 -0.1783
vn -0.0000 -0.9829 -0.1842
vn -0.6826 -0.5447 0.4871
vn -0.3016 -0.9458 0.1203
vn -0.0552 -0.9940 -0.0948
vn 0.0346 0.9981 -0.0514
vn -0.0130 0.9998 -0.0181
vn 0.0197 0.9992 -0.0347
vn -0.0810 0.9966 -0.0155
vn -0.9438 0.3232 -0.0699
vn -0.9018 0.3269 0.2828
vn -0.8873 0.3764 0.2665
vn -0.9161 0.3910 -0.0883
vn -0.7607 0.2961 0.5776
vn -0.7343 0.3377 0.5888
vn -0.0684 0.2482 0.9663
vn -0.0590 0.2465 0.9673
vn 0.2190 0.2543 0.9420
vn 0.1997 0.2390 0.9503
vn 0.4689 0.2434 0.8491
vn 0.4749 0.2099 0.8546
vn 0.9719 0.2109 0.1046
vn 0.9563 0.2705 0.1107
vn 0.9338 0.2913 -0.2079
vn 0.9415 0.2379 -0.2387
vn 0.7973 0.2789 -0.5353
vn 0.8048 0.2287 -0.5477
vn 0.0999 0.2824 -0.9541
vn 0.0906 0.2851 -0.9542
vn -0.1889 0.3075 -0.9326
vn -0.2022 0.3221 -0.9249
vn -0.4534 0.3066 -0.8369
vn -0.4630 0.3374 -0.8196
vn -0.6789 0.4748 0.5601
vn -0.8317 0.4901 0.2608
vn -0.4173 0.8932 0.1675
vn -0.8425 0.5338 -0.0720
vn 0.4291 0.2868 0.8565
vn 0.2106 0.2740 0.9384
vn -0.0373 0.3412 0.9393
vn 0.8253 0.2910 -0.4838
vn 0.9446 0.2266 -0.2377
vn 0.9077 0.3549 -0.2238
vn 0.9635 0.2647 0.0406
vn -0.4333 0.4614 -0.7742
vn -0.1833 0.3952 -0.9001
vn 0.0824 0.3793 -0.9216
vn -0.9392 0.3353 -0.0736
vn -0.9406 0.3324 -0.0685
vn -0.8934 0.3591 0.2702
vn -0.9103 0.4033 -0.0929
vn -0.7993 0.2582 0.5427
vn -0.8041 0.2634 0.5330
vn -0.7554 0.2983 0.5834
vn -0.0916 0.1913 0.9773
vn -0.0819 0.1863 0.9791
vn 0.1938 0.1942 0.9616
vn 0.1747 0.1813 0.9678
vn 0.4448 0.1881 0.8757
vn 0.4510 0.1569 0.8786
vn 0.9713 0.1911 0.1417
vn 0.9593 0.2588 0.1126
vn 0.9595 0.2558 0.1178
vn 0.9507 0.2622 -0.1659
vn 0.5912 0.3420 -0.7304
vn 0.5400 0.3264 -0.7758
vn 0.7972 0.2955 -0.5264
vn 0.1195 0.3136 -0.9420
vn 0.0946 0.3020 -0.9486
vn 0.0992 0.3003 -0.9487
vn -0.1805 0.3505 -0.9190
vn -0.2115 0.3757 -0.9023
vn -0.1662 0.3848 -0.9079
vn -0.4074 0.3751 -0.8327
vn -0.6887 0.4542 0.5651
vn -0.8352 0.4813 0.2661
vn -0.5654 0.6960 -0.4426
vn -0.8384 0.5410 -0.0667
vn 0.3980 0.2490 0.8829
vn 0.1864 0.2261 0.9561
vn 0.7143 0.4657 0.5224
vn -0.0523 0.2997 0.9526
vn 0.8404 0.3104 -0.4443
vn 0.9526 0.2346 -0.1938
vn 0.9621 0.2580 0.0888
vn -0.4203 0.4949 -0.7605
vn -0.1622 0.4392 -0.8836
vn 0.1087 0.4163 -0.9027
vn -0.9492 0.3143 -0.0170
vn -0.8937 0.3057 0.3283
vn -0.8803 0.3555 0.3143
vn -0.9235 0.3820 -0.0350
vn -0.7424 0.2664 0.6147
vn -0.7166 0.3076 0.6260
vn -0.0379 0.2135 0.9762
vn -0.0284 0.2118 0.9769
vn 0.2537 0.2231 0.9412
vn 0.2337 0.2073 0.9500
vn 0.5028 0.2172 0.8367
vn 0.5091 0.1837 0.8409
vn 0.9754 0.2110 0.0647
vn 0.9602 0.2696 0.0735
vn 0.9234 0.2996 -0.2399
vn 0.9299 0.2481 -0.2716
vn 0.7757 0.2972 -0.5568
vn 0.7827 0.2484 -0.5706
vn 0.0674 0.3126 -0.9475
vn 0.0581 0.3153 -0.9472
vn -0.2235 0.3359 -0.9150
vn -0.2368 0.3500 -0.9064
vn -0.4875 0.3302 -0.8083
vn -0.4966 0.3604 -0.7896
vn -0.6645 0.4511 0.5958
vn -0.8263 0.4703 0.3099
vn -0.6072 0.6837 -0.4047
vn -0.8504 0.5259 -0.0169
vn 0.4579 0.2675 0.8478
vn 0.2440 0.2458 0.9381
vn 0.7491 0.4786 0.4579
vn -0.0019 0.3147 0.9492
vn 0.8045 0.3036 -0.5105
vn 0.9334 0.2356 -0.2707
vn 0.9642 0.2651 0.0035
vn -0.4687 0.4787 -0.7424
vn -0.2184 0.4193 -0.8812
vn 0.0536 0.4011 -0.9145
vn -0.9502 0.3110 -0.0189
vn -0.8950 0.3057 0.3247
vn -0.8817 0.3552 0.3105
vn -0.9250 0.3781 -0.0379
vn -0.7445 0.2698 0.6107
vn -0.7190 0.3110 0.6216
vn -0.0382 0.2216 0.9744
vn -0.0285 0.2200 0.9751
vn 0.2555 0.2309 0.9388
vn 0.2354 0.2152 0.9478
vn 0.5059 0.2239 0.8330
vn 0.5122 0.1905 0.8375
vn 0.9759 0.2095 0.0603
vn 0.9610 0.2679 0.0685
vn 0.9238 0.2948 -0.2442
vn 0.9303 0.2434 -0.2746
vn 0.7770 0.2897 -0.5589
vn 0.7839 0.2413 -0.5721
vn 0.0678 0.3024 -0.9508
vn 0.0584 0.3052 -0.9505
vn -0.2244 0.3260 -0.9184
vn -0.2379 0.3399 -0.9099
vn -0.4899 0.3210 -0.8105
vn -0.4989 0.3512 -0.7923
vn -0.6676 0.4532 0.5907
vn -0.8287 0.4695 0.3048
vn -0.6114 0.6784 -0.4074
vn -0.8526 0.5221 -0.0215
vn 0.4619 0.2730 0.8439
vn 0.2455 0.2529 0.9358
vn 0.7518 0.4795 0.4527
vn -0.0029 0.3215 0.9469
vn 0.8058 0.2976 -0.5119
vn 0.9336 0.2313 -0.2736
vn 0.9647 0.2635 -0.0017
vn -0.4692 0.4714 -0.7467
vn -0.2194 0.4101 -0.8853
vn 0.0525 0.3935 -0.9178
vn -0.9539 0.2941 0.0598
vn -0.8692 0.3020 0.3915
vn -0.8581 0.3511 0.3747
vn -0.9321 0.3603 0.0359
vn -0.6964 0.2799 0.6608
vn -0.6712 0.3215 0.6680
vn 0.0352 0.2598 0.9650
vn 0.0450 0.2583 0.9650
vn 0.3312 0.2727 0.9033
vn 0.3105 0.2569 0.9152
vn 0.5742 0.2651 0.7746
vn 0.5814 0.2319 0.7799
vn 0.9740 0.2228 -0.0422
vn 0.9592 0.2805 -0.0351
vn 0.8944 0.2929 -0.3381
vn 0.8985 0.2411 -0.3668
vn 0.7238 0.2734 -0.6335
vn 0.7301 0.2253 -0.6451
vn -0.0096 0.2644 -0.9644
vn -0.0191 0.2671 -0.9635
vn -0.3027 0.2865 -0.9090
vn -0.3164 0.3006 -0.8997
vn -0.5631 0.2826 -0.7766
vn -0.5711 0.3137 -0.7586
vn -0.6253 0.4602 0.6303
vn -0.8086 0.4656 0.3597
vn -0.4187 0.8806 0.2221
vn -0.8602 0.5084 0.0413
vn 0.5360 0.3054 0.7871
vn 0.3192 0.2906 0.9020
vn 0.0624 0.3527 0.9337
vn 0.7560 0.2849 -0.5893
vn 0.9020 0.2293 -0.3659
vn 0.8677 0.3506 -0.3523
vn 0.9570 0.2712 -0.1030
vn -0.5314 0.4440 -0.7214
vn -0.2961 0.3757 -0.8782
vn -0.0281 0.3660 -0.9302
vn -0.9601 0.2446 0.1358
vn -0.8453 0.2863 0.4511
vn -0.8394 0.3343 0.4285
vn -0.9451 0.3094 0.1046
vn -0.6510 0.2983 0.6980
vn -0.6278 0.3413 0.6996
vn 0.1053 0.3493 0.9311
vn 0.1153 0.3482 0.9303
vn 0.4009 0.3729 0.8368
vn 0.3798 0.3571 0.8534
vn 0.6322 0.3658 0.6830
vn 0.6417 0.3338 0.6904
vn 0.9499 0.2656 -0.1646
vn 0.9331 0.3216 -0.1607
vn 0.8415 0.3026 -0.4476
vn 0.8450 0.2495 -0.4730
vn 0.6504 0.2486 -0.7178
vn 0.6579 0.2007 -0.7259
vn -0.1044 0.1747 -0.9791
vn -0.1140 0.1770 -0.9776
vn -0.3964 0.1868 -0.8989
vn -0.4124 0.2011 -0.8885
vn -0.6504 0.1811 -0.7377
vn -0.6585 0.2141 -0.7215
vn -0.5924 0.4751 0.6506
vn -0.7987 0.4508 0.3986
vn -0.7196 0.6139 -0.3245
vn -0.8774 0.4702 0.0948
vn 0.6089 0.3833 0.6945
vn 0.3860 0.3813 0.8400
vn 0.7982 0.5485 0.2490
vn 0.1140 0.4240 0.8985
vn 0.6852 0.2670 -0.6777
vn 0.8489 0.2371 -0.4723
vn 0.9280 0.2995 -0.2215
vn -0.6041 0.3697 -0.7059
vn -0.3921 0.2888 -0.8734
vn -0.1363 0.3008 -0.9439
vn -0.5240 0.2933 0.7996
vn -0.2293 0.3347 0.9140
vn -0.2433 0.3800 0.8924
vn -0.5342 0.3539 0.7677
vn 0.0555 0.3453 0.9368
vn 0.0752 0.3852 0.9198
vn 0.7733 0.3702 0.5148
vn 0.7790 0.3681 0.5076
vn 0.9070 0.3684 0.2042
vn 0.9055 0.3550 0.2325
vn 0.9380 0.3338 -0.0936
vn 0.9489 0.3006 -0.0957
vn 0.5103 0.1805 -0.8408
vn 0.5043 0.2330 -0.8315
vn 0.2529 0.2166 -0.9429
vn 0.2376 0.1666 -0.9570
vn -0.0481 0.1787 -0.9827
vn -0.0497 0.1327 -0.9899
vn -0.7881 0.1669 -0.5924
vn -0.7944 0.1701 -0.5831
vn -0.9325 0.2010 -0.3000
vn -0.9364 0.2166 -0.2760
vn -0.9765 0.2127 0.0355
vn -0.9675 0.2481 0.0491
vn 0.0802 0.5043 0.8598
vn -0.2339 0.4867 0.8417
vn -0.6876 0.6386 0.3454
vn -0.5057 0.4938 0.7074
vn 0.9295 0.3627 -0.0669
vn 0.8995 0.3793 0.2167
vn 0.7126 0.4891 -0.5029
vn 0.7582 0.4469 0.4748
vn 0.0138 0.2082 -0.9780
vn 0.2386 0.1626 -0.9574
vn 0.4507 0.2249 -0.8639
vn -0.9158 0.4015 0.0013
vn -0.9073 0.3048 -0.2896
vn -0.7779 0.3040 -0.5500
vn -0.9446 0.3206 -0.0704
vn -0.9025 0.3267 0.2806
vn -0.8882 0.3760 0.2642
vn -0.9173 0.3879 -0.0896
vn -0.7617 0.2984 0.5751
vn -0.7357 0.3401 0.5857
vn -0.0687 0.2546 0.9646
vn -0.0593 0.2529 0.9657
vn 0.2204 0.2607 0.9399
vn 0.2009 0.2454 0.9484
vn 0.4713 0.2490 0.8461
vn 0.4774 0.2156 0.8518
vn 0.9725 0.2103 0.0999
vn 0.9571 0.2697 0.1055
vn 0.9338 0.2880 -0.2123
vn 0.9415 0.2346 -0.2421
vn 0.7976 0.2733 -0.5377
vn 0.8050 0.2234 -0.5496
vn 0.1002 0.2745 -0.9563
vn 0.0909 0.2772 -0.9565
vn -0.1896 0.2999 -0.9349
vn -0.2029 0.3144 -0.9274
vn -0.4551 0.2996 -0.8385
vn -0.4646 0.3305 -0.8215
vn -0.6809 0.4763 0.5564
vn -0.8332 0.4894 0.2574
vn -0.4197 0.8926 0.1647
vn -0.8441 0.5309 -0.0748
vn 0.4322 0.2914 0.8534
vn 0.2118 0.2798 0.9364
vn -0.0381 0.3465 0.9373
vn 0.8257 0.2865 -0.4859
vn 0.9444 0.2235 -0.2410
vn 0.9079 0.3518 -0.2280
vn 0.9639 0.2639 0.0352
vn -0.4335 0.4558 -0.7773
vn -0.1840 0.3881 -0.9031
vn 0.0817 0.3733 -0.9241
vn -0.2298 0.3899 0.8917
vn -0.1486 0.6368 0.7565
vn -0.0000 0.2109 0.9775
vn -0.0000 0.6050 0.7962
vn -0.0000 0.9265 0.3763
vn -0.1316 0.9095 0.3944
vn -0.1137 0.9672 0.2270
vn -0.0000 0.9825 0.1863
vn -0.1270 -0.9881 -0.0872
vn -0.3063 -0.9496 0.0664
vn -0.1394 0.9871 0.0785
vn -0.3833 0.6655 0.6405
vn -0.3887 0.7030 0.5956
vn -0.2362 0.9000 0.3664
vn -0.6882 -0.6761 0.2633
vn -0.8661 -0.3942 0.3074
vn -0.8766 0.2358 0.4194
vn -0.6816 0.2762 0.6776
vn -0.6829 0.3233 0.6551
vn -0.8724 0.2988 0.3868
vn -0.4357 0.2900 0.8521
vn -0.4132 0.3320 0.8480
vn 0.3651 0.3505 0.8625
vn 0.3746 0.3495 0.8588
vn 0.6329 0.3749 0.6774
vn 0.6164 0.3590 0.7008
vn 0.8135 0.3655 0.4523
vn 0.8252 0.3333 0.4561
vn 0.8577 0.2553 -0.4462
vn 0.8440 0.3092 -0.4382
vn 0.6787 0.2901 -0.6747
vn 0.6748 0.2391 -0.6981
vn 0.4298 0.2401 -0.8704
vn 0.4346 0.1940 -0.8795
vn -0.3728 0.1749 -0.9113
vn -0.3820 0.1773 -0.9070
vn -0.6400 0.1878 -0.7450
vn -0.6543 0.2019 -0.7288
vn -0.8452 0.1811 -0.5028
vn -0.8479 0.2147 -0.4847
vn -0.3930 0.4655 0.7930
vn -0.6539 0.4386 0.6164
vn -0.7880 0.6111 -0.0755
vn -0.8136 0.4582 0.3579
vn 0.7939 0.3852 0.4704
vn 0.6183 0.3836 0.6860
vn 0.8418 0.5394 -0.0190
vn 0.3666 0.4280 0.8261
vn 0.4736 0.2581 -0.8421
vn 0.6784 0.2277 -0.6985
vn 0.8215 0.2879 -0.4922
vn -0.7875 0.3732 -0.4906
vn -0.6297 0.2901 -0.7206
vn -0.3943 0.3036 -0.8674
vn -0.9472 0.2413 0.2111
vn -0.8105 0.2825 0.5132
vn -0.8063 0.3301 0.4907
vn -0.9352 0.3054 0.1792
vn -0.6010 0.2950 0.7428
vn -0.5780 0.3377 0.7429
vn 0.4607 0.2971 0.8364
vn 0.4591 0.3095 0.8327
vn 0.4607 0.2969 0.8364
vn 0.9348 0.2617 -0.2403
vn 0.9188 0.3170 -0.2351
vn 0.8064 0.2979 -0.5109
vn 0.8079 0.2457 -0.5357
vn 0.5986 0.2453 -0.7626
vn 0.6053 0.1981 -0.7709
vn -0.1743 0.1742 -0.9691
vn -0.1839 0.1765 -0.9670
vn -0.4629 0.1865 -0.8666
vn -0.4787 0.2007 -0.8547
vn -0.7076 0.1805 -0.6832
vn -0.7143 0.2137 -0.6664
vn -0.5467 0.4714 0.6920
vn -0.7687 0.4462 0.4582
vn -0.7461 0.6121 -0.2622
vn -0.8696 0.4657 0.1641
vn 0.4579 0.3200 0.8294
vn 0.4582 0.3173 0.8303
vn 0.8420 0.4974 0.2088
vn 0.6360 0.2637 -0.7252
vn 0.8118 0.2337 -0.5352
vn 0.9087 0.2955 -0.2950
vn -0.6574 0.3699 -0.6565
vn -0.4572 0.2883 -0.8413
vn -0.2042 0.3009 -0.9315
vn -0.5279 -0.8493 -0.0019
vn -0.0000 -0.9833 0.1819
vn -0.0000 -0.9701 0.2429
vn -0.9935 0.0085 -0.1134
vn -0.9174 0.3815 -0.1132
vn -0.6250 0.7722 -0.1145
vn -0.5304 0.8475 -0.0209
vn -0.8859 0.4578 0.0748
vn -0.4719 0.8817 0.0005
vn -0.8549 0.4827 0.1902
vn -0.9645 0.0349 0.2616
vn -0.9946 0.0106 0.1029
vn -0.5774 -0.8158 -0.0345
vn -0.2662 -0.9579 -0.1081
vn -0.5401 -0.8372 0.0859
vn -0.2115 -0.9745 -0.0756
vn -0.0000 -0.9935 -0.1142
vn -0.0000 -0.9928 -0.1200
vn -0.0000 -0.9814 -0.1919
vn -0.3582 -0.9166 -0.1775
vn -0.6750 -0.7219 -0.1524
vn -0.0000 0.9918 -0.1279
vn -0.1667 0.9802 -0.1072
vn -0.0000 0.9897 -0.1429
vn -0.1047 0.9853 -0.1354
vn -0.2400 0.9647 -0.1087
vn -0.0000 0.9942 -0.1079
vn -0.8924 -0.4471 0.0607
vn -0.8748 -0.4283 0.2266
vn -0.9192 -0.3724 -0.1283
vn -0.0000 0.2388 -0.9711
vn -0.7987 0.0496 -0.5997
vn -0.7729 -0.0757 -0.6300
vn -0.0000 0.0826 -0.9966
vn -0.8966 -0.4118 -0.1630
vn -0.8432 -0.5183 -0.1430
vn -0.7719 -0.1541 -0.6168
vn -0.0000 0.0128 -0.9999
vn -0.9276 -0.2515 -0.2762
vn -0.8011 0.1016 -0.5898
vn -0.0000 0.3258 -0.9454
vn -0.0000 -0.8681 0.4964
vn -0.6213 -0.7295 0.2862
vn -0.7273 -0.6243 0.2852
vn -0.0000 -0.8320 0.5548
vn -0.0000 0.9651 -0.2620
vn -0.0780 0.9912 -0.1069
vn -0.1667 -0.9828 -0.0795
vn -0.1407 -0.9864 -0.0855
vn 0.3708 0.9081 0.1948
vn 0.3022 0.9411 0.1518
vn 0.8641 0.4073 0.2957
vn 0.9453 0.2616 0.1950
vn 0.9391 -0.1817 0.2916
vn 0.9547 -0.2654 0.1349
vn 0.7224 -0.6519 -0.2303
vn 0.3987 -0.8863 -0.2355
vn 0.3986 -0.8895 -0.2235
vn 0.7209 -0.6602 -0.2110
vn 0.3915 -0.8937 -0.2191
vn 0.7123 -0.6711 -0.2055
vn 0.7552 -0.5895 -0.2866
vn 0.4625 -0.8136 -0.3522
vn 0.4072 -0.8749 -0.2622
vn 0.7202 -0.6497 -0.2434
vn 0.9822 0.0078 -0.1879
vn 0.9247 0.3416 -0.1679
vn 0.9235 0.3485 -0.1602
vn 0.9823 0.0144 -0.1869
vn 0.9246 0.3535 -0.1422
vn 0.9859 0.0168 -0.1665
vn 0.6458 0.7573 -0.0967
vn 0.6451 0.7553 -0.1154
vn 0.6431 0.7542 -0.1323
vn 0.4190 -0.9080 0.0022
vn 0.3995 -0.9152 0.0523
vn 0.1847 -0.9800 0.0737
vn 0.1977 -0.9799 0.0256
vn 0.1764 -0.9809 0.0822
vn 0.3888 -0.9194 0.0591
vn 0.3236 -0.9393 0.1142
vn 0.3805 -0.9170 0.1198
vn 0.1654 -0.9841 0.0644
vn 0.1404 -0.9858 0.0919
vn 0.1367 -0.9799 0.1456
vn 0.3161 -0.9371 0.1480
vn 0.9998 0.0041 0.0204
vn 0.9994 -0.0247 -0.0227
vn 0.9991 -0.0288 -0.0298
vn 0.9973 -0.0645 -0.0362
vn 0.9927 -0.0032 -0.1209
vn 0.9865 0.0597 -0.1522
vn 0.9925 -0.0847 -0.0885
vn 0.9931 -0.1130 -0.0301
vn 0.9925 -0.1193 -0.0265
vn 0.0731 0.9878 0.1378
vn 0.0796 0.9962 0.0359
vn 0.0519 0.9968 0.0600
vn 0.0568 0.9900 0.1294
vn 0.2623 0.9316 -0.2519
vn 0.0919 0.9917 -0.0901
vn 0.9311 0.3416 -0.1281
vn 0.9884 0.0072 -0.1518
vn 0.9391 0.3278 -0.1027
vn 0.9915 -0.0014 -0.1303
vn 0.6601 0.7494 -0.0511
vn 0.6523 0.7537 -0.0810
vn 0.9960 -0.0120 -0.0883
vn 0.9699 0.1865 -0.1565
vn 0.9854 0.1266 0.1138
vn 0.9734 0.2211 0.0607
vn 0.9998 0.0180 0.0133
vn 0.9996 -0.0215 -0.0188
vn 0.9919 -0.1272 -0.0059
vn 0.9926 -0.1196 -0.0218
vn 0.9934 -0.1137 0.0136
vn 0.9975 0.0654 0.0269
vn 0.9549 0.2927 0.0504
vn 0.9970 0.0065 -0.0770
vn 0.9029 0.4220 -0.0815
vn 0.9099 0.4054 -0.0876
vn 0.9965 0.0060 -0.0828
vn 0.9146 0.3921 -0.0989
vn 0.9954 0.0071 -0.0960
vn 0.6144 0.7814 -0.1090
vn 0.5987 0.7939 -0.1063
vn 0.5777 0.8097 -0.1034
vn 0.7832 -0.6195 -0.0530
vn 0.6853 -0.2239 -0.6930
vn 0.4573 -0.6154 -0.6420
vn 0.5706 -0.8151 -0.0999
vn 0.0689 -0.8978 -0.4350
vn 0.2694 -0.9617 -0.0502
vn 0.0594 -0.9982 -0.0080
vn 0.1050 -0.9453 0.3089
vn 0.1586 -0.9249 0.3456
vn 0.1016 -0.9947 -0.0144
vn 0.3786 -0.8403 0.3880
vn 0.0268 0.9996 0.0101
vn 0.0360 0.9901 -0.1353
vn 0.0543 0.9982 0.0271
vn 0.0207 0.9995 0.0242
vn -0.0327 0.9877 -0.1526
vn 0.0055 1.0000 0.0070
vn 0.0785 0.8700 0.4868
vn 0.1127 0.8630 0.4925
vn 0.0070 1.0000 0.0033
vn 0.2119 0.7630 0.6107
vn -0.0270 -0.9639 -0.2648
vn 0.0519 -0.9983 -0.0250
vn -0.0392 -0.9560 -0.2909
vn -0.0180 -0.9692 -0.2456
vn 0.0494 -0.9981 -0.0379
vn 0.1108 -0.9578 0.2652
vn 0.1168 -0.9672 0.2254
vn 0.0102 0.9999 0.0055
vn -0.0358 0.9934 -0.1091
vn -0.0412 0.9924 -0.1159
vn 0.0133 0.9999 0.0045
vn -0.0231 0.9932 -0.1137
vn 0.1486 0.8677 0.4743
vn 0.1810 0.8627 0.4722
vn -0.0066 -0.9700 -0.2430
vn 0.0427 -0.9981 -0.0444
vn 0.0232 -0.9646 -0.2627
vn 0.0745 -0.9954 -0.0602
vn 0.1177 -0.9733 0.1971
vn 0.1721 -0.9708 0.1671
vn 0.0341 0.9994 -0.0032
vn -0.0081 0.9922 -0.1240
vn 0.0646 0.9978 -0.0177
vn 0.0140 0.9909 -0.1335
vn 0.2545 0.8230 0.5079
vn 0.4503 0.7019 0.5519
vn 0.2457 -0.1322 0.9603
vn 0.2362 -0.1942 0.9521
vn 0.4479 -0.1953 0.8725
vn -0.2753 0.6160 -0.7380
vn -0.1846 0.7333 -0.6543
vn -0.2449 -0.1996 -0.9488
vn -0.3000 -0.2459 -0.9217
vn -0.1619 -0.1648 -0.9730
vn -0.0910 0.7778 -0.6218
vn 0.3022 -0.2219 0.9271
vn 0.3557 -0.2601 0.8977
vn -0.0117 0.6729 -0.7396
vn -0.0631 -0.2234 -0.9727
vn 0.0501 -0.3695 -0.9279
vn 0.1190 0.3246 -0.9383
vn 0.4189 -0.3373 0.8430
vn 0.5362 -0.4732 0.6989
vn 0.1655 -0.9690 -0.1834
vn 0.2187 -0.9500 -0.2230
vn 0.6762 -0.7059 0.2108
vn 0.6674 -0.7063 0.2359
vn 0.9181 0.2082 0.3372
vn 0.8970 0.1133 0.4272
vn 0.7053 0.0403 -0.7077
vn 0.2814 -0.5865 -0.7595
vn 0.6662 -0.6482 -0.3688
vn 0.3079 -0.9327 -0.1879
vn 0.1521 -0.9394 -0.3072
vn 0.4055 -0.2612 -0.8760
vn 0.8272 -0.4240 -0.3687
vn 0.0518 0.9864 -0.1559
vn 0.1952 0.9767 -0.0895
vn 0.2875 0.9478 -0.1383
vn -0.3588 -0.0107 -0.9333
vn -0.3958 -0.0245 -0.9180
vn -0.2521 -0.6625 -0.7054
vn -0.2550 -0.6514 -0.7146
vn -0.0644 -0.9219 -0.3822
vn -0.0921 -0.9389 -0.3317
vn -0.2516 -0.7399 -0.6239
vn -0.4453 -0.0287 -0.8949
vn 0.9858 -0.0504 -0.1601
vn 0.9369 0.2229 -0.2692
vn 0.9844 -0.1692 -0.0472
vn 0.9966 -0.0683 0.0454
vn 0.9912 -0.1119 -0.0706
vn -0.2223 -0.7480 -0.6254
vn -0.4098 -0.0087 -0.9121
vn 0.1900 0.9634 0.1890
vn 0.3051 0.9138 0.2679
vn 0.5592 0.5337 0.6344
vn 0.5235 0.6424 0.5597
vn 0.6302 0.0879 0.7715
vn 0.6906 0.1515 0.7072
vn 0.6535 0.0368 0.7561
vn 0.6017 0.4972 0.6252
vn 0.2439 0.9620 0.1229
vn 0.2602 0.9485 0.1805
vn 0.2171 0.9600 0.1770
vn 0.5609 0.6855 0.4643
vn 0.5940 0.6893 0.4148
vn 0.7776 0.1511 0.6103
vn 0.8270 0.0962 0.5539
vn 0.6008 0.7209 0.3455
vn 0.3008 0.9407 0.1566
vn 0.5512 0.7939 0.2567
vn 0.1196 0.9856 -0.1198
vn 0.8748 0.0879 0.4765
vn 0.5803 0.7973 0.1661
vn 0.2407 0.9598 -0.1447
vn -0.1022 0.9441 -0.3135
vn 0.0479 0.9987 -0.0201
vn 0.0227 0.9997 -0.0089
vn -0.1193 0.9606 -0.2509
vn -0.2511 0.7569 -0.6034
vn -0.2761 0.7410 -0.6121
vn -0.2820 0.6669 -0.6898
vn -0.2849 0.6681 -0.6874
vn -0.2633 0.7229 -0.6389
vn -0.0925 0.9766 -0.1940
vn -0.2581 0.7530 -0.6053
vn -0.0812 0.9809 -0.1766
vn -0.3658 0.0610 -0.9287
vn -0.3506 0.0304 -0.9360
vn -0.2825 0.7424 -0.6075
vn -0.0936 0.9750 -0.2015
vn -0.3586 0.7101 -0.6059
vn -0.1468 0.9584 -0.2449
vn -0.4970 0.0811 -0.8639
vn -0.4079 0.0654 -0.9107
vn 0.3709 -0.9223 0.1081
vn 0.3663 -0.9237 0.1122
vn 0.1610 -0.9778 0.1341
vn 0.1664 -0.9773 0.1314
vn 0.1492 -0.9782 0.1443
vn 0.3540 -0.9273 0.1219
vn 0.9867 0.0114 -0.1621
vn 0.9203 0.3586 -0.1563
vn 0.9239 0.3464 -0.1624
vn 0.9853 0.0075 -0.1706
vn 0.6409 0.7547 -0.1406
vn 0.6378 0.7575 -0.1391
vn 0.3850 -0.8982 -0.2119
vn 0.7045 -0.6825 -0.1947
vn 0.3757 -0.9062 -0.1941
vn 0.6926 -0.7001 -0.1738
vn 0.9293 -0.3215 -0.1816
vn 0.9266 -0.3358 -0.1692
vn 0.9884 0.0125 -0.1511
vn 0.9235 -0.3531 -0.1496
vn 0.9910 0.0107 -0.1334
vn 0.9431 -0.3090 -0.1225
vn 0.7491 -0.5917 0.2979
vn 0.6897 -0.6611 0.2954
vn 0.7486 -0.6482 0.1394
vn 0.7554 -0.6547 -0.0276
vn 0.8653 -0.2762 -0.4183
vn 0.9185 0.3734 -0.1305
vn 0.9185 0.3675 -0.1458
vn 0.6343 0.7618 -0.1315
vn 0.6309 0.7661 -0.1225
vn 0.6548 -0.7442 -0.1318
vn 0.3361 -0.9286 -0.1576
vn 0.3130 -0.9396 -0.1382
vn 0.6346 -0.7644 -0.1145
vn 0.2906 -0.9491 -0.1216
vn 0.6166 -0.7806 -0.1019
vn 0.3145 0.9278 0.2007
vn 0.2818 0.9035 0.3229
vn 0.5568 0.6567 0.5085
vn 0.7316 0.5626 0.3849
vn 0.6594 0.4364 0.6121
vn 0.8711 0.1801 0.4569
vn 0.4391 0.5215 0.7316
vn 0.3319 0.7011 0.6311
vn 0.2131 0.8923 0.3979
vn 0.2536 0.9611 -0.1092
vn 0.2549 0.9620 -0.0979
vn 0.2549 0.9605 -0.1115
vn 0.2525 0.9613 -0.1103
vn 0.2470 0.9629 -0.1084
vn 0.2302 0.9666 -0.1123
vn 0.2165 0.9690 -0.1186
vn 0.1999 0.9726 -0.1189
vn 0.0186 0.9988 -0.0455
vn 0.0361 0.9960 -0.0822
vn 0.1001 0.9904 -0.0953
vn -0.0281 0.9968 -0.0747
vn -0.0113 0.9990 -0.0434
vn 0.9752 0.0802 0.2062
vn 0.9521 0.1053 0.2871
vn 0.9337 -0.2532 0.2532
vn 0.9412 -0.3004 0.1547
vn 0.7901 -0.5741 0.2145
vn 0.7957 -0.5874 0.1476
vn 0.9143 -0.2052 0.3491
vn 0.8215 -0.4975 0.2788
vn 0.9196 0.1183 0.3746
vn 0.8785 0.4039 0.2553
vn 0.8726 0.4179 0.2530
vn 0.8447 0.3956 0.3604
vn 0.7048 0.6719 0.2275
vn 0.6996 0.6486 0.2998
vn 0.6789 0.6683 0.3042
vn 0.6106 -0.7877 0.0812
vn 0.5947 -0.7989 0.0897
vn 0.8315 -0.5539 0.0427
vn 0.8170 -0.5745 0.0500
vn 0.8377 -0.5452 0.0319
vn 0.6146 -0.7853 0.0738
vn 0.6436 -0.7651 0.0222
vn 0.6339 -0.7729 0.0276
vn 0.8572 -0.5150 -0.0083
vn 0.8502 -0.5265 -0.0059
vn 0.8645 -0.4994 -0.0564
vn 0.6614 -0.7495 -0.0300
vn 0.4360 -0.8982 -0.0563
vn 0.6784 -0.7308 -0.0752
vn 0.8714 -0.4815 -0.0933
vn 0.6923 -0.7028 -0.1634
vn 0.6875 -0.7157 -0.1230
vn 0.4412 -0.8903 -0.1126
vn 0.4307 -0.8880 -0.1609
vn 0.8749 -0.4576 -0.1584
vn 0.8729 -0.4691 -0.1339
vn 0.4500 -0.8699 -0.2018
vn 0.6556 -0.7119 -0.2516
vn 0.0775 0.9854 0.1514
vn 0.0833 0.9928 0.0858
vn 0.3039 0.9207 0.2451
vn 0.0596 0.9828 0.1747
vn 0.0754 0.9774 0.1972
vn 0.2167 0.9461 0.2406
vn 0.0842 0.9651 0.2481
vn 0.2009 0.9445 0.2600
vn -0.0230 -0.9400 -0.3403
vn 0.7010 -0.5831 0.4106
vn 0.7132 0.2271 0.6631
vn -0.0450 0.9894 -0.1380
vn 0.2068 0.9027 0.3773
vn -0.1936 -0.2125 -0.9578
vn -0.3395 -0.2379 -0.9100
vn -0.3488 0.5150 -0.7830
vn -0.2328 0.5004 -0.8339
vn 0.6269 0.3525 0.6948
vn 0.2107 -0.9719 -0.1054
vn 0.2235 -0.9649 -0.1379
vn 0.3204 -0.9443 -0.0750
vn 0.9613 0.2421 0.1317
vn 0.9021 0.4126 0.1265
vn 0.9225 0.3852 0.0227
vn 0.9388 0.3087 0.1527
vn 0.9618 0.2734 0.0153
vn 0.9266 0.2917 0.2375
vn 0.9627 0.2445 0.1157
vn 0.8685 0.4582 0.1893
vn 0.8322 0.5256 0.1766
vn 0.9753 0.1857 0.1197
vn 0.9723 0.1508 0.1786
vn 0.9831 0.1713 0.0652
vn 0.8320 0.5042 0.2313
vn 0.9141 0.2862 0.2871
vn 0.9084 0.2960 0.2954
vn 0.9087 0.2534 0.3318
vn 0.8844 0.3344 0.3256
vn 0.8781 0.3941 0.2713
vn 0.9390 0.2697 0.2133
vn 0.9789 0.1709 0.1121
vn 0.8645 0.3923 0.3143
vn 0.9888 -0.1365 0.0606
vn 0.9957 0.0361 0.0849
vn 0.9628 0.2082 0.1725
vn 0.9743 0.1999 0.1043
vn 0.9898 0.1193 0.0783
vn 0.9975 0.0366 0.0598
vn 0.9442 0.3081 0.1165
vn 0.8833 0.4664 0.0469
vn 0.6811 0.5955 0.4259
vn 0.4370 0.7850 0.4391
vn 0.6008 0.6994 0.3871
vn 0.3755 0.7827 0.4964
vn 0.8345 0.4031 0.3757
vn 0.9050 0.3248 0.2748
vn 0.9386 -0.3404 0.0553
vn 0.9457 -0.3243 0.0201
vn 0.8047 -0.5893 0.0722
vn 0.3334 -0.9323 0.1400
vn 0.1385 -0.9770 0.1620
vn 0.0610 -0.9844 0.1652
vn 0.5747 -0.8118 0.1034
vn 0.5544 -0.8190 0.1476
vn 0.8248 0.5229 0.2153
vn 0.8383 0.4355 0.3279
vn 0.7511 0.6198 0.2274
vn 0.7419 0.6373 0.2082
vn 0.7084 0.6633 0.2414
vn 0.1921 -0.9688 0.1568
vn 0.4654 -0.8564 0.2234
vn 0.6191 -0.2043 0.7583
vn 0.5736 -0.5283 0.6260
vn 0.7224 -0.5875 0.3646
vn 0.8257 -0.2866 0.4858
vn 0.6319 -0.7503 0.1941
vn 0.4170 -0.8153 0.4019
vn 0.7964 0.2254 0.5612
vn 0.8393 -0.0435 0.5420
vn 0.9320 -0.3096 -0.1886
vn 0.9296 -0.3025 -0.2105
vn 0.9307 -0.2960 -0.2148
vn 0.9417 -0.2692 -0.2017
vn 0.3136 -0.9438 0.1042
vn 0.3505 -0.9329 0.0829
vn 0.6929 -0.6481 0.3159
vn 0.6824 -0.6114 0.4006
vn 0.5701 -0.7184 -0.3986
vn 0.6129 -0.7087 -0.3493
vn 0.5022 -0.7290 -0.4650
vn 0.5355 -0.6114 -0.5826
vn 0.5573 -0.7812 -0.2813
vn 0.9140 -0.3906 -0.1093
vn 0.9086 -0.4068 -0.0949
vn 0.9041 -0.4183 -0.0878
vn 0.3171 -0.9286 0.1928
vn 0.4245 -0.8191 0.3858
vn 0.6074 -0.3064 0.7330
vn 0.6022 -0.3951 0.6937
vn 0.6583 -0.4388 0.6117
vn 0.3176 -0.9308 0.1809
vn 0.5645 -0.8089 0.1642
vn 0.9529 -0.3031 0.0090
vn 0.9577 -0.2878 -0.0058
vn 0.9636 -0.2659 -0.0267
vn 0.9601 -0.2785 -0.0253
vn 0.9661 -0.2488 -0.0684
vn 0.9696 -0.2260 -0.0939
vn 0.8537 -0.4742 -0.2153
vn 0.9605 -0.2226 -0.1671
vn 0.9578 -0.2442 -0.1516
vn 0.6036 0.0470 0.7959
vn 0.5613 0.2894 0.7754
vn 0.4309 0.6617 0.6136
vn 0.5029 0.4783 0.7200
vn 0.7157 0.4397 0.5425
vn 0.5972 0.6549 0.4631
vn 0.0954 0.9901 0.1031
vn 0.9941 0.0505 0.0958
vn 0.3899 0.9099 0.1416
vn 0.4315 0.8829 0.1850
vn 0.4105 0.8658 0.2862
vn 0.2483 0.9634 0.1011
vn 0.2894 0.9400 0.1805
vn 0.2037 0.9752 0.0860
vn 0.3367 0.9116 0.2360
vn 0.1881 0.9596 0.2094
vn 0.3188 0.8574 0.4040
vn 0.1589 0.8829 0.4419
vn 0.2172 0.6660 0.7136
vn 0.1124 0.9641 0.2407
vn 0.2371 0.9264 0.2926
vn 0.6729 0.7376 -0.0558
vn 0.9439 0.3231 -0.0684
vn 0.9951 -0.0038 -0.0988
vn 0.7187 0.6420 -0.2670
vn 0.2068 -0.9774 -0.0445
vn 0.9667 -0.2270 -0.1181
vn -0.1032 0.9939 0.0394
vn -0.1010 0.9910 -0.0874
vn -0.0765 0.9906 -0.1131
vn -0.1029 -0.9947 0.0025
vn -0.1434 -0.9880 -0.0568
vn -0.0453 -0.9944 -0.0957
vn -0.0851 -0.9927 -0.0859
vn 0.0961 -0.9747 0.2019
vn 0.1038 -0.9875 -0.1186
vn 0.1525 -0.9846 -0.0849
vn 0.1265 -0.9905 -0.0533
vn 0.0807 -0.9905 -0.1112
vn 0.0791 -0.9882 -0.1309
vn 0.2868 0.0635 0.9559
vn 0.2718 0.3078 0.9118
vn 0.2817 -0.2029 0.9378
vn 0.2446 0.4971 0.8325
vn -0.0195 0.9915 -0.1284
vn 0.0085 0.9906 -0.1363
vn -0.0917 0.9842 0.1516
vn -0.0741 0.9772 0.1992
vn 0.2169 -0.8635 0.4554
vn 0.2524 -0.5462 0.7988
vn 0.2356 0.8704 0.4324
vn 0.0848 0.8962 0.4355
vn 0.5445 0.2780 0.7914
vn 0.1674 0.8142 0.5560
vn 0.5186 0.8174 0.2507
vn 0.5581 0.7834 0.2734
vn 0.4505 0.8538 0.2611
vn 0.4532 0.8463 0.2799
vn 0.2057 0.9374 0.2809
vn 0.5174 0.7754 0.3620
vn 0.3464 0.8569 0.3817
vn 0.9751 -0.0803 0.2069
vn 0.7568 0.5187 0.3977
vn 0.4287 0.6749 0.6005
vn 0.4181 0.7706 0.4810
vn 0.0830 0.9645 0.2505
vn 0.0426 0.9675 0.2494
vn 0.6391 0.7081 0.3004
vn 0.2176 0.0617 -0.9741
vn 0.1003 0.5057 -0.8569
vn 0.2103 0.5693 -0.7948
vn 0.3589 0.3735 -0.8554
vn 0.6994 0.6160 -0.3625
vn 0.2727 0.9613 -0.0379
vn 0.2752 0.9613 -0.0081
vn 0.2693 0.9613 -0.0581
vn 0.2625 0.9616 -0.0798
vn 0.2125 0.9717 -0.1035
vn 0.2720 0.9623 0.0013
vn -0.4719 0.3342 0.8159
vn -0.1351 -0.0966 0.9861
vn -0.1362 0.8597 0.4923
vn -0.1506 0.9201 0.3616
vn -0.0409 -0.9548 0.2943
vn -0.0260 -0.9827 -0.1832
vn -0.2329 -0.6717 -0.7033
vn -0.2400 -0.6782 -0.6946
vn -0.0492 -0.9602 -0.2750
vn -0.0589 -0.9550 -0.2906
vn 0.0160 0.9999 -0.0045
vn 0.0017 0.9999 -0.0151
vn -0.3532 0.6932 -0.6283
vn -0.1792 0.9425 -0.2821
vn -0.0945 0.9903 -0.1023
vn -0.4835 0.1040 -0.8691
vn 0.1766 -0.9843 0.0036
vn 0.0991 -0.9927 -0.0682
vn 0.9227 -0.3571 0.1455
vn 0.9663 -0.2209 0.1325
vn 0.8941 -0.1629 0.4172
vn 0.8441 -0.2197 0.4891
vn 0.8896 0.0585 0.4531
vn 0.8330 0.0629 0.5496
vn 0.9768 0.1823 0.1122
vn 0.8374 0.5336 -0.1186
vn 0.8112 0.5833 0.0420
vn 0.8472 0.5292 0.0468
vn 0.8866 0.4573 -0.0688
vn 0.8718 0.4373 0.2208
vn 0.8213 0.5073 0.2612
vn 0.9309 0.0860 -0.3549
vn 0.8824 0.3861 -0.2688
vn 0.9157 0.3369 -0.2190
vn 0.9712 0.0901 -0.2207
vn 0.9672 -0.1992 -0.1578
vn 0.9309 -0.2731 -0.2427
vn 0.8546 0.2786 0.4382
vn 0.8252 0.3195 0.4658
vn -0.0931 -0.9323 -0.3494
vn -0.0836 -0.9170 -0.3900
vn -0.3374 -0.5907 -0.7329
vn -0.3555 -0.6193 -0.7001
vn -0.0580 -0.9524 -0.2992
vn -0.2748 -0.6647 -0.6947
vn 0.0952 -0.9910 -0.0943
vn 0.0630 -0.9938 -0.0912
vn 0.0449 -0.9902 -0.1322
vn 0.0409 -0.9934 -0.1075
vn 0.0473 -0.9861 -0.1594
vn 0.0474 -0.9828 -0.1783
vn 0.6826 -0.5447 0.4871
vn 0.3016 -0.9458 0.1203
vn 0.0552 -0.9940 -0.0948
vn -0.0346 0.9981 -0.0514
vn -0.0197 0.9992 -0.0347
vn 0.0130 0.9998 -0.0181
vn 0.0810 0.9966 -0.0155
vn 0.9438 0.3232 -0.0699
vn 0.9161 0.3910 -0.0883
vn 0.8873 0.3764 0.2665
vn 0.9018 0.3269 0.2828
vn 0.7343 0.3377 0.5888
vn 0.7607 0.2961 0.5776
vn 0.0684 0.2482 0.9663
vn -0.1997 0.2390 0.9503
vn -0.2190 0.2543 0.9420
vn 0.0590 0.2465 0.9673
vn -0.4750 0.2099 0.8546
vn -0.4689 0.2434 0.8491
vn -0.9719 0.2109 0.1046
vn -0.9415 0.2379 -0.2387
vn -0.9338 0.2913 -0.2079
vn -0.9563 0.2705 0.1107
vn -0.8048 0.2287 -0.5477
vn -0.7973 0.2789 -0.5353
vn -0.0999 0.2824 -0.9541
vn 0.2022 0.3221 -0.9249
vn 0.1889 0.3075 -0.9326
vn -0.0906 0.2850 -0.9542
vn 0.4630 0.3374 -0.8196
vn 0.4534 0.3066 -0.8369
vn 0.8317 0.4901 0.2608
vn 0.6789 0.4748 0.5601
vn 0.4173 0.8932 0.1675
vn 0.8425 0.5338 -0.0720
vn -0.2106 0.2740 0.9384
vn -0.4291 0.2868 0.8565
vn 0.0373 0.3412 0.9393
vn -0.9446 0.2266 -0.2377
vn -0.8254 0.2910 -0.4838
vn -0.9077 0.3549 -0.2238
vn -0.9635 0.2647 0.0406
vn 0.1833 0.3952 -0.9001
vn 0.4333 0.4614 -0.7742
vn -0.0824 0.3793 -0.9216
vn 0.9392 0.3353 -0.0736
vn 0.9103 0.4033 -0.0929
vn 0.8934 0.3591 0.2702
vn 0.9406 0.3324 -0.0685
vn 0.7993 0.2582 0.5427
vn 0.7554 0.2983 0.5834
vn 0.8041 0.2634 0.5330
vn 0.0916 0.1913 0.9773
vn -0.1747 0.1813 0.9678
vn -0.1938 0.1942 0.9616
vn 0.0819 0.1863 0.9791
vn -0.4510 0.1569 0.8787
vn -0.4448 0.1881 0.8757
vn -0.9713 0.1911 0.1417
vn -0.9507 0.2622 -0.1659
vn -0.9595 0.2558 0.1178
vn -0.9593 0.2588 0.1126
vn -0.5912 0.3420 -0.7304
vn -0.7972 0.2955 -0.5264
vn -0.5400 0.3264 -0.7758
vn -0.1195 0.3136 -0.9420
vn 0.1805 0.3505 -0.9190
vn -0.0991 0.3003 -0.9487
vn -0.0946 0.3020 -0.9486
vn 0.2115 0.3757 -0.9023
vn 0.4074 0.3751 -0.8327
vn 0.1662 0.3848 -0.9079
vn 0.8352 0.4813 0.2661
vn 0.6887 0.4543 0.5651
vn 0.5654 0.6960 -0.4426
vn 0.8384 0.5410 -0.0667
vn -0.1864 0.2261 0.9561
vn -0.3980 0.2490 0.8829
vn -0.7143 0.4657 0.5224
vn 0.0523 0.2997 0.9526
vn -0.9526 0.2346 -0.1938
vn -0.8404 0.3104 -0.4443
vn -0.9621 0.2580 0.0888
vn 0.1622 0.4392 -0.8836
vn 0.4203 0.4949 -0.7605
vn -0.1087 0.4163 -0.9027
vn 0.9492 0.3143 -0.0170
vn 0.9235 0.3820 -0.0350
vn 0.8803 0.3555 0.3143
vn 0.8937 0.3057 0.3283
vn 0.7166 0.3076 0.6260
vn 0.7424 0.2664 0.6147
vn 0.0379 0.2135 0.9762
vn -0.2337 0.2073 0.9500
vn -0.2537 0.2231 0.9412
vn 0.0284 0.2119 0.9769
vn -0.5091 0.1837 0.8409
vn -0.5028 0.2172 0.8367
vn -0.9754 0.2110 0.0647
vn -0.9299 0.2481 -0.2716
vn -0.9234 0.2996 -0.2399
vn -0.9602 0.2696 0.0735
vn -0.7827 0.2484 -0.5706
vn -0.7757 0.2972 -0.5568
vn -0.0674 0.3126 -0.9475
vn 0.2368 0.3500 -0.9064
vn 0.2235 0.3359 -0.9150
vn -0.0581 0.3153 -0.9472
vn 0.4966 0.3604 -0.7896
vn 0.4875 0.3302 -0.8083
vn 0.8263 0.4703 0.3099
vn 0.6645 0.4511 0.5958
vn 0.6072 0.6837 -0.4047
vn 0.8504 0.5259 -0.0169
vn -0.2440 0.2458 0.9381
vn -0.4579 0.2675 0.8478
vn -0.7491 0.4786 0.4579
vn 0.0019 0.3147 0.9492
vn -0.9334 0.2356 -0.2707
vn -0.8045 0.3036 -0.5106
vn -0.9642 0.2651 0.0035
vn 0.2184 0.4192 -0.8812
vn 0.4687 0.4787 -0.7424
vn -0.0536 0.4010 -0.9145
vn 0.9502 0.3111 -0.0189
vn 0.9250 0.3781 -0.0379
vn 0.8817 0.3552 0.3104
vn 0.8950 0.3057 0.3247
vn 0.7190 0.3109 0.6216
vn 0.7445 0.2698 0.6107
vn 0.0382 0.2216 0.9744
vn -0.2354 0.2152 0.9478
vn -0.2555 0.2309 0.9388
vn 0.0286 0.2200 0.9751
vn -0.5122 0.1905 0.8375
vn -0.5059 0.2239 0.8330
vn -0.9759 0.2095 0.0603
vn -0.9303 0.2434 -0.2746
vn -0.9238 0.2948 -0.2442
vn -0.9610 0.2679 0.0685
vn -0.7839 0.2413 -0.5721
vn -0.7770 0.2897 -0.5589
vn -0.0678 0.3024 -0.9508
vn 0.2379 0.3399 -0.9099
vn 0.2244 0.3260 -0.9184
vn -0.0584 0.3052 -0.9505
vn 0.4989 0.3512 -0.7923
vn 0.4899 0.3210 -0.8105
vn 0.8287 0.4695 0.3048
vn 0.6675 0.4532 0.5907
vn 0.6114 0.6784 -0.4074
vn 0.8526 0.5221 -0.0215
vn -0.2456 0.2529 0.9358
vn -0.4620 0.2730 0.8438
vn -0.7518 0.4795 0.4527
vn 0.0029 0.3215 0.9469
vn -0.9336 0.2313 -0.2736
vn -0.8058 0.2976 -0.5119
vn -0.9647 0.2635 -0.0017
vn 0.2194 0.4101 -0.8853
vn 0.4692 0.4714 -0.7467
vn -0.0525 0.3935 -0.9178
vn 0.9539 0.2941 0.0598
vn 0.9321 0.3603 0.0359
vn 0.8581 0.3511 0.3747
vn 0.8692 0.3020 0.3915
vn 0.6712 0.3215 0.6680
vn 0.6964 0.2799 0.6608
vn -0.0352 0.2598 0.9650
vn -0.3105 0.2569 0.9152
vn -0.3312 0.2727 0.9033
vn -0.0450 0.2583 0.9650
vn -0.5814 0.2319 0.7799
vn -0.5742 0.2651 0.7746
vn -0.9740 0.2228 -0.0422
vn -0.8985 0.2411 -0.3668
vn -0.8944 0.2929 -0.3381
vn -0.9592 0.2805 -0.0351
vn -0.7301 0.2253 -0.6451
vn -0.7238 0.2734 -0.6335
vn 0.0096 0.2644 -0.9644
vn 0.3164 0.3006 -0.8997
vn 0.3027 0.2865 -0.9090
vn 0.0191 0.2671 -0.9635
vn 0.5711 0.3137 -0.7586
vn 0.5631 0.2825 -0.7766
vn 0.8086 0.4656 0.3597
vn 0.6253 0.4602 0.6302
vn 0.4187 0.8806 0.2221
vn 0.8602 0.5084 0.0413
vn -0.3192 0.2906 0.9020
vn -0.5360 0.3054 0.7871
vn -0.0624 0.3526 0.9337
vn -0.9020 0.2293 -0.3659
vn -0.7560 0.2849 -0.5893
vn -0.8677 0.3506 -0.3523
vn -0.9570 0.2712 -0.1030
vn 0.2961 0.3757 -0.8782
vn 0.5314 0.4440 -0.7214
vn 0.0281 0.3660 -0.9302
vn 0.9601 0.2446 0.1358
vn 0.9451 0.3094 0.1046
vn 0.8394 0.3343 0.4285
vn 0.8453 0.2863 0.4511
vn 0.6278 0.3413 0.6996
vn 0.6510 0.2983 0.6980
vn -0.1053 0.3493 0.9311
vn -0.3798 0.3571 0.8534
vn -0.4009 0.3729 0.8368
vn -0.1153 0.3482 0.9303
vn -0.6417 0.3338 0.6904
vn -0.6322 0.3658 0.6830
vn -0.9499 0.2656 -0.1646
vn -0.8450 0.2495 -0.4730
vn -0.8415 0.3026 -0.4476
vn -0.9331 0.3216 -0.1607
vn -0.6579 0.2007 -0.7259
vn -0.6504 0.2486 -0.7178
vn 0.1044 0.1747 -0.9791
vn 0.4124 0.2011 -0.8885
vn 0.3964 0.1868 -0.8989
vn 0.1140 0.1770 -0.9776
vn 0.6585 0.2141 -0.7215
vn 0.6504 0.1811 -0.7377
vn 0.7987 0.4508 0.3986
vn 0.5924 0.4751 0.6507
vn 0.7196 0.6139 -0.3245
vn 0.8774 0.4702 0.0948
vn -0.3859 0.3813 0.8400
vn -0.6088 0.3833 0.6945
vn -0.7982 0.5485 0.2491
vn -0.1140 0.4240 0.8985
vn -0.8490 0.2371 -0.4723
vn -0.6852 0.2670 -0.6777
vn -0.9280 0.2995 -0.2215
vn 0.3921 0.2888 -0.8734
vn 0.6042 0.3697 -0.7059
vn 0.1363 0.3008 -0.9439
vn 0.5240 0.2933 0.7996
vn 0.5342 0.3539 0.7677
vn 0.2433 0.3800 0.8924
vn 0.2293 0.3347 0.9140
vn -0.0752 0.3852 0.9198
vn -0.0555 0.3453 0.9368
vn -0.7733 0.3702 0.5148
vn -0.9055 0.3550 0.2325
vn -0.9070 0.3684 0.2042
vn -0.7790 0.3681 0.5076
vn -0.9489 0.3006 -0.0957
vn -0.9380 0.3338 -0.0936
vn -0.5103 0.1805 -0.8408
vn -0.2376 0.1666 -0.9570
vn -0.2529 0.2166 -0.9429
vn -0.5043 0.2330 -0.8315
vn 0.0497 0.1327 -0.9899
vn 0.0480 0.1787 -0.9827
vn 0.7881 0.1669 -0.5924
vn 0.9364 0.2166 -0.2760
vn 0.9325 0.2010 -0.3000
vn 0.7944 0.1701 -0.5831
vn 0.9675 0.2481 0.0491
vn 0.9765 0.2127 0.0355
vn 0.2339 0.4867 0.8417
vn -0.0802 0.5043 0.8598
vn 0.6876 0.6386 0.3454
vn 0.5056 0.4938 0.7074
vn -0.8995 0.3793 0.2168
vn -0.9295 0.3627 -0.0669
vn -0.7126 0.4891 -0.5029
vn -0.7581 0.4470 0.4748
vn -0.2386 0.1626 -0.9574
vn -0.0138 0.2081 -0.9780
vn -0.4507 0.2249 -0.8639
vn 0.9073 0.3048 -0.2896
vn 0.9158 0.4015 0.0013
vn 0.7779 0.3040 -0.5500
vn 0.9446 0.3206 -0.0704
vn 0.9173 0.3879 -0.0896
vn 0.8882 0.3760 0.2642
vn 0.9025 0.3267 0.2806
vn 0.7357 0.3401 0.5857
vn 0.7617 0.2984 0.5751
vn 0.0687 0.2546 0.9646
vn -0.2009 0.2454 0.9484
vn -0.2204 0.2607 0.9399
vn 0.0593 0.2529 0.9657
vn -0.4774 0.2156 0.8518
vn -0.4713 0.2490 0.8461
vn -0.9725 0.2103 0.0999
vn -0.9414 0.2346 -0.2421
vn -0.9338 0.2879 -0.2123
vn -0.9571 0.2697 0.1055
vn -0.8050 0.2234 -0.5496
vn -0.7976 0.2733 -0.5377
vn -0.1003 0.2745 -0.9563
vn 0.2029 0.3144 -0.9274
vn 0.1896 0.2999 -0.9350
vn -0.0909 0.2772 -0.9565
vn 0.4646 0.3305 -0.8215
vn 0.4551 0.2996 -0.8385
vn 0.8332 0.4894 0.2574
vn 0.6809 0.4763 0.5564
vn 0.4197 0.8926 0.1647
vn 0.8441 0.5309 -0.0748
vn -0.2118 0.2798 0.9364
vn -0.4322 0.2914 0.8534
vn 0.0382 0.3465 0.9373
vn -0.9444 0.2235 -0.2410
vn -0.8257 0.2865 -0.4859
vn -0.9079 0.3518 -0.2280
vn -0.9639 0.2639 0.0352
vn 0.1839 0.3881 -0.9031
vn 0.4335 0.4558 -0.7774
vn -0.0817 0.3733 -0.9241
vn 0.1486 0.6368 0.7565
vn 0.2298 0.3899 0.8917
vn 0.1316 0.9095 0.3944
vn 0.1137 0.9672 0.2270
vn 0.1270 -0.9881 -0.0872
vn 0.3063 -0.9496 0.0664
vn 0.1394 0.9871 0.0785
vn 0.3887 0.7030 0.5956
vn 0.3833 0.6655 0.6405
vn 0.2362 0.9000 0.3664
vn 0.6882 -0.6761 0.2633
vn 0.8661 -0.3942 0.3074
vn 0.8766 0.2358 0.4194
vn 0.8724 0.2988 0.3868
vn 0.6829 0.3233 0.6551
vn 0.6816 0.2762 0.6776
vn 0.4132 0.3320 0.8480
vn 0.4357 0.2900 0.8521
vn -0.3651 0.3505 0.8625
vn -0.6164 0.3590 0.7008
vn -0.6329 0.3749 0.6774
vn -0.3746 0.3495 0.8588
vn -0.8252 0.3333 0.4561
vn -0.8135 0.3655 0.4523
vn -0.8578 0.2553 -0.4462
vn -0.6748 0.2391 -0.6981
vn -0.6787 0.2901 -0.6747
vn -0.8440 0.3092 -0.4382
vn -0.4346 0.1940 -0.8795
vn -0.4298 0.2401 -0.8704
vn 0.3728 0.1749 -0.9113
vn 0.6543 0.2019 -0.7288
vn 0.6400 0.1878 -0.7450
vn 0.3820 0.1773 -0.9070
vn 0.8479 0.2147 -0.4847
vn 0.8452 0.1811 -0.5028
vn 0.6539 0.4386 0.6164
vn 0.3931 0.4655 0.7930
vn 0.7880 0.6111 -0.0755
vn 0.8136 0.4582 0.3579
vn -0.6183 0.3836 0.6860
vn -0.7940 0.3852 0.4704
vn -0.8418 0.5394 -0.0190
vn -0.3666 0.4280 0.8261
vn -0.6784 0.2278 -0.6985
vn -0.4736 0.2581 -0.8421
vn -0.8215 0.2879 -0.4923
vn 0.6297 0.2901 -0.7206
vn 0.7875 0.3732 -0.4906
vn 0.3943 0.3036 -0.8674
vn 0.9472 0.2413 0.2111
vn 0.9352 0.3054 0.1792
vn 0.8063 0.3301 0.4907
vn 0.8105 0.2825 0.5132
vn 0.5779 0.3377 0.7429
vn 0.6010 0.2950 0.7428
vn -0.4607 0.2971 0.8364
vn -0.4607 0.2969 0.8364
vn -0.4591 0.3095 0.8327
vn -0.9348 0.2617 -0.2403
vn -0.8079 0.2457 -0.5357
vn -0.8064 0.2979 -0.5109
vn -0.9188 0.3170 -0.2351
vn -0.6053 0.1981 -0.7709
vn -0.5986 0.2453 -0.7626
vn 0.1743 0.1742 -0.9691
vn 0.4787 0.2007 -0.8547
vn 0.4629 0.1865 -0.8666
vn 0.1839 0.1765 -0.9670
vn 0.7143 0.2137 -0.6664
vn 0.7075 0.1805 -0.6832
vn 0.7687 0.4462 0.4582
vn 0.5467 0.4714 0.6920
vn 0.7461 0.6121 -0.2622
vn 0.8696 0.4657 0.1641
vn -0.4583 0.3173 0.8303
vn -0.4579 0.3200 0.8294
vn -0.8420 0.4974 0.2089
vn -0.8118 0.2337 -0.5352
vn -0.6360 0.2637 -0.7253
vn -0.9087 0.2955 -0.2950
vn 0.4572 0.2883 -0.8413
vn 0.6574 0.3699 -0.6565
vn 0.2042 0.3009 -0.9315
vn 0.5279 -0.8493 -0.0019
vn 0.9174 0.3815 -0.1132
vn 0.9935 0.0085 -0.1134
vn 0.6250 0.7722 -0.1145
vn 0.8859 0.4578 0.0748
vn 0.5304 0.8475 -0.0209
vn 0.8549 0.4827 0.1902
vn 0.4719 0.8817 0.0005
vn 0.9645 0.0349 0.2616
vn 0.9946 0.0107 0.1029
vn 0.2662 -0.9579 -0.1081
vn 0.5774 -0.8158 -0.0345
vn 0.2115 -0.9745 -0.0756
vn 0.5401 -0.8372 0.0859
vn 0.3582 -0.9166 -0.1775
vn 0.6750 -0.7219 -0.1524
vn 0.1667 0.9802 -0.1072
vn 0.1047 0.9853 -0.1354
vn 0.2400 0.9647 -0.1087
vn 0.8924 -0.4471 0.0607
vn 0.8748 -0.4283 0.2266
vn 0.9192 -0.3724 -0.1283
vn 0.7729 -0.0757 -0.6300
vn 0.7987 0.0496 -0.5997
vn 0.8966 -0.4118 -0.1630
vn 0.8432 -0.5183 -0.1430
vn 0.7719 -0.1541 -0.6168
vn 0.8011 0.1016 -0.5898
vn 0.9276 -0.2515 -0.2762
vn 0.7273 -0.6243 0.2852
vn 0.6213 -0.7295 0.2862
vn 0.0780 0.9912 -0.1069
vn -0.8898 -0.4447 0.1023
vn -0.8924 -0.4409 0.0957
vn -0.8843 -0.4523 0.1158
vn -0.8795 -0.4585 0.1271
vn -0.7602 -0.4220 -0.4940
vn -0.7651 -0.4291 -0.4800
vn -0.7498 -0.4077 -0.5211
vn -0.7393 -0.3938 -0.5463
vn -0.0835 -0.3861 -0.9187
vn -0.0786 -0.3881 -0.9183
vn -0.0804 -0.3874 -0.9184
vn -0.0866 -0.3849 -0.9189
vn 0.4279 -0.3774 -0.8212
vn 0.4282 -0.3773 -0.8211
vn 0.4273 -0.3777 -0.8214
vn 0.4267 -0.3780 -0.8216
vn 0.9274 -0.3594 -0.1034
vn 0.9247 -0.3713 -0.0834
vn 0.9258 -0.3671 -0.0907
vn 0.9293 -0.3494 -0.1200
vn 0.5833 -0.3785 0.7187
vn 0.5232 -0.3452 0.7791
vn 0.7099 -0.4465 0.5447
vn 0.7535 -0.4689 0.4609
vn 0.1080 -0.2826 0.9531
vn 0.0925 -0.2907 0.9523
vn 0.0987 -0.2875 0.9527
vn 0.1184 -0.2771 0.9535
vn -0.2190 -0.3881 0.8952
vn -0.1591 -0.4031 0.9012
vn -0.3482 -0.3499 0.8697
vn -0.4436 -0.3158 0.8387
vn -0.6649 -0.5476 -0.5080
vn -0.6342 -0.5629 -0.5301
vn -0.6495 -0.5554 -0.5193
vn -0.6781 -0.5405 -0.4979
vn -0.6735 -0.7157 -0.1846
vn -0.5952 -0.6856 -0.4192
vn -0.6726 -0.7156 -0.1886
vn -0.7110 -0.6989 0.0781
vn -0.8038 -0.5825 0.1208
vn -0.8124 -0.5737 0.1047
vn -0.7920 -0.5938 0.1420
vn -0.7816 -0.6030 0.1598
vn 0.4489 -0.2953 -0.8434
vn 0.4576 -0.3023 -0.8362
vn 0.4522 -0.2980 -0.8407
vn 0.4441 -0.2915 -0.8472
vn 0.1485 -0.5664 -0.8107
vn 0.3250 -0.5339 -0.7806
vn 0.1745 -0.5628 -0.8080
vn -0.0064 -0.5792 -0.8151
vn -0.0940 -0.4055 -0.9092
vn -0.0849 -0.3959 -0.9144
vn -0.1025 -0.4144 -0.9043
vn -0.1130 -0.4254 -0.8979
vn 0.8139 -0.2144 0.5401
vn 0.8086 -0.2208 0.5453
vn 0.8117 -0.2171 0.5423
vn 0.8164 -0.2112 0.5375
vn 0.8670 -0.4631 0.1840
vn 0.8016 -0.4446 0.3998
vn 0.8637 -0.4625 0.2001
vn 0.8879 -0.4599 -0.0120
vn 0.9700 -0.2030 -0.1340
vn 0.9706 -0.2013 -0.1318
vn 0.9693 -0.2047 -0.1361
vn 0.9685 -0.2067 -0.1385
vn -0.4148 -0.4670 0.7809
vn -0.4337 -0.4944 0.7533
vn -0.4239 -0.4801 0.7680
vn -0.4059 -0.4541 0.7931
vn -0.1671 -0.5630 0.8094
vn -0.3524 -0.5870 0.7289
vn -0.1130 -0.5519 0.8262
vn 0.0794 -0.4985 0.8632
vn 0.1251 -0.3349 0.9339
vn 0.1156 -0.3289 0.9372
vn 0.1308 -0.3384 0.9319
vn 0.1416 -0.3450 0.9279
vn 0.8898 -0.4447 0.1023
vn 0.8795 -0.4585 0.1271
vn 0.8843 -0.4523 0.1158
vn 0.8924 -0.4409 0.0957
vn 0.7602 -0.4220 -0.4940
vn 0.7393 -0.3938 -0.5463
vn 0.7498 -0.4077 -0.5211
vn 0.7651 -0.4291 -0.4800
vn 0.0835 -0.3861 -0.9187
vn 0.0866 -0.3849 -0.9189
vn 0.0804 -0.3874 -0.9184
vn 0.0786 -0.3881 -0.9183
vn -0.4279 -0.3774 -0.8212
vn -0.4267 -0.3780 -0.8216
vn -0.4273 -0.3777 -0.8214
vn -0.4282 -0.3773 -0.8211
vn -0.9274 -0.3594 -0.1034
vn -0.9293 -0.3494 -0.1200
vn -0.9258 -0.3671 -0.0907
vn -0.9247 -0.3713 -0.0834
vn -0.5833 -0.3785 0.7187
vn -0.7535 -0.4689 0.4609
vn -0.7099 -0.4465 0.5447
vn -0.5232 -0.3452 0.7791
vn -0.1080 -0.2826 0.9531
vn -0.1184 -0.2771 0.9535
vn -0.0987 -0.2875 0.9527
vn -0.0925 -0.2907 0.9523
vn 0.2190 -0.3881 0.8952
vn 0.4436 -0.3158 0.8387
vn 0.3482 -0.3499 0.8697
vn 0.1591 -0.4031 0.9012
vn 0.6648 -0.5476 -0.5080
vn 0.6781 -0.5405 -0.4980
vn 0.6495 -0.5554 -0.5193
vn 0.6342 -0.5628 -0.5301
vn 0.6726 -0.7156 -0.1886
vn 0.5952 -0.6856 -0.4192
vn 0.6735 -0.7157 -0.1846
vn 0.7110 -0.6989 0.0781
vn 0.8038 -0.5825 0.1208
vn 0.7816 -0.6030 0.1598
vn 0.7920 -0.5938 0.1421
vn 0.8124 -0.5737 0.1047
vn -0.4489 -0.2953 -0.8434
vn -0.4441 -0.2915 -0.8472
vn -0.4522 -0.2980 -0.8407
vn -0.4576 -0.3023 -0.8362
vn -0.1745 -0.5628 -0.8080
vn -0.3250 -0.5339 -0.7806
vn -0.1485 -0.5664 -0.8107
vn 0.0064 -0.5792 -0.8151
vn 0.0940 -0.4055 -0.9092
vn 0.1129 -0.4254 -0.8979
vn 0.1025 -0.4144 -0.9043
vn 0.0849 -0.3958 -0.9144
vn -0.8138 -0.2144 0.5401
vn -0.8164 -0.2112 0.5375
vn -0.8117 -0.2171 0.5423
vn -0.8087 -0.2208 0.5453
vn -0.8637 -0.4625 0.2001
vn -0.8016 -0.4446 0.3998
vn -0.8670 -0.4631 0.1840
vn -0.8879 -0.4599 -0.0120
vn -0.9700 -0.2030 -0.1340
vn -0.9685 -0.2067 -0.1385
vn -0.9693 -0.2047 -0.1360
vn -0.9706 -0.2013 -0.1318
vn 0.4149 -0.4670 0.7809
vn 0.4059 -0.4541 0.7931
vn 0.4239 -0.4801 0.7680
vn 0.4337 -0.4944 0.7533
vn 0.1130 -0.5519 0.8262
vn 0.3524 -0.5870 0.7289
vn 0.1671 -0.5630 0.8094
vn -0.0794 -0.4985 0.8632
vn -0.1251 -0.3349 0.9339
vn -0.1416 -0.3450 0.9279
vn -0.1308 -0.3384 0.9319
vn -0.1156 -0.3289 0.9372
vn -0.8795 -0.4585 0.1272
vn 0.7535 -0.4688 0.4609
vn -0.6342 -0.5628 -0.5301
vn -0.6781 -0.5406 -0.4979
vn -0.7920 -0.5938 0.1421
vn -0.0064 -0.5792 -0.8152
vn -0.1024 -0.4144 -0.9043
vn -0.1129 -0.4254 -0.8979
vn -0.1129 -0.5519 0.8262
vn 0.6649 -0.5476 -0.5080
vn 0.6781 -0.5405 -0.4979
vn 0.6494 -0.5554 -0.5193
vn -0.4488 -0.2953 -0.8434
vn 0.0064 -0.5792 -0.8152
vn 0.0849 -0.3959 -0.9144
vn -0.8116 -0.2171 0.5423
vn -0.8086 -0.2209 0.5453
vn 0.4148 -0.4670 0.7809
vn 0.1129 -0.5519 0.8262
vn -0.0795 -0.4985 0.8632
vn -0.3481 -0.3499 0.8697
vn -0.4436 -0.3158 0.8388
vn -0.7109 -0.6989 0.0781
vn 0.4575 -0.3023 -0.8362
vn 0.8086 -0.2209 0.5453
vn 0.8116 -0.2171 0.5423
vn 0.9693 -0.2047 -0.1360
vn -0.3524 -0.5869 0.7289
vn 0.7109 -0.6989 0.0781
vn -0.4575 -0.3023 -0.8362
vn 0.1024 -0.4144 -0.9043
vn 0.3524 -0.5869 0.7289
vn -0.7393 -0.3938 -0.5462
vn 0.8138 -0.2144 0.5401
vn 0.1415 -0.3450 0.9279
vn -0.5833 -0.3785 0.7186
vn -0.5232 -0.3453 0.7791
vn -0.8086 -0.2208 0.5453
vn 0.4338 -0.4944 0.7533
vn -0.1251 -0.3348 0.9339
vn -0.9071 -0.4102 0.0945
vn -0.9094 -0.4065 0.0882
vn -0.9024 -0.4174 0.1068
vn -0.8982 -0.4236 0.1175
vn -0.7912 -0.3974 -0.4649
vn -0.7957 -0.4037 -0.4516
vn -0.7813 -0.3841 -0.4920
vn -0.7717 -0.3719 -0.5159
vn -0.0925 -0.3857 -0.9180
vn -0.0868 -0.3878 -0.9176
vn -0.0886 -0.3871 -0.9178
vn -0.0957 -0.3846 -0.9181
vn 0.4637 -0.3700 -0.8050
vn 0.4640 -0.3698 -0.8049
vn 0.4630 -0.3703 -0.8053
vn 0.4624 -0.3706 -0.8055
vn 0.9394 -0.3294 -0.0947
vn 0.9371 -0.3405 -0.0765
vn 0.9380 -0.3364 -0.0832
vn 0.9410 -0.3201 -0.1099
vn 0.6185 -0.3634 0.6967
vn 0.5615 -0.3352 0.7565
vn 0.7457 -0.4241 0.5138
vn 0.7849 -0.4419 0.4344
vn 0.1201 -0.2818 0.9519
vn 0.1022 -0.2904 0.9514
vn 0.1084 -0.2874 0.9516
vn 0.1307 -0.2767 0.9520
vn -0.2356 -0.3874 0.8913
vn -0.1754 -0.4019 0.8987
vn -0.3843 -0.3438 0.8568
vn -0.4800 -0.3091 0.8210
vn -0.7014 -0.5226 -0.4848
vn -0.6717 -0.5393 -0.5079
vn -0.6863 -0.5312 -0.4967
vn -0.7141 -0.5149 -0.4743
vn -0.7083 -0.6822 -0.1815
vn -0.6335 -0.6601 -0.4036
vn -0.7094 -0.6822 -0.1769
vn -0.7452 -0.6627 0.0741
vn -0.8307 -0.5450 0.1134
vn -0.8387 -0.5358 0.0978
vn -0.8205 -0.5561 0.1326
vn -0.8107 -0.5659 0.1500
vn 0.4851 -0.2887 -0.8254
vn 0.4944 -0.2955 -0.8174
vn 0.4893 -0.2917 -0.8219
vn 0.4805 -0.2853 -0.8293
vn 0.1633 -0.5650 -0.8088
vn 0.3551 -0.5278 -0.7716
vn 0.1917 -0.5610 -0.8053
vn -0.0071 -0.5792 -0.8151
vn -0.1032 -0.4045 -0.9087
vn -0.0938 -0.3955 -0.9136
vn -0.1140 -0.4148 -0.9027
vn -0.1247 -0.4248 -0.8966
vn 0.8401 -0.2001 0.5042
vn 0.8353 -0.2064 0.5096
vn 0.8379 -0.2029 0.5066
vn 0.8423 -0.1971 0.5017
vn 0.8866 -0.4287 0.1736
vn 0.8289 -0.4159 0.3740
vn 0.8846 -0.4285 0.1840
vn 0.9055 -0.4243 -0.0110
vn 0.9752 -0.1847 -0.1219
vn 0.9758 -0.1831 -0.1199
vn 0.9747 -0.1862 -0.1238
vn 0.9740 -0.1881 -0.1260
vn -0.4496 -0.4579 0.7669
vn -0.4697 -0.4844 0.7380
vn -0.4600 -0.4714 0.7524
vn -0.4406 -0.4460 0.7790
vn -0.1756 -0.5600 0.8097
vn -0.3843 -0.5790 0.7191
vn -0.1300 -0.5521 0.8236
vn 0.0877 -0.4982 0.8626
vn 0.1372 -0.3338 0.9326
vn 0.1276 -0.3284 0.9359
vn 0.1453 -0.3383 0.9298
vn 0.1561 -0.3442 0.9258
vn 0.9071 -0.4102 0.0945
vn 0.8982 -0.4236 0.1175
vn 0.9024 -0.4174 0.1068
vn 0.9094 -0.4065 0.0882
vn 0.7912 -0.3974 -0.4649
vn 0.7717 -0.3719 -0.5159
vn 0.7813 -0.3841 -0.4920
vn 0.7957 -0.4037 -0.4516
vn 0.0925 -0.3857 -0.9180
vn 0.0956 -0.3846 -0.9181
vn 0.0886 -0.3871 -0.9178
vn 0.0869 -0.3878 -0.9176
vn -0.4637 -0.3700 -0.8050
vn -0.4624 -0.3706 -0.8055
vn -0.4630 -0.3703 -0.8053
vn -0.4640 -0.3698 -0.8049
vn -0.9394 -0.3294 -0.0947
vn -0.9410 -0.3201 -0.1099
vn -0.9380 -0.3364 -0.0832
vn -0.9371 -0.3405 -0.0765
vn -0.6185 -0.3634 0.6967
vn -0.7849 -0.4419 0.4344
vn -0.7457 -0.4241 0.5138
vn -0.5616 -0.3352 0.7565
vn -0.1201 -0.2818 0.9519
vn -0.1307 -0.2767 0.9520
vn -0.1084 -0.2874 0.9516
vn -0.1022 -0.2904 0.9514
vn 0.2356 -0.3874 0.8913
vn 0.4800 -0.3091 0.8210
vn 0.3843 -0.3438 0.8568
vn 0.1754 -0.4019 0.8987
vn 0.7014 -0.5226 -0.4848
vn 0.7141 -0.5149 -0.4743
vn 0.6863 -0.5312 -0.4967
vn 0.6717 -0.5393 -0.5080
vn 0.7094 -0.6822 -0.1769
vn 0.6335 -0.6601 -0.4037
vn 0.7083 -0.6822 -0.1815
vn 0.7452 -0.6627 0.0741
vn 0.8307 -0.5450 0.1134
vn 0.8107 -0.5659 0.1500
vn 0.8205 -0.5561 0.1326
vn 0.8387 -0.5358 0.0978
vn -0.4851 -0.2887 -0.8254
vn -0.4805 -0.2853 -0.8293
vn -0.4892 -0.2917 -0.8219
vn -0.4944 -0.2955 -0.8174
vn -0.1917 -0.5610 -0.8053
vn -0.3551 -0.5278 -0.7716
vn -0.1633 -0.5650 -0.8087
vn 0.0071 -0.5792 -0.8151
vn 0.1032 -0.4045 -0.9087
vn 0.1247 -0.4248 -0.8966
vn 0.1140 -0.4148 -0.9028
vn 0.0938 -0.3955 -0.9137
vn -0.8401 -0.2001 0.5042
vn -0.8423 -0.1971 0.5017
vn -0.8379 -0.2029 0.5066
vn -0.8353 -0.2064 0.5096
vn -0.8846 -0.4285 0.1841
vn -0.8289 -0.4159 0.3740
vn -0.8866 -0.4286 0.1736
vn -0.9055 -0.4243 -0.0110
vn -0.9752 -0.1847 -0.1219
vn -0.9740 -0.1881 -0.1260
vn -0.9747 -0.1862 -0.1238
vn -0.9758 -0.1831 -0.1199
vn 0.4497 -0.4579 0.7669
vn 0.4407 -0.4460 0.7790
vn 0.4600 -0.4715 0.7524
vn 0.4697 -0.4844 0.7380
vn 0.1300 -0.5521 0.8236
vn 0.3843 -0.5790 0.7191
vn 0.1757 -0.5600 0.8097
vn -0.0877 -0.4982 0.8626
vn -0.1373 -0.3338 0.9326
vn -0.1561 -0.3442 0.9258
vn -0.1453 -0.3383 0.9298
vn -0.1276 -0.3285 0.9359
vn -0.9089 -0.4063 0.0936
vn -0.9112 -0.4026 0.0874
vn -0.9043 -0.4135 0.1057
vn -0.9002 -0.4197 0.1164
vn -0.7945 -0.3946 -0.4615
vn -0.7990 -0.4008 -0.4483
vn -0.7847 -0.3814 -0.4886
vn -0.7753 -0.3693 -0.5124
vn -0.0936 -0.3857 -0.9179
vn -0.0878 -0.3878 -0.9176
vn -0.0896 -0.3871 -0.9177
vn -0.0967 -0.3845 -0.9180
vn 0.4679 -0.3691 -0.8030
vn 0.4682 -0.3689 -0.8029
vn 0.4672 -0.3694 -0.8033
vn 0.4666 -0.3697 -0.8035
vn 0.9407 -0.3261 -0.0937
vn 0.9384 -0.3371 -0.0757
vn 0.9393 -0.3331 -0.0823
vn 0.9422 -0.3168 -0.1088
vn 0.6225 -0.3616 0.6940
vn 0.5659 -0.3340 0.7538
vn 0.7497 -0.4215 0.5102
vn 0.7883 -0.4387 0.4313
vn 0.1215 -0.2817 0.9518
vn 0.1033 -0.2904 0.9513
vn 0.1096 -0.2874 0.9515
vn 0.1322 -0.2766 0.9519
vn -0.2376 -0.3873 0.8908
vn -0.1773 -0.4018 0.8984
vn -0.3885 -0.3430 0.8552
vn -0.4842 -0.3083 0.8188
vn -0.7054 -0.5196 -0.4820
vn -0.6759 -0.5365 -0.5053
vn -0.6905 -0.5284 -0.4941
vn -0.7180 -0.5119 -0.4716
vn -0.7122 -0.6783 -0.1810
vn -0.6378 -0.6571 -0.4018
vn -0.7135 -0.6783 -0.1756
vn -0.7490 -0.6585 0.0736
vn -0.8336 -0.5407 0.1126
vn -0.8415 -0.5315 0.0970
vn -0.8235 -0.5518 0.1316
vn -0.8139 -0.5616 0.1489
vn 0.4893 -0.2879 -0.8232
vn 0.4987 -0.2947 -0.8152
vn 0.4935 -0.2910 -0.8196
vn 0.4847 -0.2846 -0.8271
vn 0.1650 -0.5649 -0.8085
vn 0.3587 -0.5270 -0.7704
vn 0.1938 -0.5608 -0.8050
vn -0.0072 -0.5792 -0.8151
vn -0.1043 -0.4044 -0.9086
vn -0.0949 -0.3955 -0.9136
vn -0.1154 -0.4148 -0.9026
vn -0.1261 -0.4247 -0.8965
vn 0.8429 -0.1985 0.5002
vn 0.8382 -0.2047 0.5055
vn 0.8408 -0.2013 0.5026
vn 0.8451 -0.1955 0.4976
vn 0.8887 -0.4248 0.1724
vn 0.8319 -0.4127 0.3711
vn 0.8868 -0.4246 0.1823
vn 0.9073 -0.4203 -0.0109
vn 0.9758 -0.1827 -0.1206
vn 0.9763 -0.1811 -0.1186
vn 0.9752 -0.1842 -0.1224
vn 0.9746 -0.1860 -0.1247
vn -0.4537 -0.4567 0.7652
vn -0.4739 -0.4832 0.7362
vn -0.4641 -0.4704 0.7505
vn -0.4447 -0.4450 0.7773
vn -0.1766 -0.5596 0.8097
vn -0.3880 -0.5780 0.7178
vn -0.1320 -0.5521 0.8232
vn 0.0887 -0.4982 0.8625
vn 0.1387 -0.3337 0.9324
vn 0.1290 -0.3284 0.9357
vn 0.1470 -0.3382 0.9295
vn 0.1579 -0.3441 0.9256
vn 0.9089 -0.4063 0.0936
vn 0.9002 -0.4197 0.1164
vn 0.9043 -0.4135 0.1057
vn 0.9112 -0.4026 0.0874
vn 0.7945 -0.3946 -0.4615
vn 0.7753 -0.3693 -0.5124
vn 0.7847 -0.3814 -0.4886
vn 0.7990 -0.4008 -0.4483
vn 0.0936 -0.3857 -0.9179
vn 0.0967 -0.3845 -0.9180
vn 0.0896 -0.3871 -0.9177
vn 0.0878 -0.3878 -0.9176
vn -0.4679 -0.3691 -0.8030
vn -0.4666 -0.3697 -0.8035
vn -0.4671 -0.3694 -0.8033
vn -0.4682 -0.3689 -0.8029
vn -0.9407 -0.3261 -0.0937
vn -0.9422 -0.3168 -0.1088
vn -0.9393 -0.3331 -0.0823
vn -0.9384 -0.3371 -0.0757
vn -0.6226 -0.3616 0.6940
vn -0.7883 -0.4387 0.4313
vn -0.7497 -0.4215 0.5102
vn -0.5659 -0.3340 0.7537
vn -0.1215 -0.2817 0.9518
vn -0.1321 -0.2766 0.9519
vn -0.1096 -0.2874 0.9515
vn -0.1033 -0.2904 0.9513
vn 0.2376 -0.3873 0.8908
vn 0.4842 -0.3083 0.8188
vn 0.3885 -0.3430 0.8552
vn 0.1774 -0.4018 0.8984
vn 0.7054 -0.5196 -0.4820
vn 0.7180 -0.5119 -0.4716
vn 0.6905 -0.5284 -0.4941
vn 0.6759 -0.5365 -0.5053
vn 0.7135 -0.6783 -0.1756
vn 0.6378 -0.6571 -0.4018
vn 0.7122 -0.6783 -0.1811
vn 0.7490 -0.6585 0.0736
vn 0.8336 -0.5407 0.1126
vn 0.8139 -0.5616 0.1489
vn 0.8235 -0.5518 0.1316
vn 0.8415 -0.5315 0.0970
vn -0.4893 -0.2879 -0.8232
vn -0.4847 -0.2846 -0.8271
vn -0.4935 -0.2910 -0.8196
vn -0.4987 -0.2947 -0.8152
vn -0.1938 -0.5608 -0.8050
vn -0.3587 -0.5270 -0.7704
vn -0.1650 -0.5649 -0.8085
vn 0.0072 -0.5792 -0.8152
vn 0.1043 -0.4044 -0.9086
vn 0.1261 -0.4248 -0.8965
vn 0.1154 -0.4148 -0.9026
vn 0.0949 -0.3955 -0.9136
vn -0.8429 -0.1985 0.5002
vn -0.8451 -0.1955 0.4976
vn -0.8408 -0.2013 0.5026
vn -0.8382 -0.2047 0.5055
vn -0.8868 -0.4246 0.1823
vn -0.8319 -0.4127 0.3711
vn -0.8887 -0.4248 0.1724
vn -0.9073 -0.4203 -0.0109
vn -0.9758 -0.1827 -0.1206
vn -0.9746 -0.1860 -0.1247
vn -0.9752 -0.1842 -0.1224
vn -0.9763 -0.1811 -0.1186
vn 0.4537 -0.4567 0.7652
vn 0.4447 -0.4450 0.7773
vn 0.4642 -0.4704 0.7505
vn 0.4739 -0.4832 0.7362
vn 0.1320 -0.5521 0.8232
vn 0.3880 -0.5780 0.7178
vn 0.1766 -0.5596 0.8097
vn -0.0887 -0.4982 0.8625
vn -0.1387 -0.3337 0.9324
vn -0.1579 -0.3441 0.9256
vn -0.1470 -0.3382 0.9295
vn -0.1291 -0.3284 0.9357
vn -0.8919 -0.4412 0.0992
vn -0.8945 -0.4374 0.0926
vn -0.8867 -0.4486 0.1119
vn -0.8819 -0.4550 0.1231
vn -0.7679 -0.4219 -0.4821
vn -0.7726 -0.4289 -0.4681
vn -0.7582 -0.4081 -0.5086
vn -0.7481 -0.3943 -0.5337
vn -0.0862 -0.3942 -0.9150
vn -0.0811 -0.3962 -0.9146
vn -0.0829 -0.3955 -0.9147
vn -0.0893 -0.3929 -0.9152
vn 0.4387 -0.3830 -0.8130
vn 0.4390 -0.3828 -0.8128
vn 0.4381 -0.3833 -0.8132
vn 0.4375 -0.3835 -0.8133
vn 0.9290 -0.3565 -0.0997
vn 0.9263 -0.3681 -0.0807
vn 0.9273 -0.3638 -0.0878
vn 0.9309 -0.3464 -0.1160
vn 0.5945 -0.3818 0.7077
vn 0.5350 -0.3494 0.7692
vn 0.7184 -0.4472 0.5329
vn 0.7607 -0.4685 0.4493
vn 0.1117 -0.2889 0.9508
vn 0.0956 -0.2972 0.9500
vn 0.1019 -0.2940 0.9504
vn 0.1223 -0.2833 0.9512
vn -0.2250 -0.3958 0.8903
vn -0.1640 -0.4111 0.8967
vn -0.3580 -0.3560 0.8632
vn -0.4550 -0.3206 0.8308
vn -0.6727 -0.5486 -0.4966
vn -0.6424 -0.5643 -0.5185
vn -0.6578 -0.5565 -0.5076
vn -0.6860 -0.5412 -0.4864
vn -0.6775 -0.7129 -0.1812
vn -0.6017 -0.6860 -0.4092
vn -0.6772 -0.7129 -0.1823
vn -0.7147 -0.6953 0.0758
vn -0.8068 -0.5790 0.1175
vn -0.8154 -0.5699 0.1015
vn -0.7956 -0.5900 0.1373
vn -0.7852 -0.5995 0.1551
vn 0.4605 -0.2999 -0.8355
vn 0.4692 -0.3068 -0.8281
vn 0.4639 -0.3026 -0.8326
vn 0.4557 -0.2961 -0.8394
vn 0.1519 -0.5755 -0.8036
vn 0.3329 -0.5413 -0.7721
vn 0.1793 -0.5716 -0.8007
vn -0.0066 -0.5887 -0.8083
vn -0.0968 -0.4137 -0.9052
vn -0.0876 -0.4040 -0.9105
vn -0.1057 -0.4229 -0.9000
vn -0.1163 -0.4339 -0.8934
vn 0.8224 -0.2144 0.5270
vn 0.8173 -0.2209 0.5322
vn 0.8203 -0.2171 0.5292
vn 0.8249 -0.2112 0.5244
vn 0.8697 -0.4598 0.1796
vn 0.8076 -0.4433 0.3889
vn 0.8669 -0.4594 0.1935
vn 0.8898 -0.4561 -0.0116
vn 0.9709 -0.2012 -0.1296
vn 0.9716 -0.1994 -0.1274
vn 0.9704 -0.2028 -0.1315
vn 0.9696 -0.2048 -0.1339
vn -0.4247 -0.4732 0.7719
vn -0.4435 -0.5003 0.7437
vn -0.4337 -0.4862 0.7587
vn -0.4157 -0.4603 0.7844
vn -0.1694 -0.5716 0.8029
vn -0.3603 -0.5938 0.7195
vn -0.1171 -0.5614 0.8192
vn 0.0817 -0.5077 0.8577
vn 0.1291 -0.3420 0.9308
vn 0.1194 -0.3361 0.9342
vn 0.1351 -0.3457 0.9286
vn 0.1460 -0.3523 0.9244
vn 0.8919 -0.4412 0.0992
vn 0.8819 -0.4551 0.1231
vn 0.8867 -0.4486 0.1119
vn 0.8945 -0.4374 0.0926
vn 0.7679 -0.4219 -0.4821
vn 0.7481 -0.3943 -0.5337
vn 0.7582 -0.4081 -0.5086
vn 0.7726 -0.4289 -0.4681
vn 0.0862 -0.3942 -0.9150
vn 0.0893 -0.3929 -0.9152
vn 0.0829 -0.3955 -0.9147
vn 0.0811 -0.3962 -0.9146
vn -0.4387 -0.3830 -0.8130
vn -0.4374 -0.3835 -0.8134
vn -0.4380 -0.3833 -0.8132
vn -0.4390 -0.3828 -0.8128
vn -0.9290 -0.3565 -0.0997
vn -0.9309 -0.3464 -0.1160
vn -0.9273 -0.3638 -0.0878
vn -0.9263 -0.3681 -0.0807
vn -0.5945 -0.3818 0.7077
vn -0.7607 -0.4685 0.4493
vn -0.7184 -0.4472 0.5329
vn -0.5350 -0.3494 0.7692
vn -0.1117 -0.2889 0.9508
vn -0.1223 -0.2833 0.9512
vn -0.1019 -0.2940 0.9504
vn -0.0956 -0.2972 0.9500
vn 0.2250 -0.3958 0.8903
vn 0.4550 -0.3206 0.8308
vn 0.3580 -0.3560 0.8632
vn 0.1640 -0.4111 0.8967
vn 0.6727 -0.5486 -0.4966
vn 0.6860 -0.5412 -0.4864
vn 0.6578 -0.5565 -0.5076
vn 0.6424 -0.5643 -0.5185
vn 0.6772 -0.7129 -0.1823
vn 0.6017 -0.6860 -0.4092
vn 0.6775 -0.7129 -0.1812
vn 0.7147 -0.6953 0.0758
vn 0.8068 -0.5790 0.1175
vn 0.7852 -0.5995 0.1550
vn 0.7957 -0.5900 0.1373
vn 0.8154 -0.5699 0.1015
vn -0.4605 -0.2999 -0.8355
vn -0.4557 -0.2961 -0.8394
vn -0.4639 -0.3026 -0.8326
vn -0.4692 -0.3068 -0.8281
vn -0.1793 -0.5716 -0.8007
vn -0.3329 -0.5413 -0.7721
vn -0.1519 -0.5755 -0.8036
vn 0.0065 -0.5887 -0.8083
vn 0.0969 -0.4137 -0.9052
vn 0.1163 -0.4339 -0.8934
vn 0.1057 -0.4229 -0.9000
vn 0.0876 -0.4040 -0.9105
vn -0.8224 -0.2144 0.5270
vn -0.8249 -0.2112 0.5244
vn -0.8203 -0.2171 0.5291
vn -0.8173 -0.2209 0.5322
vn -0.8669 -0.4594 0.1935
vn -0.8076 -0.4433 0.3889
vn -0.8697 -0.4598 0.1796
vn -0.8898 -0.4561 -0.0116
vn -0.9709 -0.2012 -0.1296
vn -0.9696 -0.2048 -0.1339
vn -0.9704 -0.2028 -0.1315
vn -0.9716 -0.1994 -0.1274
vn 0.4246 -0.4732 0.7719
vn 0.4157 -0.4603 0.7844
vn 0.4337 -0.4862 0.7587
vn 0.4435 -0.5003 0.7436
vn 0.1171 -0.5614 0.8192
vn 0.3603 -0.5938 0.7194
vn 0.1693 -0.5716 0.8029
vn -0.0817 -0.5077 0.8576
vn -0.1291 -0.3420 0.9308
vn -0.1461 -0.3523 0.9244
vn -0.1351 -0.3457 0.9286
vn -0.1194 -0.3361 0.9342
vn -0.8961 -0.4331 0.0976
vn -0.8986 -0.4292 0.0911
vn -0.8910 -0.4404 0.1100
vn -0.8864 -0.4468 0.1211
vn -0.7748 -0.4159 -0.4761
vn -0.7795 -0.4227 -0.4623
vn -0.7652 -0.4023 -0.5027
vn -0.7553 -0.3890 -0.5275
vn -0.0881 -0.3934 -0.9151
vn -0.0829 -0.3954 -0.9148
vn -0.0847 -0.3947 -0.9149
vn -0.0913 -0.3922 -0.9154
vn 0.4464 -0.3807 -0.8098
vn 0.4467 -0.3805 -0.8097
vn 0.4457 -0.3810 -0.8100
vn 0.4452 -0.3813 -0.8102
vn 0.9318 -0.3494 -0.0979
vn 0.9293 -0.3608 -0.0793
vn 0.9303 -0.3565 -0.0863
vn 0.9337 -0.3394 -0.1139
vn 0.6021 -0.3778 0.7034
vn 0.5432 -0.3466 0.7647
vn 0.7264 -0.4417 0.5265
vn 0.7678 -0.4619 0.4440
vn 0.1143 -0.2882 0.9507
vn 0.0976 -0.2966 0.9500
vn 0.1040 -0.2934 0.9503
vn 0.1249 -0.2827 0.9510
vn -0.2285 -0.3950 0.8898
vn -0.1675 -0.4101 0.8965
vn -0.3658 -0.3540 0.8607
vn -0.4628 -0.3186 0.8272
vn -0.6809 -0.5425 -0.4921
vn -0.6508 -0.5585 -0.5143
vn -0.6660 -0.5506 -0.5032
vn -0.6941 -0.5349 -0.4818
vn -0.6856 -0.7051 -0.1808
vn -0.6104 -0.6799 -0.4064
vn -0.6858 -0.7052 -0.1801
vn -0.7228 -0.6870 0.0751
vn -0.8132 -0.5703 0.1160
vn -0.8217 -0.5611 0.1001
vn -0.8024 -0.5812 0.1355
vn -0.7921 -0.5909 0.1531
vn 0.4683 -0.2979 -0.8319
vn 0.4772 -0.3048 -0.8243
vn 0.4718 -0.3006 -0.8289
vn 0.4635 -0.2942 -0.8358
vn 0.1551 -0.5744 -0.8037
vn 0.3395 -0.5392 -0.7707
vn 0.1830 -0.5705 -0.8007
vn -0.0068 -0.5879 -0.8089
vn -0.0988 -0.4128 -0.9055
vn -0.0895 -0.4033 -0.9107
vn -0.1082 -0.4223 -0.9000
vn -0.1189 -0.4330 -0.8935
vn 0.8281 -0.2109 0.5195
vn 0.8231 -0.2173 0.5247
vn 0.8260 -0.2136 0.5217
vn 0.8305 -0.2077 0.5169
vn 0.8744 -0.4517 0.1775
vn 0.8138 -0.4364 0.3837
vn 0.8718 -0.4513 0.1902
vn 0.8941 -0.4477 -0.0114
vn 0.9722 -0.1968 -0.1270
vn 0.9728 -0.1951 -0.1249
vn 0.9716 -0.1984 -0.1289
vn 0.9709 -0.2004 -0.1313
vn -0.4322 -0.4704 0.7694
vn -0.4513 -0.4974 0.7409
vn -0.4415 -0.4836 0.7558
vn -0.4232 -0.4579 0.7818
vn -0.1712 -0.5701 0.8035
vn -0.3672 -0.5913 0.7180
vn -0.1209 -0.5607 0.8192
vn 0.0835 -0.5068 0.8580
vn 0.1316 -0.3411 0.9308
vn 0.1219 -0.3353 0.9342
vn 0.1382 -0.3450 0.9284
vn 0.1491 -0.3515 0.9242
vn 0.8961 -0.4331 0.0976
vn 0.8864 -0.4468 0.1211
vn 0.8910 -0.4404 0.1100
vn 0.8986 -0.4292 0.0911
vn 0.7748 -0.4159 -0.4761
vn 0.7553 -0.3889 -0.5275
vn 0.7652 -0.4023 -0.5027
vn 0.7795 -0.4227 -0.4623
vn 0.0881 -0.3934 -0.9151
vn 0.0912 -0.3922 -0.9154
vn 0.0847 -0.3947 -0.9149
vn 0.0829 -0.3954 -0.9148
vn -0.4464 -0.3807 -0.8098
vn -0.4452 -0.3813 -0.8102
vn -0.4457 -0.3810 -0.8100
vn -0.4467 -0.3805 -0.8097
vn -0.9318 -0.3494 -0.0979
vn -0.9337 -0.3394 -0.1139
vn -0.9303 -0.3565 -0.0863
vn -0.9293 -0.3608 -0.0793
vn -0.6021 -0.3778 0.7034
vn -0.7678 -0.4619 0.4440
vn -0.7264 -0.4417 0.5265
vn -0.5433 -0.3466 0.7647
vn -0.1143 -0.2882 0.9507
vn -0.1249 -0.2827 0.9510
vn -0.1040 -0.2934 0.9503
vn -0.0976 -0.2966 0.9500
vn 0.2285 -0.3950 0.8898
vn 0.4628 -0.3186 0.8272
vn 0.3658 -0.3540 0.8607
vn 0.1675 -0.4101 0.8965
vn 0.6809 -0.5425 -0.4921
vn 0.6941 -0.5349 -0.4818
vn 0.6660 -0.5506 -0.5032
vn 0.6508 -0.5585 -0.5143
vn 0.6858 -0.7052 -0.1801
vn 0.6104 -0.6799 -0.4064
vn 0.6856 -0.7051 -0.1808
vn 0.7228 -0.6870 0.0751
vn 0.8132 -0.5703 0.1160
vn 0.7921 -0.5909 0.1531
vn 0.8024 -0.5812 0.1355
vn 0.8217 -0.5611 0.1001
vn -0.4682 -0.2979 -0.8319
vn -0.4635 -0.2942 -0.8359
vn -0.4718 -0.3006 -0.8289
vn -0.4772 -0.3048 -0.8243
vn -0.1830 -0.5705 -0.8007
vn -0.3395 -0.5392 -0.7707
vn -0.1551 -0.5744 -0.8038
vn 0.0068 -0.5879 -0.8089
vn 0.0988 -0.4128 -0.9055
vn 0.1189 -0.4330 -0.8935
vn 0.1082 -0.4223 -0.9000
vn 0.0895 -0.4033 -0.9107
vn -0.8281 -0.2109 0.5195
vn -0.8305 -0.2077 0.5169
vn -0.8260 -0.2136 0.5216
vn -0.8231 -0.2173 0.5246
vn -0.8718 -0.4513 0.1902
vn -0.8138 -0.4364 0.3837
vn -0.8744 -0.4517 0.1775
vn -0.8941 -0.4477 -0.0114
vn -0.9722 -0.1968 -0.1270
vn -0.9709 -0.2004 -0.1313
vn -0.9716 -0.1983 -0.1289
vn -0.9728 -0.1951 -0.1249
vn 0.4322 -0.4704 0.7693
vn 0.4232 -0.4579 0.7818
vn 0.4415 -0.4836 0.7558
vn 0.4513 -0.4974 0.7409
vn 0.1209 -0.5607 0.8192
vn 0.3672 -0.5914 0.7180
vn 0.1712 -0.5701 0.8035
vn -0.0835 -0.5069 0.8580
vn -0.1316 -0.3411 0.9308
vn -0.1491 -0.3515 0.9242
vn -0.1382 -0.3450 0.9284
vn -0.1219 -0.3354 0.9342
vt 0.073187 0.030093
vt 0.022710 0.033300
vt 0.045452 0.076590
vt 0.069805 0.074030
vt 0.074668 0.030087
vt 0.070102 0.074005
vt 0.045637 0.076203
vt 0.020520 0.032419
vt 0.070671 0.091659
vt 0.070085 0.074031
vt 0.045550 0.076145
vt 0.057314 0.097781
vt 0.071059 0.090093
vt 0.057307 0.099134
vt 0.045379 0.076237
vt 0.070244 0.074041
vt 0.069821 0.090613
vt 0.085128 0.098359
vt 0.094031 0.074988
vt 0.070779 0.074068
vt 0.074347 0.091856
vt 0.069899 0.073881
vt 0.095161 0.075048
vt 0.083824 0.097216
vt 0.094336 0.075086
vt 0.126616 0.027982
vt 0.070588 0.029826
vt 0.069885 0.074004
vt 0.093995 0.075406
vt 0.070346 0.074065
vt 0.073895 0.030015
vt 0.121838 0.029471
vt 0.070509 0.122006
vt 0.058102 0.096658
vt 0.079852 0.078191
vt 0.082711 0.096002
vt 0.064647 0.081190
vt 0.058826 0.097472
vt 0.070321 0.120278
vt 0.083154 0.096518
vt 0.071059 0.090092
vt 0.073895 0.030014
vt 0.307300 0.145700
vt 0.295900 0.156600
vt 0.367500 0.205500
vt 0.377000 0.185700
vt 0.435800 0.208400
vt 0.422003 0.221700
vt 0.392400 0.163800
vt 0.313800 0.125600
vt 0.447000 0.190900
vt 0.310100 0.086700
vt 0.255900 0.065500
vt 0.064647 0.081189
vt 0.068500 0.100400
vt 0.055800 0.111700
vt 0.045200 0.079500
vt 0.069900 0.076200
vt 0.073900 0.015200
vt 0.021200 0.017900
vt 0.066400 0.143800
vt 0.080200 0.110900
vt 0.094000 0.078000
vt 0.126600 0.012500
vt 0.074766 0.092338
vt 0.069954 0.073533
vt 0.095581 0.075039
vt 0.083230 0.097707
vt 0.069371 0.090684
vt 0.085472 0.099668
vt 0.094491 0.074940
vt 0.070879 0.073708
vt 0.094371 0.074395
vt 0.125597 0.027282
vt 0.037470 0.033368
vt 0.069834 0.073554
vt 0.094366 0.074973
vt 0.068739 0.073211
vt 0.032594 0.031112
vt 0.123481 0.029081
vt 0.252000 0.088400
vt 0.198800 0.082900
vt 0.206900 0.072600
vt 0.244700 0.103100
vt 0.173500 0.058000
vt 0.184900 0.052000
vt 0.169500 0.039200
vt 0.159400 0.039600
vt 0.224200 0.107800
vt 0.215700 0.062700
vt 0.125400 0.218800
vt 0.115900 0.259600
vt 0.085500 0.255100
vt 0.151900 0.224000
vt 0.160600 0.168700
vt 0.158400 0.180100
vt 0.132500 0.175000
vt 0.135000 0.164000
vt 0.137200 0.157400
vt 0.119896 0.162091
vt 0.161000 0.160900
vt 0.187200 0.186400
vt 0.189100 0.175200
vt 0.216900 0.194600
vt 0.211500 0.234000
vt 0.181000 0.229000
vt 0.070124 0.089554
vt 0.054684 0.098602
vt 0.045047 0.076482
vt 0.069783 0.073846
vt 0.067207 0.090810
vt 0.069815 0.073872
vt 0.044927 0.076420
vt 0.055809 0.097018
vt 0.069800 0.076100
vt 0.073600 0.015000
vt 0.019700 0.017400
vt 0.044700 0.079400
vt 0.068700 0.100300
vt 0.094300 0.078000
vt 0.127500 0.012500
vt 0.080700 0.110700
vt 0.056000 0.111500
vt 0.067200 0.143500
vt 0.116590 0.174099
vt 0.098500 0.155600
vt 0.094900 0.166700
vt 0.102400 0.214000
vt 0.101900 0.148800
vt 0.120643 0.153906
vt 0.086200 0.151200
vt 0.090500 0.143800
vt 0.095470 0.030233
vt 0.069871 0.074058
vt 0.045974 0.076519
vt 0.022124 0.033141
vt 0.096173 0.028252
vt 0.023041 0.034003
vt 0.045154 0.077028
vt 0.069947 0.073781
vt 0.483192 0.228358
vt 0.471810 0.235681
vt 0.427334 0.138491
vt 0.415300 0.105000
vt 0.369400 0.101600
vt 0.494451 0.208923
vt 0.451597 0.172349
vt 0.463200 0.113800
vt 0.458500 0.099600
vt 0.404100 0.054200
vt 0.066510 0.082890
vt 0.056980 0.097818
vt 0.068669 0.122737
vt 0.081054 0.097137
vt 0.068260 0.122949
vt 0.058554 0.097029
vt 0.075551 0.080849
vt 0.081895 0.097360
vt 0.022659 0.012818
vt 0.022466 0.017409
vt 0.034454 0.017173
vt 0.085293 0.019338
vt 0.070230 0.020903
vt 0.017276 0.022063
vt 0.128358 0.012880
vt 0.275200 0.202900
vt 0.270400 0.208300
vt 0.286100 0.221400
vt 0.279976 0.246897
vt 0.283500 0.225800
vt 0.269200 0.215800
vt 0.293300 0.249500
vt 0.288500 0.217600
vt 0.298100 0.250500
vt 0.282000 0.270600
vt 0.302300 0.251200
vt 0.515411 0.093811
vt 0.489415 0.098144
vt 0.502000 0.136900
vt 0.538154 0.159631
vt 0.527278 0.130678
vt 0.512200 0.168600
vt 0.549377 0.185455
vt 0.522837 0.194873
vt 0.484300 0.176000
vt 0.472000 0.144800
vt 0.190500 0.168000
vt 0.218500 0.183800
vt 0.219900 0.175000
vt 0.246700 0.195400
vt 0.247600 0.189000
vt 0.081054 0.097136
vt 0.556700 0.938900
vt 0.549500 0.946700
vt 0.599483 0.981667
vt 0.540000 0.964700
vt 0.537900 0.975000
vt 0.547400 0.976300
vt 0.621891 0.986245
vt 0.624218 0.950937
vt 0.627144 0.918003
vt 0.593875 0.924406
vt 0.638000 0.919100
vt 0.637800 0.954100
vt 0.642000 0.919400
vt 0.637934 0.989415
vt 0.643600 0.954300
vt 0.169500 0.031200
vt 0.193200 0.040500
vt 0.225800 0.053400
vt 0.303200 0.047800
vt 0.352500 0.028200
vt 0.354300 0.014000
vt 0.401900 0.015600
vt 0.356800 0.053300
vt 0.400400 0.030000
vt 0.442000 0.033900
vt 0.449600 0.017100
vt 0.300200 0.027000
vt 0.252000 0.026700
vt 0.253800 0.041300
vt 0.447100 0.056100
vt 0.431300 0.155100
vt 0.457063 0.179306
vt 0.018497 0.252544
vt 0.072600 0.207400
vt 0.083700 0.210100
vt 0.081900 0.158600
vt 0.035800 0.269300
vt 0.017635 0.265068
vt 0.050684 0.263640
vt 0.058719 0.249915
vt 0.113100 0.270700
vt 0.146300 0.273700
vt 0.147200 0.264000
vt 0.177500 0.276800
vt 0.177900 0.267900
vt 0.208100 0.280100
vt 0.978724 0.781838
vt 0.981673 0.764033
vt 0.953793 0.763395
vt 0.955545 0.745222
vt 0.925738 0.741801
vt 0.924158 0.759920
vt 0.983499 0.748027
vt 0.928148 0.722732
vt 0.957513 0.726617
vt 0.984840 0.732396
vt 0.959766 0.707485
vt 0.931708 0.702153
vt 0.983921 0.715240
vt 0.068915 0.119690
vt 0.056662 0.095751
vt 0.077260 0.076741
vt 0.081710 0.093812
vt 0.061243 0.077654
vt 0.057374 0.096425
vt 0.069154 0.117591
vt 0.080829 0.093734
vt 0.952537 0.782502
vt 0.980184 0.806231
vt 0.145300 0.021300
vt 0.216500 0.027400
vt 0.191200 0.027700
vt 0.936775 0.679559
vt 0.963726 0.687041
vt 0.942193 0.658541
vt 0.901966 0.717788
vt 0.208500 0.271300
vt 0.242300 0.239500
vt 0.245600 0.204800
vt 0.268633 0.245166
vt 0.265700 0.274900
vt 0.239500 0.274400
vt 0.284300 0.276600
vt 0.286500 0.281600
vt 0.265900 0.283300
vt 0.265800 0.295600
vt 0.239000 0.283400
vt 0.239300 0.293400
vt 0.268303 0.336169
vt 0.283300 0.307400
vt 0.208400 0.290100
vt 0.239400 0.336200
vt 0.208800 0.335900
vt 0.177600 0.286900
vt 0.193200 0.393300
vt 0.176200 0.334000
vt 0.067692 0.073333
vt 0.033913 0.013326
vt 0.026985 0.030459
vt 0.045024 0.076124
vt 0.070027 0.072964
vt 0.044622 0.075987
vt 0.027854 0.017672
vt 0.033341 0.027009
vt 0.065353 0.091923
vt 0.069998 0.073570
vt 0.043910 0.075983
vt 0.056034 0.097791
vt 0.070160 0.090141
vt 0.053375 0.100146
vt 0.044873 0.075948
vt 0.069294 0.073640
vt 0.899394 0.738469
vt 0.923387 0.779646
vt 0.897681 0.757889
vt 0.869391 0.734475
vt 0.866853 0.777780
vt 0.896952 0.778669
vt 0.897216 0.803710
vt 0.923437 0.803508
vt 0.923911 0.827133
vt 0.952833 0.804125
vt 0.953672 0.826571
vt 0.981599 0.824917
vt 0.542200 0.954400
vt 0.054400 0.338900
vt 0.064300 0.387400
vt 0.092918 0.378175
vt 0.028600 0.349300
vt 0.036575 0.394641
vt 0.550881 0.792554
vt 0.606168 0.788328
vt 0.605877 0.747153
vt 0.550562 0.747899
vt 0.482520 0.799599
vt 0.488118 0.850469
vt 0.521222 0.849805
vt 0.460900 0.847200
vt 0.406408 0.801805
vt 0.482688 0.749382
vt 0.608484 0.708584
vt 0.553390 0.706327
vt 0.668207 0.712481
vt 0.665739 0.746858
vt 0.612454 0.670776
vt 0.557529 0.665995
vt 0.485572 0.704620
vt 0.489853 0.660929
vt 0.408500 0.753300
vt 0.411400 0.704600
vt 0.415700 0.656900
vt 0.496830 0.614019
vt 0.422700 0.605700
vt 0.564302 0.623187
vt 0.574704 0.575461
vt 0.507498 0.560689
vt 0.433600 0.546200
vt 0.346307 0.600869
vt 0.339486 0.655916
vt 0.271330 0.597839
vt 0.357119 0.535808
vt 0.264795 0.655909
vt 0.521049 0.501941
vt 0.446626 0.481194
vt 0.588109 0.522351
vt 0.370697 0.459884
vt 0.281867 0.527232
vt 0.294385 0.450176
vt 0.206265 0.517450
vt 0.155600 0.502600
vt 0.216833 0.446353
vt 0.167324 0.431646
vt 0.105700 0.491200
vt 0.098500 0.564300
vt 0.141700 0.574900
vt 0.119789 0.419905
vt 0.033808 0.477363
vt 0.020254 0.547870
vt 0.044796 0.412258
vt 0.011019 0.994789
vt 0.078578 0.993602
vt 0.076400 0.942700
vt 0.136902 0.942850
vt 0.141228 0.991983
vt 0.190552 0.988370
vt 0.074900 0.894000
vt 0.009659 0.941548
vt 0.073500 0.849700
vt 0.008502 0.890302
vt 0.007275 0.846913
vt 0.132447 0.851232
vt 0.131593 0.807854
vt 0.072800 0.806800
vt 0.006446 0.805210
vt 0.132068 0.761684
vt 0.073100 0.762400
vt 0.184520 0.807633
vt 0.185287 0.851765
vt 0.185252 0.759217
vt 0.257685 0.806890
vt 0.258496 0.849149
vt 0.187247 0.708599
vt 0.133154 0.718029
vt 0.073900 0.721000
vt 0.006746 0.762704
vt 0.190319 0.657955
vt 0.134689 0.682123
vt 0.075000 0.687000
vt 0.258687 0.758689
vt 0.261147 0.707246
vt 0.331809 0.805598
vt 0.332608 0.756996
vt 0.335365 0.706078
vt 0.194849 0.601293
vt 0.142400 0.609100
vt 0.136386 0.651386
vt 0.142000 0.592000
vt 0.084300 0.619400
vt 0.105900 0.636500
vt 0.078900 0.644300
vt 0.076500 0.661300
vt 0.010542 0.658498
vt 0.644594 0.990050
vt 0.652796 0.988977
vt 0.650300 0.953600
vt 0.665098 0.985381
vt 0.660760 0.950441
vt 0.647800 0.918300
vt 0.691142 0.980806
vt 0.653500 0.917300
vt 0.673002 0.917225
vt 0.715994 0.923568
vt 0.742900 0.937400
vt 0.756000 0.954100
vt 0.759800 0.963900
vt 0.752100 0.944300
vt 0.889700 0.919900
vt 0.881979 0.945214
vt 0.899800 0.955200
vt 0.952942 0.988847
vt 0.943818 0.947354
vt 0.925500 0.937600
vt 0.912400 0.948500
vt 0.951688 0.912405
vt 0.921900 0.912300
vt 0.864600 0.940900
vt 0.839100 0.900300
vt 0.855600 0.924800
vt 0.880400 0.886900
vt 0.852718 0.954071
vt 0.897982 0.828618
vt 0.867409 0.804327
vt 0.835825 0.777225
vt 0.836754 0.805639
vt 0.800209 0.777321
vt 0.801677 0.808296
vt 0.800686 0.750806
vt 0.836473 0.753100
vt 0.867543 0.755484
vt 0.506200 0.141500
vt 0.528887 0.132709
vt 0.516170 0.096968
vt 0.493279 0.108880
vt 0.549327 0.185480
vt 0.481400 0.154700
vt 0.838424 0.730391
vt 0.802735 0.725814
vt 0.805896 0.699640
vt 0.841396 0.706302
vt 0.053500 0.638200
vt 0.012468 0.611738
vt 0.008196 0.689858
vt 0.007390 0.722482
vt 0.640302 0.225576
vt 0.573300 0.232400
vt 0.575400 0.247300
vt 0.253900 0.379700
vt 0.223600 0.386500
vt 0.162700 0.392100
vt 0.143100 0.332000
vt 0.132100 0.390900
vt 0.145800 0.284400
vt 0.108100 0.386300
vt 0.872159 0.712083
vt 0.876372 0.688333
vt 0.845921 0.680957
vt 0.810782 0.672393
vt 0.839041 0.834476
vt 0.868869 0.830538
vt 0.804771 0.839071
vt 0.765837 0.811997
vt 0.817992 0.643655
vt 0.852521 0.654254
vt 0.882492 0.663249
vt 0.905873 0.695655
vt 0.911520 0.671909
vt 0.890095 0.637654
vt 0.860821 0.627327
vt 0.702822 0.114805
vt 0.699184 0.072983
vt 0.765868 0.068039
vt 0.627093 0.077174
vt 0.633900 0.104200
vt 0.635100 0.126400
vt 0.705069 0.148647
vt 0.614500 0.099100
vt 0.615700 0.115900
vt 0.704202 0.166545
vt 0.633800 0.138700
vt 0.614100 0.125400
vt 0.826857 0.615349
vt 0.918283 0.647470
vt 0.977361 0.099511
vt 0.967186 0.040502
vt 0.914326 0.039442
vt 0.986632 0.694189
vt 0.969097 0.667243
vt 0.988434 0.670047
vt 0.628959 0.588638
vt 0.641626 0.541046
vt 0.618871 0.631678
vt 0.671953 0.678368
vt 0.687465 0.604708
vt 0.678022 0.643102
vt 0.699407 0.563436
vt 0.270500 0.368800
vt 0.280772 0.337868
vt 0.291800 0.339900
vt 0.769722 0.693328
vt 0.774961 0.664056
vt 0.782851 0.632867
vt 0.735282 0.655350
vt 0.792580 0.601251
vt 0.743962 0.621195
vt 0.754884 0.587623
vt 0.390700 0.374800
vt 0.389700 0.395700
vt 0.424100 0.378400
vt 0.367100 0.369300
vt 0.354500 0.379500
vt 0.391300 0.343500
vt 0.413500 0.368600
vt 0.446800 0.344700
vt 0.423200 0.346500
vt 0.428600 0.324200
vt 0.446800 0.311800
vt 0.411800 0.313900
vt 0.426900 0.287600
vt 0.369700 0.314200
vt 0.390600 0.302800
vt 0.389800 0.279600
vt 0.352300 0.288200
vt 0.351800 0.325100
vt 0.726136 0.717471
vt 0.766342 0.721486
vt 0.764138 0.748928
vt 0.729697 0.686977
vt 0.723826 0.747716
vt 0.763750 0.778202
vt 0.665759 0.783690
vt 0.723586 0.780084
vt 0.731714 0.855153
vt 0.726403 0.817056
vt 0.669604 0.825474
vt 0.769849 0.845954
vt 0.988301 0.166308
vt 0.925400 0.102200
vt 0.934400 0.154800
vt 0.938700 0.187200
vt 0.873499 0.102808
vt 0.992061 0.191555
vt 0.939900 0.210200
vt 0.863839 0.041222
vt 0.824875 0.115699
vt 0.829369 0.163462
vt 0.769113 0.118107
vt 0.771894 0.163650
vt 0.815832 0.061318
vt 0.769065 0.180467
vt 0.332429 0.846091
vt 0.260907 0.890138
vt 0.187280 0.895163
vt 0.134254 0.895038
vt 0.189618 0.941529
vt 0.264268 0.934404
vt 0.335255 0.888787
vt 0.268606 0.983890
vt 0.340316 0.927882
vt 0.343412 0.966463
vt 0.392500 0.922000
vt 0.380423 0.962472
vt 0.401800 0.881700
vt 0.405381 0.843453
vt 0.611239 0.835032
vt 0.557114 0.844019
vt 0.619019 0.878597
vt 0.676125 0.867292
vt 0.082600 0.267200
vt 0.085586 0.280088
vt 0.111800 0.283000
vt 0.090719 0.330969
vt 0.111400 0.331500
vt 0.095259 0.013160
vt 0.093142 0.010654
vt 0.106038 0.017363
vt 0.453522 0.878696
vt 0.416800 0.920600
vt 0.380395 0.962501
vt 0.380505 0.962499
vt 0.070309 0.090991
vt 0.069525 0.073802
vt 0.094623 0.074209
vt 0.080946 0.095508
vt 0.067522 0.089200
vt 0.082372 0.096773
vt 0.093553 0.074379
vt 0.070205 0.073871
vt 0.567693 0.896075
vt 0.541845 0.906946
vt 0.829377 0.163563
vt 0.801926 0.180294
vt 0.836800 0.185400
vt 0.864120 0.191890
vt 0.824860 0.115711
vt 0.883281 0.159865
vt 0.816037 0.062485
vt 0.887430 0.186920
vt 0.700587 0.175887
vt 0.768173 0.186817
vt 0.611200 0.078690
vt 0.904391 0.974947
vt 0.876422 0.965916
vt 0.937000 0.317600
vt 0.888693 0.312950
vt 0.887307 0.348608
vt 0.935500 0.352900
vt 0.842411 0.344666
vt 0.981027 0.357460
vt 0.982589 0.318121
vt 0.938100 0.287200
vt 0.983834 0.286493
vt 0.865500 0.293900
vt 0.843587 0.303444
vt 0.843398 0.317629
vt 0.889234 0.285232
vt 0.792042 0.339826
vt 0.790059 0.370967
vt 0.792120 0.307802
vt 0.975090 0.439024
vt 0.970089 0.481409
vt 0.924200 0.473200
vt 0.929600 0.430500
vt 0.978799 0.398650
vt 0.933200 0.391200
vt 0.633606 0.503754
vt 0.647239 0.463949
vt 0.734779 0.482608
vt 0.745645 0.438145
vt 0.722669 0.529800
vt 0.767674 0.490081
vt 0.757484 0.533655
vt 0.778133 0.443697
vt 0.820488 0.501760
vt 0.810004 0.552912
vt 0.829833 0.454122
vt 0.785576 0.404765
vt 0.753485 0.401102
vt 0.869394 0.215319
vt 0.889129 0.209476
vt 0.889725 0.260445
vt 0.990995 0.212735
vt 0.938900 0.260100
vt 0.986874 0.256366
vt 0.843580 0.303398
vt 0.842458 0.344692
vt 0.843444 0.317653
vt 0.872000 0.279800
vt 0.843600 0.281400
vt 0.821200 0.290100
vt 0.840229 0.377747
vt 0.758242 0.369050
vt 0.760199 0.338990
vt 0.836161 0.413497
vt 0.885153 0.384389
vt 0.881529 0.422186
vt 0.829811 0.454164
vt 0.820506 0.501763
vt 0.875893 0.463957
vt 0.867457 0.512658
vt 0.857936 0.562344
vt 0.916400 0.521500
vt 0.809852 0.553602
vt 0.093553 0.074378
vt 0.331500 0.313200
vt 0.495756 0.890217
vt 0.493447 0.872607
vt 0.538099 0.908801
vt 0.538101 0.908799
vt 0.537576 0.909008
vt 0.906613 0.574059
vt 0.961770 0.532226
vt 0.952058 0.587972
vt 0.836149 0.413453
vt 0.840229 0.377696
vt 0.791800 0.189600
vt 0.845700 0.199700
vt 0.850300 0.221000
vt 0.875400 0.249800
vt 0.872300 0.256400
vt 0.475000 0.041500
vt 0.503462 0.050296
vt 0.500642 0.034682
vt 0.506569 0.063362
vt 0.512039 0.082126
vt 0.486838 0.091059
vt 0.474000 0.057200
vt 0.357500 0.347500
vt 0.330900 0.346400
vt 0.749558 0.250626
vt 0.755302 0.278737
vt 0.665633 0.286079
vt 0.784316 0.245626
vt 0.742994 0.228723
vt 0.647901 0.241729
vt 0.657245 0.260390
vt 0.579900 0.294100
vt 0.577500 0.266500
vt 0.736596 0.209363
vt 0.777400 0.221200
vt 0.779100 0.202400
vt 0.789700 0.195100
vt 0.795800 0.211800
vt 0.803400 0.227100
vt 0.807300 0.201800
vt 0.835900 0.266400
vt 0.843500 0.268500
vt 0.843600 0.259100
vt 0.831700 0.254000
vt 0.833000 0.259900
vt 0.837600 0.251200
vt 0.851200 0.251700
vt 0.854600 0.261700
vt 0.856800 0.255500
vt 0.864100 0.254600
vt 0.860000 0.241900
vt 0.875200 0.265500
vt 0.864100 0.263300
vt 0.858500 0.272800
vt 0.851300 0.267800
vt 0.842900 0.239800
vt 0.844700 0.248500
vt 0.831800 0.242800
vt 0.836000 0.225000
vt 0.823100 0.230500
vt 0.800300 0.187800
vt 0.814100 0.216100
vt 0.827600 0.208100
vt 0.093785 0.075141
vt 0.070825 0.074022
vt 0.088003 0.026569
vt 0.103433 0.031568
vt 0.094505 0.075184
vt 0.101985 0.030813
vt 0.087176 0.026000
vt 0.069741 0.073891
vt 0.830035 0.943080
vt 0.796948 0.918853
vt 0.818800 0.871600
vt 0.765101 0.895900
vt 0.874510 0.841608
vt 0.921918 0.883198
vt 0.922612 0.854547
vt 0.962570 0.887709
vt 0.973312 0.866120
vt 0.828600 0.269600
vt 0.824400 0.248900
vt 0.823400 0.258300
vt 0.810200 0.253500
vt 0.813900 0.239700
vt 0.813800 0.272300
vt 0.788535 0.276129
vt 0.045190 0.285238
vt 0.012225 0.277477
vt 0.503991 0.058463
vt 0.503530 0.049398
vt 0.821400 0.193200
vt 0.759200 0.309391
vt 0.671768 0.315193
vt 0.548700 0.247300
vt 0.547900 0.266300
vt 0.547000 0.235300
vt 0.525100 0.243400
vt 0.528200 0.230600
vt 0.596500 0.116900
vt 0.611000 0.131200
vt 0.606800 0.108400
vt 0.625500 0.145600
vt 0.539500 0.427500
vt 0.557000 0.412600
vt 0.579400 0.414700
vt 0.552500 0.397800
vt 0.583700 0.394600
vt 0.548000 0.379700
vt 0.659350 0.426361
vt 0.565400 0.441300
vt 0.667199 0.396759
vt 0.671657 0.370561
vt 0.583200 0.375500
vt 0.673479 0.343383
vt 0.521000 0.262400
vt 0.546100 0.295600
vt 0.503645 0.236646
vt 0.509376 0.225799
vt 0.582800 0.351800
vt 0.219900 0.038600
vt 0.173300 0.026200
vt 0.214400 0.017900
vt 0.185000 0.019000
vt 0.165100 0.020100
vt 0.581900 0.324400
vt 0.603000 0.096300
vt 0.598012 0.079945
vt 0.602600 0.112100
vt 0.523800 0.410500
vt 0.513298 0.451739
vt 0.546805 0.471694
vt 0.243900 0.016900
vt 0.545400 0.356200
vt 0.510500 0.361600
vt 0.515200 0.389000
vt 0.056551 0.076683
vt 0.054054 0.095941
vt 0.064068 0.120169
vt 0.078637 0.094635
vt 0.064386 0.119407
vt 0.052863 0.096730
vt 0.072963 0.079521
vt 0.078051 0.095040
vt 0.066638 0.089472
vt 0.080241 0.097497
vt 0.094046 0.074273
vt 0.069588 0.073370
vt 0.067005 0.091067
vt 0.069551 0.073363
vt 0.094240 0.074059
vt 0.079792 0.096388
vt 0.072963 0.079520
vt 0.475100 0.025900
vt 0.080241 0.097496
vt 0.062517 0.090837
vt 0.069493 0.073223
vt 0.043447 0.076057
vt 0.052353 0.098218
vt 0.067386 0.090782
vt 0.051354 0.099091
vt 0.044317 0.075926
vt 0.068789 0.073326
vt 0.094505 0.073973
vt 0.129673 0.026211
vt 0.082158 0.032914
vt 0.069261 0.073336
vt 0.093681 0.074530
vt 0.070413 0.073392
vt 0.086517 0.032057
vt 0.124739 0.028613
vt 0.071981 0.034133
vt 0.020885 0.037037
vt 0.044425 0.076526
vt 0.069346 0.073466
vt 0.072735 0.034122
vt 0.069553 0.073466
vt 0.044494 0.076190
vt 0.019103 0.036161
vt 0.595700 0.097500
vt 0.590600 0.100500
vt 0.591115 0.083004
vt 0.584598 0.084077
vt 0.495466 0.428328
vt 0.481466 0.402734
vt 0.510200 0.329500
vt 0.544800 0.327900
vt 0.514900 0.293800
vt 0.484502 0.290142
vt 0.473796 0.331522
vt 0.476024 0.368105
vt 0.496511 0.251367
vt 0.500695 0.034710
vt 0.299100 0.015400
s 1
usemtl leviathan_battleSkin
f 3288/1/2846 3289/2/2847 3286/3/2844
f 3286/3/2844 3287/4/2845 3288/1/2846
f 3208/5/2766 3209/6/2767 3206/7/2764
f 3206/7/2764 3207/8/2765 3208/5/2766
f 3332/9/2890 3333/10/2891 3330/11/2888
f 3330/11/2888 3331/12/2889 3332/9/2890
f 3252/13/2810 3253/14/2811 3250/15/2808
f 3250/15/2808 3251/16/2809 3252/13/2810
f 3128/1/2686 3129/2/2687 3126/3/2684
f 3126/3/2684 3127/4/2685 3128/1/2686
f 3048/5/2606 3049/6/2607 3046/7/2604
f 3046/7/2604 3047/8/2605 3048/5/2606
f 3172/9/2730 3173/10/2731 3170/11/2728
f 3170/11/2728 3171/12/2729 3172/9/2730
f 3092/13/2650 3093/14/2651 3090/15/2648
f 3090/15/2648 3091/16/2649 3092/13/2650
f 2968/1/2526 2969/2/2527 2966/3/2524
f 2966/3/2524 2967/4/2525 2968/1/2526
f 2888/5/2446 2889/6/2447 2886/7/2444
f 2886/7/2444 2887/8/2445 2888/5/2446
f 3012/9/2570 3013/10/2571 3010/11/2568
f 3010/11/2568 3011/12/2569 3012/9/2570
f 2932/13/2490 2933/14/2491 2930/15/2488
f 2930/15/2488 2931/16/2489 2932/13/2490
f 3324/17/2882 3325/18/2883 3322/19/2880
f 3322/19/2880 3323/20/2881 3324/17/2882
f 3244/21/2802 3245/22/2803 3242/23/2800
f 3242/23/2800 3243/24/2801 3244/21/2802
f 3084/21/2642 3085/22/2643 3082/23/2640
f 3082/23/2640 3083/24/2641 3084/21/2642
f 3164/17/2722 3165/18/2723 3162/19/2720
f 3162/19/2720 3163/20/2721 3164/17/2722
f 3292/25/2850 3293/26/2851 3290/27/2848
f 3290/27/2848 3291/28/2849 3292/25/2850
f 3212/29/2770 3213/30/2771 3210/31/2768
f 3210/31/2768 3211/32/2769 3212/29/2770
f 3248/33/2806 3249/34/2807 3246/35/2804
f 3246/35/2804 3247/36/2805 3248/33/2806
f 3328/37/2886 3329/38/2887 3326/39/2884
f 3326/39/2884 3327/40/2885 3328/37/2886
f 3132/25/2690 3133/26/2691 3130/27/2688
f 3130/27/2688 3131/28/2689 3132/25/2690
f 3052/29/2610 3053/30/2611 3050/31/2608
f 3050/31/2608 3051/32/2609 3052/29/2610
f 2808/1/2366 2809/2/2367 2806/3/2364
f 2806/3/2364 2807/4/2365 2808/1/2366
f 2728/5/2286 2729/6/2287 2726/7/2284
f 2726/7/2284 2727/8/2285 2728/5/2286
f 2852/9/2410 2853/10/2411 2850/11/2408
f 2850/11/2408 2851/12/2409 2852/9/2410
f 2772/13/2330 2773/14/2331 2770/15/2328
f 2770/15/2328 2771/16/2329 2772/13/2330
f 3004/17/2562 3005/18/2563 3002/19/2560
f 3002/19/2560 3003/20/2561 3004/17/2562
f 2924/21/2482 2925/22/2483 2922/23/2480
f 2922/23/2480 2923/24/2481 2924/21/2482
f 3088/33/2646 3089/34/2647 3086/35/2644
f 3086/35/2644 3087/36/2645 3088/33/2646
f 3168/37/2726 3169/38/2727 3166/39/2724
f 3166/39/2724 3167/40/2725 3168/37/2726
f 2972/25/2530 2973/26/2531 2970/27/2528
f 2970/27/2528 2971/28/2529 2972/25/2530
f 2892/29/2450 2893/30/2451 2890/31/2448
f 2890/31/2448 2891/32/2449 2892/29/2450
f 2648/1/2166 2649/2/2167 2646/3/2164
f 2646/3/2164 2647/4/2165 2648/1/2166
f 2568/5/2086 2569/6/2087 2566/7/2084
f 2566/7/2084 2567/8/2085 2568/5/2086
f 2928/33/2486 2929/34/2487 2926/35/2484
f 2926/35/2484 2927/36/2485 2928/33/2486
f 3008/37/2566 3009/38/2567 3006/39/2564
f 3006/39/2564 3007/40/2565 3008/37/2566
f 2692/9/2266 2693/10/2211 2690/11/2208
f 2690/11/2208 2691/12/2209 2692/9/2266
f 2612/41/2130 2613/14/2243 2610/15/2128
f 2610/15/2128 2611/16/2129 2612/41/2130
f 2844/17/2402 2845/18/2403 2842/19/2400
f 2842/19/2400 2843/20/2401 2844/17/2402
f 2764/21/2322 2765/22/2323 2762/23/2320
f 2762/23/2320 2763/24/2321 2764/21/2322
f 2684/17/2202 2685/18/2203 2682/19/2200
f 2682/19/2200 2683/20/2201 2684/17/2202
f 2604/21/2122 2605/22/2123 2602/23/2120
f 2602/23/2120 2603/24/2121 2604/21/2122
f 2812/25/2370 2813/26/2371 2810/27/2368
f 2810/27/2368 2811/28/2369 2812/25/2370
f 2732/29/2290 2733/30/2291 2730/31/2288
f 2730/31/2288 2731/32/2289 2732/29/2290
f 2652/25/2170 2653/26/2171 2650/27/2168
f 2650/27/2168 2651/28/2169 2652/25/2170
f 2572/29/2090 2573/30/2091 2570/42/2088
f 2570/42/2088 2571/32/2089 2572/29/2090
f 2488/1/2166 2489/2/2167 2486/3/2164
f 2486/3/2164 2487/4/2165 2488/1/2166
f 2408/5/2086 2409/6/2087 2406/7/2084
f 2406/7/2084 2407/8/2085 2408/5/2086
f 2768/33/2326 2769/34/2327 2766/35/2324
f 2766/35/2324 2767/36/2325 2768/33/2326
f 2848/37/2406 2849/38/2407 2846/39/2404
f 2846/39/2404 2847/40/2405 2848/37/2406
f 2444/21/2122 2445/22/2123 2442/23/2120
f 2442/23/2120 2443/24/2259 2444/21/2122
f 2524/17/2202 2525/18/2265 2522/19/2248
f 2522/19/2248 2523/20/2201 2524/17/2202
f 1647/43/1646 1280/44/1279 1272/45/1271
f 1272/45/1271 1505/46/1504 1647/43/1646
f 1272/45/1271 1280/44/1279 1278/43/1277
f 1503/47/1502 1505/46/1504 1272/45/1271
f 1272/45/1271 1271/48/1270 1503/47/1502
f 1278/43/1277 1270/46/1269 1272/45/1271
f 1271/48/1270 1272/45/1271 1270/46/1269
f 1505/46/1504 1506/49/1505 1648/50/1647
f 1502/51/1501 1506/49/1505 1505/46/1504
f 1505/46/1504 1503/47/1502 1502/51/1501
f 1648/50/1647 1649/52/1648 1642/53/1641
f 1649/52/1648 1648/50/1647 1506/49/1505
f 2532/9/2266 2533/10/2250 2530/11/2208
f 2530/11/2208 2531/12/2209 2532/9/2266
f 2452/41/2242 2453/14/2243 2450/15/2128
f 2450/15/2128 2451/16/2129 2452/41/2242
f 2412/29/2090 2413/30/2091 2410/42/2088
f 2410/42/2088 2411/32/2089 2412/29/2090
f 2492/25/2170 2493/26/2171 2490/27/2168
f 2490/27/2168 2491/28/2169 2492/25/2170
f 2608/33/2126 2609/34/2241 2606/35/2124
f 2606/35/2124 2607/36/2125 2608/33/2126
f 2688/54/2206 2689/38/2249 2686/39/2204
f 2686/39/2204 2687/40/2205 2688/54/2206
f 2284/21/2122 2285/22/2123 2282/23/2120
f 2282/23/2120 2283/24/2121 2284/21/2122
f 2364/17/2202 2365/18/2203 2362/19/2248
f 2362/19/2248 2363/20/2201 2364/17/2202
f 2248/5/2086 2249/6/2087 2246/7/2084
f 2246/7/2084 2247/8/2085 2248/5/2086
f 2328/1/2166 2329/2/2167 2326/3/2164
f 2326/3/2164 2327/4/2165 2328/1/2166
f 2252/29/2090 2253/30/2091 2250/31/2088
f 2250/31/2088 2251/32/2089 2252/29/2090
f 2332/25/2170 2333/26/2171 2330/27/2168
f 2330/27/2168 2331/28/2169 2332/25/2170
f 2372/9/2210 2373/10/2250 2370/11/2208
f 2370/11/2208 2371/12/2209 2372/9/2210
f 2292/13/2242 2293/14/2243 2290/15/2128
f 2290/15/2128 2291/16/2129 2292/13/2242
f 2448/33/2126 2449/34/2127 2446/35/2124
f 2446/35/2124 2447/36/2125 2448/33/2126
f 2528/54/2206 2529/38/2207 2526/39/2204
f 2526/39/2204 2527/40/2205 2528/54/2206
f 2204/17/2202 2205/18/2203 2202/19/2200
f 2202/19/2200 2203/20/2201 2204/17/2202
f 2124/21/2122 2125/22/2123 2122/23/2120
f 2122/23/2120 2123/24/2121 2124/21/2122
f 2168/1/2166 2169/2/2167 2166/3/2164
f 2166/3/2164 2167/4/2165 2168/1/2166
f 2088/5/2086 2089/6/2087 2086/7/2084
f 2086/7/2084 2087/8/2085 2088/5/2086
f 2092/29/2090 2093/30/2091 2090/31/2088
f 2090/31/2088 2091/32/2089 2092/29/2090
f 2172/25/2170 2173/26/2171 2170/27/2168
f 2170/27/2168 2171/28/2169 2172/25/2170
f 2212/9/2210 2213/10/2211 2210/11/2208
f 2210/11/2208 2211/12/2209 2212/9/2210
f 2132/13/2130 2133/14/2131 2130/15/2128
f 2130/15/2128 2131/16/2129 2132/13/2130
f 2288/33/2126 2289/34/2241 2286/35/2124
f 2286/35/2124 2287/36/2125 2288/33/2126
f 2368/37/2206 2369/38/2249 2366/39/2204
f 2366/39/2204 2367/40/2205 2368/37/2206
f 2128/33/2126 2129/34/2127 2126/35/2124
f 2126/35/2124 2127/36/2125 2128/33/2126
f 2208/37/2206 2209/38/2207 2206/39/2204
f 2206/39/2204 2207/40/2205 2208/37/2206
f 909/55/909 911/56/911 886/57/886
f 886/57/886 889/58/889 909/55/909
f 888/59/888 889/58/889 886/57/886
f 886/57/886 887/60/887 888/59/888
f 910/61/910 911/56/911 909/55/909
f 909/55/909 908/62/908 910/61/910
f 909/55/909 889/58/889 891/63/891
f 891/63/891 908/62/908 909/55/909
f 891/63/891 889/58/889 888/59/888
f 888/59/888 890/64/890 891/63/891
f 910/61/910 914/56/914 913/55/913
f 913/55/913 912/62/912 910/61/910
f 913/55/913 914/56/914 892/57/892
f 892/57/892 895/58/895 913/55/913
f 913/55/913 895/58/895 897/63/897
f 897/63/897 912/62/912 913/55/913
f 894/59/894 895/58/895 892/57/892
f 892/57/892 893/60/893 894/59/894
f 897/63/897 895/58/895 894/59/894
f 894/59/894 896/64/896 897/63/897
f 1913/55/1912 1892/58/1891 1891/57/1890
f 1891/57/1890 1916/56/1915 1913/55/1912
f 1893/59/1892 1894/60/1893 1891/57/1890
f 1891/57/1890 1892/58/1891 1893/59/1892
f 1913/55/1912 1916/56/1915 1915/61/1914
f 1915/61/1914 1914/62/1913 1913/55/1912
f 1913/55/1912 1914/62/1913 1895/63/1894
f 1895/63/1894 1892/58/1891 1913/55/1912
f 1893/59/1892 1892/58/1891 1895/63/1894
f 1895/63/1894 1896/64/1895 1893/59/1892
f 1917/55/1916 1919/56/1918 1915/61/1914
f 1915/61/1914 1918/62/1917 1917/55/1916
f 1917/55/1916 1898/58/1897 1897/57/1896
f 1897/57/1896 1919/56/1918 1917/55/1916
f 1917/55/1916 1918/62/1917 1901/63/1900
f 1901/63/1900 1898/58/1897 1917/55/1916
f 1899/59/1898 1898/58/1897 1901/63/1900
f 1897/57/1896 1898/58/1897 1899/59/1898
f 1899/59/1898 1900/60/1899 1897/57/1896
f 1901/63/1900 1902/64/1901 1899/59/1898
f 3232/65/2790 3233/66/2791 3230/67/2788
f 3230/67/2788 3231/68/2789 3232/65/2790
f 3312/69/2870 3313/70/2871 3310/71/2868
f 3310/71/2868 3311/72/2869 3312/69/2870
f 3284/73/2842 3285/74/2843 3282/75/2840
f 3282/75/2840 3283/76/2841 3284/73/2842
f 3204/77/2762 3205/78/2763 3202/79/2760
f 3202/79/2760 3203/80/2761 3204/77/2762
f 3152/69/2710 3153/70/2711 3150/71/2708
f 3150/71/2708 3151/72/2709 3152/69/2710
f 3072/65/2630 3073/66/2631 3070/67/2628
f 3070/67/2628 3071/68/2629 3072/65/2630
f 3124/73/2682 3125/74/2683 3122/75/2680
f 3122/75/2680 3123/76/2681 3124/73/2682
f 3044/77/2602 3045/78/2603 3042/79/2600
f 3042/79/2600 3043/80/2601 3044/77/2602
f 1276/81/1275 1277/50/1276 1278/43/1277
f 1286/82/1285 1282/83/1281 1279/84/1278
f 1282/83/1281 1286/82/1285 1241/85/1240
f 1241/85/1240 1284/86/1283 1282/83/1281
f 1287/87/1286 1284/86/1283 1241/85/1240
f 1491/83/1490 1239/86/1238 1241/85/1240
f 1241/85/1240 1286/82/1285 1491/83/1490
f 1241/85/1240 1240/88/1239 1287/87/1286
f 1240/88/1239 1241/85/1240 1239/86/1238
f 1286/82/1285 1281/89/1280 1492/84/1491
f 1492/84/1491 1491/83/1490 1286/82/1285
f 1279/84/1278 1281/89/1280 1286/82/1285
f 1280/44/1279 1281/89/1280 1279/84/1278
f 1279/84/1278 1278/43/1277 1280/44/1279
f 1492/84/1491 1281/89/1280 1280/44/1279
f 1489/81/1488 1492/84/1491 1647/43/1646
f 1280/44/1279 1647/43/1646 1492/84/1491
f 1491/83/1490 1492/84/1491 1489/81/1488
f 1239/86/1238 1491/83/1490 1490/90/1489
f 1489/81/1488 1490/90/1489 1491/83/1490
f 1642/53/1641 1489/81/1488 1648/50/1647
f 1647/43/1646 1648/50/1647 1489/81/1488
f 1490/90/1489 1489/81/1488 1642/53/1641
f 1648/50/1647 1647/43/1646 1505/46/1504
f 2992/69/2550 2993/70/2551 2990/71/2548
f 2990/71/2548 2991/72/2549 2992/69/2550
f 2912/65/2470 2913/66/2471 2910/67/2468
f 2910/67/2468 2911/68/2469 2912/65/2470
f 836/55/836 838/56/838 816/57/816
f 816/57/816 819/58/819 836/55/836
f 818/59/818 819/58/819 816/57/816
f 816/57/816 817/60/817 818/59/818
f 837/61/837 838/56/838 836/55/836
f 836/55/836 835/62/835 837/61/837
f 836/55/836 819/58/819 821/63/821
f 821/63/821 835/62/835 836/55/836
f 821/63/821 819/58/819 818/59/818
f 818/59/818 820/64/820 821/63/821
f 1840/55/1839 1822/58/1821 1821/57/1820
f 1821/57/1820 1843/56/1842 1840/55/1839
f 1823/59/1822 1824/60/1823 1821/57/1820
f 1821/57/1820 1822/58/1821 1823/59/1822
f 1840/55/1839 1843/56/1842 1842/61/1841
f 1842/61/1841 1841/62/1840 1840/55/1839
f 1840/55/1839 1841/62/1840 1825/63/1824
f 1825/63/1824 1822/58/1821 1840/55/1839
f 1823/59/1822 1822/58/1821 1825/63/1824
f 1825/63/1824 1826/64/1825 1823/59/1822
f 2964/73/2522 2965/74/2523 2962/75/2520
f 2962/75/2520 2963/76/2521 2964/73/2522
f 2884/77/2442 2885/78/2443 2882/79/2440
f 2882/79/2440 2883/80/2441 2884/77/2442
f 2832/69/2390 2833/70/2391 2830/71/2388
f 2830/71/2388 2831/72/2389 2832/69/2390
f 2752/65/2310 2753/66/2311 2750/67/2308
f 2750/67/2308 2751/68/2309 2752/65/2310
f 2672/69/2190 2673/70/2191 2670/71/2188
f 2670/71/2188 2671/72/2189 2672/69/2190
f 2592/65/2110 2593/66/2111 2590/67/2108
f 2590/67/2108 2591/68/2238 2592/65/2110
f 635/53/635 644/52/644 643/50/643
f 643/50/643 444/81/444 635/53/635
f 635/53/635 444/81/444 447/90/447
f 444/81/444 643/50/643 642/43/642
f 642/43/642 445/84/445 444/81/444
f 446/83/446 447/90/447 444/81/444
f 444/81/444 445/84/445 446/83/446
f 447/90/447 446/83/446 161/86/161
f 446/83/446 210/82/210 164/85/164
f 164/85/164 161/86/161 446/83/446
f 210/82/210 446/83/446 445/84/445
f 445/84/445 642/43/642 205/44/205
f 205/44/205 204/89/204 445/84/445
f 445/84/445 204/89/204 210/82/210
f 201/84/201 207/83/207 210/82/210
f 210/82/210 204/89/204 201/84/201
f 164/85/164 210/82/210 207/83/207
f 212/87/212 165/88/165 164/85/164
f 164/85/164 209/86/209 212/87/212
f 207/83/207 209/86/209 164/85/164
f 161/86/161 164/85/164 165/88/165
f 165/88/165 162/87/162 161/86/161
f 2644/73/2162 2645/74/2163 2642/75/2160
f 2642/75/2160 2643/76/2161 2644/73/2162
f 2564/77/2082 2565/78/2268 2562/79/2080
f 2562/79/2080 2563/80/2081 2564/77/2082
f 2804/73/2362 2805/74/2363 2802/75/2360
f 2802/75/2360 2803/76/2361 2804/73/2362
f 2724/77/2282 2725/78/2283 2722/79/2280
f 2722/79/2280 2723/80/2281 2724/77/2282
f 2512/69/2190 2513/70/2191 2510/71/2245
f 2510/71/2245 2511/72/2189 2512/69/2190
f 2432/65/2110 2433/66/2111 2430/67/2108
f 2430/67/2108 2431/68/2109 2432/65/2110
f 2484/73/2162 2485/74/2163 2482/75/2160
f 2482/75/2160 2483/76/2161 2484/73/2162
f 2404/77/2082 2405/78/2083 2402/79/2080
f 2402/79/2080 2403/80/2081 2404/77/2082
f 2352/69/2247 2353/70/2191 2350/71/2245
f 2350/71/2245 2351/72/2246 2352/69/2247
f 2272/65/2110 2273/66/2239 2270/67/2108
f 2270/67/2108 2271/68/2238 2272/65/2110
f 1181/91/1180 1180/92/1179 1182/93/1181
f 1180/92/1179 1181/91/1180 1178/94/1177
f 1225/95/1224 1195/96/1194 1414/97/1413
f 1414/97/1413 1420/98/1419 1225/95/1224
f 1421/99/1420 1420/98/1419 1419/100/1418
f 1420/98/1419 1421/99/1420 1222/101/1221
f 1222/101/1221 1225/95/1224 1420/98/1419
f 1193/102/1192 1195/96/1194 1225/95/1224
f 1225/95/1224 1224/103/1223 1193/102/1192
f 1224/103/1223 1225/95/1224 1222/101/1221
f 1178/94/1177 1195/96/1194 1193/102/1192
f 1196/104/1195 1193/102/1192 1224/103/1223
f 1197/105/1196 1194/106/1193 1193/102/1192
f 2324/73/2162 2325/74/2163 2322/75/2160
f 2322/75/2160 2323/76/2161 2324/73/2162
f 2244/77/2082 2245/78/2083 2242/79/2080
f 2242/79/2080 2243/80/2081 2244/77/2082
f 2192/69/2190 2193/70/2191 2190/71/2188
f 2190/71/2188 2191/72/2189 2192/69/2190
f 2112/65/2110 2113/66/2111 2110/67/2108
f 2110/67/2108 2111/68/2109 2112/65/2110
f 950/55/950 952/56/952 930/57/930
f 930/57/930 933/58/933 950/55/950
f 932/59/932 933/58/933 930/57/930
f 930/57/930 931/60/931 932/59/932
f 951/61/951 952/56/952 950/55/950
f 950/55/950 949/62/949 951/61/951
f 950/55/950 933/58/933 935/63/935
f 935/63/935 949/62/949 950/55/950
f 935/63/935 933/58/933 932/59/932
f 932/59/932 934/64/934 935/63/935
f 1954/55/1953 1936/58/1935 1935/57/1934
f 1935/57/1934 1957/56/1956 1954/55/1953
f 1937/59/1936 1938/60/1937 1935/57/1934
f 1935/57/1934 1936/58/1935 1937/59/1936
f 1954/55/1953 1957/56/1956 1956/61/1955
f 1956/61/1955 1955/62/1954 1954/55/1953
f 1954/55/1953 1955/62/1954 1939/63/1938
f 1939/63/1938 1936/58/1935 1954/55/1953
f 1937/59/1936 1936/58/1935 1939/63/1938
f 1939/63/1938 1940/64/1939 1937/59/1936
f 681/55/681 683/56/683 661/57/661
f 661/57/661 664/58/664 681/55/681
f 663/59/663 664/58/664 661/57/661
f 661/57/661 662/60/662 663/59/663
f 682/61/682 683/56/683 681/55/681
f 681/55/681 680/62/680 682/61/682
f 681/55/681 664/58/664 666/63/666
f 666/63/666 680/62/680 681/55/681
f 666/63/666 664/58/664 663/59/663
f 663/59/663 665/64/665 666/63/666
f 1685/55/1684 1667/58/1666 1666/57/1665
f 1666/57/1665 1688/56/1687 1685/55/1684
f 1668/59/1667 1669/60/1668 1666/57/1665
f 1666/57/1665 1667/58/1666 1668/59/1667
f 1685/55/1684 1688/56/1687 1687/61/1686
f 1687/61/1686 1686/62/1685 1685/55/1684
f 1685/55/1684 1686/62/1685 1670/63/1669
f 1670/63/1669 1667/58/1666 1685/55/1684
f 1668/59/1667 1667/58/1666 1670/63/1669
f 1670/63/1669 1671/64/1670 1668/59/1667
f 2164/73/2162 2165/74/2163 2162/75/2160
f 2162/75/2160 2163/76/2161 2164/73/2162
f 2084/77/2082 2085/78/2083 2082/79/2080
f 2082/79/2080 2083/80/2081 2084/77/2082
f 2144/107/2142 2145/108/2143 2142/109/2140
f 2142/109/2140 2143/110/2141 2144/107/2142
f 2224/111/2222 2225/112/2223 2222/113/2220
f 2222/113/2220 2223/114/2221 2224/111/2222
f 2304/107/2142 2305/108/2143 2302/109/2140
f 2302/109/2140 2303/110/2141 2304/107/2142
f 2384/111/2222 2385/112/2223 2382/113/2220
f 2382/113/2220 2383/114/2221 2384/111/2222
f 2464/107/2262 2465/108/2143 2462/109/2140
f 2462/109/2140 2463/110/2141 2464/107/2262
f 2544/111/2222 2545/112/2223 2542/113/2220
f 2542/113/2220 2543/114/2221 2544/111/2222
f 1773/115/1772 1774/116/1773 1771/117/1770
f 1771/117/1770 1772/118/1771 1773/115/1772
f 1795/119/1794 1773/115/1772 1772/118/1771
f 1775/120/1774 1773/115/1772 1795/119/1794
f 1774/116/1773 1773/115/1772 1775/120/1774
f 1775/120/1774 1776/121/1775 1774/116/1773
f 1795/119/1794 1796/122/1795 1775/120/1774
f 1772/118/1771 1798/123/1797 1795/119/1794
f 1795/119/1794 1798/123/1797 1797/124/1796
f 1797/124/1796 1796/122/1795 1795/119/1794
f 1806/119/1805 1808/123/1807 1797/124/1796
f 1797/124/1796 1807/122/1806 1806/119/1805
f 1806/119/1805 1790/115/1789 1789/118/1788
f 1789/118/1788 1808/123/1807 1806/119/1805
f 1806/119/1805 1807/122/1806 1793/120/1792
f 1793/120/1792 1790/115/1789 1806/119/1805
f 1791/116/1790 1790/115/1789 1793/120/1792
f 1789/118/1788 1790/115/1789 1791/116/1790
f 1791/116/1790 1792/117/1791 1789/118/1788
f 1793/120/1792 1794/121/1793 1791/116/1790
f 768/115/768 769/118/769 766/117/766
f 766/117/766 767/116/767 768/115/768
f 769/118/769 768/115/768 791/119/791
f 791/119/791 768/115/768 771/120/771
f 771/120/771 768/115/768 767/116/767
f 791/119/791 793/123/793 769/118/769
f 792/124/792 793/123/793 791/119/791
f 791/119/791 790/122/790 792/124/792
f 771/120/771 790/122/790 791/119/791
f 767/116/767 770/121/770 771/120/771
f 792/124/792 803/123/803 802/119/802
f 802/119/802 801/122/801 792/124/792
f 802/119/802 803/123/803 784/118/784
f 784/118/784 787/115/787 802/119/802
f 802/119/802 787/115/787 789/120/789
f 789/120/789 801/122/801 802/119/802
f 786/116/786 787/115/787 784/118/784
f 784/118/784 785/117/785 786/116/786
f 789/120/789 787/115/787 786/116/786
f 786/116/786 788/121/788 789/120/789
f 365/97/365 118/96/118 147/95/147
f 118/96/118 365/97/365 103/91/103
f 103/91/103 365/97/365 101/125/101
f 563/126/563 98/127/98 101/125/101
f 101/125/101 371/100/371 563/126/563
f 101/125/101 100/128/100 103/91/103
f 564/129/564 563/126/563 371/100/371
f 371/100/371 373/130/373 564/129/564
f 372/99/372 373/130/373 371/100/371
f 98/127/98 563/126/563 566/131/566
f 563/126/563 564/129/564 565/132/565
f 565/132/565 566/131/566 563/126/563
f 2624/107/2262 2625/108/2143 2622/109/2140
f 2622/109/2140 2623/110/2141 2624/107/2262
f 2704/111/2222 2705/112/2223 2702/113/2220
f 2702/113/2220 2703/114/2221 2704/111/2222
f 2096/133/2094 2097/134/2095 2094/135/2092
f 2094/135/2092 2095/136/2093 2096/133/2094
f 2176/137/2174 2177/138/2175 2174/139/2172
f 2174/139/2172 2175/140/2173 2176/137/2174
f 2256/133/2094 2257/134/2095 2254/135/2092
f 2254/135/2092 2255/136/2093 2256/133/2094
f 2336/137/2174 2337/138/2175 2334/139/2172
f 2334/139/2172 2335/140/2173 2336/137/2174
f 2416/133/2094 2417/134/2095 2414/135/2092
f 2414/135/2092 2415/136/2093 2416/133/2094
f 2496/137/2174 2497/138/2175 2494/139/2172
f 2494/139/2172 2495/140/2173 2496/137/2174
f 1270/46/1269 1269/47/1268 1271/48/1270
f 1269/47/1268 1274/141/1273 1273/142/1272
f 1274/141/1273 1269/47/1268 1268/51/1267
f 1269/47/1268 1270/46/1269 1267/49/1266
f 1267/49/1266 1268/51/1267 1269/47/1268
f 1277/50/1276 1267/49/1266 1270/46/1269
f 1270/46/1269 1278/43/1277 1277/50/1276
f 1652/143/1651 1268/51/1267 1267/49/1266
f 1651/144/1650 1652/143/1651 1267/49/1266
f 1267/49/1266 1607/145/1606 1651/144/1650
f 1607/145/1606 1267/49/1266 1277/50/1276
f 1275/146/1274 1268/51/1267 1653/147/1652
f 1652/143/1651 1653/147/1652 1268/51/1267
f 1268/51/1267 1275/146/1274 1274/141/1273
f 1653/147/1652 1652/143/1651 1367/148/1366
f 1650/149/1649 1367/148/1366 1652/143/1651
f 1652/143/1651 1651/144/1650 1650/149/1649
f 1304/150/1303 1651/144/1650 1607/145/1606
f 2576/133/2094 2577/134/2095 2574/135/2092
f 2574/135/2092 2575/136/2093 2576/133/2094
f 2656/137/2174 2657/138/2175 2654/139/2172
f 2654/139/2172 2655/140/2173 2656/137/2174
f 2784/107/2342 2785/108/2343 2782/109/2340
f 2782/109/2340 2783/110/2341 2784/107/2342
f 2864/111/2422 2865/112/2423 2862/113/2420
f 2862/113/2420 2863/114/2421 2864/111/2422
f 1735/115/1734 1736/116/1735 1733/117/1732
f 1733/117/1732 1734/118/1733 1735/115/1734
f 1757/119/1756 1735/115/1734 1734/118/1733
f 1737/120/1736 1735/115/1734 1757/119/1756
f 1736/116/1735 1735/115/1734 1737/120/1736
f 1737/120/1736 1738/121/1737 1736/116/1735
f 1757/119/1756 1758/122/1757 1737/120/1736
f 1734/118/1733 1760/123/1759 1757/119/1756
f 1757/119/1756 1760/123/1759 1759/124/1758
f 1759/124/1758 1758/122/1757 1757/119/1756
f 1768/119/1767 1770/123/1769 1759/124/1758
f 1759/124/1758 1769/122/1768 1768/119/1767
f 1768/119/1767 1752/115/1751 1751/118/1750
f 1751/118/1750 1770/123/1769 1768/119/1767
f 1768/119/1767 1769/122/1768 1755/120/1754
f 1755/120/1754 1752/115/1751 1768/119/1767
f 1753/116/1752 1752/115/1751 1755/120/1754
f 1751/118/1750 1752/115/1751 1753/116/1752
f 1753/116/1752 1754/117/1753 1751/118/1750
f 1755/120/1754 1756/121/1755 1753/116/1752
f 730/115/730 731/118/731 728/117/728
f 728/117/728 729/116/729 730/115/730
f 731/118/731 730/115/730 753/119/753
f 753/119/753 730/115/730 733/120/733
f 733/120/733 730/115/730 729/116/729
f 753/119/753 755/123/755 731/118/731
f 754/124/754 755/123/755 753/119/753
f 753/119/753 752/122/752 754/124/754
f 733/120/733 752/122/752 753/119/753
f 729/116/729 732/121/732 733/120/733
f 754/124/754 765/123/765 764/119/764
f 764/119/764 763/122/763 754/124/754
f 764/119/764 765/123/765 746/118/746
f 746/118/746 749/115/749 764/119/764
f 764/119/764 749/115/749 751/120/751
f 751/120/751 763/122/763 764/119/764
f 748/116/748 749/115/749 746/118/746
f 746/118/746 747/117/747 748/116/748
f 751/120/751 749/115/749 748/116/748
f 748/116/748 750/121/750 751/120/751
f 1849/115/1848 1850/116/1849 1847/117/1846
f 1847/117/1846 1848/118/1847 1849/115/1848
f 1871/119/1870 1849/115/1848 1848/118/1847
f 1851/120/1850 1849/115/1848 1871/119/1870
f 1850/116/1849 1849/115/1848 1851/120/1850
f 1851/120/1850 1852/121/1851 1850/116/1849
f 1871/119/1870 1872/122/1871 1851/120/1850
f 1848/118/1847 1874/123/1873 1871/119/1870
f 1871/119/1870 1874/123/1873 1873/124/1872
f 1873/124/1872 1872/122/1871 1871/119/1870
f 1882/119/1881 1884/123/1883 1873/124/1872
f 1873/124/1872 1883/122/1882 1882/119/1881
f 1882/119/1881 1866/115/1865 1865/118/1864
f 1865/118/1864 1884/123/1883 1882/119/1881
f 1882/119/1881 1883/122/1882 1869/120/1868
f 1869/120/1868 1866/115/1865 1882/119/1881
f 1867/116/1866 1866/115/1865 1869/120/1868
f 1865/118/1864 1866/115/1865 1867/116/1866
f 1867/116/1866 1868/117/1867 1865/118/1864
f 1869/120/1868 1870/121/1869 1867/116/1866
f 844/115/844 845/118/845 842/117/842
f 842/117/842 843/116/843 844/115/844
f 845/118/845 844/115/844 867/119/867
f 867/119/867 844/115/844 847/120/847
f 847/120/847 844/115/844 843/116/843
f 867/119/867 869/123/869 845/118/845
f 868/124/868 869/123/869 867/119/867
f 867/119/867 866/122/866 868/124/868
f 847/120/847 866/122/866 867/119/867
f 843/116/843 846/121/846 847/120/847
f 868/124/868 879/123/879 878/119/878
f 878/119/878 877/122/877 868/124/868
f 878/119/878 879/123/879 860/118/860
f 860/118/860 863/115/863 878/119/878
f 878/119/878 863/115/863 865/120/865
f 865/120/865 877/122/877 878/119/878
f 862/116/862 863/115/863 860/118/860
f 860/118/860 861/117/861 862/116/862
f 865/120/865 863/115/863 862/116/862
f 862/116/862 864/121/864 865/120/865
f 2944/107/2502 2945/108/2503 2942/109/2500
f 2942/109/2500 2943/110/2501 2944/107/2502
f 3024/111/2582 3025/112/2583 3022/113/2580
f 3022/113/2580 3023/114/2581 3024/111/2582
f 3104/107/2662 3105/108/2663 3102/109/2660
f 3102/109/2660 3103/110/2661 3104/107/2662
f 3184/111/2742 3185/112/2743 3182/113/2740
f 3182/113/2740 3183/114/2741 3184/111/2742
f 3316/151/2874 3317/152/2875 3314/153/2872
f 3314/153/2872 3315/154/2873 3316/151/2874
f 3236/155/2794 3237/156/2795 3234/157/2792
f 3234/157/2792 3235/158/2793 3236/155/2794
f 2736/133/2294 2737/134/2295 2734/135/2292
f 2734/135/2292 2735/136/2293 2736/133/2294
f 2816/137/2374 2817/138/2375 2814/139/2372
f 2814/139/2372 2815/140/2373 2816/137/2374
f 1694/115/1693 1695/159/1694 1692/160/1691
f 1692/160/1691 1693/118/1692 1694/115/1693
f 1719/119/1718 1694/115/1693 1693/118/1692
f 1697/120/1696 1694/115/1693 1719/119/1718
f 1696/161/1695 1694/115/1693 1697/120/1696
f 1693/118/1692 1722/123/1721 1719/119/1718
f 1719/119/1718 1722/123/1721 1721/124/1720
f 1721/124/1720 1720/122/1719 1719/119/1718
f 1719/119/1718 1720/122/1719 1697/120/1696
f 1697/120/1696 1698/121/1697 1696/161/1695
f 1730/119/1729 1732/123/1731 1721/124/1720
f 1721/124/1720 1731/122/1730 1730/119/1729
f 1730/119/1729 1713/115/1712 1712/118/1711
f 1712/118/1711 1732/123/1731 1730/119/1729
f 1730/119/1729 1731/122/1730 1717/120/1716
f 1717/120/1716 1713/115/1712 1730/119/1729
f 1716/162/1715 1713/115/1712 1717/120/1716
f 1712/118/1711 1713/115/1712 1714/163/1713
f 1714/163/1713 1715/164/1714 1712/118/1711
f 1717/120/1716 1718/165/1717 1716/162/1715
f 689/115/689 690/118/690 687/160/687
f 687/160/687 688/159/688 689/115/689
f 690/118/690 689/115/689 715/119/715
f 715/119/715 689/115/689 693/120/693
f 693/120/693 689/115/689 691/161/691
f 715/119/715 717/123/717 690/118/690
f 716/124/716 717/123/717 715/119/715
f 715/119/715 714/122/714 716/124/716
f 693/120/693 714/122/714 715/119/715
f 691/161/691 692/121/692 693/120/693
f 716/124/716 727/123/727 726/119/726
f 726/119/726 725/122/725 716/124/716
f 726/119/726 727/123/727 707/118/707
f 707/118/707 710/115/710 726/119/726
f 726/119/726 710/115/710 713/120/713
f 713/120/713 725/122/725 726/119/726
f 709/163/709 710/115/710 707/118/707
f 707/118/707 708/164/708 709/163/709
f 713/120/713 710/115/710 711/162/711
f 711/162/711 712/165/712 713/120/713
f 2896/133/2454 2897/134/2455 2894/135/2452
f 2894/135/2452 2895/136/2453 2896/133/2454
f 2976/137/2534 2977/138/2535 2974/139/2532
f 2974/139/2532 2975/140/2533 2976/137/2534
f 3056/133/2614 3057/134/2615 3054/135/2612
f 3054/135/2612 3055/136/2613 3056/133/2614
f 3136/137/2694 3137/138/2695 3134/139/2692
f 3134/139/2692 3135/140/2693 3136/137/2694
f 157/166/157 156/167/156 167/168/167
f 964/169/964 168/170/168 134/171/134
f 169/172/169 168/170/168 964/169/964
f 167/168/167 168/170/168 169/172/169
f 167/168/167 171/173/171 157/166/157
f 171/173/171 167/168/167 170/174/170
f 169/172/169 170/174/170 167/168/167
f 170/174/170 169/172/169 965/175/965
f 965/175/965 169/172/169 964/169/964
f 170/174/170 172/176/172 171/173/171
f 370/98/370 147/95/147 146/101/146
f 146/101/146 372/99/372 370/98/370
f 371/100/371 370/98/370 372/99/372
f 147/95/147 370/98/370 365/97/365
f 370/98/370 371/100/371 101/125/101
f 101/125/101 365/97/365 370/98/370
f 3156/151/2714 3157/152/2715 3154/153/2712
f 3154/153/2712 3155/154/2713 3156/151/2714
f 3076/155/2634 3077/156/2635 3074/157/2632
f 3074/157/2632 3075/158/2633 3076/155/2634
f 3264/107/2822 3265/108/2823 3262/109/2820
f 3262/109/2820 3263/110/2821 3264/107/2822
f 3344/111/2902 3345/112/2903 3342/113/2900
f 3342/113/2900 3343/114/2901 3344/111/2902
f 2013/115/2012 2014/116/2013 2011/117/2010
f 2011/117/2010 2012/118/2011 2013/115/2012
f 2033/119/2031 2013/115/2012 2012/118/2011
f 2015/120/2014 2013/115/2012 2033/119/2031
f 2014/116/2013 2013/115/2012 2015/120/2014
f 2015/120/2014 2016/121/2015 2014/116/2013
f 2033/119/2031 2034/122/2032 2015/120/2014
f 2012/118/2011 2036/123/2034 2033/119/2031
f 2033/119/2031 2036/123/2034 2035/124/2033
f 2035/124/2033 2034/122/2032 2033/119/2031
f 2043/119/2041 2045/123/2043 2035/124/2033
f 2035/124/2033 2044/122/2042 2043/119/2041
f 2043/119/2041 2028/115/2026 2027/118/2025
f 2027/118/2025 2045/123/2043 2043/119/2041
f 2043/119/2041 2044/122/2042 2031/120/2029
f 2031/120/2029 2028/115/2026 2043/119/2041
f 2029/116/2027 2028/115/2026 2031/120/2029
f 2027/118/2025 2028/115/2026 2029/116/2027
f 2029/116/2027 2030/117/2028 2027/118/2025
f 2031/120/2029 2032/121/2030 2029/116/2027
f 1012/115/1012 1013/118/1013 1010/117/1010
f 1010/117/1010 1011/116/1011 1012/115/1012
f 1013/118/1013 1012/115/1012 1033/119/1032
f 1033/119/1032 1012/115/1012 1015/120/1015
f 1015/120/1015 1012/115/1012 1011/116/1011
f 1033/119/1032 1035/123/1034 1013/118/1013
f 1034/124/1033 1035/123/1034 1033/119/1032
f 1033/119/1032 1032/122/1031 1034/124/1033
f 1015/120/1015 1032/122/1031 1033/119/1032
f 1011/116/1011 1014/121/1014 1015/120/1015
f 1034/124/1033 1044/123/1043 1043/119/1042
f 1043/119/1042 1042/122/1041 1034/124/1033
f 1043/119/1042 1044/123/1043 1026/118/1025
f 1026/118/1025 1029/115/1028 1043/119/1042
f 1043/119/1042 1029/115/1028 1031/120/1030
f 1031/120/1030 1042/122/1041 1043/119/1042
f 1028/116/1027 1029/115/1028 1026/118/1025
f 1026/118/1025 1027/117/1026 1028/116/1027
f 1031/120/1030 1029/115/1028 1028/116/1027
f 1028/116/1027 1030/121/1029 1031/120/1030
f 641/177/641 1646/178/1645 1556/179/1555
f 522/180/522 526/181/526 1556/179/1555
f 522/180/522 521/182/521 525/179/525
f 525/179/525 526/181/526 522/180/522
f 521/182/521 522/180/522 519/183/519
f 519/183/519 520/184/520 521/182/521
f 521/182/521 523/185/523 524/186/524
f 524/186/524 525/179/525 521/182/521
f 523/185/523 521/182/521 520/184/520
f 641/177/641 526/181/526 525/179/525
f 1271/48/1270 1273/142/1272 1504/141/1503
f 1504/141/1503 1503/47/1502 1271/48/1270
f 1273/142/1272 1271/48/1270 1269/47/1268
f 2996/151/2554 2997/152/2555 2994/153/2552
f 2994/153/2552 2995/154/2553 2996/151/2554
f 2916/155/2474 2917/156/2475 2914/157/2472
f 2914/157/2472 2915/158/2473 2916/155/2474
f 3216/133/2774 3217/134/2775 3214/135/2772
f 3214/135/2772 3215/136/2773 3216/133/2774
f 3296/137/2854 3297/138/2855 3294/139/2852
f 3294/139/2852 3295/140/2853 3296/137/2854
f 1036/62/1035 1037/56/1036 1016/57/1016
f 1016/57/1016 1019/63/1018 1036/62/1035
f 1018/64/1017 1019/63/1018 1016/57/1016
f 1016/57/1016 1017/60/1017 1018/64/1017
f 1036/62/1035 1038/61/1037 1037/56/1036
f 1038/61/1037 1041/56/1040 1040/55/1039
f 1040/55/1039 1039/62/1038 1038/61/1037
f 1040/55/1039 1041/56/1040 1020/57/1019
f 1020/57/1019 1023/58/1022 1040/55/1039
f 1040/55/1039 1023/58/1022 1025/63/1024
f 1025/63/1024 1039/62/1038 1040/55/1039
f 1022/59/1021 1023/58/1022 1020/57/1019
f 1020/57/1019 1021/60/1020 1022/59/1021
f 1025/63/1024 1023/58/1022 1022/59/1021
f 1022/59/1021 1024/64/1023 1025/63/1024
f 2038/62/2036 2018/63/2017 2017/57/2016
f 2017/57/2016 2037/56/2035 2038/62/2036
f 2019/64/2018 2020/60/2018 2017/57/2016
f 2017/57/2016 2018/63/2017 2019/64/2018
f 2038/62/2036 2037/56/2035 2039/61/2037
f 2040/55/2038 2042/56/2040 2039/61/2037
f 2039/61/2037 2041/62/2039 2040/55/2038
f 2040/55/2038 2022/58/2020 2021/57/2019
f 2021/57/2019 2042/56/2040 2040/55/2038
f 2040/55/2038 2041/62/2039 2025/63/2023
f 2025/63/2023 2022/58/2020 2040/55/2038
f 2023/59/2021 2022/58/2020 2025/63/2023
f 2021/57/2019 2022/58/2020 2023/59/2021
f 2023/59/2021 2024/60/2022 2021/57/2019
f 2025/63/2023 2026/64/2024 2023/59/2021
f 2836/151/2394 2837/152/2395 2834/153/2392
f 2834/153/2392 2835/154/2393 2836/151/2394
f 2756/155/2314 2757/156/2315 2754/157/2312
f 2754/157/2312 2755/158/2313 2756/155/2314
f 149/187/149 148/103/148 150/188/150
f 148/103/148 149/187/149 146/101/146
f 146/101/146 147/95/147 148/103/148
f 151/189/151 150/188/150 154/190/154
f 150/188/150 151/189/151 149/187/149
f 154/190/154 155/191/155 151/189/151
f 155/191/155 154/190/154 156/167/156
f 134/171/134 156/167/156 154/190/154
f 156/167/156 157/166/157 155/191/155
f 168/170/168 167/168/167 156/167/156
f 156/167/156 134/171/134 168/170/168
f 1925/115/1924 1926/116/1925 1923/117/1922
f 1923/117/1922 1924/118/1923 1925/115/1924
f 1947/119/1946 1925/115/1924 1924/118/1923
f 1927/120/1926 1925/115/1924 1947/119/1946
f 1926/116/1925 1925/115/1924 1927/120/1926
f 1927/120/1926 1928/121/1927 1926/116/1925
f 1947/119/1946 1948/122/1947 1927/120/1926
f 1924/118/1923 1950/123/1949 1947/119/1946
f 1947/119/1946 1950/123/1949 1949/124/1948
f 1949/124/1948 1948/122/1947 1947/119/1946
f 1958/119/1957 1960/123/1959 1949/124/1948
f 1949/124/1948 1959/122/1958 1958/119/1957
f 1951/119/1950 1953/123/1952 1949/124/1948
f 1949/124/1948 1952/122/1951 1951/119/1950
f 1958/119/1957 1942/115/1941 1941/118/1940
f 1941/118/1940 1960/123/1959 1958/119/1957
f 1958/119/1957 1959/122/1958 1945/120/1944
f 1945/120/1944 1942/115/1941 1958/119/1957
f 1943/116/1942 1942/115/1941 1945/120/1944
f 1941/118/1940 1942/115/1941 1943/116/1942
f 1943/116/1942 1944/117/1943 1941/118/1940
f 1945/120/1944 1946/121/1945 1943/116/1942
f 920/115/920 921/118/921 918/117/918
f 918/117/918 919/116/919 920/115/920
f 921/118/921 920/115/920 943/119/943
f 943/119/943 920/115/920 923/120/923
f 923/120/923 920/115/920 919/116/919
f 943/119/943 945/123/945 921/118/921
f 944/124/944 945/123/945 943/119/943
f 943/119/943 942/122/942 944/124/944
f 923/120/923 942/122/942 943/119/943
f 919/116/919 922/121/922 923/120/923
f 944/124/944 955/123/955 954/119/954
f 954/119/954 953/122/953 944/124/944
f 944/124/944 948/123/948 947/119/947
f 947/119/947 946/122/946 944/124/944
f 954/119/954 955/123/955 936/118/936
f 936/118/936 939/115/939 954/119/954
f 954/119/954 939/115/939 941/120/941
f 941/120/941 953/122/953 954/119/954
f 938/116/938 939/115/939 936/118/936
f 936/118/936 937/117/937 938/116/938
f 941/120/941 939/115/939 938/116/938
f 938/116/938 940/121/940 941/120/941
f 2676/151/2194 2677/152/2195 2674/153/2192
f 2674/153/2192 2675/192/2193 2676/151/2194
f 2596/155/2114 2597/156/2115 2594/157/2112
f 2594/157/2112 2595/158/2113 2596/155/2114
f 1093/193/1092 1550/194/1549 1/195/1
f 1549/196/1548 1/195/1 1550/194/1549
f 1/195/1 1549/196/1548 514/197/514
f 514/197/514 516/198/516 1/195/1
f 513/199/513 1547/200/1546 1/195/1
f 1548/201/1547 1092/202/1091 1/195/1
f 1/195/1 1547/200/1546 1548/201/1547
f 1/195/1 1092/202/1091 1093/193/1092
f 2/193/2 1/195/1 518/194/518
f 518/194/518 1/195/1 515/196/515
f 514/197/514 515/196/515 1/195/1
f 513/199/513 1/195/1 512/200/512
f 511/201/511 512/200/512 1/195/1
f 1/195/1 3/202/3 511/201/511
f 1/195/1 2/193/2 3/202/3
f 512/200/512 511/201/511 588/203/588
f 588/203/588 586/204/586 512/200/512
f 513/199/513 512/200/512 586/204/586
f 580/205/580 586/204/586 588/203/588
f 586/204/586 587/206/587 513/199/513
f 587/206/587 586/204/586 583/207/583
f 2516/151/2194 2517/152/2264 2514/153/2192
f 2514/153/2192 2515/192/2193 2516/151/2194
f 2436/155/2114 2437/156/2258 2434/157/2112
f 2434/157/2112 2435/158/2113 2436/155/2114
f 1656/115/1655 1657/116/1656 1654/117/1653
f 1654/117/1653 1655/118/1654 1656/115/1655
f 1678/119/1677 1656/115/1655 1655/118/1654
f 1658/120/1657 1656/115/1655 1678/119/1677
f 1657/116/1656 1656/115/1655 1658/120/1657
f 1658/120/1657 1659/121/1658 1657/116/1656
f 1678/119/1677 1679/122/1678 1658/120/1657
f 1655/118/1654 1681/123/1680 1678/119/1677
f 1678/119/1677 1681/123/1680 1680/124/1679
f 1680/124/1679 1679/122/1678 1678/119/1677
f 1689/119/1688 1691/123/1690 1680/124/1679
f 1680/124/1679 1690/122/1689 1689/119/1688
f 1682/119/1681 1684/123/1683 1680/124/1679
f 1680/124/1679 1683/122/1682 1682/119/1681
f 1689/119/1688 1673/115/1672 1672/118/1671
f 1672/118/1671 1691/123/1690 1689/119/1688
f 1689/119/1688 1690/122/1689 1676/120/1675
f 1676/120/1675 1673/115/1672 1689/119/1688
f 1674/116/1673 1673/115/1672 1676/120/1675
f 1672/118/1671 1673/115/1672 1674/116/1673
f 1674/116/1673 1675/117/1674 1672/118/1671
f 1676/120/1675 1677/121/1676 1674/116/1673
f 651/115/651 652/118/652 649/117/649
f 649/117/649 650/116/650 651/115/651
f 652/118/652 651/115/651 674/119/674
f 674/119/674 651/115/651 654/120/654
f 654/120/654 651/115/651 650/116/650
f 674/119/674 676/123/676 652/118/652
f 675/124/675 676/123/676 674/119/674
f 674/119/674 673/122/673 675/124/675
f 654/120/654 673/122/673 674/119/674
f 650/116/650 653/121/653 654/120/654
f 675/124/675 686/123/686 685/119/685
f 685/119/685 684/122/684 675/124/675
f 675/124/675 679/123/679 678/119/678
f 678/119/678 677/122/677 675/124/675
f 685/119/685 686/123/686 667/118/667
f 667/118/667 670/115/670 685/119/685
f 685/119/685 670/115/670 672/120/672
f 672/120/672 684/122/684 685/119/685
f 669/116/669 670/115/670 667/118/667
f 667/118/667 668/117/668 669/116/669
f 672/120/672 670/115/670 669/116/669
f 669/116/669 671/121/671 672/120/672
f 1811/115/1810 1812/116/1811 1809/117/1808
f 1809/117/1808 1810/118/1809 1811/115/1810
f 1833/119/1832 1811/115/1810 1810/118/1809
f 1813/120/1812 1811/115/1810 1833/119/1832
f 1812/116/1811 1811/115/1810 1813/120/1812
f 1813/120/1812 1814/121/1813 1812/116/1811
f 1833/119/1832 1834/122/1833 1813/120/1812
f 1810/118/1809 1836/123/1835 1833/119/1832
f 1833/119/1832 1836/123/1835 1835/124/1834
f 1835/124/1834 1834/122/1833 1833/119/1832
f 1844/119/1843 1846/123/1845 1835/124/1834
f 1835/124/1834 1845/122/1844 1844/119/1843
f 1837/119/1836 1839/123/1838 1835/124/1834
f 1835/124/1834 1838/122/1837 1837/119/1836
f 1844/119/1843 1828/115/1827 1827/118/1826
f 1827/118/1826 1846/123/1845 1844/119/1843
f 1844/119/1843 1845/122/1844 1831/120/1830
f 1831/120/1830 1828/115/1827 1844/119/1843
f 1829/116/1828 1828/115/1827 1831/120/1830
f 1827/118/1826 1828/115/1827 1829/116/1828
f 1829/116/1828 1830/117/1829 1827/118/1826
f 1831/120/1830 1832/121/1831 1829/116/1828
f 806/115/806 807/118/807 804/117/804
f 804/117/804 805/116/805 806/115/806
f 807/118/807 806/115/806 829/119/829
f 829/119/829 806/115/806 809/120/809
f 809/120/809 806/115/806 805/116/805
f 829/119/829 831/123/831 807/118/807
f 830/124/830 831/123/831 829/119/829
f 829/119/829 828/122/828 830/124/830
f 809/120/809 828/122/828 829/119/829
f 805/116/805 808/121/808 809/120/809
f 830/124/830 841/123/841 840/119/840
f 840/119/840 839/122/839 830/124/830
f 830/124/830 834/123/834 833/119/833
f 833/119/833 832/122/832 830/124/830
f 840/119/840 841/123/841 822/118/822
f 822/118/822 825/115/825 840/119/840
f 840/119/840 825/115/825 827/120/827
f 827/120/827 839/122/839 840/119/840
f 824/116/824 825/115/825 822/118/822
f 822/118/822 823/117/823 824/116/824
f 827/120/827 825/115/825 824/116/824
f 824/116/824 826/121/826 827/120/827
f 2356/151/2194 2357/152/2195 2354/153/2192
f 2354/153/2192 2355/154/2193 2356/151/2194
f 2276/155/2114 2277/156/2115 2274/157/2112
f 2274/157/2112 2275/158/2113 2276/155/2114
f 1419/100/1418 1422/130/1421 1421/99/1420
f 1586/129/1585 1422/130/1421 1419/100/1418
f 1419/100/1418 1585/126/1584 1586/129/1585
f 1587/132/1586 1586/129/1585 1585/126/1584
f 1585/126/1584 1588/131/1587 1587/132/1586
f 2196/151/2194 2197/152/2195 2194/153/2192
f 2194/153/2192 2195/154/2193 2196/151/2194
f 2116/155/2114 2117/156/2115 2114/157/2112
f 2114/157/2112 2115/158/2113 2116/155/2114
f 1287/87/1286 1288/208/1287 1285/209/1284
f 1285/209/1284 1284/86/1283 1287/87/1286
f 1284/86/1283 1285/209/1284 1283/90/1282
f 1283/90/1282 1290/210/1289 1291/53/1290
f 1291/53/1290 1276/81/1275 1283/90/1282
f 1283/90/1282 1282/83/1281 1284/86/1283
f 1282/83/1281 1283/90/1282 1276/81/1275
f 1298/211/1297 1606/52/1605 1291/53/1290
f 1276/81/1275 1291/53/1290 1606/52/1605
f 1606/52/1605 1277/50/1276 1276/81/1275
f 1276/81/1275 1279/84/1278 1282/83/1281
f 1278/43/1277 1279/84/1278 1276/81/1275
f 1223/187/1222 1227/189/1226 1226/188/1225
f 1226/188/1225 1224/103/1223 1223/187/1222
f 1222/101/1221 1223/187/1222 1224/103/1223
f 590/212/590 225/213/225 232/214/232
f 591/215/591 590/212/590 633/216/633
f 637/145/637 591/215/591 634/150/634
f 633/216/633 634/150/634 591/215/591
f 634/150/634 633/216/633 627/217/627
f 633/216/633 232/214/232 231/218/231
f 231/218/231 627/217/627 633/216/633
f 224/212/224 228/216/228 232/214/232
f 232/214/232 225/213/225 224/212/224
f 231/218/231 232/214/232 228/216/228
f 222/219/222 224/212/224 225/213/225
f 228/216/228 224/212/224 223/215/223
f 224/212/224 222/219/222 221/211/221
f 221/211/221 223/215/223 224/212/224
f 222/219/222 220/220/220 216/221/216
f 216/221/216 221/211/221 222/219/222
f 215/53/215 593/52/593 221/211/221
f 221/211/221 216/221/216 215/53/215
f 223/215/223 221/211/221 593/52/593
f 227/150/227 223/215/223 594/145/594
f 593/52/593 594/145/594 223/215/223
f 223/215/223 227/150/227 228/216/228
f 228/216/228 230/217/230 231/218/231
f 230/217/230 228/216/228 227/150/227
f 594/145/594 647/144/647 227/150/227
f 229/222/229 227/150/227 647/144/647
f 227/150/227 229/222/229 230/217/230
f 647/144/647 594/145/594 191/49/191
f 594/145/594 593/52/593 203/50/203
f 203/50/203 191/49/191 594/145/594
f 593/52/593 215/53/215 200/81/200
f 200/81/200 203/50/203 593/52/593
f 203/50/203 202/43/202 192/46/192
f 192/46/192 191/49/191 203/50/203
f 202/43/202 203/50/203 200/81/200
f 646/143/646 191/49/191 194/51/194
f 191/49/191 646/143/646 647/144/647
f 193/47/193 194/51/194 191/49/191
f 191/49/191 192/46/192 193/47/193
f 647/144/647 645/149/645 229/222/229
f 645/149/645 647/144/647 646/143/646
f 646/143/646 194/51/194 648/147/648
f 313/148/313 646/143/646 648/147/648
f 646/143/646 313/148/313 645/149/645
f 199/146/199 648/147/648 194/51/194
f 194/51/194 193/47/193 198/141/198
f 198/141/198 199/146/199 194/51/194
f 193/47/193 196/48/196 197/142/197
f 197/142/197 198/141/198 193/47/193
f 196/48/196 193/47/193 192/46/192
f 461/47/461 196/48/196 195/45/195
f 196/48/196 461/47/461 460/141/460
f 460/141/460 197/142/197 196/48/196
f 192/46/192 195/45/195 196/48/196
f 462/51/462 461/47/461 463/46/463
f 195/45/195 463/46/463 461/47/461
f 461/47/461 462/51/462 459/146/459
f 459/146/459 460/141/460 461/47/461
f 642/43/642 463/46/463 195/45/195
f 195/45/195 205/44/205 642/43/642
f 202/43/202 205/44/205 195/45/195
f 195/45/195 192/46/192 202/43/202
f 463/46/463 642/43/642 643/50/643
f 643/50/643 464/49/464 463/46/463
f 463/46/463 464/49/464 462/51/462
f 462/51/462 604/223/604 603/224/603
f 462/51/462 464/49/464 604/223/604
f 1416/225/1415 1172/226/1171 1175/227/1174
f 1174/127/1173 1175/227/1174 1172/226/1171
f 1172/226/1171 1173/228/1172 1174/127/1173
f 1968/229/1967 1969/230/1968 1416/225/1415
f 1416/225/1415 1423/231/1422 1968/229/1967
f 1415/232/1414 1423/231/1422 1416/225/1415
f 1175/227/1174 1415/232/1414 1416/225/1415
f 1175/227/1174 1177/128/1176 1182/93/1181
f 1182/93/1181 1415/232/1414 1175/227/1174
f 1176/125/1175 1177/128/1176 1175/227/1174
f 1175/227/1174 1174/127/1173 1176/125/1175
f 1174/127/1173 1173/228/1172 1588/131/1587
f 1588/131/1587 1585/126/1584 1174/127/1173
f 1176/125/1175 1174/127/1173 1585/126/1584
f 1585/126/1584 1419/100/1418 1176/125/1175
f 1420/98/1419 1414/97/1413 1176/125/1175
f 1176/125/1175 1419/100/1418 1420/98/1419
f 1181/91/1180 1177/128/1176 1176/125/1175
f 1176/125/1175 1414/97/1413 1181/91/1180
f 1182/93/1181 1177/128/1176 1181/91/1180
f 1195/96/1194 1178/94/1177 1181/91/1180
f 1181/91/1180 1414/97/1413 1195/96/1194
f 1001/55/1001 1003/56/1003 978/57/978
f 978/57/978 981/58/981 1001/55/1001
f 980/59/980 981/58/981 978/57/978
f 978/57/978 979/60/979 980/59/980
f 1002/61/1002 1003/56/1003 1001/55/1001
f 1001/55/1001 1000/62/1000 1002/61/1002
f 1001/55/1001 981/58/981 983/63/983
f 983/63/983 1000/62/1000 1001/55/1001
f 983/63/983 981/58/981 980/59/980
f 980/59/980 982/64/982 983/63/983
f 1002/61/1002 1006/56/1006 1005/55/1005
f 1005/55/1005 1004/62/1004 1002/61/1002
f 1005/55/1005 1006/56/1006 984/57/984
f 984/57/984 987/58/987 1005/55/1005
f 1005/55/1005 987/58/987 989/63/989
f 989/63/989 1004/62/1004 1005/55/1005
f 986/59/986 987/58/987 984/57/984
f 984/57/984 985/60/985 986/59/986
f 989/63/989 987/58/987 986/59/986
f 986/59/986 988/64/988 989/63/989
f 2001/55/2000 1980/58/1979 1979/57/1978
f 1979/57/1978 2004/56/2003 2001/55/2000
f 1981/59/1980 1982/60/1981 1979/57/1978
f 1979/57/1978 1980/58/1979 1981/59/1980
f 2001/55/2000 2004/56/2003 2003/61/2002
f 2003/61/2002 2002/62/2001 2001/55/2000
f 2001/55/2000 2002/62/2001 1983/63/1982
f 1983/63/1982 1980/58/1979 2001/55/2000
f 1981/59/1980 1980/58/1979 1983/63/1982
f 1983/63/1982 1984/64/1983 1981/59/1980
f 2005/55/2004 2007/56/2006 2003/61/2002
f 2003/61/2002 2006/62/2005 2005/55/2004
f 2005/55/2004 1986/58/1985 1985/57/1984
f 1985/57/1984 2007/56/2006 2005/55/2004
f 2005/55/2004 2006/62/2005 1989/63/1988
f 1989/63/1988 1986/58/1985 2005/55/2004
f 1987/59/1986 1986/58/1985 1989/63/1988
f 1985/57/1984 1986/58/1985 1987/59/1986
f 1987/59/1986 1988/60/1987 1985/57/1984
f 1989/63/1988 1990/64/1989 1987/59/1986
f 566/131/566 99/228/99 98/127/98
f 103/91/103 100/128/100 106/93/106
f 103/91/103 102/94/102 118/96/118
f 106/93/106 104/92/104 103/91/103
f 102/94/102 103/91/103 104/92/104
f 144/233/144 104/92/104 106/93/106
f 104/92/104 144/233/144 143/234/143
f 143/234/143 105/235/105 104/92/104
f 104/92/104 105/235/105 102/94/102
f 105/235/105 143/234/143 152/236/152
f 152/236/152 122/237/122 105/235/105
f 122/237/122 152/236/152 153/238/153
f 2059/239/2057 2066/240/2064 2065/241/2063
f 2055/242/2053 2065/241/2063 2066/240/2064
f 2065/241/2063 2055/242/2053 1163/243/1162
f 1163/243/1162 1500/244/1499 2065/241/2063
f 2066/240/2064 2054/245/2052 2055/242/2053
f 1164/246/1163 1163/243/1162 2055/242/2053
f 2055/242/2053 2050/247/2048 1164/246/1163
f 2050/247/2048 2055/242/2053 2054/245/2052
f 2054/245/2052 2052/248/2050 2050/247/2048
f 2051/249/2049 2050/247/2048 2052/248/2050
f 2050/247/2048 2051/249/2049 1171/250/1170
f 1171/250/1170 1164/246/1163 2050/247/2048
f 2052/248/2050 2053/251/2051 2051/249/2049
f 2140/252/2138 2141/253/2139 2138/254/2136
f 2138/254/2136 2139/255/2137 2140/252/2138
f 2220/256/2218 2221/257/2219 2218/258/2216
f 2218/258/2216 2219/259/2217 2220/256/2218
f 1057/260/1056 1059/239/1058 1060/261/1059
f 165/88/165 212/87/212 211/208/211
f 211/208/211 166/262/166 165/88/165
f 162/87/162 165/88/165 166/262/166
f 212/87/212 209/86/209 208/209/208
f 208/209/208 211/208/211 212/87/212
f 209/86/209 207/83/207 206/90/206
f 206/90/206 208/209/208 209/86/209
f 207/83/207 201/84/201 200/81/200
f 200/81/200 206/90/206 207/83/207
f 215/53/215 213/210/213 206/90/206
f 206/90/206 200/81/200 215/53/215
f 208/209/208 206/90/206 213/210/213
f 219/263/219 218/264/218 208/209/208
f 1975/115/1974 1976/116/1975 1973/117/1972
f 1973/117/1972 1974/118/1973 1975/115/1974
f 1997/119/1996 1975/115/1974 1974/118/1973
f 1977/120/1976 1975/115/1974 1997/119/1996
f 1976/116/1975 1975/115/1974 1977/120/1976
f 1977/120/1976 1978/121/1977 1976/116/1975
f 1997/119/1996 1998/122/1997 1977/120/1976
f 1974/118/1973 2000/123/1999 1997/119/1996
f 1997/119/1996 2000/123/1999 1999/124/1998
f 1999/124/1998 1998/122/1997 1997/119/1996
f 2008/119/2007 2010/123/2009 1999/124/1998
f 1999/124/1998 2009/122/2008 2008/119/2007
f 2008/119/2007 1992/115/1991 1991/118/1990
f 1991/118/1990 2010/123/2009 2008/119/2007
f 2008/119/2007 2009/122/2008 1995/120/1994
f 1995/120/1994 1992/115/1991 2008/119/2007
f 1993/116/1992 1992/115/1991 1995/120/1994
f 1991/118/1990 1992/115/1991 1993/116/1992
f 1993/116/1992 1994/117/1993 1991/118/1990
f 1995/120/1994 1996/121/1995 1993/116/1992
f 974/115/974 975/118/975 972/117/972
f 972/117/972 973/116/973 974/115/974
f 975/118/975 974/115/974 997/119/997
f 997/119/997 974/115/974 977/120/977
f 977/120/977 974/115/974 973/116/973
f 997/119/997 999/123/999 975/118/975
f 998/124/998 999/123/999 997/119/997
f 997/119/997 996/122/996 998/124/998
f 977/120/977 996/122/996 997/119/997
f 973/116/973 976/121/976 977/120/977
f 998/124/998 1009/123/1009 1008/119/1008
f 1008/119/1008 1007/122/1007 998/124/998
f 1008/119/1008 1009/123/1009 990/118/990
f 990/118/990 993/115/993 1008/119/1008
f 1008/119/1008 993/115/993 995/120/995
f 995/120/995 1007/122/1007 1008/119/1008
f 992/116/992 993/115/993 990/118/990
f 990/118/990 991/117/991 992/116/992
f 995/120/995 993/115/993 992/116/992
f 992/116/992 994/121/994 995/120/995
f 1506/49/1505 1644/145/1643 1649/52/1648
f 1643/144/1642 1644/145/1643 1506/49/1505
f 1506/49/1505 1613/223/1612 1643/144/1642
f 1502/51/1501 1613/223/1612 1506/49/1505
f 1502/51/1501 1612/224/1611 1613/223/1612
f 1501/146/1500 1612/224/1611 1502/51/1501
f 1501/146/1500 1502/51/1501 1503/47/1502
f 1613/223/1612 1555/186/1554 1645/149/1644
f 1645/149/1644 1643/144/1642 1613/223/1612
f 1555/186/1554 1613/223/1612 1612/224/1611
f 1501/146/1500 1554/185/1553 1612/224/1611
f 1612/224/1611 1554/185/1553 1555/186/1554
f 1554/185/1553 1501/146/1500 1553/184/1552
f 1503/47/1502 1504/141/1503 1501/146/1500
f 1555/186/1554 1554/185/1553 1552/182/1551
f 1553/184/1552 1552/182/1551 1554/185/1553
f 1646/178/1645 1645/149/1644 1555/186/1554
f 1555/186/1554 1556/179/1555 1646/178/1645
f 1552/182/1551 1556/179/1555 1555/186/1554
f 1556/179/1555 1552/182/1551 522/180/522
f 1552/182/1551 1553/184/1552 519/183/519
f 519/183/519 522/180/522 1552/182/1551
f 1556/179/1555 526/181/526 641/177/641
f 2300/252/2138 2301/253/2139 2298/254/2136
f 2298/254/2136 2299/255/2137 2300/252/2138
f 2380/256/2218 2381/257/2219 2378/258/2216
f 2378/258/2216 2379/259/2217 2380/256/2218
f 2460/252/2138 2461/253/2139 2458/254/2136
f 2458/254/2136 2459/255/2137 2460/252/2138
f 2540/256/2218 2541/257/2219 2538/258/2216
f 2538/258/2216 2539/259/2217 2540/256/2218
f 1051/249/1050 95/250/95 306/265/306
f 1052/247/1051 90/246/90 95/250/95
f 95/250/95 1051/249/1050 1052/247/1051
f 306/265/306 1067/266/1066 1051/249/1050
f 1067/266/1066 306/265/306 305/267/305
f 1053/251/1052 1051/249/1050 1067/266/1066
f 1054/248/1053 1052/247/1051 1051/249/1050
f 1051/249/1050 1053/251/1052 1054/248/1053
f 90/246/90 1052/247/1051 1056/242/1055
f 1052/247/1051 1054/248/1053 1055/245/1054
f 1055/245/1054 1056/242/1055 1052/247/1051
f 1056/242/1055 87/243/87 90/246/90
f 89/268/89 90/246/90 87/243/87
f 1073/240/1072 1072/241/1071 1056/242/1055
f 1056/242/1055 1055/245/1054 1073/240/1072
f 1193/102/1192 1196/104/1195 1197/105/1196
f 1193/102/1192 1194/106/1193 1178/94/1177
f 1179/235/1178 1178/94/1177 1194/106/1193
f 1178/94/1177 1179/235/1178 1180/92/1179
f 1199/269/1198 1198/237/1197 1194/106/1193
f 1194/106/1193 1197/105/1196 1199/269/1198
f 1194/106/1193 1198/237/1197 1179/235/1178
f 1199/269/1198 1197/105/1196 1208/270/1207
f 1197/105/1196 1196/104/1195 1207/271/1206
f 1207/271/1206 1208/270/1207 1197/105/1196
f 1207/271/1206 1196/104/1195 1226/188/1225
f 1224/103/1223 1226/188/1225 1196/104/1195
f 1209/171/1208 1207/271/1206 1231/190/1230
f 1226/188/1225 1231/190/1230 1207/271/1206
f 1210/272/1209 1208/270/1207 1207/271/1206
f 1207/271/1206 1209/171/1208 1210/272/1209
f 1212/273/1211 1211/274/1210 1208/270/1207
f 1208/270/1207 1210/272/1209 1212/273/1211
f 1208/270/1207 1211/274/1210 1199/269/1198
f 1965/169/1964 1210/272/1209 1209/171/1208
f 1212/273/1211 1210/272/1209 1965/169/1964
f 1209/171/1208 1246/170/1245 1965/169/1964
f 1246/170/1245 1209/171/1208 1232/167/1231
f 1231/190/1230 1232/167/1231 1209/171/1208
f 1232/167/1231 1231/190/1230 1230/191/1229
f 1231/190/1230 1226/188/1225 1227/189/1226
f 1227/189/1226 1230/191/1229 1231/190/1230
f 1232/167/1231 1243/168/1242 1246/170/1245
f 1243/168/1242 1232/167/1231 1233/166/1232
f 1230/191/1229 1233/166/1232 1232/167/1231
f 1245/172/1244 1965/169/1964 1246/170/1245
f 1245/172/1244 1246/170/1245 1243/168/1242
f 1966/175/1965 1965/169/1964 1245/172/1244
f 1965/169/1964 1966/175/1965 1212/273/1211
f 1966/175/1965 1245/172/1244 1244/174/1243
f 1243/168/1242 1244/174/1243 1245/172/1244
f 1233/166/1232 1247/173/1246 1243/168/1242
f 1244/174/1243 1243/168/1242 1247/173/1246
f 1244/174/1243 1971/275/1970 1966/175/1965
f 1971/275/1970 1244/174/1243 1248/176/1247
f 1247/173/1246 1248/176/1247 1244/174/1243
f 1212/273/1211 1966/175/1965 1971/275/1970
f 1248/176/1247 1972/276/1971 1971/275/1970
f 1235/277/1234 1971/275/1970 1972/276/1971
f 1971/275/1970 1235/277/1234 1212/273/1211
f 1211/274/1210 1212/273/1211 1235/277/1234
f 1972/276/1971 1218/278/1217 1235/277/1234
f 1235/277/1234 1234/279/1233 1211/274/1210
f 1234/279/1233 1235/277/1234 1218/278/1217
f 1199/269/1198 1211/274/1210 1234/279/1233
f 1218/278/1217 1217/280/1216 1234/279/1233
f 1229/238/1228 1234/279/1233 1217/280/1216
f 1234/279/1233 1229/238/1228 1199/269/1198
f 1215/281/1214 1218/278/1217 1967/282/1966
f 1217/280/1216 1218/278/1217 1215/281/1214
f 1217/280/1216 1206/283/1205 1229/238/1228
f 1215/281/1214 1213/284/1212 1217/280/1216
f 1203/285/1202 1206/283/1205 1217/280/1216
f 1217/280/1216 1213/284/1212 1203/285/1202
f 1198/237/1197 1199/269/1198 1229/238/1228
f 1229/238/1228 1228/236/1227 1198/237/1197
f 1228/236/1227 1229/238/1228 1206/283/1205
f 1206/283/1205 1205/286/1204 1228/236/1227
f 1205/286/1204 1206/283/1205 1203/285/1202
f 1204/287/1203 1203/285/1202 1213/284/1212
f 1203/285/1202 1200/288/1199 1205/286/1204
f 1200/288/1199 1203/285/1202 1204/287/1203
f 2620/252/2138 2621/253/2139 2618/254/2136
f 2618/254/2136 2619/255/2137 2620/252/2138
f 2700/256/2218 2701/257/2219 2698/258/2216
f 2698/258/2216 2699/259/2217 2700/256/2218
f 459/146/459 462/51/462 603/224/603
f 459/146/459 603/224/603 523/185/523
f 520/184/520 459/146/459 523/185/523
f 603/224/603 604/223/604 524/186/524
f 524/186/524 523/185/523 603/224/603
f 604/223/604 638/144/638 639/149/639
f 639/149/639 524/186/524 604/223/604
f 638/144/638 604/223/604 464/49/464
f 644/52/644 637/145/637 464/49/464
f 464/49/464 643/50/643 644/52/644
f 464/49/464 637/145/637 638/144/638
f 2780/252/2338 2781/253/2339 2778/254/2336
f 2778/254/2336 2779/255/2337 2780/252/2338
f 2860/256/2418 2861/257/2419 2858/258/2416
f 2858/258/2416 2859/259/2417 2860/256/2418
f 2940/252/2498 2941/253/2499 2938/254/2496
f 2938/254/2496 2939/255/2497 2940/252/2498
f 3020/256/2578 3021/257/2579 3018/258/2576
f 3018/258/2576 3019/259/2577 3020/256/2578
f 3280/289/2838 3281/290/2839 3278/291/2836
f 3278/291/2836 3279/292/2837 3280/289/2838
f 3200/293/2758 3201/294/2759 3198/295/2756
f 3198/295/2756 3199/296/2757 3200/293/2758
f 3100/252/2658 3101/253/2659 3098/254/2656
f 3098/254/2656 3099/255/2657 3100/252/2658
f 3180/256/2738 3181/257/2739 3178/258/2736
f 3178/258/2736 3179/259/2737 3180/256/2738
f 3320/297/2878 3321/298/2879 3318/299/2876
f 3318/299/2876 3319/300/2877 3320/297/2878
f 3240/301/2798 3241/302/2799 3238/303/2796
f 3238/303/2796 3239/304/2797 3240/301/2798
f 87/243/87 1056/242/1055 1072/241/1071
f 1072/241/1071 458/244/458 87/243/87
f 88/305/88 87/243/87 458/244/458
f 87/243/87 88/305/88 89/268/89
f 458/244/458 1072/241/1071 1057/260/1056
f 1072/241/1071 1073/240/1072 1059/239/1058
f 1059/239/1058 1057/260/1056 1072/241/1071
f 1057/260/1056 277/306/277 458/244/458
f 456/307/456 458/244/458 277/306/277
f 458/244/458 456/307/456 88/305/88
f 91/308/91 88/305/88 456/307/456
f 273/309/273 274/310/274 275/311/275
f 278/312/278 275/311/275 274/310/274
f 274/310/274 277/306/277 278/312/278
f 275/311/275 278/312/278 279/313/279
f 278/312/278 1058/314/1057 1062/315/1061
f 1062/315/1061 279/313/279 278/312/278
f 1058/314/1057 278/312/278 277/306/277
f 277/306/277 1057/260/1056 1058/314/1057
f 1058/314/1057 1060/261/1059 1061/316/1060
f 1061/316/1060 1062/315/1061 1058/314/1057
f 1060/261/1059 1058/314/1057 1057/260/1056
f 1344/312/1343 279/313/279 1062/315/1061
f 1062/315/1061 2056/314/2054 1344/312/1343
f 2056/314/2054 1062/315/1061 1061/316/1060
f 1061/316/1060 2058/261/2056 2056/314/2054
f 2057/260/2055 2056/314/2054 2058/261/2056
f 2056/314/2054 2057/260/2055 1345/306/1344
f 1345/306/1344 1344/312/1343 2056/314/2054
f 2058/261/2056 2059/239/2057 2057/260/2055
f 1500/244/1499 1345/306/1344 2057/260/2055
f 2057/260/2055 2065/241/2063 1500/244/1499
f 2065/241/2063 2057/260/2055 2059/239/2057
f 3120/289/2678 3121/290/2679 3118/291/2676
f 3118/291/2676 3119/292/2677 3120/289/2678
f 3040/293/2598 3041/294/2599 3038/295/2596
f 3038/295/2596 3039/296/2597 3040/293/2598
f 3160/297/2718 3161/298/2719 3158/299/2716
f 3158/299/2716 3159/300/2717 3160/297/2718
f 3080/301/2638 3081/302/2639 3078/303/2636
f 3078/303/2636 3079/304/2637 3080/301/2638
f 3260/252/2818 3261/253/2819 3258/254/2816
f 3258/254/2816 3259/255/2817 3260/252/2818
f 3340/256/2898 3341/257/2899 3338/258/2896
f 3338/258/2896 3339/259/2897 3340/256/2898
f 2960/289/2518 2961/290/2519 2958/291/2516
f 2958/291/2516 2959/292/2517 2960/289/2518
f 2880/293/2438 2881/294/2439 2878/295/2436
f 2878/295/2436 2879/296/2437 2880/293/2438
f 1550/194/1549 1551/317/1550 1549/196/1548
f 515/196/515 517/317/517 518/194/518
f 3000/297/2558 3001/298/2559 2998/299/2556
f 2998/299/2556 2999/300/2557 3000/297/2558
f 2920/301/2478 2921/302/2479 2918/303/2476
f 2918/303/2476 2919/304/2477 2920/301/2478
f 2800/289/2358 2801/290/2359 2798/291/2356
f 2798/291/2356 2799/292/2357 2800/289/2358
f 2720/293/2278 2721/294/2279 2718/295/2276
f 2718/295/2276 2719/296/2277 2720/293/2278
f 2840/297/2398 2841/298/2399 2838/299/2396
f 2838/299/2396 2839/300/2397 2840/297/2398
f 2760/301/2318 2761/302/2319 2758/303/2316
f 2758/303/2316 2759/304/2317 2760/301/2318
f 107/318/107 109/319/109 110/320/110
f 107/318/107 108/321/108 109/319/109
f 109/319/109 108/321/108 1091/322/1090
f 2680/297/2198 2681/298/2199 2678/299/2196
f 2678/299/2196 2679/300/2197 2680/297/2198
f 2600/301/2240 2601/302/2119 2598/303/2116
f 2598/303/2116 2599/304/2117 2600/301/2240
f 2640/289/2158 2641/290/2159 2638/291/2156
f 2638/291/2156 2639/292/2157 2640/289/2158
f 2560/293/2078 2561/294/2236 2558/295/2076
f 2558/295/2076 2559/296/2077 2560/293/2078
f 2520/297/2198 2521/298/2199 2518/299/2196
f 2518/299/2196 2519/300/2197 2520/297/2198
f 2440/301/2240 2441/302/2119 2438/303/2116
f 2438/303/2116 2439/304/2117 2440/301/2240
f 2480/289/2158 2481/290/2159 2478/291/2156
f 2478/291/2156 2479/292/2157 2480/289/2158
f 2400/293/2078 2401/294/2079 2398/295/2076
f 2398/295/2076 2399/296/2077 2400/293/2078
f 2360/297/2198 2361/298/2199 2358/299/2196
f 2358/299/2196 2359/300/2197 2360/297/2198
f 2280/301/2240 2281/302/2119 2278/303/2116
f 2278/303/2116 2279/304/2117 2280/301/2240
f 1109/323/1108 1100/324/1099 1486/325/1485
f 1486/325/1485 1487/326/1486 1109/323/1108
f 1106/327/1105 1109/323/1108 1487/326/1486
f 1106/327/1105 1493/328/1492 1107/329/1106
f 1106/327/1105 1494/330/1493 1493/328/1492
f 1494/330/1493 1106/327/1105 1514/331/1513
f 1514/331/1513 1106/327/1105 1488/332/1487
f 1487/326/1486 1488/332/1487 1106/327/1105
f 1487/326/1486 1486/325/1485 1110/333/1109
f 1110/333/1109 1113/334/1112 1487/326/1486
f 1488/332/1487 1487/326/1486 1113/334/1112
f 1318/335/1317 1110/333/1109 1486/325/1485
f 1486/325/1485 1485/336/1484 1318/335/1317
f 1485/336/1484 1486/325/1485 1100/324/1099
f 1111/337/1110 1110/333/1109 1318/335/1317
f 1112/338/1111 1113/334/1112 1110/333/1109
f 1110/333/1109 1111/337/1110 1112/338/1111
f 1113/334/1112 1115/339/1114 1488/332/1487
f 1114/340/1113 1115/339/1114 1113/334/1112
f 1113/334/1112 1112/338/1111 1114/340/1113
f 1488/332/1487 1515/341/1514 1514/331/1513
f 1515/341/1514 1488/332/1487 1115/339/1114
f 1115/339/1114 1147/342/1146 1515/341/1514
f 1146/343/1145 1147/342/1146 1115/339/1114
f 1115/339/1114 1114/340/1113 1146/343/1145
f 1114/340/1113 1116/344/1115 1151/345/1150
f 1151/345/1150 1146/343/1145 1114/340/1113
f 1116/344/1115 1114/340/1113 1112/338/1111
f 1117/346/1116 1112/338/1111 1111/337/1110
f 1112/338/1111 1117/346/1116 1116/344/1115
f 1593/347/1592 1592/348/1591 1116/344/1115
f 1116/344/1115 1117/346/1116 1593/347/1592
f 1151/345/1150 1116/344/1115 1592/348/1591
f 1592/348/1591 1590/349/1589 1151/345/1150
f 1150/350/1149 1151/345/1150 1590/349/1589
f 1146/343/1145 1151/345/1150 1150/350/1149
f 1150/350/1149 1148/351/1147 1146/343/1145
f 1147/342/1146 1146/343/1145 1148/351/1147
f 1538/352/1537 1150/350/1149 1591/353/1590
f 1590/349/1589 1591/353/1590 1150/350/1149
f 1539/354/1538 1148/351/1147 1150/350/1149
f 1150/350/1149 1538/352/1537 1539/354/1538
f 1590/349/1589 1592/348/1591 572/355/572
f 572/355/572 571/356/571 1590/349/1589
f 1591/353/1590 1590/349/1589 571/356/571
f 575/357/575 572/355/572 1592/348/1591
f 1592/348/1591 1593/347/1592 575/357/575
f 573/348/573 572/355/572 575/357/575
f 569/349/569 571/356/571 572/355/572
f 572/355/572 573/348/573 569/349/569
f 571/356/571 570/358/570 1591/353/1590
f 571/356/571 569/349/569 568/353/568
f 568/353/568 570/358/570 571/356/571
f 1591/353/1590 1595/359/1594 1538/352/1537
f 1595/359/1594 1591/353/1590 570/358/570
f 570/358/570 579/360/579 1595/359/1594
f 578/359/578 579/360/579 570/358/570
f 570/358/570 568/353/568 578/359/578
f 501/352/501 578/359/578 568/353/568
f 568/353/568 74/350/74 501/352/501
f 74/350/74 568/353/568 569/349/569
f 75/345/75 569/349/569 573/348/573
f 569/349/569 75/345/75 74/350/74
f 500/354/500 501/352/501 74/350/74
f 74/350/74 73/351/73 500/354/500
f 71/343/71 73/351/73 74/350/74
f 74/350/74 75/345/75 71/343/71
f 2200/297/2198 2201/298/2199 2198/299/2196
f 2198/299/2196 2199/300/2197 2200/297/2198
f 2120/301/2118 2121/302/2119 2118/303/2116
f 2118/303/2116 2119/304/2117 2120/301/2118
f 2320/289/2158 2321/290/2159 2318/291/2156
f 2318/291/2156 2319/292/2157 2320/289/2158
f 2240/293/2078 2241/294/2236 2238/295/2076
f 2238/295/2076 2239/296/2077 2240/293/2078
f 2160/289/2158 2161/290/2159 2158/291/2156
f 2158/291/2156 2159/292/2157 2160/289/2158
f 2080/293/2078 2081/294/2079 2078/295/2076
f 2078/295/2076 2079/296/2077 2080/293/2078
f 1594/361/1593 1595/359/1594 579/360/579
f 1145/362/1144 1594/361/1593 577/363/577
f 577/363/577 69/364/69 1145/362/1144
f 1142/365/1141 1145/362/1144 69/364/69
f 1145/362/1144 1142/365/1141 1141/366/1140
f 1141/366/1140 1144/367/1143 1145/362/1144
f 576/361/576 577/363/577 579/360/579
f 577/363/577 576/361/576 67/362/67
f 67/362/67 69/364/69 577/363/577
f 69/364/69 66/368/66 1142/365/1141
f 69/364/69 67/362/67 63/365/63
f 63/365/63 66/368/66 69/364/69
f 1143/369/1142 1142/365/1141 66/368/66
f 1142/365/1141 1143/369/1142 1140/370/1139
f 1140/370/1139 1141/366/1140 1142/365/1141
f 66/368/66 65/371/65 1143/369/1142
f 871/55/871 873/56/873 848/57/848
f 848/57/848 851/58/851 871/55/871
f 850/59/850 851/58/851 848/57/848
f 848/57/848 849/60/849 850/59/850
f 872/61/872 873/56/873 871/55/871
f 871/55/871 870/62/870 872/61/872
f 871/55/871 851/58/851 853/63/853
f 853/63/853 870/62/870 871/55/871
f 853/63/853 851/58/851 850/59/850
f 850/59/850 852/64/852 853/63/853
f 872/61/872 876/56/876 875/55/875
f 875/55/875 874/62/874 872/61/872
f 875/55/875 876/56/876 854/57/854
f 854/57/854 857/58/857 875/55/875
f 875/55/875 857/58/857 859/63/859
f 859/63/859 874/62/874 875/55/875
f 856/59/856 857/58/857 854/57/854
f 854/57/854 855/60/855 856/59/856
f 859/63/859 857/58/857 856/59/856
f 856/59/856 858/64/858 859/63/859
f 1875/55/1874 1854/58/1853 1853/57/1852
f 1853/57/1852 1878/56/1877 1875/55/1874
f 1855/59/1854 1856/60/1855 1853/57/1852
f 1853/57/1852 1854/58/1853 1855/59/1854
f 1875/55/1874 1878/56/1877 1877/61/1876
f 1877/61/1876 1876/62/1875 1875/55/1874
f 1875/55/1874 1876/62/1875 1857/63/1856
f 1857/63/1856 1854/58/1853 1875/55/1874
f 1855/59/1854 1854/58/1853 1857/63/1856
f 1857/63/1856 1858/64/1857 1855/59/1854
f 1879/55/1878 1881/56/1880 1877/61/1876
f 1877/61/1876 1880/62/1879 1879/55/1878
f 1879/55/1878 1860/58/1859 1859/57/1858
f 1859/57/1858 1881/56/1880 1879/55/1878
f 1879/55/1878 1880/62/1879 1863/63/1862
f 1863/63/1862 1860/58/1859 1879/55/1878
f 1861/59/1860 1860/58/1859 1863/63/1862
f 1859/57/1858 1860/58/1859 1861/59/1860
f 1861/59/1860 1862/60/1861 1859/57/1858
f 1863/63/1862 1864/64/1863 1861/59/1860
f 40/372/40 39/373/39 1121/374/1120
f 36/374/36 39/373/39 40/372/40
f 39/373/39 36/374/36 35/375/35
f 35/375/35 38/376/38 39/373/39
f 505/377/505 38/376/38 35/375/35
f 37/378/37 36/374/36 41/379/41
f 40/372/40 41/379/41 36/374/36
f 336/380/336 37/378/37 42/381/42
f 41/379/41 42/381/42 37/378/37
f 42/381/42 335/382/335 336/380/336
f 1120/378/1119 1124/381/1123 1123/379/1122
f 1394/383/1393 1389/380/1388 1120/378/1119
f 1124/381/1123 1120/378/1119 1389/380/1388
f 1389/380/1388 1390/382/1389 1124/381/1123
f 1389/380/1388 1394/383/1393 1393/384/1392
f 1393/384/1392 1391/385/1390 1389/380/1388
f 1390/382/1389 1389/380/1388 1391/385/1390
f 1391/385/1390 1392/386/1391 1390/382/1389
f 1391/385/1390 1393/384/1392 1512/387/1511
f 1512/387/1511 1510/388/1509 1391/385/1390
f 1392/386/1391 1391/385/1390 1510/388/1509
f 1512/387/1511 1393/384/1392 1397/389/1396
f 1397/389/1396 1393/384/1392 1394/383/1393
f 1394/383/1393 1396/390/1395 1397/389/1396
f 1513/391/1512 1397/389/1396 1403/392/1402
f 1399/393/1398 1403/392/1402 1397/389/1396
f 1397/389/1396 1396/390/1395 1399/393/1398
f 1397/389/1396 1513/391/1512 1512/387/1511
f 1152/394/1151 1137/395/1136 1512/387/1511
f 1512/387/1511 1513/391/1512 1152/394/1151
f 1510/388/1509 1512/387/1511 1137/395/1136
f 1137/395/1136 1138/396/1137 1510/388/1509
f 1511/397/1510 1510/388/1509 1138/396/1137
f 1510/388/1509 1511/397/1510 1392/386/1391
f 1153/398/1152 1135/399/1134 1137/395/1136
f 1137/395/1136 1152/394/1151 1153/398/1152
f 1133/400/1132 1138/396/1137 1137/395/1136
f 1137/395/1136 1135/399/1134 1133/400/1132
f 1543/401/1542 1540/402/1539 1152/394/1151
f 1152/394/1151 1513/391/1512 1543/401/1542
f 1539/354/1538 1153/398/1152 1152/394/1151
f 1152/394/1151 1540/402/1539 1539/354/1538
f 1403/392/1402 1543/401/1542 1513/391/1512
f 1543/401/1542 1403/392/1402 1402/403/1401
f 1402/403/1401 1516/404/1515 1543/401/1542
f 1540/402/1539 1543/401/1542 1516/404/1515
f 1516/404/1515 1149/405/1148 1540/402/1539
f 1540/402/1539 1149/405/1148 1148/351/1147
f 1148/351/1147 1539/354/1538 1540/402/1539
f 1153/398/1152 1539/354/1538 1538/352/1537
f 1541/406/1540 1261/407/1260 1153/398/1152
f 1261/407/1260 1136/408/1135 1153/398/1152
f 1538/352/1537 1541/406/1540 1153/398/1152
f 1135/399/1134 1153/398/1152 1136/408/1135
f 1541/406/1540 1538/352/1537 1595/359/1594
f 1541/406/1540 1144/367/1143 1589/409/1588
f 1595/359/1594 1594/361/1593 1541/406/1540
f 1541/406/1540 1594/361/1593 1144/367/1143
f 1541/406/1540 1589/409/1588 1261/407/1260
f 1264/410/1263 1260/411/1259 1261/407/1260
f 1260/411/1259 1136/408/1135 1261/407/1260
f 1262/412/1261 1134/413/1133 1136/408/1135
f 1136/408/1135 1260/411/1259 1262/412/1261
f 1135/399/1134 1136/408/1135 1134/413/1133
f 1134/413/1133 1133/400/1132 1135/399/1134
f 1131/414/1130 1134/413/1133 1262/412/1261
f 1133/400/1132 1134/413/1133 1131/414/1130
f 1597/207/1596 585/415/585 584/416/584
f 584/416/584 1598/417/1597 1597/207/1596
f 1598/417/1597 584/416/584 538/418/538
f 1596/205/1595 1600/204/1599 1597/207/1596
f 1596/205/1595 1597/207/1596 1598/417/1597
f 538/418/538 1563/419/1562 1598/417/1597
f 1599/420/1598 1598/417/1597 1563/419/1562
f 1598/417/1597 1599/420/1598 1596/205/1595
f 538/418/538 509/421/509 1563/419/1562
f 538/418/538 539/419/539 509/421/509
f 581/420/581 540/422/540 539/419/539
f 507/423/507 509/421/509 539/419/539
f 539/419/539 540/422/540 507/423/507
f 507/423/507 508/424/508 509/421/509
f 509/421/509 508/424/508 510/425/510
f 1563/419/1562 509/421/509 1544/423/1543
f 1562/426/1561 509/421/509 537/427/537
f 509/421/509 1562/426/1561 1561/428/1560
f 1561/428/1560 1546/425/1545 509/421/509
f 509/421/509 1546/425/1545 1545/424/1544
f 1544/423/1543 509/421/509 1545/424/1544
f 536/426/536 537/427/537 509/421/509
f 509/421/509 510/425/510 535/428/535
f 535/428/535 536/426/536 509/421/509
f 1563/419/1562 1564/422/1563 1599/420/1598
f 1544/423/1543 1564/422/1563 1563/419/1562
f 1596/205/1595 1601/203/1600 1600/204/1599
f 1601/203/1600 1548/201/1547 1547/200/1546
f 1547/200/1546 1600/204/1599 1601/203/1600
f 1330/429/1329 1333/430/1332 1334/431/1333
f 1335/432/1334 1085/433/1084 2073/434/2071
f 1335/432/1334 2073/434/2071 2074/435/2072
f 2074/435/2072 2073/434/2071 1330/429/1329
f 2073/434/2071 1085/433/1084 1075/436/1074
f 1075/436/1074 2069/437/2067 2073/434/2071
f 2073/434/2071 2069/437/2067 1330/429/1329
f 1330/429/1329 1332/438/1331 1333/430/1332
f 2075/439/2073 1331/440/1330 1330/429/1329
f 1330/429/1329 2070/441/2068 2075/439/2073
f 2070/441/2068 1330/429/1329 2069/437/2067
f 1330/429/1329 1331/440/1330 1332/438/1331
f 1333/430/1332 1332/438/1331 264/442/264
f 1342/311/1341 280/443/280 279/313/279
f 279/313/279 280/443/280 275/311/275
f 1341/444/1340 1340/309/1339 2061/445/2059
f 2061/445/2059 2060/446/2058 1341/444/1340
f 1340/309/1339 1341/444/1340 1342/311/1341
f 2060/446/2058 2061/445/2059 1324/447/1323
f 1324/447/1323 1323/448/1322 2060/446/2058
f 1328/449/1327 1324/447/1323 2061/445/2059
f 2061/445/2059 2067/450/2065 1328/449/1327
f 2067/450/2065 2061/445/2059 1340/309/1339
f 1340/309/1339 1498/451/1497 2067/450/2065
f 1498/451/1497 1340/309/1339 1343/310/1342
f 1342/311/1341 1343/310/1342 1340/309/1339
f 308/452/308 311/453/311 599/454/599
f 599/454/599 312/455/312 308/452/308
f 311/453/311 308/452/308 307/184/307
f 307/184/307 310/456/310 311/453/311
f 599/454/599 311/453/311 1364/452/1363
f 311/453/311 310/456/310 1365/184/1364
f 1365/184/1364 1364/452/1363 311/453/311
f 1364/452/1363 1366/455/1365 599/454/599
f 1366/455/1365 1364/452/1363 1363/457/1362
f 1364/452/1363 1365/184/1364 1275/146/1274
f 1275/146/1274 1363/457/1362 1364/452/1363
f 1363/457/1362 1367/148/1366 1366/455/1365
f 1275/146/1274 1653/147/1652 1363/457/1362
f 1367/148/1366 1363/457/1362 1653/147/1652
f 279/313/279 1344/312/1343 1342/311/1341
f 1343/310/1342 1342/311/1341 1344/312/1343
f 1343/310/1342 1499/307/1498 1498/451/1497
f 1499/307/1498 1343/310/1342 1345/306/1344
f 1344/312/1343 1345/306/1344 1343/310/1342
f 1498/451/1497 1168/308/1167 2048/458/2046
f 2048/458/2046 2067/450/2065 1498/451/1497
f 1168/308/1167 1498/451/1497 1499/307/1498
f 2067/450/2065 2048/458/2046 1329/459/1328
f 1329/459/1328 1328/449/1327 2067/450/2065
f 1336/460/1335 1329/459/1328 2048/458/2046
f 2048/458/2046 2047/461/2045 1336/460/1335
f 66/368/66 63/365/63 62/369/62
f 62/369/62 65/371/65 66/368/66
f 64/366/64 63/365/63 67/362/67
f 63/365/63 64/366/64 61/370/61
f 61/370/61 62/369/62 63/365/63
f 576/361/576 68/367/68 67/362/67
f 67/362/67 68/367/68 64/366/64
f 1263/462/1262 1262/412/1261 1264/410/1263
f 1262/412/1261 1260/411/1259 1264/410/1263
f 1262/412/1261 1263/462/1262 1131/414/1130
f 1263/462/1262 1264/410/1263 1524/463/1523
f 1263/462/1262 1524/463/1523 1131/414/1130
f 1131/414/1130 1132/464/1131 1133/400/1132
f 1138/396/1137 1133/400/1132 1132/464/1131
f 1132/464/1131 1139/465/1138 1138/396/1137
f 1138/396/1137 1139/465/1138 1511/397/1510
f 1594/361/1593 1145/362/1144 1144/367/1143
f 579/360/579 577/363/577 1594/361/1593
f 1528/466/1527 1529/467/1528 1527/468/1526
f 1187/320/1186 1184/319/1183 1183/318/1182
f 1183/318/1182 1184/319/1183 1185/321/1184
f 1184/319/1183 2077/322/2075 1185/321/1184
f 1179/235/1178 1198/237/1197 1228/236/1227
f 1216/469/1215 1214/470/1213 1213/284/1212
f 1213/284/1212 1215/281/1214 1216/469/1215
f 1213/284/1212 1214/470/1213 1204/287/1203
f 1204/287/1203 1201/471/1200 1200/288/1199
f 1205/286/1204 1200/288/1199 1191/472/1190
f 1202/473/1201 1191/472/1190 1200/288/1199
f 1200/288/1199 1201/471/1200 1202/473/1201
f 1205/286/1204 1190/474/1189 1220/234/1219
f 1220/234/1219 1228/236/1227 1205/286/1204
f 1191/472/1190 1190/474/1189 1205/286/1204
f 1191/472/1190 1202/473/1201 1417/475/1416
f 92/476/92 89/268/89 88/305/88
f 88/305/88 91/308/91 92/476/92
f 89/268/89 92/476/92 93/477/93
f 92/476/92 1049/461/1048 1050/478/1049
f 1050/478/1049 93/477/93 92/476/92
f 1049/461/1048 92/476/92 91/308/91
f 1048/458/1047 91/308/91 457/451/457
f 91/308/91 1048/458/1047 1049/461/1048
f 456/307/456 457/451/457 91/308/91
f 457/451/457 456/307/456 274/310/274
f 277/306/277 274/310/274 456/307/456
f 457/451/457 1074/450/1073 1048/458/1047
f 1074/450/1073 457/451/457 273/309/273
f 274/310/274 273/309/273 457/451/457
f 257/459/257 1048/458/1047 1074/450/1073
f 270/460/270 1049/461/1048 1048/458/1047
f 1048/458/1047 257/459/257 270/460/270
f 1049/461/1048 270/460/270 272/479/272
f 1074/450/1073 258/449/258 257/459/257
f 258/449/258 1074/450/1073 1065/445/1064
f 273/309/273 1065/445/1064 1074/450/1073
f 276/444/276 1064/446/1063 1065/445/1064
f 1065/445/1064 273/309/273 276/444/276
f 251/448/251 1064/446/1063 1063/480/1062
f 1064/446/1063 276/444/276 281/481/281
f 281/481/281 1063/480/1062 1064/446/1063
f 1063/480/1062 252/482/252 251/448/251
f 249/483/249 251/448/251 252/482/252
f 1323/448/1322 252/482/252 1063/480/1062
f 1063/480/1062 2060/446/2058 1323/448/1322
f 2060/446/2058 1063/480/1062 281/481/281
f 281/481/281 1341/444/1340 2060/446/2058
f 1341/444/1340 281/481/281 280/443/280
f 280/443/280 281/481/281 276/444/276
f 276/444/276 275/311/275 280/443/280
f 275/311/275 276/444/276 273/309/273
f 280/443/280 1342/311/1341 1341/444/1340
f 578/359/578 501/352/501 503/406/503
f 501/352/501 500/354/500 76/398/76
f 76/398/76 503/406/503 501/352/501
f 579/360/579 578/359/578 576/361/576
f 503/406/503 576/361/576 578/359/578
f 503/406/503 76/398/76 185/407/185
f 503/406/503 567/409/567 68/367/68
f 503/406/503 68/367/68 576/361/576
f 503/406/503 185/407/185 567/409/567
f 185/407/185 76/398/76 56/408/56
f 77/394/77 76/398/76 500/354/500
f 2047/461/2045 2048/458/2046 1168/308/1167
f 1168/308/1167 1167/476/1166 2047/461/2045
f 1499/307/1498 1166/305/1165 1168/308/1167
f 1167/476/1166 1168/308/1167 1166/305/1165
f 1345/306/1344 1500/244/1499 1499/307/1498
f 1166/305/1165 1499/307/1498 1500/244/1499
f 1500/244/1499 1163/243/1162 1166/305/1165
f 1166/305/1165 1165/268/1164 1167/476/1166
f 1165/268/1164 1166/305/1165 1163/243/1162
f 1167/476/1166 1169/477/1168 2049/478/2047
f 2049/478/2047 2047/461/2045 1167/476/1166
f 1169/477/1168 1167/476/1166 1165/268/1164
f 2047/461/2045 2049/478/2047 1339/479/1338
f 1339/479/1338 1336/460/1335 2047/461/2045
f 1359/484/1358 1339/479/1338 2049/478/2047
f 2049/478/2047 2064/485/2062 1359/484/1358
f 2064/485/2062 2049/478/2047 1169/477/1168
f 1169/477/1168 1360/486/1359 2064/485/2062
f 1360/486/1359 1169/477/1168 1170/487/1169
f 1165/268/1164 1170/487/1169 1169/477/1168
f 1170/487/1169 1165/268/1164 1164/246/1163
f 1163/243/1162 1164/246/1163 1165/268/1164
f 1170/487/1169 1361/488/1360 1360/486/1359
f 1361/488/1360 1170/487/1169 1171/250/1170
f 1164/246/1163 1171/250/1170 1170/487/1169
f 1360/486/1359 301/489/301 1071/490/1070
f 352/491/352 354/492/354 355/493/355
f 482/494/482 354/492/354 352/491/352
f 352/491/352 481/495/481 482/494/482
f 282/496/282 481/495/481 352/491/352
f 352/491/352 7/497/7 282/496/282
f 962/498/962 482/494/482 481/495/481
f 962/498/962 481/495/481 282/496/282
f 282/496/282 285/499/285 962/498/962
f 282/496/282 7/497/7 6/500/6
f 6/500/6 283/501/283 282/496/282
f 284/502/284 285/499/285 282/496/282
f 282/496/282 283/501/283 284/502/284
f 93/477/93 1050/478/1049 1070/485/1069
f 1071/490/1070 2064/485/2062 1360/486/1359
f 301/489/301 1360/486/1359 1361/488/1360
f 2064/485/2062 1071/490/1070 299/503/299
f 299/503/299 1359/484/1358 2064/485/2062
f 304/486/304 1070/485/1069 1071/490/1070
f 1071/490/1070 301/489/301 304/486/304
f 299/503/299 1071/490/1070 1070/485/1069
f 1361/488/1360 302/504/302 301/489/301
f 303/488/303 304/486/304 301/489/301
f 301/489/301 302/504/302 303/488/303
f 1171/250/1170 1362/265/1361 1361/488/1360
f 1409/505/1408 364/506/364 363/507/363
f 363/507/363 364/506/364 358/505/358
f 1362/265/1361 1171/250/1170 2051/249/2049
f 2051/249/2049 2062/266/2060 1362/265/1361
f 2062/266/2060 2051/249/2049 2053/251/2051
f 2053/251/2051 2063/508/2061 2062/266/2060
f 1066/509/1065 2062/266/2060 2063/508/2061
f 2062/266/2060 1066/509/1065 305/267/305
f 305/267/305 1362/265/1361 2062/266/2060
f 2063/508/2061 1068/510/1067 1066/509/1065
f 1069/508/1068 1067/266/1066 1066/509/1065
f 1066/509/1065 1068/510/1067 1069/508/1068
f 305/267/305 1066/509/1065 1067/266/1066
f 1067/266/1066 1069/508/1068 1053/251/1052
f 70/342/70 72/405/72 73/351/73
f 30/340/30 71/343/71 75/345/75
f 75/345/75 31/344/31 30/340/30
f 27/338/27 30/340/30 31/344/31
f 573/348/573 31/344/31 75/345/75
f 574/347/574 32/346/32 31/344/31
f 31/344/31 573/348/573 574/347/574
f 31/344/31 32/346/32 27/338/27
f 575/357/575 574/347/574 573/348/573
f 32/346/32 574/347/574 291/511/291
f 574/347/574 575/357/575 293/512/293
f 293/512/293 291/511/291 574/347/574
f 291/511/291 33/513/33 32/346/32
f 28/337/28 27/338/27 32/346/32
f 32/346/32 33/513/33 28/337/28
f 27/338/27 28/337/28 25/333/25
f 244/514/244 28/337/28 33/513/33
f 28/337/28 244/514/244 243/335/243
f 243/335/243 25/333/25 28/337/28
f 292/515/292 246/516/246 33/513/33
f 33/513/33 291/511/291 292/515/292
f 33/513/33 246/516/246 244/514/244
f 294/517/294 292/515/292 291/511/291
f 1249/518/1248 1216/469/1215 1215/281/1214
f 1215/281/1214 1250/519/1249 1249/518/1248
f 1249/518/1248 1250/519/1249 1251/520/1250
f 1967/282/1966 1250/519/1249 1215/281/1214
f 1967/282/1966 1251/520/1250 1250/519/1249
f 272/479/272 1050/478/1049 1049/461/1048
f 270/460/270 269/521/269 271/522/271
f 271/522/271 272/479/272 270/460/270
f 269/521/269 270/460/270 257/459/257
f 1050/478/1049 272/479/272 300/484/300
f 300/484/300 272/479/272 271/522/271
f 271/522/271 297/523/297 300/484/300
f 297/523/297 271/522/271 247/524/247
f 247/524/247 271/522/271 269/521/269
f 1070/485/1069 300/484/300 299/503/299
f 300/484/300 1070/485/1069 1050/478/1049
f 299/503/299 300/484/300 297/523/297
f 297/523/297 298/525/298 299/503/299
f 298/525/298 297/523/297 296/526/296
f 247/524/247 296/526/296 297/523/297
f 1358/523/1357 1359/484/1358 299/503/299
f 299/503/299 298/525/298 1358/523/1357
f 298/525/298 295/527/295 1357/526/1356
f 1357/526/1356 1358/523/1357 298/525/298
f 296/526/296 295/527/295 298/525/298
f 1359/484/1358 1358/523/1357 1338/522/1337
f 1358/523/1357 1357/526/1356 1320/524/1319
f 1320/524/1319 1338/522/1337 1358/523/1357
f 1338/522/1337 1339/479/1338 1359/484/1358
f 1336/460/1335 1339/479/1338 1338/522/1337
f 1338/522/1337 1337/521/1336 1336/460/1335
f 1615/528/1614 1614/529/1613 1632/530/1631
f 1616/531/1615 1617/532/1616 1614/529/1613
f 1614/529/1613 1615/528/1614 1616/531/1615
f 1620/533/1619 1615/528/1614 1631/534/1630
f 1632/530/1631 1631/534/1630 1615/528/1614
f 1616/531/1615 1615/528/1614 1620/533/1619
f 1631/534/1630 1632/530/1631 1627/535/1626
f 1631/534/1630 1630/536/1629 1620/533/1619
f 1627/535/1626 1630/536/1629 1631/534/1630
f 1629/537/1628 1630/536/1629 1627/535/1626
f 1627/535/1626 1628/538/1627 1629/537/1628
f 1624/539/1623 1620/533/1619 1630/536/1629
f 1630/536/1629 1629/537/1628 1624/539/1623
f 1629/537/1628 1628/538/1627 1621/540/1620
f 1621/540/1620 1624/539/1623 1629/537/1628
f 1625/541/1624 1620/533/1619 1624/539/1623
f 1624/539/1623 1623/542/1622 1625/541/1624
f 1623/542/1622 1624/539/1623 1621/540/1620
f 1621/540/1620 1622/543/1621 1623/542/1622
f 1623/542/1622 1622/543/1621 1626/544/1625
f 1626/544/1625 1625/541/1624 1623/542/1622
f 1633/545/1632 1625/541/1624 1626/544/1625
f 302/504/302 1361/488/1360 1362/265/1361
f 1362/265/1361 305/267/305 302/504/302
f 306/265/306 303/488/303 302/504/302
f 302/504/302 305/267/305 306/265/306
f 304/486/304 303/488/303 94/487/94
f 303/488/303 306/265/306 95/250/95
f 95/250/95 94/487/94 303/488/303
f 1070/485/1069 304/486/304 93/477/93
f 94/487/94 93/477/93 304/486/304
f 90/246/90 89/268/89 94/487/94
f 94/487/94 95/250/95 90/246/90
f 93/477/93 94/487/94 89/268/89
f 242/546/242 254/547/254 255/548/255
f 269/521/269 245/549/245 247/524/247
f 245/549/245 269/521/269 254/547/254
f 257/459/257 254/547/254 269/521/269
f 258/449/258 255/548/255 254/547/254
f 254/547/254 257/459/257 258/449/258
f 256/550/256 255/548/255 248/551/248
f 255/548/255 258/449/258 250/447/250
f 250/447/250 248/551/248 255/548/255
f 11/552/11 441/336/441 256/550/256
f 256/550/256 14/553/14 11/552/11
f 248/551/248 14/553/14 256/550/256
f 251/448/251 249/483/249 248/551/248
f 248/551/248 250/447/250 251/448/251
f 14/553/14 248/551/248 249/483/249
f 1065/445/1064 250/447/250 258/449/258
f 1064/446/1063 251/448/251 250/447/250
f 250/447/250 1065/445/1064 1064/446/1063
f 16/554/16 1104/555/1103 1102/556/1101
f 15/555/15 249/483/249 253/557/253
f 253/557/253 16/554/16 15/555/15
f 252/482/252 253/557/253 249/483/249
f 249/483/249 15/555/15 14/553/14
f 11/552/11 14/553/14 15/555/15
f 1104/555/1103 1105/553/1104 1103/552/1102
f 1103/552/1102 1102/556/1101 1104/555/1103
f 1102/556/1101 1103/552/1102 1100/324/1099
f 1321/483/1320 1322/551/1321 1105/553/1104
f 1105/553/1104 1104/555/1103 1321/483/1320
f 1326/548/1325 1322/551/1321 1324/447/1323
f 1323/448/1322 1324/447/1323 1322/551/1321
f 1322/551/1321 1321/483/1320 1323/448/1322
f 1324/447/1323 1328/449/1327 1326/548/1325
f 252/482/252 1323/448/1322 1321/483/1320
f 253/557/253 1321/483/1320 1104/555/1103
f 1321/483/1320 253/557/253 252/482/252
f 1104/555/1103 16/554/16 253/557/253
f 1316/549/1315 1315/546/1314 1327/547/1326
f 1327/547/1326 1337/521/1336 1316/549/1315
f 1315/546/1314 1316/549/1315 1317/514/1316
f 1337/521/1336 1327/547/1326 1329/459/1328
f 1329/459/1328 1336/460/1335 1337/521/1336
f 1328/449/1327 1329/459/1328 1327/547/1326
f 1327/547/1326 1326/548/1325 1328/449/1327
f 1326/548/1325 1327/547/1326 1315/546/1314
f 1485/336/1484 1325/550/1324 1315/546/1314
f 1315/546/1314 1318/335/1317 1485/336/1484
f 1315/546/1314 1325/550/1324 1326/548/1325
f 1317/514/1316 1318/335/1317 1315/546/1314
f 502/402/502 500/354/500 73/351/73
f 73/351/73 72/405/72 502/402/502
f 77/394/77 502/402/502 506/401/506
f 500/354/500 502/402/502 77/394/77
f 1408/558/1407 1410/559/1409 1411/560/1410
f 1408/558/1407 1411/560/1410 1571/561/1570
f 1411/560/1410 1410/559/1409 1412/562/1411
f 1572/563/1571 1571/561/1570 1470/564/1469
f 1571/561/1570 1572/563/1571 1408/558/1407
f 1408/558/1407 1409/505/1408 1410/559/1409
f 363/507/363 1410/559/1409 1409/505/1408
f 1410/559/1409 363/507/363 362/565/362
f 362/565/362 1412/562/1411 1410/559/1409
f 1412/562/1411 1582/566/1581 1575/567/1574
f 1582/566/1581 1412/562/1411 362/565/362
f 1406/568/1405 1094/569/1093 1575/567/1574
f 1575/567/1574 1582/566/1581 1406/568/1405
f 362/565/362 1583/570/1582 1582/566/1581
f 1582/566/1581 1583/570/1582 355/493/355
f 355/493/355 1406/568/1405 1582/566/1581
f 1407/491/1406 1406/568/1405 355/493/355
f 1094/569/1093 1406/568/1405 1407/491/1406
f 1407/491/1406 1095/497/1094 1094/569/1093
f 1096/500/1095 1097/571/1096 1094/569/1093
f 1094/569/1093 1095/497/1094 1096/500/1095
f 482/494/482 1523/495/1522 1407/491/1406
f 1407/491/1406 354/492/354 482/494/482
f 1346/496/1345 1095/497/1094 1407/491/1406
f 1407/491/1406 1523/495/1522 1346/496/1345
f 355/493/355 354/492/354 1407/491/1406
f 57/399/57 56/408/56 76/398/76
f 76/398/76 77/394/77 58/395/58
f 58/395/58 57/399/57 76/398/76
f 188/410/188 185/407/185 184/411/184
f 184/411/184 185/407/185 56/408/56
f 187/412/187 184/411/184 56/408/56
f 56/408/56 53/413/53 187/412/187
f 53/413/53 56/408/56 57/399/57
f 54/400/54 57/399/57 58/395/58
f 57/399/57 54/400/54 53/413/53
f 187/412/187 53/413/53 52/414/52
f 52/414/52 53/413/53 54/400/54
f 186/462/186 188/410/188 187/412/187
f 187/412/187 188/410/188 184/411/184
f 52/414/52 186/462/186 187/412/187
f 186/462/186 483/463/483 188/410/188
f 1148/351/1147 1149/405/1148 1147/342/1146
f 1147/342/1146 1149/405/1148 1516/404/1515
f 1516/404/1515 1515/341/1514 1147/342/1146
f 1515/341/1514 1516/404/1515 1402/403/1401
f 1402/403/1401 1514/331/1513 1515/341/1514
f 1514/331/1513 1402/403/1401 1398/572/1397
f 1399/393/1398 1398/572/1397 1402/403/1401
f 1402/403/1401 1403/392/1402 1399/393/1398
f 26/334/26 29/339/29 30/340/30
f 25/333/25 26/334/26 27/338/27
f 473/341/473 70/342/70 29/339/29
f 71/343/71 30/340/30 29/339/29
f 29/339/29 70/342/70 71/343/71
f 70/342/70 473/341/473 472/404/472
f 348/403/348 472/404/472 473/341/473
f 506/401/506 472/404/472 348/403/348
f 472/404/472 506/401/506 502/402/502
f 502/402/502 72/405/72 472/404/472
f 472/404/472 72/405/72 70/342/70
f 73/351/73 71/343/71 70/342/70
f 1337/521/1336 1338/522/1337 1320/524/1319
f 1319/516/1318 1320/524/1319 1357/526/1356
f 1320/524/1319 1316/549/1315 1337/521/1336
f 1316/549/1315 1320/524/1319 1319/516/1318
f 1357/526/1356 1355/515/1354 1319/516/1318
f 1355/515/1354 1357/526/1356 295/527/295
f 295/527/295 294/517/294 1355/515/1354
f 1356/511/1355 1355/515/1354 294/517/294
f 1355/515/1354 1356/511/1355 1118/513/1117
f 1118/513/1117 1319/516/1318 1355/515/1354
f 1319/516/1318 1317/514/1316 1316/549/1315
f 1317/514/1316 1319/516/1318 1118/513/1117
f 1118/513/1117 1111/337/1110 1317/514/1316
f 1318/335/1317 1317/514/1316 1111/337/1110
f 1117/346/1116 1118/513/1117 1356/511/1355
f 1111/337/1110 1118/513/1117 1117/346/1116
f 1356/511/1355 1593/347/1592 1117/346/1116
f 1593/347/1592 1356/511/1355 293/512/293
f 294/517/294 293/512/293 1356/511/1355
f 293/512/293 575/357/575 1593/347/1592
f 1103/552/1102 1105/553/1104 1325/550/1324
f 1325/550/1324 1485/336/1484 1103/552/1102
f 1325/550/1324 1105/553/1104 1322/551/1321
f 1322/551/1321 1326/548/1325 1325/550/1324
f 1100/324/1099 1103/552/1102 1485/336/1484
f 291/511/291 293/512/293 294/517/294
f 246/516/246 292/515/292 296/526/296
f 292/515/292 294/517/294 295/527/295
f 295/527/295 296/526/296 292/515/292
f 296/526/296 247/524/247 246/516/246
f 245/549/245 244/514/244 246/516/246
f 246/516/246 247/524/247 245/549/245
f 244/514/244 245/549/245 242/546/242
f 242/546/242 243/335/243 244/514/244
f 441/336/441 243/335/243 242/546/242
f 242/546/242 256/550/256 441/336/441
f 254/547/254 242/546/242 245/549/245
f 255/548/255 256/550/256 242/546/242
f 348/403/348 349/392/349 506/401/506
f 347/393/347 349/392/349 348/403/348
f 341/390/341 347/393/347 346/573/346
f 348/403/348 344/572/344 347/393/347
f 346/573/346 347/393/347 344/572/344
f 346/573/346 342/574/342 341/390/341
f 341/390/341 342/574/342 34/575/34
f 34/575/34 340/383/340 341/390/341
f 37/378/37 336/380/336 340/383/340
f 340/383/340 34/575/34 37/378/37
f 35/375/35 34/575/34 342/574/342
f 36/374/36 37/378/37 34/575/34
f 34/575/34 35/375/35 36/374/36
f 342/574/342 504/576/504 35/375/35
f 376/577/376 504/576/504 342/574/342
f 342/574/342 346/573/346 376/577/376
f 376/577/376 346/573/346 345/578/345
f 344/572/344 345/578/345 346/573/346
f 504/576/504 376/577/376 380/579/380
f 380/579/380 376/577/376 375/580/375
f 345/578/345 375/580/375 376/577/376
f 35/375/35 504/576/504 505/377/505
f 380/579/380 505/377/505 504/576/504
f 1542/576/1541 505/377/505 380/579/380
f 380/579/380 1424/577/1423 1542/576/1541
f 380/579/380 379/581/379 1425/580/1424
f 1425/580/1424 1424/577/1423 380/579/380
f 375/580/375 379/581/379 380/579/380
f 375/580/375 377/582/377 378/583/378
f 378/583/378 379/581/379 375/580/375
f 351/584/351 377/582/377 375/580/375
f 375/580/375 345/578/345 351/584/351
f 350/585/350 351/584/351 345/578/345
f 345/578/345 344/572/344 350/585/350
f 450/330/450 351/584/351 350/585/350
f 440/325/440 10/324/10 20/323/20
f 441/336/441 11/552/11 10/324/10
f 10/324/10 440/325/440 441/336/441
f 20/323/20 10/324/10 13/586/13
f 12/556/12 13/586/13 10/324/10
f 10/324/10 11/552/11 12/556/12
f 20/323/20 443/326/443 440/325/440
f 25/333/25 440/325/440 443/326/443
f 243/335/243 441/336/441 440/325/440
f 440/325/440 25/333/25 243/335/243
f 443/326/443 20/323/20 19/327/19
f 13/586/13 21/587/21 20/323/20
f 19/327/19 20/323/20 21/587/21
f 21/587/21 13/586/13 18/588/18
f 13/586/13 12/556/12 17/589/17
f 17/589/17 18/588/18 13/586/13
f 12/556/12 15/555/15 16/554/16
f 16/554/16 17/589/17 12/556/12
f 15/555/15 12/556/12 11/552/11
f 1101/586/1100 18/588/18 17/589/17
f 17/589/17 1102/556/1101 1101/586/1100
f 1102/556/1101 17/589/17 16/554/16
f 145/590/145 116/591/116 115/592/115
f 116/591/116 111/593/111 112/594/112
f 112/594/112 115/592/115 116/591/116
f 115/592/115 144/233/144 145/590/145
f 106/93/106 145/590/145 144/233/144
f 144/233/144 115/592/115 114/474/114
f 114/474/114 115/592/115 112/594/112
f 113/472/113 112/594/112 368/475/368
f 368/475/368 112/594/112 111/593/111
f 112/594/112 113/472/113 114/474/114
f 111/593/111 110/320/110 368/475/368
f 110/320/110 111/593/111 107/318/107
f 368/475/368 125/473/125 113/472/113
f 470/387/470 58/395/58 77/394/77
f 77/394/77 471/391/471 470/387/470
f 470/387/470 471/391/471 343/389/343
f 343/389/343 339/384/339 470/387/470
f 470/387/470 339/384/339 338/385/338
f 336/380/336 338/385/338 339/384/339
f 338/385/338 336/380/336 335/382/335
f 335/382/335 337/386/337 338/385/338
f 340/383/340 339/384/339 343/389/343
f 339/384/339 340/383/340 336/380/336
f 349/392/349 343/389/343 471/391/471
f 347/393/347 341/390/341 343/389/343
f 343/389/343 349/392/349 347/393/347
f 343/389/343 341/390/341 340/383/340
f 471/391/471 506/401/506 349/392/349
f 506/401/506 471/391/471 77/394/77
f 719/55/719 721/56/721 694/57/694
f 694/57/694 697/58/697 719/55/719
f 696/59/696 697/58/697 694/57/694
f 694/57/694 695/60/695 696/59/696
f 720/61/720 721/56/721 719/55/719
f 719/55/719 718/62/718 720/61/720
f 719/55/719 697/58/697 699/63/699
f 699/63/699 718/62/718 719/55/719
f 699/63/699 697/58/697 696/59/696
f 696/59/696 698/64/698 699/63/699
f 720/61/720 724/56/724 723/55/723
f 723/55/723 722/62/722 720/61/720
f 723/55/723 724/56/724 700/57/700
f 700/57/700 703/58/703 723/55/723
f 723/55/723 703/58/703 706/63/706
f 706/63/706 722/62/722 723/55/723
f 702/595/702 703/58/703 700/57/700
f 700/57/700 701/60/701 702/595/702
f 706/63/706 703/58/703 704/596/704
f 704/596/704 705/597/705 706/63/706
f 1723/55/1722 1700/58/1699 1699/57/1698
f 1699/57/1698 1726/56/1725 1723/55/1722
f 1701/59/1700 1702/60/1701 1699/57/1698
f 1699/57/1698 1700/58/1699 1701/59/1700
f 1723/55/1722 1726/56/1725 1725/61/1724
f 1725/61/1724 1724/62/1723 1723/55/1722
f 1723/55/1722 1724/62/1723 1703/63/1702
f 1703/63/1702 1700/58/1699 1723/55/1722
f 1701/59/1700 1700/58/1699 1703/63/1702
f 1703/63/1702 1704/64/1703 1701/59/1700
f 1727/55/1726 1729/56/1728 1725/61/1724
f 1725/61/1724 1728/62/1727 1727/55/1726
f 1727/55/1726 1706/58/1705 1705/57/1704
f 1705/57/1704 1729/56/1728 1727/55/1726
f 1727/55/1726 1728/62/1727 1710/63/1709
f 1710/63/1709 1706/58/1705 1727/55/1726
f 1709/596/1708 1706/58/1705 1710/63/1709
f 1705/57/1704 1706/58/1705 1707/595/1706
f 1707/595/1706 1708/60/1707 1705/57/1704
f 1710/63/1709 1711/597/1710 1709/596/1708
f 1494/330/1493 1405/585/1404 1404/584/1403
f 1497/598/1496 1494/330/1493 1404/584/1403
f 1514/331/1513 1405/585/1404 1494/330/1493
f 1398/572/1397 1405/585/1404 1514/331/1513
f 1405/585/1404 1398/572/1397 1401/578/1400
f 1401/578/1400 1404/584/1403 1405/585/1404
f 1404/584/1403 1426/582/1425 1497/598/1496
f 1404/584/1403 1401/578/1400 1425/580/1424
f 1425/580/1424 1426/582/1425 1404/584/1403
f 1426/582/1425 2046/599/2044 1497/598/1496
f 1426/582/1425 1047/600/1046 1046/601/1045
f 1046/601/1045 2046/599/2044 1426/582/1425
f 378/583/378 1426/582/1425 1425/580/1424
f 1425/580/1424 379/581/379 378/583/378
f 1424/577/1423 1425/580/1424 1401/578/1400
f 1401/578/1400 1400/573/1399 1424/577/1423
f 1400/573/1399 1401/578/1400 1398/572/1397
f 1424/577/1423 1400/573/1399 1395/574/1394
f 1395/574/1394 1542/576/1541 1424/577/1423
f 1396/390/1395 1395/574/1394 1400/573/1399
f 1400/573/1399 1399/393/1398 1396/390/1395
f 1398/572/1397 1399/393/1398 1400/573/1399
f 186/462/186 52/414/52 483/463/483
f 54/400/54 55/464/55 52/414/52
f 55/464/55 54/400/54 59/396/59
f 58/395/58 59/396/59 54/400/54
f 59/396/59 60/465/60 55/464/55
f 469/388/469 59/396/59 58/395/58
f 59/396/59 469/388/469 468/397/468
f 468/397/468 60/465/60 59/396/59
f 338/385/338 469/388/469 470/387/470
f 58/395/58 470/387/470 469/388/469
f 469/388/469 338/385/338 337/386/337
f 337/386/337 468/397/468 469/388/469
f 2136/602/2134 2137/603/2135 2134/604/2132
f 2134/604/2132 2135/605/2133 2136/602/2134
f 2216/606/2214 2217/607/2215 2214/608/2212
f 2214/608/2212 2215/609/2213 2216/606/2214
f 1108/587/1107 23/610/23 18/588/18
f 18/588/18 1101/586/1100 1108/587/1107
f 18/588/18 23/610/23 21/587/21
f 22/329/22 21/587/21 23/610/23
f 21/587/21 22/329/22 19/327/19
f 1107/329/1106 24/611/24 23/610/23
f 23/610/23 1108/587/1107 1107/329/1106
f 23/610/23 24/611/24 22/329/22
f 1109/323/1108 1108/587/1107 1101/586/1100
f 1108/587/1107 1109/323/1108 1106/327/1105
f 1106/327/1105 1107/329/1106 1108/587/1107
f 1101/586/1100 1100/324/1099 1109/323/1108
f 1100/324/1099 1101/586/1100 1102/556/1101
f 4/569/4 553/612/553 556/613/556
f 553/612/553 4/569/4 353/568/353
f 5/571/5 4/569/4 556/613/556
f 352/491/352 353/568/353 4/569/4
f 4/569/4 7/497/7 352/491/352
f 6/500/6 7/497/7 4/569/4
f 4/569/4 5/571/5 6/500/6
f 556/613/556 553/612/553 555/614/555
f 552/615/552 555/614/555 553/612/553
f 553/612/553 560/616/560 361/562/361
f 361/562/361 360/617/360 553/612/553
f 353/568/353 560/616/560 553/612/553
f 552/615/552 553/612/553 360/617/360
f 560/616/560 353/568/353 355/493/355
f 355/493/355 353/568/353 352/491/352
f 560/616/560 561/618/561 362/565/362
f 362/565/362 361/562/361 560/616/560
f 355/493/355 561/618/561 560/616/560
f 357/559/357 361/562/361 362/565/362
f 361/562/361 357/559/357 359/560/359
f 359/560/359 360/617/360 361/562/361
f 360/617/360 551/619/551 552/615/552
f 1395/574/1394 1119/575/1118 1122/375/1121
f 1122/375/1121 1542/576/1541 1395/574/1394
f 1119/575/1118 1395/574/1394 1396/390/1395
f 505/377/505 1542/576/1541 1122/375/1121
f 1122/375/1121 38/376/38 505/377/505
f 39/373/39 38/376/38 1122/375/1121
f 1122/375/1121 1121/374/1120 39/373/39
f 1121/374/1120 1122/375/1121 1119/575/1118
f 1396/390/1395 1394/383/1393 1119/575/1118
f 1120/378/1119 1119/575/1118 1394/383/1393
f 1119/575/1118 1120/378/1119 1121/374/1120
f 1123/379/1122 1121/374/1120 1120/378/1119
f 1121/374/1120 1123/379/1122 40/372/40
f 1098/620/1097 1099/621/1098 1097/571/1096
f 1964/498/1963 1523/495/1522 482/494/482
f 963/622/963 1964/498/1963 482/494/482
f 1083/435/1082 259/429/259 1084/434/1083
f 259/429/259 1083/435/1082 266/431/266
f 259/429/259 262/430/262 260/438/260
f 1088/439/1087 1079/441/1078 259/429/259
f 259/429/259 261/440/261 1088/439/1087
f 1084/434/1083 259/429/259 1076/437/1075
f 1076/437/1075 259/429/259 1079/441/1078
f 259/429/259 266/431/266 262/430/262
f 259/429/259 260/438/260 261/440/261
f 1083/435/1082 267/432/267 266/431/266
f 267/432/267 1083/435/1082 1084/434/1083
f 267/432/267 1084/434/1083 1085/433/1084
f 266/431/266 267/432/267 268/623/268
f 266/431/266 268/623/268 263/624/263
f 263/624/263 262/430/262 266/431/266
f 263/624/263 268/623/268 1334/431/1333
f 1334/431/1333 268/623/268 1335/432/1334
f 1334/431/1333 1333/430/1332 263/624/263
f 264/442/264 263/624/263 1333/430/1332
f 262/430/262 263/624/263 264/442/264
f 2074/435/2072 1334/431/1333 1335/432/1334
f 1330/429/1329 1334/431/1333 2074/435/2072
f 1158/625/1157 1160/626/1159 1463/627/1462
f 1463/627/1462 1508/628/1507 1158/625/1157
f 1462/629/1461 1463/627/1462 1160/626/1159
f 1508/628/1507 1509/630/1508 1159/631/1158
f 1159/631/1158 1158/625/1157 1508/628/1507
f 1160/626/1159 1158/625/1157 1156/632/1155
f 1158/625/1157 1159/631/1158 1157/633/1156
f 1157/633/1156 1156/632/1155 1158/625/1157
f 1453/634/1452 1449/635/1448 1160/626/1159
f 1160/626/1159 1448/636/1447 1462/629/1461
f 1449/635/1448 1448/636/1447 1160/626/1159
f 1453/634/1452 1160/626/1159 1161/637/1160
f 1156/632/1155 1161/637/1160 1160/626/1159
f 1371/638/1370 1462/629/1461 1448/636/1447
f 1462/629/1461 1371/638/1370 1373/639/1372
f 1448/636/1447 1368/640/1367 1371/638/1370
f 757/55/757 759/56/759 734/57/734
f 734/57/734 737/58/737 757/55/757
f 736/59/736 737/58/737 734/57/734
f 734/57/734 735/60/735 736/59/736
f 758/61/758 759/56/759 757/55/757
f 757/55/757 756/62/756 758/61/758
f 757/55/757 737/58/737 739/63/739
f 739/63/739 756/62/756 757/55/757
f 739/63/739 737/58/737 736/59/736
f 736/59/736 738/64/738 739/63/739
f 758/61/758 762/56/762 761/55/761
f 761/55/761 760/62/760 758/61/758
f 761/55/761 762/56/762 740/57/740
f 740/57/740 743/58/743 761/55/761
f 761/55/761 743/58/743 745/63/745
f 745/63/745 760/62/760 761/55/761
f 742/59/742 743/58/743 740/57/740
f 740/57/740 741/60/741 742/59/742
f 745/63/745 743/58/743 742/59/742
f 742/59/742 744/64/744 745/63/745
f 1761/55/1760 1740/58/1739 1739/57/1738
f 1739/57/1738 1764/56/1763 1761/55/1760
f 1741/59/1740 1742/60/1741 1739/57/1738
f 1739/57/1738 1740/58/1739 1741/59/1740
f 1761/55/1760 1764/56/1763 1763/61/1762
f 1763/61/1762 1762/62/1761 1761/55/1760
f 1761/55/1760 1762/62/1761 1743/63/1742
f 1743/63/1742 1740/58/1739 1761/55/1760
f 1741/59/1740 1740/58/1739 1743/63/1742
f 1743/63/1742 1744/64/1743 1741/59/1740
f 1765/55/1764 1767/56/1766 1763/61/1762
f 1763/61/1762 1766/62/1765 1765/55/1764
f 1765/55/1764 1746/58/1745 1745/57/1744
f 1745/57/1744 1767/56/1766 1765/55/1764
f 1765/55/1764 1766/62/1765 1749/63/1748
f 1749/63/1748 1746/58/1745 1765/55/1764
f 1747/59/1746 1746/58/1745 1749/63/1748
f 1745/57/1744 1746/58/1745 1747/59/1746
f 1747/59/1746 1748/60/1747 1745/57/1744
f 1749/63/1748 1750/64/1749 1747/59/1746
f 334/641/334 233/642/233 236/643/236
f 236/643/236 330/644/330 334/641/334
f 333/645/333 334/641/334 330/644/330
f 330/644/330 332/646/332 333/645/333
f 467/630/467 333/645/333 332/646/332
f 332/646/332 466/628/466 467/630/467
f 82/631/82 467/630/467 466/628/466
f 51/647/51 45/648/45 44/649/44
f 43/650/43 44/649/44 45/648/45
f 51/647/51 50/651/50 1128/649/1127
f 44/649/44 50/651/50 51/647/51
f 44/649/44 48/652/48 49/653/49
f 49/653/49 50/651/50 44/649/44
f 48/652/48 44/649/44 43/650/43
f 43/650/43 47/654/47 48/652/48
f 1466/655/1465 1129/652/1128 49/653/49
f 49/653/49 1467/656/1466 1466/655/1465
f 1128/649/1127 50/651/50 49/653/49
f 49/653/49 1129/652/1128 1128/649/1127
f 1125/650/1124 1128/649/1127 1129/652/1128
f 1465/657/1464 1130/654/1129 1129/652/1128
f 1129/652/1128 1466/655/1465 1465/657/1464
f 1129/652/1128 1130/654/1129 1125/650/1124
f 1125/650/1124 1130/654/1129 1469/658/1468
f 1469/658/1468 1507/659/1506 1125/650/1124
f 1469/658/1468 1130/654/1129 1465/657/1464
f 1507/659/1506 1469/658/1468 1373/639/1372
f 427/660/427 426/661/426 86/662/86
f 86/662/86 426/661/426 424/564/424
f 549/563/549 425/663/425 424/564/424
f 424/564/424 81/664/81 86/662/86
f 78/665/78 81/664/81 424/564/424
f 424/564/424 425/663/425 78/665/78
f 80/632/80 81/664/81 78/665/78
f 78/665/78 79/633/79 80/632/80
f 81/664/81 80/632/80 85/637/85
f 85/637/85 86/662/86 81/664/81
f 80/632/80 83/625/83 84/626/84
f 84/626/84 85/637/85 80/632/80
f 83/625/83 80/632/80 79/633/79
f 79/633/79 82/631/82 83/625/83
f 466/628/466 83/625/83 82/631/82
f 83/625/83 466/628/466 416/627/416
f 416/627/416 84/626/84 83/625/83
f 407/634/407 84/626/84 403/666/403
f 417/667/417 402/668/402 84/626/84
f 84/626/84 416/627/416 417/667/417
f 403/666/403 84/626/84 402/668/402
f 85/637/85 84/626/84 407/634/407
f 407/634/407 405/669/405 85/637/85
f 86/662/86 85/637/85 405/669/405
f 381/670/381 407/634/407 403/666/403
f 405/669/405 407/634/407 381/670/381
f 403/666/403 314/640/314 404/671/404
f 381/670/381 403/666/403 404/671/404
f 402/668/402 314/640/314 403/666/403
f 402/668/402 417/667/417 315/638/315
f 315/638/315 314/640/314 402/668/402
f 417/667/417 418/672/418 318/639/318
f 318/639/318 315/638/315 417/667/417
f 418/672/418 417/667/417 416/627/416
f 319/673/319 316/674/316 315/638/315
f 315/638/315 318/639/318 319/673/319
f 314/640/314 315/638/315 316/674/316
f 465/659/465 319/673/319 318/639/318
f 318/639/318 422/658/422 465/659/465
f 423/675/423 422/658/422 318/639/318
f 318/639/318 418/672/418 423/675/423
f 423/675/423 418/672/418 331/676/331
f 416/627/416 331/676/331 418/672/418
f 331/676/331 416/627/416 466/628/466
f 331/676/331 329/677/329 423/675/423
f 466/628/466 332/646/332 331/676/331
f 329/677/329 331/676/331 332/646/332
f 419/678/419 423/675/423 329/677/329
f 422/658/422 423/675/423 419/678/419
f 43/650/43 465/659/465 422/658/422
f 422/658/422 47/654/47 43/650/43
f 419/678/419 47/654/47 422/658/422
f 419/678/419 420/679/420 48/652/48
f 48/652/48 47/654/47 419/678/419
f 329/677/329 241/680/241 419/678/419
f 240/681/240 420/679/420 419/678/419
f 419/678/419 241/680/241 240/681/240
f 332/646/332 330/644/330 329/677/329
f 241/680/241 329/677/329 330/644/330
f 330/644/330 236/643/236 241/680/241
f 240/681/240 241/680/241 236/643/236
f 420/679/420 240/681/240 239/682/239
f 236/643/236 235/683/235 240/681/240
f 239/682/239 240/681/240 235/683/235
f 420/679/420 421/684/421 49/653/49
f 49/653/49 48/652/48 420/679/420
f 239/682/239 421/684/421 420/679/420
f 113/472/113 124/288/124 129/286/129
f 129/286/129 114/474/114 113/472/113
f 124/288/124 113/472/113 125/473/125
f 143/234/143 114/474/114 129/286/129
f 114/474/114 143/234/143 144/233/144
f 152/236/152 129/286/129 130/283/130
f 129/286/129 152/236/152 143/234/143
f 128/285/128 130/283/130 129/286/129
f 129/286/129 124/288/124 128/285/128
f 127/287/127 128/285/128 124/288/124
f 124/288/124 126/471/126 127/287/127
f 125/473/125 126/471/126 124/288/124
f 128/285/128 137/284/137 141/280/141
f 141/280/141 130/283/130 128/285/128
f 137/284/137 128/285/128 127/287/127
f 153/238/153 130/283/130 141/280/141
f 130/283/130 153/238/153 152/236/152
f 158/279/158 141/280/141 142/278/142
f 141/280/141 158/279/158 153/238/153
f 140/281/140 142/278/142 141/280/141
f 141/280/141 137/284/137 140/281/140
f 139/469/139 140/281/140 137/284/137
f 137/284/137 138/470/138 139/469/139
f 127/287/127 138/470/138 137/284/137
f 140/281/140 175/519/175 966/282/966
f 966/282/966 142/278/142 140/281/140
f 173/518/173 175/519/175 140/281/140
f 140/281/140 139/469/139 173/518/173
f 159/277/159 142/278/142 971/276/971
f 142/278/142 159/277/159 158/279/158
f 971/276/971 970/275/970 159/277/159
f 136/273/136 159/277/159 970/275/970
f 135/274/135 158/279/158 159/277/159
f 159/277/159 136/273/136 135/274/135
f 970/275/970 971/276/971 172/176/172
f 965/175/965 970/275/970 170/174/170
f 172/176/172 170/174/170 970/275/970
f 970/275/970 965/175/965 136/273/136
f 136/273/136 965/175/965 964/169/964
f 964/169/964 133/272/133 136/273/136
f 136/273/136 133/272/133 132/270/132
f 132/270/132 135/274/135 136/273/136
f 158/279/158 135/274/135 123/269/123
f 123/269/123 135/274/135 132/270/132
f 123/269/123 153/238/153 158/279/158
f 153/238/153 123/269/123 122/237/122
f 132/270/132 120/105/120 123/269/123
f 123/269/123 120/105/120 119/106/119
f 119/106/119 122/237/122 123/269/123
f 131/271/131 132/270/132 133/272/133
f 120/105/120 132/270/132 131/271/131
f 134/171/134 133/272/133 964/169/964
f 133/272/133 134/171/134 131/271/131
f 154/190/154 131/271/131 134/171/134
f 131/271/131 154/190/154 150/188/150
f 150/188/150 121/104/121 131/271/131
f 131/271/131 121/104/121 120/105/120
f 120/105/120 121/104/121 117/102/117
f 117/102/117 119/106/119 120/105/120
f 105/235/105 122/237/122 119/106/119
f 119/106/119 102/94/102 105/235/105
f 102/94/102 119/106/119 117/102/117
f 148/103/148 117/102/117 121/104/121
f 117/102/117 148/103/148 147/95/147
f 147/95/147 118/96/118 117/102/117
f 117/102/117 118/96/118 102/94/102
f 121/104/121 150/188/150 148/103/148
f 2296/602/2134 2297/603/2135 2294/604/2132
f 2294/604/2132 2295/605/2133 2296/602/2134
f 2376/606/2251 2377/607/2252 2374/685/2212
f 2374/685/2212 2375/609/2213 2376/606/2251
f 612/540/612 621/538/621 620/537/620
f 616/541/616 614/542/614 613/539/613
f 612/540/612 613/539/613 614/542/614
f 617/544/617 616/541/616 624/545/624
f 614/542/614 616/541/616 617/544/617
f 624/545/624 625/686/625 617/544/617
f 617/544/617 615/543/615 614/542/614
f 614/542/614 615/543/615 612/540/612
f 551/619/551 360/617/360 359/560/359
f 356/558/356 359/560/359 357/559/357
f 359/560/359 550/561/550 551/619/551
f 550/561/550 359/560/359 356/558/356
f 358/505/358 357/559/357 363/507/363
f 362/565/362 363/507/363 357/559/357
f 356/558/356 357/559/357 358/505/358
f 356/558/356 549/563/549 550/561/550
f 550/561/550 424/564/424 426/661/426
f 426/661/426 551/619/551 550/561/550
f 424/564/424 550/561/550 549/563/549
f 552/615/552 551/619/551 426/661/426
f 426/661/426 427/660/427 552/615/552
f 351/584/351 455/598/455 377/582/377
f 455/598/455 351/584/351 450/330/450
f 377/582/377 1045/599/1044 1046/601/1045
f 1046/601/1045 1047/600/1046 377/582/377
f 377/582/377 455/598/455 1045/599/1044
f 453/687/453 455/598/455 449/688/449
f 449/688/449 455/598/455 450/330/450
f 452/689/452 453/687/453 449/688/449
f 448/328/448 22/329/22 449/688/449
f 449/688/449 454/690/454 452/689/452
f 451/691/451 449/688/449 22/329/22
f 448/328/448 449/688/449 450/330/450
f 1466/655/1465 1467/656/1466 239/682/239
f 239/682/239 1313/681/1312 1466/655/1465
f 1311/683/1310 1313/681/1312 239/682/239
f 239/682/239 238/692/238 1311/683/1310
f 235/683/235 238/692/238 239/682/239
f 238/692/238 235/683/235 234/693/234
f 235/683/235 236/643/236 233/642/233
f 233/642/233 234/693/234 235/683/235
f 238/692/238 237/694/237 1312/693/1311
f 1312/693/1311 1311/683/1310 238/692/238
f 234/693/234 237/694/237 238/692/238
f 1313/681/1312 1311/683/1310 1310/643/1309
f 1311/683/1310 1312/693/1311 1309/642/1308
f 1309/642/1308 1310/643/1309 1311/683/1310
f 1313/681/1312 1314/680/1313 1465/657/1464
f 1465/657/1464 1466/655/1465 1313/681/1312
f 1310/643/1309 1314/680/1313 1313/681/1312
f 1310/643/1309 1309/642/1308 1388/641/1387
f 1388/641/1387 1383/644/1382 1310/643/1309
f 1314/680/1313 1310/643/1309 1383/644/1382
f 1465/657/1464 1314/680/1313 1384/677/1383
f 1383/644/1382 1384/677/1383 1314/680/1313
f 1383/644/1382 1388/641/1387 1387/645/1386
f 1387/645/1386 1385/646/1384 1383/644/1382
f 1384/677/1383 1383/644/1382 1385/646/1384
f 1384/677/1383 1468/695/1467 1465/657/1464
f 1468/695/1467 1384/677/1383 1386/676/1385
f 1385/646/1384 1386/676/1385 1384/677/1383
f 1385/646/1384 1387/645/1386 1509/630/1508
f 1509/630/1508 1508/628/1507 1385/646/1384
f 1386/676/1385 1385/646/1384 1508/628/1507
f 1386/676/1385 1464/696/1463 1468/695/1467
f 1508/628/1507 1463/627/1462 1386/676/1385
f 1464/696/1463 1386/676/1385 1463/627/1462
f 1468/695/1467 1464/696/1463 1373/639/1372
f 1373/639/1372 1469/658/1468 1468/695/1467
f 1465/657/1464 1468/695/1467 1469/658/1468
f 1373/639/1372 1464/696/1463 1462/629/1461
f 1463/627/1462 1462/629/1461 1464/696/1463
f 173/518/173 174/520/174 175/519/175
f 966/282/966 175/519/175 174/520/174
f 1495/688/1494 1496/687/1495 452/689/452
f 452/689/452 454/690/454 1495/688/1494
f 1496/687/1495 1495/688/1494 1497/598/1496
f 1493/328/1492 1495/688/1494 1107/329/1106
f 1495/688/1494 1494/330/1493 1497/598/1496
f 1107/329/1106 1495/688/1494 451/691/451
f 1493/328/1492 1494/330/1493 1495/688/1494
f 451/691/451 24/611/24 1107/329/1106
f 22/329/22 24/611/24 451/691/451
f 19/327/19 22/329/22 448/328/448
f 19/327/19 448/328/448 450/330/450
f 474/331/474 19/327/19 450/330/450
f 442/332/442 19/327/19 474/331/474
f 19/327/19 442/332/442 443/326/443
f 450/330/450 350/585/350 474/331/474
f 474/331/474 350/585/350 344/572/344
f 344/572/344 348/403/348 474/331/474
f 474/331/474 473/341/473 442/332/442
f 473/341/473 474/331/474 348/403/348
f 29/339/29 442/332/442 473/341/473
f 26/334/26 443/326/443 442/332/442
f 442/332/442 29/339/29 26/334/26
f 443/326/443 26/334/26 25/333/25
f 30/340/30 27/338/27 26/334/26
f 795/55/795 797/56/797 772/57/772
f 772/57/772 775/58/775 795/55/795
f 774/59/774 775/58/775 772/57/772
f 772/57/772 773/60/773 774/59/774
f 796/61/796 797/56/797 795/55/795
f 795/55/795 794/62/794 796/61/796
f 795/55/795 775/58/775 777/63/777
f 777/63/777 794/62/794 795/55/795
f 777/63/777 775/58/775 774/59/774
f 774/59/774 776/64/776 777/63/777
f 796/61/796 800/56/800 799/55/799
f 799/55/799 798/62/798 796/61/796
f 799/55/799 800/56/800 778/57/778
f 778/57/778 781/58/781 799/55/799
f 799/55/799 781/58/781 783/63/783
f 783/63/783 798/62/798 799/55/799
f 780/59/780 781/58/781 778/57/778
f 778/57/778 779/60/779 780/59/780
f 783/63/783 781/58/781 780/59/780
f 780/59/780 782/64/782 783/63/783
f 1799/55/1798 1778/58/1777 1777/57/1776
f 1777/57/1776 1802/56/1801 1799/55/1798
f 1779/59/1778 1780/60/1779 1777/57/1776
f 1777/57/1776 1778/58/1777 1779/59/1778
f 1799/55/1798 1802/56/1801 1801/61/1800
f 1801/61/1800 1800/62/1799 1799/55/1798
f 1799/55/1798 1800/62/1799 1781/63/1780
f 1781/63/1780 1778/58/1777 1799/55/1798
f 1779/59/1778 1778/58/1777 1781/63/1780
f 1781/63/1780 1782/64/1781 1779/59/1778
f 1803/55/1802 1805/56/1804 1801/61/1800
f 1801/61/1800 1804/62/1803 1803/55/1802
f 1803/55/1802 1784/58/1783 1783/57/1782
f 1783/57/1782 1805/56/1804 1803/55/1802
f 1803/55/1802 1804/62/1803 1787/63/1786
f 1787/63/1786 1784/58/1783 1803/55/1802
f 1785/59/1784 1784/58/1783 1787/63/1786
f 1783/57/1782 1784/58/1783 1785/59/1784
f 1785/59/1784 1786/60/1785 1783/57/1782
f 1787/63/1786 1788/64/1787 1785/59/1784
f 1099/621/1098 1578/697/1577 1579/613/1578
f 1574/615/1573 1575/567/1574 1577/614/1576
f 1576/698/1575 1574/615/1573 1577/614/1576
f 1473/660/1472 1574/615/1573 1576/698/1575
f 1576/698/1575 1474/699/1473 1473/660/1472
f 1472/661/1471 1573/619/1572 1574/615/1573
f 1574/615/1573 1473/660/1472 1472/661/1471
f 1413/617/1412 1575/567/1574 1574/615/1573
f 1574/615/1573 1573/619/1572 1413/617/1412
f 1162/662/1161 1472/661/1471 1473/660/1472
f 1473/660/1472 1455/700/1454 1162/662/1161
f 1571/561/1570 1573/619/1572 1472/661/1471
f 1472/661/1471 1470/564/1469 1571/561/1570
f 1470/564/1469 1472/661/1471 1162/662/1161
f 1411/560/1410 1413/617/1412 1573/619/1572
f 1573/619/1572 1571/561/1570 1411/560/1410
f 1575/567/1574 1413/617/1412 1412/562/1411
f 1412/562/1411 1413/617/1412 1411/560/1410
f 1470/564/1469 1471/663/1470 1572/563/1571
f 1162/662/1161 1155/664/1154 1470/564/1469
f 1154/665/1153 1471/663/1470 1470/564/1469
f 1470/564/1469 1155/664/1154 1154/665/1153
f 1455/700/1454 1454/701/1453 1162/662/1161
f 1156/632/1155 1157/633/1156 1154/665/1153
f 1154/665/1153 1155/664/1154 1156/632/1155
f 596/702/596 602/703/602 600/704/600
f 1090/705/1089 597/706/597 1610/707/1609
f 598/707/598 597/706/597 1090/705/1089
f 1090/705/1089 595/708/595 598/707/598
f 1610/707/1609 1366/455/1365 1367/148/1366
f 1366/455/1365 1610/707/1609 597/706/597
f 597/706/597 599/454/599 1366/455/1365
f 312/455/312 599/454/599 597/706/597
f 597/706/597 598/707/598 312/455/312
f 598/707/598 645/149/645 313/148/313
f 313/148/313 312/455/312 598/707/598
f 645/149/645 598/707/598 595/708/595
f 595/708/595 229/222/229 645/149/645
f 622/530/622 605/529/605 608/528/608
f 607/531/607 608/528/608 605/529/605
f 605/529/605 606/532/606 607/531/607
f 608/528/608 623/534/623 622/530/622
f 618/535/618 622/530/622 623/534/623
f 623/534/623 608/528/608 611/533/611
f 611/533/611 608/528/608 607/531/607
f 607/531/607 610/709/610 611/533/611
f 610/709/610 607/531/607 606/532/606
f 606/532/606 609/710/609 610/709/610
f 625/686/625 624/545/624 610/709/610
f 610/709/610 609/710/609 625/686/625
f 611/533/611 610/709/610 624/545/624
f 624/545/624 616/541/616 611/533/611
f 611/533/611 619/536/619 623/534/623
f 619/536/619 611/533/611 613/539/613
f 613/539/613 611/533/611 616/541/616
f 623/534/623 619/536/619 618/535/618
f 613/539/613 620/537/620 619/536/619
f 618/535/618 619/536/619 620/537/620
f 620/537/620 621/538/621 618/535/618
f 620/537/620 613/539/613 612/540/612
f 326/711/326 323/712/323 325/713/325
f 328/714/328 326/711/326 485/715/485
f 484/716/484 485/715/485 326/711/326
f 326/711/326 327/717/327 484/716/484
f 325/713/325 327/717/327 326/711/326
f 327/717/327 325/713/325 479/718/479
f 484/716/484 327/717/327 478/719/478
f 479/718/479 478/719/478 327/717/327
f 489/720/489 485/715/485 484/716/484
f 484/716/484 487/466/487 489/720/489
f 487/466/487 484/716/484 486/468/486
f 478/719/478 486/468/486 484/716/484
f 490/721/490 485/715/485 489/720/489
f 485/715/485 490/721/490 328/714/328
f 489/720/489 491/722/491 490/721/490
f 546/723/546 545/724/545 490/721/490
f 490/721/490 491/722/491 546/723/546
f 328/714/328 490/721/490 545/724/545
f 545/724/545 410/725/410 328/714/328
f 410/725/410 545/724/545 548/726/548
f 2456/602/2261 2457/603/2135 2454/604/2132
f 2454/604/2132 2455/605/2260 2456/602/2261
f 2536/606/2251 2537/607/2252 2534/685/2212
f 2534/685/2212 2535/609/2213 2536/606/2251
f 1429/727/1428 1428/728/1427 1433/729/1432
f 1427/670/1426 1428/728/1427 1429/727/1428
f 1446/730/1445 1431/731/1430 1433/729/1432
f 1433/729/1432 1438/732/1437 1446/730/1445
f 1437/733/1436 1433/729/1432 1443/734/1442
f 1438/732/1437 1433/729/1432 1437/733/1436
f 1433/729/1432 1431/731/1430 1429/727/1428
f 1443/734/1442 1442/735/1441 1437/733/1436
f 1442/735/1441 1441/736/1440 1434/737/1433
f 1434/737/1433 1437/733/1436 1442/735/1441
f 1434/737/1433 1441/736/1440 1454/701/1453
f 388/737/388 428/699/428 427/660/427
f 427/660/427 408/700/408 388/737/388
f 86/662/86 408/700/408 427/660/427
f 408/700/408 86/662/86 409/701/409
f 388/737/388 408/700/408 409/701/409
f 409/701/409 86/662/86 406/738/406
f 405/669/405 406/738/406 86/662/86
f 409/701/409 406/738/406 394/739/394
f 394/739/394 397/736/397 409/701/409
f 409/701/409 397/736/397 388/737/388
f 406/738/406 405/669/405 398/740/398
f 398/740/398 394/739/394 406/738/406
f 381/670/381 398/740/398 405/669/405
f 384/728/384 399/741/399 398/740/398
f 398/740/398 381/670/381 384/728/384
f 1435/742/1434 1434/737/1433 1474/699/1473
f 1473/660/1472 1474/699/1473 1434/737/1433
f 1434/737/1433 1455/700/1454 1473/660/1472
f 1454/701/1453 1455/700/1454 1434/737/1433
f 1436/743/1435 1437/733/1436 1434/737/1433
f 1434/737/1433 1435/742/1434 1436/743/1435
f 1437/733/1436 1436/743/1435 1438/732/1437
f 1436/743/1435 1435/742/1434 1439/744/1438
f 1439/744/1438 1438/732/1437 1436/743/1435
f 1446/730/1445 1438/732/1437 1439/744/1438
f 1584/745/1583 1458/746/1457 1439/744/1438
f 1439/744/1438 1435/742/1434 1584/745/1583
f 1527/468/1526 1526/716/1525 1528/466/1527
f 1380/711/1379 1525/715/1524 1526/716/1525
f 1525/715/1524 1380/711/1379 1382/714/1381
f 1530/720/1529 1525/715/1524 1531/721/1530
f 1382/714/1381 1531/721/1530 1525/715/1524
f 1531/721/1530 1532/722/1531 1530/720/1529
f 1568/723/1567 1532/722/1531 1531/721/1530
f 1531/721/1530 1567/724/1566 1568/723/1567
f 1567/724/1566 1531/721/1530 1382/714/1381
f 1382/714/1381 1457/725/1456 1567/724/1566
f 1570/726/1569 1567/724/1566 1457/725/1456
f 1567/724/1566 1570/726/1569 1569/747/1568
f 1569/747/1568 1568/723/1567 1567/724/1566
f 1457/725/1456 1459/748/1458 1570/726/1569
f 1570/726/1569 1459/748/1458 1581/749/1580
f 2100/750/2098 2101/751/2099 2098/752/2096
f 2098/752/2096 2099/753/2097 2100/750/2098
f 2180/754/2178 2181/755/2179 2178/756/2176
f 2178/756/2176 2179/757/2177 2180/754/2178
f 1332/438/1331 1331/440/1330 265/758/265
f 265/758/265 264/442/264 1332/438/1331
f 1089/759/1088 265/758/265 1331/440/1330
f 1331/440/1330 2075/439/2073 1089/759/1088
f 2076/760/2074 2075/439/2073 2070/441/2068
f 2075/439/2073 2076/760/2074 1086/761/1085
f 1086/761/1085 1089/759/1088 2075/439/2073
f 2070/441/2068 2071/762/2069 2076/760/2074
f 2071/762/2069 2070/441/2068 2068/763/2066
f 2069/437/2067 2068/763/2066 2070/441/2068
f 2068/763/2066 2069/437/2067 1075/436/1074
f 2072/764/2070 2068/763/2066 1078/765/1077
f 2068/763/2066 2072/764/2070 2071/762/2069
f 1075/436/1074 1078/765/1077 2068/763/2066
f 1078/765/1077 1082/766/1081 2072/764/2070
f 1078/765/1077 1077/763/1076 1081/764/1080
f 1081/764/1080 1082/766/1081 1078/765/1077
f 1077/763/1076 1078/765/1077 1075/436/1074
f 1084/434/1083 1076/437/1075 1075/436/1074
f 1075/436/1074 1085/433/1084 1084/434/1083
f 1075/436/1074 1076/437/1075 1077/763/1076
f 1077/763/1076 1079/441/1078 1080/762/1079
f 1080/762/1079 1081/764/1080 1077/763/1076
f 1079/441/1078 1077/763/1076 1076/437/1075
f 1079/441/1078 1088/439/1087 1087/760/1086
f 1087/760/1086 1080/762/1079 1079/441/1078
f 1089/759/1088 1088/439/1087 261/440/261
f 1088/439/1087 1089/759/1088 1086/761/1085
f 1086/761/1085 1087/760/1086 1088/439/1087
f 261/440/261 265/758/265 1089/759/1088
f 265/758/265 261/440/261 260/438/260
f 260/438/260 264/442/264 265/758/265
f 264/442/264 260/438/260 262/430/262
f 2776/602/2334 2777/603/2335 2774/604/2332
f 2774/604/2332 2775/605/2333 2776/602/2334
f 2856/606/2414 2857/607/2415 2854/608/2412
f 2854/608/2412 2855/609/2413 2856/606/2414
f 2616/602/2261 2617/603/2135 2614/604/2269
f 2614/604/2269 2615/605/2133 2616/602/2261
f 2696/606/2251 2697/607/2273 2694/685/2212
f 2694/685/2212 2695/609/2213 2696/606/2251
f 1448/636/1447 1449/635/1448 1368/640/1367
f 1449/635/1448 1450/671/1449 1368/640/1367
f 1427/670/1426 1449/635/1448 1453/634/1452
f 1427/670/1426 1450/671/1449 1449/635/1448
f 1427/670/1426 1453/634/1452 1452/669/1451
f 1161/637/1160 1452/669/1451 1453/634/1452
f 1452/669/1451 1161/637/1160 1162/662/1161
f 1155/664/1154 1162/662/1161 1161/637/1160
f 1161/637/1160 1156/632/1155 1155/664/1154
f 1445/740/1444 1452/669/1451 1451/738/1450
f 1452/669/1451 1445/740/1444 1427/670/1426
f 1162/662/1161 1451/738/1450 1452/669/1451
f 1451/738/1450 1440/739/1439 1445/740/1444
f 1428/728/1427 1427/670/1426 1445/740/1444
f 1445/740/1444 1444/741/1443 1428/728/1427
f 1444/741/1443 1445/740/1444 1440/739/1439
f 1440/739/1439 1451/738/1450 1454/701/1453
f 1454/701/1453 1451/738/1450 1162/662/1161
f 1454/701/1453 1441/736/1440 1440/739/1439
f 1440/739/1439 1443/734/1442 1444/741/1443
f 1442/735/1441 1443/734/1442 1440/739/1439
f 1440/739/1439 1441/736/1440 1442/735/1441
f 1444/741/1443 1443/734/1442 1433/729/1432
f 1433/729/1432 1428/728/1427 1444/741/1443
f 382/767/382 381/670/381 404/671/404
f 381/670/381 382/767/382 383/727/383
f 383/727/383 386/731/386 387/729/387
f 386/731/386 383/727/383 382/767/382
f 400/730/400 392/732/392 387/729/387
f 387/729/387 386/731/386 400/730/400
f 389/733/389 387/729/387 392/732/392
f 392/732/392 390/743/390 389/733/389
f 388/737/388 389/733/389 390/743/390
f 390/743/390 391/742/391 388/737/388
f 390/743/390 392/732/392 393/744/393
f 393/744/393 391/742/391 390/743/390
f 393/744/393 392/732/392 400/730/400
f 400/730/400 401/768/401 393/744/393
f 401/768/401 400/730/400 386/731/386
f 386/731/386 385/769/385 401/768/401
f 382/767/382 385/769/385 386/731/386
f 414/770/414 411/771/411 401/768/401
f 401/768/401 385/769/385 414/770/414
f 393/744/393 401/768/401 411/771/411
f 411/771/411 413/746/413 393/744/393
f 328/714/328 411/771/411 414/770/414
f 413/746/413 411/771/411 410/725/410
f 328/714/328 410/725/410 411/771/411
f 415/772/415 414/770/414 385/769/385
f 414/770/414 415/772/415 324/773/324
f 324/773/324 328/714/328 414/770/414
f 385/769/385 382/767/382 415/772/415
f 404/671/404 415/772/415 382/767/382
f 415/772/415 404/671/404 314/640/314
f 314/640/314 324/773/324 415/772/415
f 324/773/324 323/712/323 326/711/326
f 326/711/326 328/714/328 324/773/324
f 323/712/323 324/773/324 314/640/314
f 2260/750/2098 2261/751/2237 2258/752/2096
f 2258/752/2096 2259/753/2097 2260/750/2098
f 2340/754/2178 2341/755/2179 2338/756/2176
f 2338/756/2176 2339/757/2177 2340/754/2178
f 1417/475/1416 1188/594/1187 1191/472/1190
f 1190/474/1189 1191/472/1190 1188/594/1187
f 1219/233/1218 1220/234/1219 1190/474/1189
f 1190/474/1189 1189/592/1188 1219/233/1218
f 1188/594/1187 1189/592/1188 1190/474/1189
f 1228/236/1227 1220/234/1219 1179/235/1178
f 1180/92/1179 1179/235/1178 1220/234/1219
f 1220/234/1219 1219/233/1218 1180/92/1179
f 1221/590/1220 1219/233/1218 1189/592/1188
f 1219/233/1218 1221/590/1220 1182/93/1181
f 1182/93/1181 1180/92/1179 1219/233/1218
f 1189/592/1188 1192/591/1191 1221/590/1220
f 1192/591/1191 1189/592/1188 1188/594/1187
f 1186/593/1185 1188/594/1187 1417/475/1416
f 1188/594/1187 1186/593/1185 1192/591/1191
f 1417/475/1416 1187/320/1186 1186/593/1185
f 1300/215/1299 1299/212/1298 1303/216/1302
f 1606/52/1605 1298/211/1297 1300/215/1299
f 1299/212/1298 1300/215/1299 1298/211/1297
f 2936/602/2494 2937/603/2495 2934/604/2492
f 2934/604/2492 2935/605/2493 2936/602/2494
f 3016/606/2574 3017/607/2575 3014/608/2572
f 3014/608/2572 3015/609/2573 3016/606/2574
f 1418/774/1417 1192/591/1191 1186/593/1185
f 1186/593/1185 1183/318/1182 1418/774/1417
f 1183/318/1182 1186/593/1185 1187/320/1186
f 1423/231/1422 1221/590/1220 1192/591/1191
f 1192/591/1191 1418/774/1417 1423/231/1422
f 1182/93/1181 1221/590/1220 1423/231/1422
f 1423/231/1422 1415/232/1414 1182/93/1181
f 1418/774/1417 1968/229/1967 1423/231/1422
f 1418/774/1417 1185/321/1184 1970/775/1969
f 1418/774/1417 1970/775/1969 1969/230/1968
f 1969/230/1968 1968/229/1967 1418/774/1417
f 1418/774/1417 1183/318/1182 1185/321/1184
f 638/144/638 634/150/634 626/222/626
f 626/222/626 639/149/639 638/144/638
f 634/150/634 638/144/638 637/145/637
f 629/708/629 640/178/640 639/149/639
f 639/149/639 626/222/626 629/708/629
f 524/186/524 639/149/639 640/178/640
f 627/217/627 626/222/626 634/150/634
f 628/702/628 629/708/629 626/222/626
f 626/222/626 627/217/627 628/702/628
f 640/178/640 629/708/629 632/776/632
f 629/708/629 628/702/628 631/777/631
f 631/777/631 632/776/632 629/708/629
f 525/179/525 640/178/640 641/177/641
f 632/776/632 641/177/641 640/178/640
f 640/178/640 525/179/525 524/186/524
f 1646/178/1645 641/177/641 632/776/632
f 554/698/554 559/749/559 558/778/558
f 554/698/554 555/614/555 552/615/552
f 562/745/562 559/749/559 554/698/554
f 554/698/554 428/699/428 562/745/562
f 427/660/427 428/699/428 554/698/554
f 554/698/554 552/615/552 427/660/427
f 559/749/559 562/745/562 413/746/413
f 413/746/413 412/748/412 559/749/559
f 559/749/559 412/748/412 548/726/548
f 562/745/562 391/742/391 393/744/393
f 393/744/393 413/746/413 562/745/562
f 391/742/391 562/745/562 428/699/428
f 428/699/428 388/737/388 391/742/391
f 1429/727/1428 1430/767/1429 1427/670/1426
f 1461/772/1460 1377/773/1376 1368/640/1367
f 1368/640/1367 1450/671/1449 1461/772/1460
f 1377/773/1376 1382/714/1381 1380/711/1379
f 1380/711/1379 1378/712/1377 1377/773/1376
f 1368/640/1367 1377/773/1376 1378/712/1377
f 1378/712/1377 1369/779/1368 1368/640/1367
f 1370/674/1369 1371/638/1370 1368/640/1367
f 1368/640/1367 1369/779/1368 1370/674/1369
f 1379/713/1378 1378/712/1377 1380/711/1379
f 1376/780/1375 1369/779/1368 1378/712/1377
f 1378/712/1377 1379/713/1378 1376/780/1375
f 548/726/548 412/748/412 410/725/410
f 410/725/410 412/748/412 413/746/413
f 488/467/488 486/468/486 494/781/494
f 486/468/486 478/719/478 477/782/477
f 477/782/477 494/781/494 486/468/486
f 486/468/486 488/467/488 487/466/487
f 494/781/494 499/783/499 488/467/488
f 494/781/494 493/784/493 498/785/498
f 394/739/394 398/740/398 399/741/399
f 399/741/399 395/734/395 394/739/394
f 396/735/396 397/736/397 394/739/394
f 394/739/394 395/734/395 396/735/396
f 388/737/388 397/736/397 396/735/396
f 396/735/396 389/733/389 388/737/388
f 389/733/389 396/735/396 395/734/395
f 387/729/387 395/734/395 399/741/399
f 395/734/395 387/729/387 389/733/389
f 399/741/399 384/728/384 387/729/387
f 387/729/387 384/728/384 383/727/383
f 383/727/383 384/728/384 381/670/381
f 2420/750/2098 2421/751/2099 2418/752/2096
f 2418/752/2096 2419/753/2097 2420/750/2098
f 2500/754/2178 2501/755/2179 2498/756/2176
f 2498/756/2176 2499/757/2177 2500/754/2178
f 97/227/97 96/226/96 367/225/367
f 98/127/98 99/228/99 96/226/96
f 96/226/96 97/227/97 98/127/98
f 367/225/367 366/232/366 97/227/97
f 97/227/97 366/232/366 106/93/106
f 106/93/106 100/128/100 97/227/97
f 101/125/101 98/127/98 97/227/97
f 97/227/97 100/128/100 101/125/101
f 968/229/968 374/231/374 367/225/367
f 367/225/367 967/230/967 968/229/968
f 366/232/366 367/225/367 374/231/374
f 106/93/106 366/232/366 374/231/374
f 369/774/369 374/231/374 968/229/968
f 374/231/374 369/774/369 116/591/116
f 116/591/116 145/590/145 374/231/374
f 374/231/374 145/590/145 106/93/106
f 369/774/369 968/229/968 967/230/967
f 967/230/967 969/775/969 369/774/369
f 369/774/369 969/775/969 108/321/108
f 369/774/369 108/321/108 107/318/107
f 369/774/369 107/318/107 111/593/111
f 111/593/111 116/591/116 369/774/369
f 1456/771/1455 1447/768/1446 1439/744/1438
f 1439/744/1438 1458/746/1457 1456/771/1455
f 1439/744/1438 1447/768/1446 1446/730/1445
f 1474/699/1473 1584/745/1583 1435/742/1434
f 1458/746/1457 1584/745/1583 1581/749/1580
f 1584/745/1583 1474/699/1473 1576/698/1575
f 1576/698/1575 1581/749/1580 1584/745/1583
f 1581/749/1580 1459/748/1458 1458/746/1457
f 1458/746/1457 1459/748/1458 1457/725/1456
f 1457/725/1456 1456/771/1455 1458/746/1457
f 1382/714/1381 1460/770/1459 1456/771/1455
f 1447/768/1446 1456/771/1455 1460/770/1459
f 1382/714/1381 1456/771/1455 1457/725/1456
f 1460/770/1459 1432/769/1431 1447/768/1446
f 1447/768/1446 1432/769/1431 1431/731/1430
f 1431/731/1430 1446/730/1445 1447/768/1446
f 1432/769/1431 1460/770/1459 1461/772/1460
f 1460/770/1459 1382/714/1381 1377/773/1376
f 1377/773/1376 1461/772/1460 1460/770/1459
f 1461/772/1460 1430/767/1429 1432/769/1431
f 1431/731/1430 1432/769/1431 1430/767/1429
f 1430/767/1429 1429/727/1428 1431/731/1430
f 1450/671/1449 1427/670/1426 1430/767/1429
f 1430/767/1429 1461/772/1460 1450/671/1449
f 3096/602/2654 3097/603/2655 3094/604/2652
f 3094/604/2652 3095/605/2653 3096/602/2654
f 3176/606/2734 3177/607/2735 3174/608/2732
f 3174/608/2732 3175/609/2733 3176/606/2734
f 2660/754/2178 2661/755/2272 2658/756/2271
f 2658/756/2271 2659/757/2177 2660/754/2178
f 2580/750/2098 2581/751/2099 2578/752/2096
f 2578/752/2096 2579/753/2097 2580/750/2098
f 1887/115/1886 1888/116/1887 1885/117/1884
f 1885/117/1884 1886/118/1885 1887/115/1886
f 1909/119/1908 1887/115/1886 1886/118/1885
f 1889/120/1888 1887/115/1886 1909/119/1908
f 1888/116/1887 1887/115/1886 1889/120/1888
f 1889/120/1888 1890/121/1889 1888/116/1887
f 1909/119/1908 1910/122/1909 1889/120/1888
f 1886/118/1885 1912/123/1911 1909/119/1908
f 1909/119/1908 1912/123/1911 1911/124/1910
f 1911/124/1910 1910/122/1909 1909/119/1908
f 1920/119/1919 1922/123/1921 1911/124/1910
f 1911/124/1910 1921/122/1920 1920/119/1919
f 1920/119/1919 1904/115/1903 1903/118/1902
f 1903/118/1902 1922/123/1921 1920/119/1919
f 1920/119/1919 1921/122/1920 1907/120/1906
f 1907/120/1906 1904/115/1903 1920/119/1919
f 1905/116/1904 1904/115/1903 1907/120/1906
f 1903/118/1902 1904/115/1903 1905/116/1904
f 1905/116/1904 1906/117/1905 1903/118/1902
f 1907/120/1906 1908/121/1907 1905/116/1904
f 882/115/882 883/118/883 880/117/880
f 880/117/880 881/116/881 882/115/882
f 883/118/883 882/115/882 905/119/905
f 905/119/905 882/115/882 885/120/885
f 885/120/885 882/115/882 881/116/881
f 905/119/905 907/123/907 883/118/883
f 906/124/906 907/123/907 905/119/905
f 905/119/905 904/122/904 906/124/906
f 885/120/885 904/122/904 905/119/905
f 881/116/881 884/121/884 885/120/885
f 906/124/906 917/123/917 916/119/916
f 916/119/916 915/122/915 906/124/906
f 916/119/916 917/123/917 898/118/898
f 898/118/898 901/115/901 916/119/916
f 916/119/916 901/115/901 903/120/903
f 903/120/903 915/122/915 916/119/916
f 900/116/900 901/115/901 898/118/898
f 898/118/898 899/117/899 900/116/900
f 903/120/903 901/115/901 900/116/900
f 900/116/900 902/121/902 903/120/903
f 2740/750/2298 2741/751/2299 2738/752/2296
f 2738/752/2296 2739/753/2297 2740/750/2298
f 2820/754/2378 2821/755/2379 2818/756/2376
f 2818/756/2376 2819/757/2377 2820/754/2378
f 1651/144/1650 1304/150/1303 1306/222/1305
f 1306/222/1305 1650/149/1649 1651/144/1650
f 1607/145/1606 1300/215/1299 1304/150/1303
f 1300/215/1299 1607/145/1606 1606/52/1605
f 1277/50/1276 1606/52/1605 1607/145/1606
f 1305/217/1304 1306/222/1305 1304/150/1303
f 1304/150/1303 1303/216/1302 1305/217/1304
f 1303/216/1302 1304/150/1303 1300/215/1299
f 1650/149/1649 1306/222/1305 1609/708/1608
f 1608/702/1607 1609/708/1608 1306/222/1305
f 1306/222/1305 1305/217/1304 1608/702/1607
f 1367/148/1366 1650/149/1649 1610/707/1609
f 1609/708/1608 1610/707/1609 1650/149/1649
f 1610/707/1609 1609/708/1608 1090/705/1089
f 602/703/602 1090/705/1089 1609/708/1608
f 1609/708/1608 1608/702/1607 602/703/602
f 600/704/600 602/703/602 1608/702/1607
f 602/703/602 596/702/596 595/708/595
f 595/708/595 1090/705/1089 602/703/602
f 1352/786/1351 1350/787/1349 1348/502/1347
f 1349/501/1348 1348/502/1347 1350/787/1349
f 1348/502/1347 1349/501/1348 1346/496/1345
f 1346/496/1345 1347/499/1346 1348/502/1347
f 1347/499/1346 1964/498/1963 1354/788/1353
f 1964/498/1963 1347/499/1346 1346/496/1345
f 1346/496/1345 1523/495/1522 1964/498/1963
f 1346/496/1345 1349/501/1348 1096/500/1095
f 1096/500/1095 1095/497/1094 1346/496/1345
f 1096/500/1095 1349/501/1348 1351/789/1350
f 1350/787/1349 1351/789/1350 1349/501/1348
f 1351/789/1350 1098/620/1097 1096/500/1095
f 1097/571/1096 1096/500/1095 1098/620/1097
f 544/790/544 437/791/437 431/792/431
f 435/793/435 437/791/437 544/790/544
f 435/793/435 434/794/434 431/792/431
f 431/792/431 437/791/437 435/793/435
f 434/794/434 435/793/435 432/795/432
f 46/796/46 431/792/431 434/794/434
f 430/797/430 431/792/431 46/796/46
f 434/794/434 436/798/436 46/796/46
f 320/799/320 436/798/436 434/794/434
f 434/794/434 433/800/433 320/799/320
f 432/795/432 433/800/433 434/794/434
f 46/796/46 436/798/436 465/659/465
f 465/659/465 43/650/43 46/796/46
f 46/796/46 45/648/45 430/797/430
f 45/648/45 46/796/46 43/650/43
f 465/659/465 436/798/436 320/799/320
f 320/799/320 319/673/319 465/659/465
f 321/801/321 320/799/320 433/800/433
f 320/799/320 321/801/321 316/674/316
f 3256/602/2814 3257/603/2815 3254/604/2812
f 3254/604/2812 3255/605/2813 3256/602/2814
f 3336/606/2894 3337/607/2895 3334/608/2892
f 3334/608/2892 3335/609/2893 3336/606/2894
f 498/785/498 499/783/499 494/781/494
f 493/784/493 494/781/494 477/782/477
f 492/802/492 477/782/477 480/803/480
f 477/782/477 492/802/492 493/784/493
f 479/718/479 480/803/480 477/782/477
f 477/782/477 478/719/478 479/718/479
f 493/784/493 496/804/496 497/805/497
f 497/805/497 498/785/498 493/784/493
f 496/804/496 493/784/493 492/802/492
f 497/805/497 496/804/496 1534/784/1533
f 1534/784/1533 1536/785/1535 497/805/497
f 1536/785/1535 1534/784/1533 1533/781/1532
f 1533/781/1532 1537/783/1536 1536/785/1535
f 1529/467/1528 1537/783/1536 1533/781/1532
f 1533/781/1532 1527/468/1526 1529/467/1528
f 1374/801/1373 1370/674/1369 1369/779/1368
f 1369/779/1368 1376/780/1375 1374/801/1373
f 1375/799/1374 1372/673/1371 1370/674/1369
f 1370/674/1369 1374/801/1373 1375/799/1374
f 1371/638/1370 1370/674/1369 1372/673/1371
f 1372/673/1371 1373/639/1372 1371/638/1370
f 1507/659/1506 1372/673/1371 1375/799/1374
f 1373/639/1372 1372/673/1371 1507/659/1506
f 1375/799/1374 1481/798/1480 1507/659/1506
f 1480/800/1479 1375/799/1374 1374/801/1373
f 1375/799/1374 1480/800/1479 1479/794/1478
f 1479/794/1478 1481/798/1480 1375/799/1374
f 1374/801/1373 1484/806/1483 1480/800/1479
f 1484/806/1483 1374/801/1373 1376/780/1375
f 1477/795/1476 1480/800/1479 1484/806/1483
f 1479/794/1478 1480/800/1479 1477/795/1476
f 1476/792/1475 1479/794/1478 1478/793/1477
f 1479/794/1478 1476/792/1475 1126/796/1125
f 1126/796/1125 1481/798/1480 1479/794/1478
f 1477/795/1476 1478/793/1477 1479/794/1478
f 1507/659/1506 1481/798/1480 1126/796/1125
f 1126/796/1125 1125/650/1124 1507/659/1506
f 1475/797/1474 1127/648/1126 1126/796/1125
f 2900/750/2458 2901/751/2459 2898/752/2456
f 2898/752/2456 2899/753/2457 2900/750/2458
f 2980/754/2538 2981/755/2539 2978/756/2536
f 2978/756/2536 2979/757/2537 2980/754/2538
f 1605/211/1604 1649/52/1648 1644/145/1643
f 1649/52/1648 1605/211/1604 1257/221/1256
f 1255/220/1254 1257/221/1256 1605/211/1604
f 1257/221/1256 1642/53/1641 1649/52/1648
f 1641/210/1640 1642/53/1641 1257/221/1256
f 1257/221/1256 1256/807/1255 1641/210/1640
f 1256/807/1255 1257/221/1256 1255/220/1254
f 1255/220/1254 1254/263/1253 1256/807/1255
f 1641/210/1640 1256/807/1255 1236/209/1235
f 1236/209/1235 1256/807/1255 1254/263/1253
f 1236/209/1235 1490/90/1489 1641/210/1640
f 1642/53/1641 1641/210/1640 1490/90/1489
f 1490/90/1489 1236/209/1235 1239/86/1238
f 1265/808/1264 1237/208/1236 1236/209/1235
f 1236/209/1235 1258/264/1257 1265/808/1264
f 1254/263/1253 1258/264/1257 1236/209/1235
f 1238/87/1237 1239/86/1238 1236/209/1235
f 1236/209/1235 1237/208/1236 1238/87/1237
f 1258/264/1257 1254/263/1253 1253/809/1252
f 1258/264/1257 1259/810/1258 1266/811/1265
f 1266/811/1265 1265/808/1264 1258/264/1257
f 1253/809/1252 1259/810/1258 1258/264/1257
f 1298/211/1297 1297/219/1296 1299/212/1298
f 1297/219/1296 1298/211/1297 1292/221/1291
f 1291/53/1290 1292/221/1291 1298/211/1297
f 1290/210/1289 1289/807/1288 1292/221/1291
f 1292/221/1291 1291/53/1290 1290/210/1289
f 1295/263/1294 1289/807/1288 1285/209/1284
f 1285/209/1284 1289/807/1288 1290/210/1289
f 1253/809/1252 1295/263/1294 1294/264/1293
f 1285/209/1284 1294/264/1293 1295/263/1294
f 1294/264/1293 1285/209/1284 1288/208/1287
f 1290/210/1289 1283/90/1282 1285/209/1284
f 1581/749/1580 1580/778/1579 1570/726/1569
f 1569/747/1568 1570/726/1569 1580/778/1579
f 1569/747/1568 1580/778/1579 1579/613/1578
f 1569/747/1568 1579/613/1578 1578/697/1577
f 1576/698/1575 1577/614/1576 1580/778/1579
f 1576/698/1575 1580/778/1579 1581/749/1580
f 1579/613/1578 1580/778/1579 1577/614/1576
f 1579/613/1578 1577/614/1576 1575/567/1574
f 1094/569/1093 1579/613/1578 1575/567/1574
f 1097/571/1096 1579/613/1578 1094/569/1093
f 1579/613/1578 1097/571/1096 1099/621/1098
f 316/674/316 319/673/319 320/799/320
f 438/806/438 433/800/433 432/795/432
f 433/800/433 438/806/438 321/801/321
f 322/780/322 321/801/321 438/806/438
f 321/801/321 322/780/322 317/779/317
f 317/779/317 316/674/316 321/801/321
f 316/674/316 317/779/317 314/640/314
f 323/712/323 317/779/317 322/780/322
f 314/640/314 317/779/317 323/712/323
f 479/718/479 325/713/325 322/780/322
f 322/780/322 439/812/439 479/718/479
f 438/806/438 439/812/439 322/780/322
f 322/780/322 325/713/325 323/712/323
f 963/622/963 482/494/482 962/498/962
f 962/498/962 290/788/290 961/813/961
f 962/498/962 961/813/961 960/814/960
f 960/814/960 963/622/963 962/498/962
f 285/499/285 290/788/290 962/498/962
f 285/499/285 284/502/284 289/815/289
f 289/815/289 290/788/290 285/499/285
f 284/502/284 287/787/287 288/786/288
f 288/786/288 289/815/289 284/502/284
f 287/787/287 284/502/284 283/501/283
f 286/789/286 283/501/283 6/500/6
f 283/501/283 286/789/286 287/787/287
f 1620/533/1619 1625/541/1624 1633/545/1632
f 1626/544/1625 1634/686/1633 1633/545/1632
f 1618/709/1617 1633/545/1632 1634/686/1633
f 1633/545/1632 1618/709/1617 1620/533/1619
f 1620/533/1619 1618/709/1617 1616/531/1615
f 1634/686/1633 1619/710/1618 1618/709/1617
f 1618/709/1617 1619/710/1618 1617/532/1616
f 1617/532/1616 1616/531/1615 1618/709/1617
f 3060/750/2618 3061/751/2619 3058/752/2616
f 3058/752/2616 3059/753/2617 3060/750/2618
f 3140/754/2698 3141/755/2699 3138/756/2696
f 3138/756/2696 3139/757/2697 3140/754/2698
f 1126/796/1125 1476/792/1475 1475/797/1474
f 1125/650/1124 1126/796/1125 1127/648/1126
f 1476/792/1475 1482/791/1481 1565/790/1564
f 1565/790/1564 1475/797/1474 1476/792/1475
f 1478/793/1477 1482/791/1481 1476/792/1475
f 1565/790/1564 1482/791/1481 1478/793/1477
f 1478/793/1477 1566/816/1565 1565/790/1564
f 1566/816/1565 1478/793/1477 1477/795/1476
f 1475/797/1474 1565/790/1564 541/817/541
f 541/817/541 1565/790/1564 1566/816/1565
f 541/817/541 429/818/429 1475/797/1474
f 1127/648/1126 1475/797/1474 429/818/429
f 429/818/429 51/647/51 1127/648/1126
f 6/500/6 9/620/9 286/789/286
f 9/620/9 6/500/6 5/571/5
f 5/571/5 8/621/8 9/620/9
f 8/621/8 5/571/5 556/613/556
f 556/613/556 557/697/557 8/621/8
f 547/747/547 556/613/556 558/778/558
f 556/613/556 555/614/555 558/778/558
f 547/747/547 557/697/557 556/613/556
f 547/747/547 558/778/558 548/726/548
f 545/724/545 546/723/546 547/747/547
f 547/747/547 548/726/548 545/724/545
f 554/698/554 558/778/558 555/614/555
f 548/726/548 558/778/558 559/749/559
f 636/210/636 447/90/447 160/209/160
f 160/209/160 181/807/181 636/210/636
f 161/86/161 160/209/160 447/90/447
f 190/808/190 182/264/182 160/209/160
f 160/209/160 163/208/163 190/808/190
f 178/263/178 181/807/181 160/209/160
f 160/209/160 182/264/182 178/263/178
f 162/87/162 163/208/163 160/209/160
f 160/209/160 161/86/161 162/87/162
f 447/90/447 636/210/636 635/53/635
f 636/210/636 181/807/181 180/221/180
f 180/221/180 635/53/635 636/210/636
f 181/807/181 178/263/178 177/220/177
f 177/220/177 180/221/180 181/807/181
f 179/809/179 178/263/178 182/264/182
f 178/263/178 179/809/179 176/819/176
f 176/819/176 177/220/177 178/263/178
f 177/220/177 589/219/589 592/211/592
f 592/211/592 180/221/180 177/220/177
f 589/219/589 177/220/177 176/819/176
f 644/52/644 635/53/635 180/221/180
f 180/221/180 592/211/592 644/52/644
f 3220/750/2778 3221/751/2779 3218/752/2776
f 3218/752/2776 3219/753/2777 3220/750/2778
f 3300/754/2858 3301/755/2859 3298/756/2856
f 3298/756/2856 3299/757/2857 3300/754/2858
f 1521/718/1520 1379/713/1378 1381/717/1380
f 1517/820/1516 1484/806/1483 1483/812/1482
f 1376/780/1375 1483/812/1482 1484/806/1483
f 1477/795/1476 1517/820/1516 1557/821/1556
f 1484/806/1483 1517/820/1516 1477/795/1476
f 1557/821/1556 1559/822/1558 1477/795/1476
f 1522/719/1521 1381/717/1380 1526/716/1525
f 1526/716/1525 1381/717/1380 1380/711/1379
f 1380/711/1379 1381/717/1380 1379/713/1378
f 1526/716/1525 1527/468/1526 1522/719/1521
f 1530/720/1529 1528/466/1527 1526/716/1525
f 1526/716/1525 1525/715/1524 1530/720/1529
f 2232/823/2230 2233/824/2231 2230/825/2228
f 2230/825/2228 2231/826/2229 2232/823/2230
f 2152/827/2150 2153/828/2151 2150/829/2148
f 2150/829/2148 2151/830/2149 2152/827/2150
f 2228/831/2226 2229/832/2227 2226/833/2224
f 2226/833/2224 2227/834/2225 2228/831/2226
f 2148/835/2146 2149/836/2147 2146/837/2144
f 2146/837/2144 2147/838/2145 2148/835/2146
f 2392/823/2230 2393/824/2255 2390/825/2254
f 2390/825/2254 2391/826/2229 2392/823/2230
f 2312/827/2244 2313/828/2151 2310/839/2148
f 2310/839/2148 2311/830/2149 2312/827/2244
f 229/222/229 595/708/595 596/702/596
f 596/702/596 230/217/230 229/222/229
f 230/217/230 596/702/596 601/840/601
f 600/704/600 601/840/601 596/702/596
f 601/840/601 231/218/231 230/217/230
f 627/217/627 231/218/231 601/840/601
f 648/147/648 309/457/309 313/148/313
f 312/455/312 313/148/313 309/457/309
f 199/146/199 309/457/309 648/147/648
f 309/457/309 308/452/308 312/455/312
f 308/452/308 309/457/309 199/146/199
f 199/146/199 307/184/307 308/452/308
f 2388/831/2226 2389/841/2227 2386/833/2253
f 2386/833/2253 2387/834/2225 2388/831/2226
f 2308/835/2146 2309/836/2147 2306/837/2144
f 2306/837/2144 2307/838/2145 2308/835/2146
f 1483/812/1482 1521/718/1520 1520/803/1519
f 1519/782/1518 1520/803/1519 1521/718/1520
f 1535/802/1534 1534/784/1533 496/804/496
f 1534/784/1533 1535/802/1534 1519/782/1518
f 1527/468/1526 1533/781/1532 1519/782/1518
f 1519/782/1518 1522/719/1521 1527/468/1526
f 1519/782/1518 1533/781/1532 1534/784/1533
f 1521/718/1520 1522/719/1521 1519/782/1518
f 1521/718/1520 1483/812/1482 1376/780/1375
f 1376/780/1375 1379/713/1378 1521/718/1520
f 1381/717/1380 1522/719/1521 1521/718/1520
f 2552/823/2230 2553/824/2231 2550/825/2228
f 2550/825/2228 2551/826/2267 2552/823/2230
f 2472/827/2150 2473/828/2151 2470/839/2148
f 2470/839/2148 2471/830/2263 2472/827/2150
f 2236/842/2234 2237/843/2235 2234/844/2232
f 2234/844/2232 2235/845/2233 2236/842/2234
f 2156/846/2154 2157/847/2155 2154/848/2152
f 2154/848/2152 2155/849/2153 2156/846/2154
f 2548/831/2226 2549/841/2227 2546/833/2253
f 2546/833/2253 2547/834/2225 2548/831/2226
f 2468/835/2146 2469/836/2147 2466/837/2144
f 2466/837/2144 2467/838/2145 2468/835/2146
f 580/205/580 583/207/583 586/204/586
f 1600/204/1599 1547/200/1546 513/199/513
f 513/199/513 587/206/587 1600/204/1599
f 587/206/587 585/415/585 1597/207/1596
f 1597/207/1596 1600/204/1599 587/206/587
f 583/207/583 585/415/585 587/206/587
f 583/207/583 582/417/582 584/416/584
f 584/416/584 585/415/585 583/207/583
f 582/417/582 583/207/583 580/205/580
f 580/205/580 581/420/581 582/417/582
f 582/417/582 539/419/539 538/418/538
f 538/418/538 584/416/584 582/417/582
f 539/419/539 582/417/582 581/420/581
f 2188/850/2186 2189/851/2187 2186/852/2184
f 2186/852/2184 2187/853/2185 2188/850/2186
f 2108/854/2106 2109/855/2107 2106/856/2104
f 2106/856/2104 2107/857/2105 2108/854/2106
f 2184/858/2182 2185/859/2183 2182/860/2180
f 2182/860/2180 2183/861/2181 2184/858/2182
f 2104/862/2102 2105/863/2103 2102/864/2100
f 2102/864/2100 2103/865/2101 2104/862/2102
f 2708/831/2226 2709/841/2274 2706/833/2224
f 2706/833/2224 2707/834/2225 2708/831/2226
f 2628/835/2146 2629/836/2147 2626/837/2144
f 2626/837/2144 2627/838/2145 2628/835/2146
f 2712/823/2230 2713/824/2231 2710/825/2228
f 2710/825/2228 2711/826/2229 2712/823/2230
f 2632/827/2150 2633/828/2151 2630/829/2148
f 2630/829/2148 2631/830/2263 2632/827/2150
f 2868/831/2426 2869/832/2427 2866/833/2424
f 2866/833/2424 2867/834/2425 2868/831/2426
f 2788/835/2346 2789/836/2347 2786/837/2344
f 2786/837/2344 2787/838/2345 2788/835/2346
f 2396/842/2234 2397/843/2235 2394/844/2232
f 2394/844/2232 2395/845/2233 2396/842/2234
f 2316/846/2154 2317/847/2155 2314/848/2152
f 2314/848/2152 2315/849/2153 2316/846/2154
f 2348/850/2186 2349/851/2187 2346/852/2184
f 2346/852/2184 2347/853/2185 2348/850/2186
f 2268/854/2106 2269/855/2107 2266/856/2104
f 2266/856/2104 2267/857/2105 2268/854/2106
f 2872/823/2430 2873/824/2431 2870/825/2428
f 2870/825/2428 2871/826/2429 2872/823/2430
f 2792/827/2350 2793/828/2351 2790/829/2348
f 2790/829/2348 2791/830/2349 2792/827/2350
f 660/120/660 677/122/677 678/119/678
f 678/119/678 658/115/658 660/120/660
f 660/120/660 658/115/658 657/116/657
f 657/116/657 659/121/659 660/120/660
f 678/119/678 679/123/679 655/118/655
f 655/118/655 658/115/658 678/119/678
f 657/116/657 658/115/658 655/118/655
f 655/118/655 656/117/656 657/116/657
f 1682/119/1681 1683/122/1682 1664/120/1663
f 1682/119/1681 1661/115/1660 1660/118/1659
f 1660/118/1659 1684/123/1683 1682/119/1681
f 1664/120/1663 1661/115/1660 1682/119/1681
f 1664/120/1663 1665/121/1664 1662/116/1661
f 1662/116/1661 1661/115/1660 1664/120/1663
f 1660/118/1659 1661/115/1660 1662/116/1661
f 1662/116/1661 1663/117/1662 1660/118/1659
f 3028/831/2586 3029/832/2587 3026/833/2584
f 3026/833/2584 3027/834/2585 3028/831/2586
f 2948/835/2506 2949/836/2507 2946/837/2504
f 2946/837/2504 2947/838/2505 2948/835/2506
f 2264/862/2102 2265/863/2103 2262/864/2100
f 2262/864/2100 2263/865/2101 2264/862/2102
f 2344/858/2182 2345/859/2183 2342/860/2180
f 2342/860/2180 2343/861/2181 2344/858/2182
f 957/866/957 289/815/289 288/786/288
f 288/786/288 956/867/956 957/866/957
f 289/815/289 957/866/957 961/813/961
f 957/866/957 959/868/959 960/814/960
f 960/814/960 961/813/961 957/866/957
f 959/868/959 957/866/957 956/867/956
f 961/813/961 290/788/290 289/815/289
f 1964/498/1963 963/622/963 960/814/960
f 960/814/960 1963/813/1962 1964/498/1963
f 1961/866/1960 1963/813/1962 960/814/960
f 960/814/960 959/868/959 1961/866/1960
f 959/868/959 958/869/958 1962/867/1961
f 1962/867/1961 1961/866/1960 959/868/959
f 956/867/956 958/869/958 959/868/959
f 1963/813/1962 1961/866/1960 1353/815/1352
f 1961/866/1960 1962/867/1961 1352/786/1351
f 1352/786/1351 1353/815/1352 1961/866/1960
f 1964/498/1963 1963/813/1962 1354/788/1353
f 1353/815/1352 1354/788/1353 1963/813/1962
f 1347/499/1346 1354/788/1353 1353/815/1352
f 1353/815/1352 1348/502/1347 1347/499/1346
f 1348/502/1347 1353/815/1352 1352/786/1351
f 3188/831/2746 3189/832/2747 3186/833/2744
f 3186/833/2744 3187/834/2745 3188/831/2746
f 3108/835/2666 3109/836/2667 3106/837/2664
f 3106/837/2664 3107/838/2665 3108/835/2666
f 2556/842/2234 2557/843/2235 2554/844/2232
f 2554/844/2232 2555/845/2233 2556/842/2234
f 2476/846/2154 2477/847/2155 2474/848/2152
f 2474/848/2152 2475/849/2153 2476/846/2154
f 3348/831/2906 3349/832/2907 3346/833/2904
f 3346/833/2904 3347/834/2905 3348/831/2906
f 3268/835/2826 3269/836/2827 3266/837/2824
f 3266/837/2824 3267/838/2825 3268/835/2826
f 3032/823/2590 3033/824/2591 3030/825/2588
f 3030/825/2588 3031/826/2589 3032/823/2590
f 2952/827/2510 2953/828/2511 2950/829/2508
f 2950/829/2508 2951/830/2509 2952/827/2510
f 2508/850/2186 2509/851/2187 2506/852/2184
f 2506/852/2184 2507/853/2185 2508/850/2186
f 2428/854/2256 2429/855/2257 2426/856/2104
f 2426/856/2104 2427/857/2105 2428/854/2256
f 1951/119/1950 1952/122/1951 1933/120/1932
f 1951/119/1950 1930/115/1929 1929/118/1928
f 1929/118/1928 1953/123/1952 1951/119/1950
f 1933/120/1932 1930/115/1929 1951/119/1950
f 1933/120/1932 1934/121/1933 1931/116/1930
f 1931/116/1930 1930/115/1929 1933/120/1932
f 1929/118/1928 1930/115/1929 1931/116/1930
f 1931/116/1930 1932/117/1931 1929/118/1928
f 929/120/929 946/122/946 947/119/947
f 947/119/947 927/115/927 929/120/929
f 929/120/929 927/115/927 926/116/926
f 926/116/926 928/121/928 929/120/929
f 947/119/947 948/123/948 924/118/924
f 924/118/924 927/115/927 947/119/947
f 926/116/926 927/115/927 924/118/924
f 924/118/924 925/117/925 926/116/926
f 3192/823/2750 3193/824/2751 3190/825/2748
f 3190/825/2748 3191/826/2749 3192/823/2750
f 3112/827/2670 3113/828/2671 3110/829/2668
f 3110/829/2668 3111/830/2669 3112/827/2670
f 2424/862/2102 2425/863/2103 2422/864/2100
f 2422/864/2100 2423/865/2101 2424/862/2102
f 2504/858/2182 2505/859/2183 2502/860/2180
f 2502/860/2180 2503/861/2181 2504/858/2182
f 1128/649/1127 1127/648/1126 51/647/51
f 1127/648/1126 1128/649/1127 1125/650/1124
f 430/797/430 429/818/429 541/817/541
f 429/818/429 430/797/430 45/648/45
f 45/648/45 51/647/51 429/818/429
f 1566/816/1565 542/870/542 541/817/541
f 541/817/541 544/790/544 430/797/430
f 543/816/543 544/790/544 541/817/541
f 541/817/541 542/870/542 543/816/543
f 1477/795/1476 1559/822/1558 1566/816/1565
f 542/870/542 1566/816/1565 1559/822/1558
f 1559/822/1558 532/871/532 542/870/542
f 531/822/531 543/816/543 542/870/542
f 542/870/542 532/871/532 531/822/531
f 544/790/544 543/816/543 435/793/435
f 543/816/543 531/822/531 432/795/432
f 432/795/432 435/793/435 543/816/543
f 431/792/431 430/797/430 544/790/544
f 2668/850/2186 2669/851/2187 2666/852/2184
f 2666/852/2184 2667/853/2185 2668/850/2186
f 2588/854/2256 2589/855/2257 2586/856/2104
f 2586/856/2104 2587/857/2105 2588/854/2256
f 2716/842/2234 2717/843/2235 2714/844/2275
f 2714/844/2275 2715/845/2233 2716/842/2234
f 2636/846/2154 2637/847/2270 2634/848/2152
f 2634/848/2152 2635/849/2153 2636/846/2154
f 3352/823/2910 3353/824/2911 3350/825/2908
f 3350/825/2908 3351/826/2909 3352/823/2910
f 3272/827/2830 3273/828/2831 3270/829/2828
f 3270/829/2828 3271/830/2829 3272/827/2830
f 2828/850/2386 2829/851/2387 2826/852/2384
f 2826/852/2384 2827/853/2385 2828/850/2386
f 2748/854/2306 2749/855/2307 2746/856/2304
f 2746/856/2304 2747/857/2305 2748/854/2306
f 2664/858/2182 2665/859/2183 2662/860/2180
f 2662/860/2180 2663/861/2181 2664/858/2182
f 2584/862/2102 2585/863/2103 2582/864/2100
f 2582/864/2100 2583/865/2101 2584/862/2102
f 2876/842/2434 2877/843/2435 2874/844/2432
f 2874/844/2432 2875/845/2433 2876/842/2434
f 2796/846/2354 2797/847/2355 2794/848/2352
f 2794/848/2352 2795/849/2353 2796/846/2354
f 815/120/815 832/122/832 833/119/833
f 833/119/833 813/115/813 815/120/815
f 815/120/815 813/115/813 812/116/812
f 812/116/812 814/121/814 815/120/815
f 833/119/833 834/123/834 810/118/810
f 810/118/810 813/115/813 833/119/833
f 812/116/812 813/115/813 810/118/810
f 810/118/810 811/117/811 812/116/812
f 1837/119/1836 1838/122/1837 1819/120/1818
f 1837/119/1836 1816/115/1815 1815/118/1814
f 1815/118/1814 1839/123/1838 1837/119/1836
f 1819/120/1818 1816/115/1815 1837/119/1836
f 1819/120/1818 1820/121/1819 1817/116/1816
f 1817/116/1816 1816/115/1815 1819/120/1818
f 1815/118/1814 1816/115/1815 1817/116/1816
f 1817/116/1816 1818/117/1817 1815/118/1814
f 2988/850/2546 2989/851/2547 2986/852/2544
f 2986/852/2544 2987/853/2545 2988/850/2546
f 2908/854/2466 2909/855/2467 2906/856/2464
f 2906/856/2464 2907/857/2465 2908/854/2466
f 2824/858/2382 2825/859/2383 2822/860/2380
f 2822/860/2380 2823/861/2381 2824/858/2382
f 2744/862/2302 2745/863/2303 2742/864/2300
f 2742/864/2300 2743/865/2301 2744/862/2302
f 3036/842/2594 3037/843/2595 3034/844/2592
f 3034/844/2592 3035/845/2593 3036/842/2594
f 2956/846/2514 2957/847/2515 2954/848/2512
f 2954/848/2512 2955/849/2513 2956/846/2514
f 3148/850/2706 3149/851/2707 3146/852/2704
f 3146/852/2704 3147/853/2705 3148/850/2706
f 3068/854/2626 3069/855/2627 3066/856/2624
f 3066/856/2624 3067/857/2625 3068/854/2626
f 3308/850/2866 3309/851/2867 3306/852/2864
f 3306/852/2864 3307/853/2865 3308/850/2866
f 3228/854/2786 3229/855/2787 3226/856/2784
f 3226/856/2784 3227/857/2785 3228/854/2786
f 2984/858/2542 2985/859/2543 2982/860/2540
f 2982/860/2540 2983/861/2541 2984/858/2542
f 2904/862/2462 2905/863/2463 2902/864/2460
f 2902/864/2460 2903/865/2461 2904/862/2462
f 3196/842/2754 3197/843/2755 3194/844/2752
f 3194/844/2752 3195/845/2753 3196/842/2754
f 3116/846/2674 3117/847/2675 3114/848/2672
f 3114/848/2672 3115/849/2673 3116/846/2674
f 3144/858/2702 3145/859/2703 3142/860/2700
f 3142/860/2700 3143/861/2701 3144/858/2702
f 3064/862/2622 3065/863/2623 3062/864/2620
f 3062/864/2620 3063/865/2621 3064/862/2622
f 3356/842/2914 3357/843/2915 3354/844/2912
f 3354/844/2912 3355/845/2913 3356/842/2914
f 3276/846/2834 3277/847/2835 3274/848/2832
f 3274/848/2832 3275/849/2833 3276/846/2834
f 3304/858/2862 3305/859/2863 3302/860/2860
f 3302/860/2860 3303/861/2861 3304/858/2862
f 3224/862/2782 3225/863/2783 3222/864/2780
f 3222/864/2780 3223/865/2781 3224/862/2782
f 439/812/439 438/806/438 475/820/475
f 432/795/432 475/820/475 438/806/438
f 529/821/529 475/820/475 432/795/432
f 432/795/432 531/822/531 529/821/529
f 475/820/475 529/821/529 528/872/528
f 528/872/528 476/873/476 475/820/475
f 475/820/475 476/873/476 439/812/439
f 480/803/480 479/718/479 439/812/439
f 439/812/439 476/873/476 480/803/480
f 533/874/533 480/803/480 476/873/476
f 476/873/476 528/872/528 533/874/533
f 534/875/534 533/874/533 528/872/528
f 528/872/528 527/876/527 534/875/534
f 527/876/527 528/872/528 529/821/529
f 530/877/530 529/821/529 531/822/531
f 529/821/529 530/877/530 527/876/527
f 531/822/531 532/871/532 530/877/530
f 530/877/530 532/871/532 1559/822/1558
f 1559/822/1558 1557/821/1556 530/877/530
f 527/876/527 530/877/530 1557/821/1556
f 534/875/534 527/876/527 1558/872/1557
f 1557/821/1556 1558/872/1557 527/876/527
f 1558/872/1557 1560/874/1559 534/875/534
f 495/878/495 534/875/534 1560/874/1559
f 533/874/533 534/875/534 495/878/495
f 480/803/480 533/874/533 492/802/492
f 495/878/495 492/802/492 533/874/533
f 1560/874/1559 1535/802/1534 495/878/495
f 496/804/496 495/878/495 1535/802/1534
f 492/802/492 495/878/495 496/804/496
f 1560/874/1559 1558/872/1557 1518/873/1517
f 1518/873/1517 1520/803/1519 1560/874/1559
f 1535/802/1534 1560/874/1559 1520/803/1519
f 1517/820/1516 1518/873/1517 1558/872/1557
f 1558/872/1557 1557/821/1556 1517/820/1516
f 1520/803/1519 1518/873/1517 1483/812/1482
f 1483/812/1482 1518/873/1517 1517/820/1516
f 1520/803/1519 1519/782/1518 1535/802/1534
f 632/776/632 1636/708/1635 1646/178/1645
f 1636/708/1635 632/776/632 631/777/631
f 631/777/631 1637/702/1636 1636/708/1635
f 1637/702/1636 631/777/631 630/879/630
f 630/879/630 631/777/631 628/702/628
f 628/702/628 601/840/601 630/879/630
f 601/840/601 628/702/628 627/217/627
f 630/879/630 1611/840/1610 1637/702/1636
f 1638/217/1637 1637/702/1636 1611/840/1610
f 1637/702/1636 1638/217/1637 1635/222/1634
f 1635/222/1634 1636/708/1635 1637/702/1636
f 1636/708/1635 1635/222/1634 1645/149/1644
f 208/209/208 214/807/214 219/263/219
f 211/208/211 208/209/208 218/264/218
f 213/210/213 214/807/214 208/209/208
f 218/264/218 217/808/217 211/208/211
f 166/262/166 211/208/211 217/808/217
f 218/264/218 219/263/219 179/809/179
f 179/809/179 183/810/183 218/264/218
f 217/808/217 218/264/218 183/810/183
f 220/220/220 219/263/219 214/807/214
f 214/807/214 216/221/216 220/220/220
f 216/221/216 214/807/214 213/210/213
f 213/210/213 215/53/215 216/221/216
f 183/810/183 189/811/189 217/808/217
f 189/811/189 183/810/183 182/264/182
f 182/264/182 183/810/183 179/809/179
f 217/808/217 189/811/189 166/262/166
f 182/264/182 190/808/190 189/811/189
f 166/262/166 189/811/189 190/808/190
f 190/808/190 163/208/163 166/262/166
f 166/262/166 163/208/163 162/87/162
f 200/81/200 201/84/201 202/43/202
f 205/44/205 202/43/202 201/84/201
f 201/84/201 204/89/204 205/44/205
f 1645/149/1644 1646/178/1645 1636/708/1635
f 1643/144/1642 1645/149/1644 1635/222/1634
f 1635/222/1634 1639/150/1638 1643/144/1642
f 1639/150/1638 1635/222/1634 1638/217/1637
f 1638/217/1637 1640/216/1639 1639/150/1638
f 1640/216/1639 1638/217/1637 1307/218/1306
f 1611/840/1610 1307/218/1306 1638/217/1637
f 1305/217/1304 1307/218/1306 1611/840/1610
f 1611/840/1610 1608/702/1607 1305/217/1304
f 1608/702/1607 1611/840/1610 600/704/600
f 1307/218/1306 1308/214/1307 1640/216/1639
f 1303/216/1302 1308/214/1307 1307/218/1306
f 1307/218/1306 1305/217/1304 1303/216/1302
f 1603/212/1602 1640/216/1639 1308/214/1307
f 1640/216/1639 1603/212/1602 1604/215/1603
f 1604/215/1603 1639/150/1638 1640/216/1639
f 637/145/637 644/52/644 592/211/592
f 592/211/592 591/215/591 637/145/637
f 591/215/591 592/211/592 589/219/589
f 589/219/589 590/212/590 591/215/591
f 590/212/590 589/219/589 226/880/226
f 176/819/176 226/880/226 589/219/589
f 226/880/226 176/819/176 220/220/220
f 219/263/219 220/220/220 176/819/176
f 176/819/176 179/809/179 219/263/219
f 226/880/226 225/213/225 590/212/590
f 220/220/220 222/219/222 226/880/226
f 225/213/225 226/880/226 222/219/222
f 232/214/232 633/216/633 590/212/590
f 1639/150/1638 1604/215/1603 1644/145/1643
f 1644/145/1643 1643/144/1642 1639/150/1638
f 1644/145/1643 1604/215/1603 1605/211/1604
f 1602/219/1601 1605/211/1604 1604/215/1603
f 1604/215/1603 1603/212/1602 1602/219/1601
f 1308/214/1307 1301/213/1300 1603/212/1602
f 1603/212/1602 1301/213/1300 1302/880/1301
f 1302/880/1301 1602/219/1601 1603/212/1602
f 1299/212/1298 1301/213/1300 1308/214/1307
f 1308/214/1307 1303/216/1302 1299/212/1298
f 1297/219/1296 1302/880/1301 1301/213/1300
f 1301/213/1300 1299/212/1298 1297/219/1296
f 1602/219/1601 1302/880/1301 1252/819/1251
f 1296/220/1295 1252/819/1251 1302/880/1301
f 1302/880/1301 1297/219/1296 1296/220/1295
f 1605/211/1604 1602/219/1601 1255/220/1254
f 1252/819/1251 1255/220/1254 1602/219/1601
f 1295/263/1294 1253/809/1252 1252/819/1251
f 1252/819/1251 1296/220/1295 1295/263/1294
f 1254/263/1253 1255/220/1254 1252/819/1251
f 1252/819/1251 1253/809/1252 1254/263/1253
f 1292/221/1291 1296/220/1295 1297/219/1296
f 1296/220/1295 1292/221/1291 1289/807/1288
f 1289/807/1288 1295/263/1294 1296/220/1295
f 1265/808/1264 1266/811/1265 1242/262/1241
f 1242/262/1241 1237/208/1236 1265/808/1264
f 1238/87/1237 1237/208/1236 1242/262/1241
f 1242/262/1241 1240/88/1239 1238/87/1237
f 1239/86/1238 1238/87/1237 1240/88/1239
f 1293/808/1292 1288/208/1287 1242/262/1241
f 1242/262/1241 1266/811/1265 1293/808/1292
f 1240/88/1239 1242/262/1241 1288/208/1287
f 1293/808/1292 1266/811/1265 1259/810/1258
f 1294/264/1293 1259/810/1258 1253/809/1252
f 1259/810/1258 1294/264/1293 1293/808/1292
f 1288/208/1287 1293/808/1292 1294/264/1293
f 1288/208/1287 1287/87/1286 1240/88/1239
