# anomalocaris_ad reconstructed from live game memory
v -79.22037 34.21344 -11.64946
v -85.39314 36.02158 -19.70377
v -79.33558 33.75566 -11.81128
v -88.26029 33.97000 -12.68032
v -79.33558 33.75566 -11.81128
v -85.39314 36.02158 -19.70377
v -88.26029 33.97000 -12.68032
v -74.80292 31.45122 -2.54595
v -74.58359 29.58793 -2.27527
v -79.73823 31.65012 -1.93651
v -79.44062 29.88139 -1.55527
v -74.58359 29.58793 -2.27527
v -72.28323 34.21344 -11.31449
v -75.99401 36.02158 -19.32376
v -72.33942 33.75567 -11.46583
v -78.57753 34.96927 -14.05602
v -72.33942 33.75567 -11.46583
v -75.99401 36.02158 -19.32376
v -78.57753 34.96927 -14.05602
v -70.87592 30.39153 -2.86740
v -74.80292 31.45122 -2.54595
v -77.12743 33.00550 -7.20441
v -77.12743 33.00550 -7.20441
v -74.58359 29.58793 -2.27527
v -70.87592 30.39153 -2.86740
v 54.93403 33.04224 -5.64722
v 56.19253 33.17211 0.00000
v 50.22478 37.22158 0.00000
v 50.00134 36.42819 -6.18147
v -70.87592 30.39153 -2.86740
v -70.86188 27.05938 -0.00000
v -62.69231 25.73760 -0.00000
v -62.22163 27.98352 -5.82642
v -62.34451 32.98138 -0.00000
v -70.99228 32.65243 -0.00000
v 13.40596 24.22668 -13.02197
v 12.59466 21.41116 0.00000
v 23.97732 22.39356 0.00000
v 25.16656 24.89159 -10.87171
v -37.24942 26.25595 -11.25690
v -36.70958 22.64260 -0.00000
v -27.11163 22.17015 -0.00000
v -27.77899 25.66336 -12.86745
v -52.36182 26.27157 -8.20630
v -52.01842 23.80486 -0.00000
v -44.92336 23.11680 -0.00000
v -45.20793 26.22372 -9.83400
v 29.90821 26.55653 -9.33570
v 23.97732 22.39356 0.00000
v 30.73998 23.55798 0.00000
v 26.32579 36.98996 -4.84253
v 26.59601 30.31353 -9.58036
v 31.11038 35.73727 -3.63472
v 45.37035 33.15761 -9.85449
v 44.85348 27.77182 -9.36248
v 50.57166 27.63939 -10.12669
v 50.78425 32.69825 -9.12969
v 50.86779 25.02407 -7.05710
v 56.24349 25.39927 -8.95590
v 55.68345 26.66849 -10.89028
v 38.28085 28.83056 -7.39128
v 42.40438 23.60167 0.00000
v 44.96749 24.47415 -5.60635
v 38.39912 35.96848 -3.80750
v 44.74179 37.32346 -4.86716
v 38.28085 28.83056 -7.39128
v 42.40438 23.60167 0.00000
v 38.39912 35.96848 -3.80750
v -16.75744 21.62724 -0.00000
v -17.60941 25.28053 -14.13237
v 27.09670 27.61307 -11.83803
v 20.97106 31.54774 -11.68639
v 20.70440 27.74255 -14.99198
v 23.92556 27.01937 -13.51329
v -23.03276 32.83578 -15.06831
v -25.06184 29.76100 -15.42312
v -20.89420 29.81388 -16.08629
v -32.76957 32.18722 -13.63566
v -34.79264 29.66733 -13.65109
v -30.79659 29.67999 -14.45846
v -48.83309 30.98234 -10.00721
v -50.32508 28.99581 -10.41314
v -47.32074 29.07091 -11.13736
v -45.20793 26.22372 -9.83400
v -43.72444 27.44795 -12.63722
v -47.84116 28.33314 -12.75548
v -27.77899 25.66336 -12.86745
v -25.48720 27.05825 -17.58946
v -30.90668 28.69297 -16.53454
v 13.40596 24.22668 -13.02197
v 20.78023 25.00353 -14.69496
v 17.25249 25.86919 -17.19508
v -20.89420 29.81388 -16.08629
v -25.06184 29.76100 -15.42312
v -25.42043 30.01518 -18.78173
v -20.52665 28.72391 -19.94773
v -30.79659 29.67999 -14.45846
v -34.79264 29.66733 -13.65109
v -35.70504 29.75956 -15.64011
v -30.90668 28.69297 -16.53454
v -47.32074 29.07091 -11.13736
v -50.32508 28.99581 -10.41314
v -50.81977 28.98457 -12.03890
v -47.84116 28.33314 -12.75548
v -41.23103 31.56817 -12.08346
v -42.88021 29.34282 -12.05595
v -39.79580 29.45529 -12.75813
v -37.24942 26.25595 -11.25690
v -35.75518 27.51143 -14.24846
v -40.15189 28.58161 -14.03875
v -39.79580 29.45529 -12.75813
v -42.88021 29.34282 -12.05595
v -43.34330 29.31083 -13.87839
v -40.15189 28.58161 -14.03875
v -57.86592 26.68992 -5.83086
v -58.11927 24.80959 -0.00000
v -56.34039 30.49597 -6.84057
v -57.62088 28.61548 -7.56769
v -54.60566 28.48094 -9.26607
v -52.36182 26.27157 -8.20630
v -51.19690 27.44290 -10.89762
v -54.60566 28.48094 -9.26607
v -23.14754 39.04163 -6.04398
v -12.97583 32.98997 -15.83861
v -3.70334 40.34785 -6.62120
v -3.71289 32.81353 -16.44439
v 16.20070 28.43490 -15.07241
v 14.06692 31.78888 -14.34060
v 12.70687 28.54721 -16.04648
v -14.99567 29.85892 -16.54272
v -10.85619 29.78699 -17.07624
v -5.52386 29.62987 -17.52011
v -20.52665 28.72391 -19.94773
v -17.60941 25.28053 -14.13237
v -15.06919 26.93528 -20.57059
v -10.22538 28.53560 -21.92664
v -3.81529 24.83420 -15.04045
v -4.34156 26.78328 -21.98332
v 13.40596 24.22668 -13.02197
v 17.25249 25.86919 -17.19508
v 12.99255 25.08162 -18.23687
v 13.40596 24.22668 -13.02197
v 8.13120 26.50146 -20.67258
v 3.97186 26.07692 -21.02108
v 17.25249 25.86919 -17.19508
v 16.20070 28.43490 -15.07241
v 12.70687 28.54721 -16.04648
v 12.94583 27.51464 -19.73754
v 8.13120 26.50146 -20.67258
v 7.42901 28.75681 -17.04930
v 3.60863 29.10229 -17.36819
v 3.91579 29.03343 -22.20947
v -20.52665 28.72391 -19.94773
v -15.00431 30.08738 -21.45225
v -14.99567 29.85892 -16.54272
v -20.89420 29.81388 -16.08629
v -10.22538 28.53560 -21.92664
v -5.37389 29.60566 -22.81529
v -5.52386 29.62987 -17.52011
v -10.85619 29.78699 -17.07624
v 25.16656 24.89159 -10.87171
v 28.95525 23.70587 -18.63929
v 25.51635 24.24495 -19.42014
v 23.92556 27.01937 -13.51329
v 27.09670 27.61307 -11.83803
v 29.02427 24.38237 -19.15411
v 30.84810 23.87365 -18.63773
v 29.90821 26.55653 -9.33570
v -26.02888 29.54638 -27.28277
v -32.97783 29.22113 -25.27552
v -26.15213 30.21203 -27.23351
v -22.20465 30.26362 -28.95929
v -44.20335 29.63676 -21.03697
v -41.85688 29.53390 -21.62827
v -44.34340 28.98493 -20.81188
v -48.65018 29.11921 -20.11575
v -57.62088 28.61548 -7.56769
v -61.03896 29.29412 -14.92416
v -58.37644 29.36575 -15.84800
v -54.60566 28.48094 -9.26607
v -62.22163 27.98352 -5.82642
v -57.86592 26.68992 -5.83086
v -60.91897 28.68454 -14.52950
v -63.80426 28.75561 -13.56224
v 14.38963 28.07241 -26.35666
v 17.48832 27.37394 -25.45797
v 14.51950 26.83176 -26.22339
v 7.93907 27.34291 -27.94022
v 8.13120 26.50146 -20.67258
v -5.26780 30.14742 -31.99661
v -1.18594 29.62406 -31.95147
v -1.07187 27.77948 -22.42922
v -5.11545 28.96718 -31.96013
v -11.63314 29.34014 -31.51607
v 20.70440 27.74255 -14.99198
v 21.92971 26.45711 -22.10169
v 23.91957 25.97141 -21.06640
v 23.92556 27.01937 -13.51329
v 21.95529 25.65368 -21.66833
v 17.66355 26.09525 -23.17303
v -36.25064 29.99212 -23.05473
v -32.55791 29.74259 -23.65081
v -36.14087 29.25237 -22.90644
v -41.44324 29.47606 -22.23919
v -52.29457 29.68713 -17.32351
v -48.86617 29.51031 -18.14695
v -52.25991 29.10778 -16.91670
v -56.24305 29.33288 -16.11315
v 4.69923 29.44394 -30.90009
v 8.52253 28.61807 -30.05463
v 4.85775 28.18593 -30.78002
v -1.99239 28.51018 -31.68419
v -1.07187 27.77948 -22.42922
v -15.17260 29.35790 -30.86367
v -22.55551 29.47422 -28.85945
v -15.28722 30.21294 -30.85060
v -11.22951 29.98380 -31.76231
v -10.22538 28.53560 -21.92664
v 29.30651 23.35479 -22.45212
v 30.84810 23.87365 -18.63773
v 29.30651 23.35479 -22.45212
v 25.51635 24.24495 -19.42014
v 23.57038 26.29277 -31.92809
v 22.85294 26.02211 -29.35886
v 24.25664 26.15332 -28.27115
v 24.25664 26.15332 -28.27115
v 22.82502 26.46027 -29.49232
v 23.57038 26.29277 -31.92809
v 19.07053 26.29468 -30.73192
v 21.19409 26.36626 -32.76915
v 19.07053 26.29468 -30.73192
v 21.19409 26.36626 -32.76915
v 23.91957 25.97141 -21.06640
v 17.66355 26.09525 -23.17303
v 16.72044 27.86466 -39.62831
v 15.32711 27.55580 -35.78196
v 17.49270 27.90514 -34.56986
v 17.49270 27.90514 -34.56986
v 15.17480 28.40130 -35.93010
v 16.72044 27.86466 -39.62831
v 9.92434 27.86010 -36.68390
v 12.50103 27.95019 -40.23605
v 9.92434 27.86010 -36.68390
v 12.50103 27.95019 -40.23605
v 17.48832 27.37394 -25.45797
v 7.93907 27.34291 -27.94022
v 6.04988 29.54025 -45.53178
v 4.63684 29.20957 -41.32798
v 7.59184 29.50631 -40.37942
v 7.59184 29.50631 -40.37942
v 4.45278 30.06007 -41.37155
v 6.04988 29.54025 -45.53178
v -1.04582 29.21998 -41.08566
v 1.57603 29.33777 -45.49895
v -1.04582 29.21998 -41.08566
v 1.57603 29.33777 -45.49895
v 8.52253 28.61807 -30.05463
v -1.99239 28.51018 -31.68419
v -3.35425 30.45871 -47.49760
v -5.09658 30.08542 -42.29910
v -1.72530 30.41987 -41.69296
v -1.72530 30.41987 -41.69296
v -5.25422 30.85420 -42.34338
v -3.35425 30.45871 -47.49760
v -10.93596 30.11975 -40.88967
v -8.27209 30.33850 -45.84193
v -10.93596 30.11975 -40.88967
v -8.27209 30.33850 -45.84193
v -1.18594 29.62406 -31.95147
v -11.63314 29.34014 -31.51607
v -13.60725 31.00255 -46.16623
v -15.30909 30.52133 -40.80995
v -12.24366 30.96483 -41.31897
v -12.24366 30.96483 -41.31897
v -15.43746 30.95951 -40.75199
v -13.60725 31.00255 -46.16623
v -22.61258 30.26745 -37.41506
v -20.13707 30.78205 -43.34793
v -22.61258 30.26745 -37.41506
v -20.13707 30.78205 -43.34793
v -11.22951 29.98380 -31.76231
v -22.55551 29.47422 -28.85945
v -25.78407 30.95103 -41.18209
v -26.91949 30.52651 -36.38094
v -23.51929 31.04639 -37.13170
v -23.51929 31.04639 -37.13170
v -27.07740 30.95138 -36.28059
v -25.78407 30.95103 -41.18209
v -33.51693 30.13867 -33.05387
v -31.60861 30.34133 -37.27142
v -33.51693 30.13867 -33.05387
v -31.60861 30.34133 -37.27142
v -22.20465 30.26362 -28.95929
v -32.97783 29.22113 -25.27552
v -36.66781 30.24906 -30.51660
v -41.35869 30.22692 -29.43545
v -34.84402 30.67521 -32.81078
v -36.80258 30.64708 -30.49904
v -34.84402 30.67521 -32.81078
v -39.82721 30.41084 -32.86974
v -41.35869 30.22692 -29.43545
v -39.82721 30.41084 -32.86974
v -32.55791 29.74259 -23.65081
v -41.44324 29.47606 -22.23919
v -44.74613 29.74648 -27.35602
v -47.86924 29.65464 -26.54124
v -43.24595 30.17875 -28.75347
v -44.81276 30.12728 -27.32179
v -43.24595 30.17875 -28.75347
v -46.11798 29.79294 -28.82855
v -47.86924 29.65464 -26.54124
v -46.11798 29.79294 -28.82855
v -41.85688 29.53390 -21.62827
v -48.65018 29.11921 -20.11575
v -52.95741 29.86733 -22.21565
v -56.05192 29.96024 -21.26001
v -50.85295 30.19988 -23.54942
v -53.05253 30.23759 -22.17785
v -50.85295 30.19988 -23.54942
v -54.41152 29.97325 -24.34405
v -56.05192 29.96024 -21.26001
v -54.41152 29.97325 -24.34405
v -48.86617 29.51031 -18.14695
v -56.24305 29.33288 -16.11315
v -62.37822 29.47163 -17.95261
v -58.37644 29.36575 -15.84800
v -62.37822 29.47163 -17.95261
v -63.80426 28.75561 -13.56224
v 13.56032 38.52608 -6.17005
v -32.81237 37.34433 -4.87306
v -41.41994 36.11471 -3.12087
v -49.04620 35.11721 -0.00000
v -56.25399 33.85769 -0.00000
v 27.09670 27.61307 -11.83803
v -52.36182 26.27157 -8.20630
v -54.60566 28.48094 -9.26607
v -37.24942 26.25595 -11.25690
v -40.15189 28.58161 -14.03875
v -17.60941 25.28053 -14.13237
v -20.52665 28.72391 -19.94773
v 25.16656 24.89159 -10.87171
v 23.92556 27.01937 -13.51329
v 16.20070 28.43490 -15.07241
v 17.25249 25.86919 -17.19508
v -30.79659 29.67999 -14.45846
v -30.90668 28.69297 -16.53454
v -39.79580 29.45529 -12.75813
v -40.15189 28.58161 -14.03875
v -54.60566 28.48094 -9.26607
v -27.77899 25.66336 -12.86745
v -30.90668 28.69297 -16.53454
v -47.32074 29.07091 -11.13736
v -47.84116 28.33314 -12.75548
v -57.62088 28.61548 -7.56769
v -45.20793 26.22372 -9.83400
v -47.84116 28.33314 -12.75548
v 5.42634 32.31509 -16.13712
v 7.42901 28.75681 -17.04930
v -1.74484 29.39590 -17.75620
v -3.81529 24.83420 -15.04045
v -10.22538 28.53560 -21.92664
v -1.07187 27.77948 -22.42922
v -3.81529 24.83420 -15.04045
v 7.42901 28.75681 -17.04930
v 8.13120 26.50146 -20.67258
v -1.74484 29.39590 -17.75620
v -1.07187 27.77948 -22.42922
v -10.85619 29.78699 -17.07624
v -1.74484 29.39590 -17.75620
v 31.13577 38.21087 0.00000
v 26.29615 39.35546 0.00000
v 29.90821 26.55653 -9.33570
v 23.92556 27.01937 -13.51329
v -62.22163 27.98352 -5.82642
v 58.03069 29.68610 -8.90746
v 58.84860 25.90352 -6.02241
v 59.04168 28.24499 -3.76065
v 61.47697 27.52044 -5.94271
v 56.12272 25.75827 0.00000
v 58.62395 28.45241 0.00000
v 54.75571 25.48923 -4.30020
v 56.24349 25.39927 -8.95590
v 62.50990 23.40166 -11.83944
v 61.93715 24.62768 -13.18661
v 55.68345 26.66849 -10.89028
v 66.61677 26.22135 -8.01598
v 65.33494 24.29461 -8.38699
v 58.84860 25.90352 -6.02241
v 61.47697 27.52044 -5.94271
v 64.69530 27.70884 -11.46893
v 58.03069 29.68610 -8.90746
v 62.50990 23.40166 -11.83944
v 56.24349 25.39927 -8.95590
v 84.39701 4.05731 -15.63361
v 84.92278 1.69834 -15.18768
v 84.87008 4.47201 -16.76080
v 85.58661 4.38775 -15.23814
v 84.39701 4.05731 -15.63361
v 85.45528 5.04376 -16.35388
v 68.33791 21.53814 -15.25998
v 69.08046 20.28794 -13.70874
v 71.85950 20.81850 -10.55314
v 72.76382 22.90968 -10.36919
v 70.69579 24.30515 -13.45964
v 69.08046 20.28794 -13.70874
v 79.92765 12.62050 -17.66836
v 74.66505 17.86644 -16.81301
v 75.51475 16.40069 -14.89536
v 79.85497 11.96821 -15.50291
v 83.16474 8.08617 -17.49019
v 83.26324 7.74244 -15.46942
v 81.32780 12.48790 -13.65704
v 76.97062 17.20979 -12.14023
v 77.71883 19.06749 -12.13283
v 82.18940 14.24960 -13.50679
v 83.26324 7.74244 -15.46942
v 84.82337 8.51766 -14.70897
v 81.70291 14.53487 -16.41184
v 76.36716 20.19675 -15.16979
v 84.49183 8.85166 -16.59541
v 79.85497 11.96821 -15.50291
v 75.51475 16.40069 -14.89536
v 44.78055 38.15053 0.00000
v 50.00134 36.42819 -6.18147
v 44.74179 37.32346 -4.86716
v 46.46981 37.84165 -8.61699
v 48.90387 36.58642 -9.37727
v 45.37035 33.15761 -9.85449
v 46.23400 35.41496 -11.42073
v 50.78425 32.69825 -9.12969
v 48.90387 36.58642 -9.37727
v 50.78425 32.69825 -9.12969
v 48.81225 37.44880 -11.20149
v 49.80232 40.55506 -9.86832
v 51.13493 38.66637 -11.22243
v 46.97251 41.46498 -9.10203
v 46.71628 39.11471 -10.01927
v 44.39230 41.02865 -10.60373
v 46.59162 36.55128 -12.79900
v 43.20856 38.97662 -13.32679
v 46.71628 39.11471 -10.01927
v 44.85699 36.94650 -15.14317
v 46.59162 36.55128 -12.79900
v 47.45200 35.88474 -15.13655
v 50.22984 36.60056 -13.51216
v 48.81225 37.44880 -11.20149
v 47.68410 41.09839 -13.97721
v 49.85738 39.51260 -13.65259
v 48.36417 42.51244 -11.53639
v 45.32034 41.06011 -13.25578
v 46.71854 38.60875 -15.60861
v -84.17017 30.23751 -1.00074
v -88.49896 30.18001 -0.00000
v -83.72794 28.74458 -0.00000
v -74.58359 29.58793 -2.27527
v -79.44062 29.88139 -1.55527
v -86.84665 33.93091 -8.73474
v -91.49532 34.93330 -15.18174
v -86.83748 33.48054 -8.90654
v -94.13283 33.25287 -9.44518
v -86.83748 33.48054 -8.90654
v -91.49532 34.93330 -15.18174
v -94.13283 33.25287 -9.44518
v -79.73823 31.65012 -1.93651
v -79.44062 29.88139 -1.55527
v -84.17017 30.23751 -1.00074
v -90.06236 32.00065 -4.21250
v -90.06236 32.00065 -4.21250
v -84.17017 30.23751 -1.00074
v -79.44062 29.88139 -1.55527
v 65.15205 23.55527 -12.61374
v 66.69081 23.83615 -10.08512
v 63.94490 20.82907 -10.33057
v 70.88992 21.93351 -11.52561
v 68.02795 20.40228 -10.91152
v 69.27730 21.68593 -13.91583
v 66.97442 20.20972 -12.56408
v 68.02795 20.40228 -10.91152
v 70.88992 21.93351 -11.52561
v 64.11742 18.82917 -9.77808
v 60.33775 18.44547 -8.44712
v 63.56602 18.76891 -10.74663
v 64.11742 18.82917 -9.77808
v 76.75278 17.75751 -12.78940
v 74.41044 16.40607 -12.38994
v 70.14665 17.39786 -12.29136
v 73.00923 20.61500 -13.24443
v 75.05234 17.60825 -15.34915
v 73.60744 16.30305 -14.09690
v 74.41044 16.40607 -12.38994
v 76.75278 17.75751 -12.78940
v 70.46707 15.16371 -11.65339
v 67.04172 14.88163 -10.56025
v 70.03197 15.09668 -12.52401
v 70.46707 15.16371 -11.65339
v 81.28565 14.20455 -14.35152
v 78.45759 12.45020 -13.27076
v 76.24973 14.23312 -13.45193
v 76.87847 16.97492 -14.62954
v 79.51977 13.83676 -16.62199
v 77.80930 12.26824 -14.46930
v 78.45759 12.45020 -13.27076
v 81.28565 14.20455 -14.35152
v 73.45963 11.67611 -11.90333
v 83.92846 9.24192 -15.18249
v 81.42240 8.10196 -14.45749
v 80.64526 9.48495 -14.83948
v 82.48983 11.50198 -15.74815
v 83.06441 8.79644 -16.80697
v 80.93933 7.89494 -15.36132
v 81.42240 8.10196 -14.45749
v 83.92846 9.24192 -15.18249
v 78.03758 8.34807 -14.08467
v 54.75571 25.48923 -4.30020
v 50.86779 25.02407 -7.05710
v 52.15483 22.21881 -4.65310
v 44.96749 24.47415 -5.60635
v 46.12683 21.69215 -4.71807
v 42.40438 23.60167 0.00000
v 44.20574 21.50396 0.00000
v 49.33408 23.99975 0.00000
v 54.50224 22.51077 0.00000
v -3.81529 24.83420 -15.04045
v -3.54152 21.55463 -0.00000
v -79.73823 31.65012 -1.93651
v -81.51648 32.10171 -0.00000
v -74.80292 31.45122 -2.54595
v 13.49436 41.02592 0.00000
v 26.29615 39.35546 0.00000
v -41.65102 37.32944 -0.00000
v -32.92209 39.51221 -0.00000
v -23.83444 41.65111 -0.00000
v -3.69633 43.39488 -0.00000
v 48.81225 37.44880 -11.20149
v 46.71628 39.11471 -10.01927
v 46.71628 39.11471 -10.01927
v 46.59162 36.55128 -12.79900
v 46.59162 36.55128 -12.79900
v 48.81225 37.44880 -11.20149
v 38.52181 38.07619 0.00000
v -79.44062 29.88139 -1.55527
v -88.26029 33.97000 -12.68032
v -74.58359 29.58793 -2.27527
v -77.12743 33.00550 -7.20441
v 56.12272 25.75827 0.00000
v 38.52181 38.07619 0.00000
v 3.60863 29.10229 -17.36819
v -79.22037 34.21343 11.64946
v -79.33557 33.75566 11.81128
v -85.39314 36.02158 19.70377
v -88.26028 33.97000 12.68032
v -79.33557 33.75566 11.81128
v -88.26028 33.97000 12.68032
v -85.39314 36.02158 19.70377
v -74.80291 31.45122 2.54595
v -74.58358 29.58793 2.27527
v -79.73822 31.65012 1.93651
v -74.58358 29.58793 2.27527
v -79.44061 29.88139 1.55526
v -72.28323 34.21343 11.31450
v -72.33941 33.75567 11.46584
v -75.99400 36.02158 19.32377
v -78.57752 34.96927 14.05602
v -72.33941 33.75567 11.46584
v -78.57752 34.96927 14.05602
v -75.99400 36.02158 19.32377
v -70.87591 30.39153 2.86739
v -74.80291 31.45122 2.54595
v -77.12743 33.00550 7.20441
v -70.87591 30.39153 2.86739
v -74.58358 29.58793 2.27527
v -77.12743 33.00550 7.20441
v 54.93403 33.04224 5.64723
v 50.00134 36.42819 6.18148
v -70.87591 30.39153 2.86739
v -62.22163 27.98352 5.82641
v 13.40596 24.22668 13.02197
v 25.16656 24.89159 10.87171
v -37.24942 26.25595 11.25689
v -27.77899 25.66336 12.86744
v -52.36182 26.27157 8.20630
v -45.20793 26.22372 9.83400
v 29.90821 26.55653 9.33571
v 26.32579 36.98996 4.84253
v 31.11038 35.73727 3.63472
v 26.59601 30.31353 9.58036
v 45.37035 33.15761 9.85449
v 50.78425 32.69825 9.12970
v 50.57166 27.63939 10.12670
v 44.85348 27.77182 9.36249
v 50.86779 25.02407 7.05710
v 55.68345 26.66849 10.89029
v 56.24350 25.39927 8.95591
v 38.28085 28.83056 7.39128
v 44.96749 24.47415 5.60635
v 38.39912 35.96848 3.80750
v 44.74179 37.32346 4.86716
v 38.28085 28.83056 7.39128
v 38.39912 35.96848 3.80750
v -17.60941 25.28052 14.13237
v 27.09670 27.61307 11.83803
v 20.97106 31.54774 11.68639
v 23.92556 27.01937 13.51329
v 20.70440 27.74255 14.99198
v -23.03276 32.83578 15.06831
v -20.89420 29.81388 16.08629
v -25.06184 29.76100 15.42311
v -32.76957 32.18722 13.63566
v -30.79659 29.67999 14.45845
v -34.79265 29.66733 13.65108
v -48.83309 30.98234 10.00720
v -47.32074 29.07091 11.13736
v -50.32508 28.99581 10.41313
v -45.20793 26.22372 9.83400
v -47.84116 28.33314 12.75548
v -43.72444 27.44795 12.63721
v -27.77899 25.66336 12.86744
v -30.90668 28.69297 16.53453
v -25.48720 27.05825 17.58946
v 13.40596 24.22668 13.02197
v 17.25249 25.86919 17.19508
v 20.78023 25.00353 14.69496
v -20.89420 29.81388 16.08629
v -20.52665 28.72391 19.94773
v -25.42043 30.01518 18.78173
v -25.06184 29.76100 15.42311
v -30.79659 29.67999 14.45845
v -30.90668 28.69297 16.53453
v -35.70504 29.75956 15.64011
v -34.79265 29.66733 13.65108
v -47.32074 29.07091 11.13736
v -47.84116 28.33314 12.75548
v -50.81977 28.98457 12.03889
v -50.32508 28.99581 10.41313
v -41.23103 31.56817 12.08346
v -39.79580 29.45529 12.75813
v -42.88021 29.34282 12.05595
v -37.24942 26.25595 11.25689
v -40.15189 28.58161 14.03875
v -35.75518 27.51143 14.24846
v -39.79580 29.45529 12.75813
v -40.15189 28.58161 14.03875
v -43.34330 29.31083 13.87839
v -42.88021 29.34282 12.05595
v -57.86592 26.68992 5.83085
v -56.34039 30.49597 6.84057
v -54.60566 28.48094 9.26606
v -57.62088 28.61548 7.56768
v -52.36182 26.27157 8.20630
v -54.60566 28.48094 9.26606
v -51.19690 27.44290 10.89762
v -23.14754 39.04163 6.04398
v -3.70334 40.34785 6.62120
v -12.97583 32.98997 15.83861
v -3.71289 32.81353 16.44439
v 16.20070 28.43490 15.07242
v 12.70687 28.54721 16.04648
v 14.06692 31.78888 14.34060
v -14.99567 29.85891 16.54272
v -10.85619 29.78699 17.07624
v -5.52386 29.62987 17.52011
v -20.52665 28.72391 19.94773
v -15.06920 26.93528 20.57059
v -17.60941 25.28052 14.13237
v -10.22538 28.53560 21.92664
v -4.34156 26.78328 21.98332
v -3.81529 24.83420 15.04045
v 13.40596 24.22668 13.02197
v 12.99255 25.08162 18.23687
v 17.25249 25.86919 17.19508
v 13.40596 24.22668 13.02197
v 3.97186 26.07692 21.02108
v 8.13120 26.50146 20.67258
v 17.25249 25.86919 17.19508
v 12.94583 27.51464 19.73754
v 12.70687 28.54721 16.04648
v 16.20070 28.43490 15.07242
v 8.13120 26.50146 20.67258
v 3.91579 29.03343 22.20947
v 3.60863 29.10229 17.36819
v 7.42900 28.75681 17.04930
v -20.52665 28.72391 19.94773
v -20.89420 29.81388 16.08629
v -14.99567 29.85891 16.54272
v -15.00431 30.08738 21.45225
v -10.22538 28.53560 21.92664
v -10.85619 29.78699 17.07624
v -5.52386 29.62987 17.52011
v -5.37390 29.60566 22.81529
v 25.16656 24.89159 10.87171
v 23.92556 27.01937 13.51329
v 25.51635 24.24495 19.42015
v 28.95525 23.70587 18.63929
v 27.09670 27.61307 11.83803
v 29.90821 26.55653 9.33571
v 30.84810 23.87365 18.63774
v 29.02427 24.38237 19.15412
v -32.97783 29.22113 25.27551
v -26.02888 29.54637 27.28276
v -22.20465 30.26362 28.95928
v -26.15213 30.21203 27.23351
v -41.85689 29.53390 21.62826
v -44.20335 29.63676 21.03697
v -48.65018 29.11921 20.11575
v -44.34340 28.98493 20.81187
v -57.62088 28.61548 7.56768
v -54.60566 28.48094 9.26606
v -58.37644 29.36575 15.84799
v -61.03896 29.29412 14.92415
v -62.22163 27.98352 5.82641
v -63.80426 28.75561 13.56223
v -60.91897 28.68454 14.52949
v -57.86592 26.68992 5.83085
v 17.48832 27.37394 25.45797
v 14.38963 28.07241 26.35666
v 8.13120 26.50146 20.67258
v 7.93907 27.34291 27.94022
v 14.51949 26.83176 26.22339
v -1.07187 27.77948 22.42922
v -1.18594 29.62406 31.95147
v -5.26780 30.14742 31.99661
v -11.63315 29.34014 31.51607
v -5.11546 28.96718 31.96013
v 20.70440 27.74255 14.99198
v 23.92556 27.01937 13.51329
v 23.91957 25.97141 21.06640
v 21.92971 26.45711 22.10170
v 17.66355 26.09525 23.17304
v 21.95529 25.65368 21.66833
v -32.55791 29.74259 23.65081
v -36.25064 29.99212 23.05473
v -41.44325 29.47606 22.23918
v -36.14088 29.25237 22.90644
v -48.86617 29.51031 18.14695
v -52.29457 29.68713 17.32350
v -56.24305 29.33288 16.11315
v -52.25991 29.10778 16.91669
v 8.52252 28.61807 30.05463
v 4.69923 29.44394 30.90009
v -1.07187 27.77948 22.42922
v -1.99239 28.51018 31.68419
v 4.85775 28.18593 30.78002
v -22.55552 29.47422 28.85944
v -15.17260 29.35790 30.86367
v -10.22538 28.53560 21.92664
v -11.22951 29.98380 31.76231
v -15.28722 30.21294 30.85059
v 29.30651 23.35479 22.45212
v 30.84810 23.87365 18.63774
v 29.30651 23.35479 22.45212
v 25.51635 24.24495 19.42015
v 23.57038 26.29277 31.92809
v 24.25664 26.15332 28.27115
v 22.85294 26.02211 29.35886
v 24.25664 26.15332 28.27115
v 23.57038 26.29277 31.92809
v 22.82502 26.46027 29.49232
v 19.07053 26.29468 30.73192
v 21.19409 26.36626 32.76915
v 21.19409 26.36626 32.76915
v 19.07053 26.29468 30.73192
v 23.91957 25.97141 21.06640
v 17.66355 26.09525 23.17304
v 16.72043 27.86466 39.62831
v 17.49270 27.90514 34.56986
v 15.32711 27.55580 35.78196
v 17.49270 27.90514 34.56986
v 16.72043 27.86466 39.62831
v 15.17479 28.40130 35.93010
v 9.92434 27.86010 36.68390
v 12.50103 27.95019 40.23605
v 12.50103 27.95019 40.23605
v 9.92434 27.86010 36.68390
v 17.48832 27.37394 25.45797
v 7.93907 27.34291 27.94022
v 6.04987 29.54025 45.53178
v 7.59184 29.50632 40.37942
v 4.63684 29.20957 41.32798
v 7.59184 29.50632 40.37942
v 6.04987 29.54025 45.53178
v 4.45278 30.06007 41.37155
v -1.04582 29.21998 41.08566
v 1.57603 29.33777 45.49895
v 1.57603 29.33777 45.49895
v -1.04582 29.21998 41.08566
v 8.52252 28.61807 30.05463
v -1.99239 28.51018 31.68419
v -3.35425 30.45871 47.49760
v -1.72531 30.41987 41.69296
v -5.09659 30.08542 42.29910
v -1.72531 30.41987 41.69296
v -3.35425 30.45871 47.49760
v -5.25422 30.85420 42.34338
v -10.93596 30.11975 40.88966
v -8.27210 30.33850 45.84193
v -8.27210 30.33850 45.84193
v -10.93596 30.11975 40.88966
v -1.18594 29.62406 31.95147
v -11.63315 29.34014 31.51607
v -13.60726 31.00255 46.16623
v -12.24366 30.96483 41.31897
v -15.30909 30.52133 40.80995
v -12.24366 30.96483 41.31897
v -13.60726 31.00255 46.16623
v -15.43746 30.95951 40.75198
v -22.61259 30.26745 37.41505
v -20.13707 30.78205 43.34792
v -20.13707 30.78205 43.34792
v -22.61259 30.26745 37.41505
v -11.22951 29.98380 31.76231
v -22.55552 29.47422 28.85944
v -25.78407 30.95103 41.18209
v -23.51929 31.04639 37.13169
v -26.91950 30.52650 36.38094
v -23.51929 31.04639 37.13169
v -25.78407 30.95103 41.18209
v -27.07741 30.95138 36.28059
v -33.51693 30.13867 33.05387
v -31.60861 30.34133 37.27142
v -31.60861 30.34133 37.27142
v -33.51693 30.13867 33.05387
v -22.20465 30.26362 28.95928
v -32.97783 29.22113 25.27551
v -36.66781 30.24906 30.51660
v -41.35870 30.22692 29.43544
v -34.84403 30.67520 32.81078
v -36.80259 30.64708 30.49903
v -34.84403 30.67520 32.81078
v -39.82721 30.41084 32.86973
v -39.82721 30.41084 32.86973
v -41.35870 30.22692 29.43544
v -32.55791 29.74259 23.65081
v -41.44325 29.47606 22.23918
v -44.74613 29.74648 27.35601
v -47.86924 29.65463 26.54124
v -43.24596 30.17875 28.75346
v -44.81276 30.12728 27.32179
v -43.24596 30.17875 28.75346
v -46.11798 29.79294 28.82855
v -46.11798 29.79294 28.82855
v -47.86924 29.65463 26.54124
v -41.85689 29.53390 21.62826
v -48.65018 29.11921 20.11575
v -52.95741 29.86733 22.21565
v -56.05192 29.96024 21.26001
v -50.85295 30.19988 23.54941
v -53.05253 30.23759 22.17785
v -50.85295 30.19988 23.54941
v -54.41152 29.97325 24.34405
v -54.41152 29.97325 24.34405
v -56.05192 29.96024 21.26001
v -48.86617 29.51031 18.14695
v -56.24305 29.33288 16.11315
v -62.37822 29.47163 17.95260
v -58.37644 29.36575 15.84799
v -62.37822 29.47163 17.95260
v -63.80426 28.75561 13.56223
v 13.56032 38.52608 6.17006
v -32.81237 37.34433 4.87306
v -41.41994 36.11471 3.12087
v 27.09670 27.61307 11.83803
v -54.60566 28.48094 9.26606
v -52.36182 26.27157 8.20630
v -37.24942 26.25595 11.25689
v -40.15189 28.58161 14.03875
v -17.60941 25.28052 14.13237
v -20.52665 28.72391 19.94773
v 25.16656 24.89159 10.87171
v 23.92556 27.01937 13.51329
v 17.25249 25.86919 17.19508
v 16.20070 28.43490 15.07242
v -30.90668 28.69297 16.53453
v -30.79659 29.67999 14.45845
v -40.15189 28.58161 14.03875
v -39.79580 29.45529 12.75813
v -54.60566 28.48094 9.26606
v -27.77899 25.66336 12.86744
v -30.90668 28.69297 16.53453
v -47.84116 28.33314 12.75548
v -47.32074 29.07091 11.13736
v -57.62088 28.61548 7.56768
v -45.20793 26.22372 9.83400
v -47.84116 28.33314 12.75548
v 5.42633 32.31509 16.13712
v 7.42900 28.75681 17.04930
v -1.74484 29.39590 17.75621
v -3.81529 24.83420 15.04045
v -10.22538 28.53560 21.92664
v -1.07187 27.77948 22.42922
v -3.81529 24.83420 15.04045
v 7.42900 28.75681 17.04930
v 8.13120 26.50146 20.67258
v -1.74484 29.39590 17.75621
v -1.07187 27.77948 22.42922
v -10.85619 29.78699 17.07624
v -1.74484 29.39590 17.75621
v 29.90821 26.55653 9.33571
v 23.92556 27.01937 13.51329
v -62.22163 27.98352 5.82641
v 58.03069 29.68610 8.90747
v 58.84860 25.90352 6.02241
v 61.47697 27.52044 5.94272
v 59.04168 28.24499 3.76065
v 54.75571 25.48923 4.30021
v 56.24350 25.39927 8.95591
v 55.68345 26.66849 10.89029
v 61.93715 24.62768 13.18661
v 62.50991 23.40166 11.83945
v 66.61677 26.22135 8.01598
v 61.47697 27.52044 5.94272
v 58.84860 25.90352 6.02241
v 65.33494 24.29461 8.38699
v 58.03069 29.68610 8.90747
v 64.69530 27.70884 11.46893
v 56.24350 25.39927 8.95591
v 62.50991 23.40166 11.83945
v 84.39701 4.05731 15.63361
v 84.87009 4.47201 16.76081
v 84.92278 1.69834 15.18769
v 85.58661 4.38775 15.23814
v 84.39701 4.05731 15.63361
v 85.45528 5.04376 16.35389
v 68.33791 21.53814 15.25998
v 69.08046 20.28794 13.70875
v 71.85950 20.81850 10.55315
v 72.76382 22.90968 10.36919
v 70.69579 24.30515 13.45965
v 69.08046 20.28794 13.70875
v 79.92765 12.62050 17.66837
v 79.85497 11.96821 15.50292
v 75.51475 16.40069 14.89537
v 74.66505 17.86644 16.81301
v 83.26324 7.74244 15.46942
v 83.16474 8.08617 17.49019
v 81.32780 12.48790 13.65705
v 82.18940 14.24960 13.50679
v 77.71882 19.06749 12.13283
v 76.97061 17.20979 12.14024
v 84.82338 8.51766 14.70898
v 83.26324 7.74244 15.46942
v 81.70291 14.53486 16.41184
v 76.36716 20.19675 15.16980
v 84.49183 8.85166 16.59542
v 79.85497 11.96821 15.50292
v 75.51475 16.40069 14.89537
v 50.00134 36.42819 6.18148
v 48.90387 36.58642 9.37727
v 46.46981 37.84165 8.61699
v 44.74179 37.32346 4.86716
v 45.37035 33.15761 9.85449
v 46.23400 35.41496 11.42073
v 48.90387 36.58642 9.37727
v 50.78425 32.69825 9.12970
v 50.78425 32.69825 9.12970
v 48.81225 37.44880 11.20149
v 51.13493 38.66637 11.22243
v 49.80232 40.55506 9.86832
v 46.97251 41.46498 9.10203
v 46.71628 39.11471 10.01927
v 44.39230 41.02865 10.60374
v 46.59162 36.55128 12.79901
v 46.71628 39.11471 10.01927
v 43.20856 38.97662 13.32679
v 44.85699 36.94650 15.14317
v 46.59162 36.55128 12.79901
v 47.45200 35.88474 15.13656
v 50.22984 36.60056 13.51217
v 48.81225 37.44880 11.20149
v 47.68410 41.09839 13.97722
v 48.36417 42.51244 11.53639
v 49.85738 39.51260 13.65259
v 45.32034 41.06011 13.25579
v 46.71854 38.60875 15.60861
v -84.17017 30.23751 1.00074
v -74.58358 29.58793 2.27527
v -79.44061 29.88139 1.55526
v -86.84664 33.93091 8.73474
v -86.83747 33.48054 8.90654
v -91.49532 34.93330 15.18174
v -94.13282 33.25287 9.44518
v -86.83747 33.48054 8.90654
v -94.13282 33.25287 9.44518
v -91.49532 34.93330 15.18174
v -79.73822 31.65012 1.93651
v -79.44061 29.88139 1.55526
v -84.17017 30.23751 1.00074
v -90.06236 32.00064 4.21250
v -79.44061 29.88139 1.55526
v -84.17017 30.23751 1.00074
v -90.06236 32.00064 4.21250
v 65.15205 23.55527 12.61375
v 63.94490 20.82907 10.33058
v 66.69081 23.83615 10.08512
v 70.88992 21.93351 11.52562
v 68.02795 20.40228 10.91153
v 69.27730 21.68593 13.91584
v 70.88992 21.93351 11.52562
v 68.02795 20.40228 10.91153
v 66.97442 20.20972 12.56408
v 64.11742 18.82917 9.77808
v 60.33774 18.44547 8.44712
v 63.56602 18.76891 10.74664
v 64.11742 18.82917 9.77808
v 76.75278 17.75751 12.78941
v 73.00922 20.61500 13.24444
v 70.14664 17.39786 12.29136
v 74.41044 16.40607 12.38994
v 75.05233 17.60825 15.34916
v 76.75278 17.75751 12.78941
v 74.41044 16.40607 12.38994
v 73.60743 16.30305 14.09690
v 70.46706 15.16371 11.65339
v 67.04171 14.88163 10.56026
v 70.03196 15.09668 12.52401
v 70.46706 15.16371 11.65339
v 81.28565 14.20454 14.35153
v 76.87847 16.97492 14.62954
v 76.24973 14.23312 13.45194
v 78.45759 12.45019 13.27077
v 79.51977 13.83676 16.62200
v 81.28565 14.20454 14.35153
v 78.45759 12.45019 13.27077
v 77.80929 12.26824 14.46931
v 73.45963 11.67611 11.90333
v 83.92847 9.24192 15.18250
v 82.48984 11.50198 15.74816
v 80.64526 9.48495 14.83949
v 81.42240 8.10196 14.45749
v 83.06441 8.79644 16.80697
v 83.92847 9.24192 15.18250
v 81.42240 8.10196 14.45749
v 80.93933 7.89493 15.36132
v 78.03758 8.34807 14.08467
v 54.75571 25.48923 4.30021
v 52.15483 22.21881 4.65310
v 50.86779 25.02407 7.05710
v 46.12683 21.69215 4.71808
v 44.96749 24.47415 5.60635
v -3.81529 24.83420 15.04045
v -79.73822 31.65012 1.93651
v -74.80291 31.45122 2.54595
v 48.81225 37.44880 11.20149
v 46.71628 39.11471 10.01927
v 46.71628 39.11471 10.01927
v 46.59162 36.55128 12.79901
v 46.59162 36.55128 12.79901
v 48.81225 37.44880 11.20149
v -79.44061 29.88139 1.55526
v -88.26028 33.97000 12.68032
v -74.58358 29.58793 2.27527
v -77.12743 33.00550 7.20441
v 3.60863 29.10229 17.36819
vt 0.343994 0.636459
vt 0.250086 0.545804
vt 0.350258 0.631711
vt 0.243178 0.648137
vt 0.583703 0.914611
vt 0.664386 0.972808
vt 0.632685 0.907455
vt 0.438100 0.738607
vt 0.447016 0.736342
vt 0.379011 0.762418
vt 0.540148 0.831655
vt 0.515603 0.838971
vt 0.343994 0.636459
vt 0.250987 0.542916
vt 0.350258 0.631711
vt 0.231450 0.632591
vt 0.583703 0.914611
vt 0.663938 0.976755
vt 0.641898 0.916200
vt 0.442558 0.737475
vt 0.379012 0.762418
vt 0.314853 0.710748
vt 0.583238 0.867278
vt 0.540146 0.831656
vt 0.515603 0.838971
vt 0.252875 0.886561
vt 0.317998 0.915583
vt 0.199354 0.973902
vt 0.164941 0.910921
vt 0.161549 0.180389
vt 0.163471 0.111086
vt 0.267978 0.169813
vt 0.235189 0.226043
vt 0.163429 0.274013
vt 0.106321 0.197026
vt 0.762198 0.682552
vt 0.866504 0.587210
vt 0.924965 0.677643
vt 0.828878 0.747626
vt 0.428752 0.388366
vt 0.504863 0.279843
vt 0.582563 0.329820
vt 0.489958 0.446383
vt 0.326750 0.297250
vt 0.376622 0.209117
vt 0.436363 0.240312
vt 0.376220 0.340494
vt 0.851517 0.788717
vt 0.926194 0.678025
vt 0.941549 0.756557
vt 0.759980 0.876257
vt 0.801588 0.795062
vt 0.804562 0.900072
vt 0.114889 0.858467
vt 0.127233 0.776739
vt 0.189904 0.801027
vt 0.164685 0.882175
vt 0.214142 0.750621
vt 0.249748 0.787284
vt 0.234790 0.799146
vt 0.027012 0.774959
vt 0.071021 0.627207
vt 0.143346 0.705530
vt 0.013400 0.918692
vt 0.122602 0.910915
vt 0.888411 0.867048
vt 0.977030 0.836884
vt 0.836367 0.924708
vt 0.661688 0.387466
vt 0.554974 0.507832
vt 0.830018 0.756236
vt 0.771339 0.763553
vt 0.801813 0.730155
vt 0.819620 0.744349
vt 0.498051 0.488554
vt 0.500125 0.458134
vt 0.528700 0.482219
vt 0.433232 0.430974
vt 0.433370 0.401408
vt 0.461313 0.424532
vt 0.323343 0.336515
vt 0.323553 0.313574
vt 0.345802 0.330109
vt 0.546059 0.917868
vt 0.520646 0.935973
vt 0.513725 0.900226
vt 0.546059 0.917868
vt 0.520646 0.935973
vt 0.513725 0.900226
vt 0.537074 0.902639
vt 0.520646 0.935973
vt 0.513725 0.900226
vt 0.957543 0.408176
vt 0.920670 0.444618
vt 0.887317 0.397639
vt 0.954368 0.345489
vt 0.970654 0.416604
vt 0.920669 0.444617
vt 0.880317 0.395840
vt 0.966291 0.353859
vt 0.970654 0.416604
vt 0.920669 0.444617
vt 0.882601 0.389489
vt 0.965351 0.354831
vt 0.376162 0.381130
vt 0.377001 0.354824
vt 0.398947 0.372284
vt 0.546059 0.917868
vt 0.520646 0.935973
vt 0.513725 0.900226
vt 0.970654 0.416604
vt 0.920669 0.444617
vt 0.887704 0.392634
vt 0.966055 0.354525
vt 0.288276 0.255070
vt 0.319373 0.187511
vt 0.270211 0.287772
vt 0.274777 0.271673
vt 0.293770 0.289196
vt 0.546059 0.917868
vt 0.520646 0.935973
vt 0.526337 0.896259
vt 0.420278 0.561036
vt 0.564626 0.547462
vt 0.546973 0.684568
vt 0.626294 0.600510
vt 0.777859 0.704826
vt 0.735240 0.713269
vt 0.754991 0.682850
vt 0.568152 0.516647
vt 0.596761 0.540200
vt 0.632774 0.570697
vt 0.513725 0.900226
vt 0.546059 0.917868
vt 0.520646 0.935973
vt 0.513725 0.900226
vt 0.551129 0.943460
vt 0.521437 0.945150
vt 0.548148 0.938650
vt 0.524486 0.983126
vt 0.520646 0.935973
vt 0.552975 0.979624
vt 0.524486 0.983125
vt 0.520646 0.935973
vt 0.967278 0.353791
vt 0.970655 0.416605
vt 0.920670 0.444618
vt 0.885714 0.389327
vt 0.955263 0.345458
vt 0.957544 0.408176
vt 0.907559 0.436189
vt 0.878172 0.384835
vt 0.797355 0.442947
vt 0.875152 0.389679
vt 0.907558 0.436190
vt 0.837482 0.478175
vt 0.802134 0.440519
vt 0.876373 0.387944
vt 0.907559 0.436190
vt 0.837482 0.478175
vt 0.533161 0.938497
vt 0.413661 0.953031
vt 0.423537 0.908830
vt 0.513256 0.909282
vt 0.892958 0.415355
vt 0.787696 0.244607
vt 0.849892 0.212465
vt 0.966721 0.384158
vt 0.451337 0.944547
vt 0.449123 0.897575
vt 0.825766 0.291103
vt 0.888876 0.240004
vt 0.825766 0.291103
vt 0.888876 0.240004
vt 0.451337 0.944547
vt 0.449123 0.897575
vt 0.857993 0.387286
vt 0.748130 0.227080
vt 0.807386 0.174501
vt 0.948069 0.361996
vt 0.517363 0.884428
vt 0.520323 0.937921
vt 0.409929 0.942231
vt 0.411781 0.900064
vt 0.825766 0.291103
vt 0.888876 0.240004
vt 0.451337 0.944547
vt 0.449123 0.897575
vt 0.513725 0.900226
vt 0.825766 0.291103
vt 0.888876 0.240004
vt 0.954602 0.345726
vt 0.451337 0.944547
vt 0.449123 0.897575
vt 0.902136 0.416645
vt 0.827007 0.291752
vt 0.888876 0.240003
vt 0.968358 0.385552
vt 0.451337 0.944547
vt 0.449122 0.897575
vt 0.825766 0.291103
vt 0.888876 0.240004
vt 0.451337 0.944547
vt 0.449123 0.897575
vt 0.804243 0.279084
vt 0.883262 0.234455
vt 0.451337 0.944547
vt 0.449122 0.897575
vt 0.825766 0.291103
vt 0.882320 0.235789
vt 0.451337 0.944547
vt 0.449123 0.897575
vt 0.513725 0.900226
vt 0.451337 0.944547
vt 0.449123 0.897575
vt 0.819115 0.287009
vt 0.888876 0.240003
vt 0.954464 0.345807
vt 0.364336 0.948895
vt 0.410330 0.972327
vt 0.700379 0.162741
vt 0.712207 0.329890
vt 0.359190 0.964512
vt 0.386984 0.949103
vt 0.386485 0.980348
vt 0.796604 0.140445
vt 0.742984 0.188130
vt 0.713163 0.109004
vt 0.384955 0.905346
vt 0.362916 0.923011
vt 0.658816 0.255010
vt 0.654979 0.165790
vt 0.452666 0.982499
vt 0.724668 0.365064
vt 0.361561 0.974471
vt 0.386984 0.949103
vt 0.386485 0.980348
vt 0.796774 0.140410
vt 0.743727 0.185541
vt 0.726053 0.099337
vt 0.384955 0.905346
vt 0.362916 0.923012
vt 0.658335 0.256407
vt 0.654720 0.165582
vt 0.452666 0.982499
vt 0.718822 0.361058
vt 0.361924 0.973246
vt 0.386985 0.949103
vt 0.386485 0.980348
vt 0.796774 0.140410
vt 0.743727 0.185541
vt 0.726995 0.101467
vt 0.384955 0.905346
vt 0.362916 0.923012
vt 0.658335 0.256407
vt 0.654720 0.165582
vt 0.452666 0.982500
vt 0.725378 0.365273
vt 0.362684 0.972628
vt 0.386984 0.949103
vt 0.386485 0.980348
vt 0.796774 0.140410
vt 0.743727 0.185541
vt 0.729922 0.102171
vt 0.384955 0.905346
vt 0.362916 0.923012
vt 0.658335 0.256407
vt 0.654720 0.165582
vt 0.452666 0.982499
vt 0.725378 0.365273
vt 0.359260 0.968633
vt 0.386984 0.949103
vt 0.386485 0.980348
vt 0.797123 0.140491
vt 0.742165 0.186482
vt 0.717567 0.102550
vt 0.384955 0.905346
vt 0.362916 0.923012
vt 0.657385 0.255319
vt 0.654296 0.164896
vt 0.452666 0.982499
vt 0.725366 0.365249
vt 0.359986 0.968273
vt 0.386984 0.949103
vt 0.386485 0.980348
vt 0.796774 0.140410
vt 0.743727 0.185541
vt 0.718184 0.103597
vt 0.384955 0.905346
vt 0.362916 0.923012
vt 0.658335 0.256407
vt 0.654720 0.165582
vt 0.452666 0.982499
vt 0.725378 0.365273
vt 0.386984 0.949103
vt 0.384955 0.905346
vt 0.758913 0.120548
vt 0.743727 0.185541
vt 0.372696 0.975462
vt 0.362916 0.923012
vt 0.658335 0.256407
vt 0.654720 0.165582
vt 0.452666 0.982499
vt 0.725378 0.365273
vt 0.386984 0.949103
vt 0.384956 0.905346
vt 0.762616 0.117948
vt 0.743727 0.185541
vt 0.372123 0.977160
vt 0.362916 0.923012
vt 0.658335 0.256407
vt 0.654720 0.165582
vt 0.452666 0.982499
vt 0.725378 0.365273
vt 0.386985 0.949103
vt 0.384956 0.905346
vt 0.757886 0.110262
vt 0.716587 0.157007
vt 0.395783 0.958202
vt 0.388573 0.905938
vt 0.659412 0.248360
vt 0.650267 0.164053
vt 0.452666 0.982499
vt 0.717182 0.362008
vt 0.363899 0.947610
vt 0.406369 0.977138
vt 0.691602 0.145465
vt 0.687688 0.271661
vt 0.680974 0.784340
vt 0.355204 0.500341
vt 0.293776 0.446600
vt 0.218723 0.402193
vt 0.192264 0.339702
vt 0.830019 0.756234
vt 0.535847 0.983180
vt 0.518800 0.975543
vt 0.554940 0.983596
vt 0.524486 0.983126
vt 0.554940 0.983596
vt 0.524486 0.983126
vt 0.554941 0.983597
vt 0.524486 0.983125
vt 0.850594 0.486603
vt 0.809941 0.437784
vt 0.850593 0.486603
vt 0.808742 0.450745
vt 0.850593 0.486603
vt 0.808313 0.447307
vt 0.841169 0.483144
vt 0.554940 0.983596
vt 0.524486 0.983126
vt 0.850594 0.486602
vt 0.813246 0.446863
vt 0.273803 0.273038
vt 0.554940 0.983597
vt 0.524486 0.983125
vt 0.684469 0.655268
vt 0.717809 0.649153
vt 0.658691 0.592042
vt 0.553875 0.983539
vt 0.524486 0.983126
vt 0.524486 0.983126
vt 0.536791 0.901876
vt 0.837482 0.478174
vt 0.795749 0.431155
vt 0.837482 0.478174
vt 0.802422 0.436561
vt 0.957544 0.408177
vt 0.957544 0.408177
vt 0.781177 0.938004
vt 0.725148 0.906240
vt 0.551573 0.980474
vt 0.820960 0.449659
vt 0.786407 0.433477
vt 0.256741 0.819281
vt 0.282032 0.793375
vt 0.315675 0.830848
vt 0.288367 0.811232
vt 0.318192 0.746492
vt 0.353814 0.823115
vt 0.292296 0.775058
vt 0.585081 0.311666
vt 0.508415 0.261124
vt 0.529714 0.245798
vt 0.609381 0.292701
vt 0.546120 0.127803
vt 0.548601 0.093148
vt 0.641167 0.115237
vt 0.618915 0.154043
vt 0.550438 0.191224
vt 0.627772 0.231102
vt 0.573355 0.051428
vt 0.662583 0.071209
vt 0.214171 0.097902
vt 0.208850 0.075746
vt 0.226173 0.091097
vt 0.236190 0.069173
vt 0.227920 0.062612
vt 0.238478 0.083041
vt 0.470313 0.211373
vt 0.449473 0.221817
vt 0.482911 0.077770
vt 0.485450 0.109974
vt 0.491505 0.167128
vt 0.502950 0.033914
vt 0.330683 0.148124
vt 0.397388 0.181422
vt 0.375550 0.197235
vt 0.316378 0.162241
vt 0.277703 0.115506
vt 0.259114 0.126810
vt 0.344378 0.057656
vt 0.414612 0.068364
vt 0.423827 0.098716
vt 0.357053 0.081608
vt 0.280032 0.045803
vt 0.292877 0.070466
vt 0.351347 0.121282
vt 0.422959 0.147498
vt 0.289914 0.096810
vt 0.343143 0.024055
vt 0.418952 0.025974
vt 0.117864 0.978052
vt 0.819423 0.032215
vt 0.861261 0.027722
vt 0.858848 0.058281
vt 0.815088 0.064363
vt 0.906344 0.033902
vt 0.904514 0.055957
vt 0.929881 0.047549
vt 0.930642 0.059962
vt 0.791438 0.056309
vt 0.124440 0.406779
vt 0.146482 0.423796
vt 0.081737 0.426669
vt 0.227961 0.465048
vt 0.204673 0.430007
vt 0.230393 0.526906
vt 0.149244 0.616567
vt 0.177053 0.595979
vt 0.209819 0.578168
vt 0.103514 0.597925
vt 0.030160 0.552917
vt 0.049616 0.552551
vt 0.039014 0.488561
vt 0.023623 0.498332
vt 0.129278 0.503564
vt 0.082005 0.476018
vt 0.160999 0.468565
vt 0.173503 0.524369
vt 0.097619 0.542448
vt 0.065218 0.080262
vt 0.036409 0.058320
vt 0.075150 0.062374
vt 0.137809 0.138370
vt 0.099932 0.106545
vt 0.343994 0.636459
vt 0.253083 0.543767
vt 0.350258 0.631711
vt 0.227463 0.632639
vt 0.583703 0.914611
vt 0.661898 0.978250
vt 0.649675 0.904286
vt 0.438100 0.738607
vt 0.447016 0.736342
vt 0.380172 0.761886
vt 0.315647 0.711143
vt 0.596377 0.859017
vt 0.555059 0.827211
vt 0.515603 0.838971
vt 0.906141 0.904851
vt 0.932872 0.882818
vt 0.948997 0.935087
vt 0.987833 0.875557
vt 0.989246 0.904287
vt 0.872956 0.949503
vt 0.901612 0.967034
vt 0.894594 0.989838
vt 0.856076 0.984038
vt 0.986421 0.938765
vt 0.981596 0.981139
vt 0.941256 0.974604
vt 0.940893 0.988652
vt 0.981723 0.885726
vt 0.986341 0.914188
vt 0.951486 0.940488
vt 0.920714 0.898328
vt 0.886394 0.949023
vt 0.914776 0.967619
vt 0.907938 0.988755
vt 0.869165 0.983051
vt 0.986421 0.948365
vt 0.986534 0.983821
vt 0.950624 0.974325
vt 0.951572 0.983955
vt 0.987834 0.875559
vt 0.987834 0.921527
vt 0.948997 0.935087
vt 0.919506 0.893835
vt 0.872957 0.949504
vt 0.921434 0.970820
vt 0.917744 0.989245
vt 0.856077 0.984038
vt 0.981596 0.981139
vt 0.974485 0.872293
vt 0.980791 0.923156
vt 0.949395 0.935832
vt 0.919589 0.894087
vt 0.874182 0.943327
vt 0.923679 0.967491
vt 0.917936 0.989358
vt 0.851159 0.983569
vt 0.982990 0.981885
vt 0.062135 0.181334
vt 0.123859 0.246833
vt 0.074959 0.253357
vt 0.160208 0.313147
vt 0.119551 0.324232
vt 0.147470 0.396761
vt 0.108919 0.381988
vt 0.044851 0.313076
vt 0.013828 0.233393
vt 0.641754 0.590092
vt 0.758804 0.469736
vt 0.089379 0.118032
vt 0.055187 0.125281
vt 0.122391 0.152860
vt 0.630609 0.843276
vt 0.725148 0.906240
vt 0.262041 0.468794
vt 0.316150 0.533124
vt 0.373436 0.603593
vt 0.500992 0.734616
vt 0.818862 0.079507
vt 0.859228 0.070592
vt 0.859228 0.070592
vt 0.900807 0.070555
vt 0.900807 0.070555
vt 0.926306 0.073708
vt 0.819427 0.957854
vt 0.381043 0.760744
vt 0.298529 0.695060
vt 0.381454 0.760649
vt 0.315859 0.709836
vt 0.019265 0.180380
vt 0.015736 0.974751
vt 0.693118 0.624994
vt 0.343994 0.636459
vt 0.350258 0.631711
vt 0.250086 0.545804
vt 0.243178 0.648137
vt 0.583703 0.914611
vt 0.632685 0.907455
vt 0.664386 0.972808
vt 0.438100 0.738607
vt 0.447016 0.736342
vt 0.379011 0.762418
vt 0.515603 0.838971
vt 0.540148 0.831655
vt 0.343994 0.636459
vt 0.350258 0.631711
vt 0.250987 0.542916
vt 0.231450 0.632591
vt 0.583703 0.914611
vt 0.641898 0.916200
vt 0.663938 0.976755
vt 0.442558 0.737475
vt 0.379012 0.762418
vt 0.314853 0.710748
vt 0.515603 0.838971
vt 0.540146 0.831656
vt 0.583238 0.867278
vt 0.252875 0.886561
vt 0.164941 0.910921
vt 0.161549 0.180389
vt 0.235189 0.226043
vt 0.762198 0.682552
vt 0.828878 0.747626
vt 0.428752 0.388366
vt 0.489958 0.446383
vt 0.326750 0.297250
vt 0.376220 0.340494
vt 0.851517 0.788717
vt 0.759980 0.876257
vt 0.804562 0.900072
vt 0.801588 0.795062
vt 0.114889 0.858467
vt 0.164685 0.882175
vt 0.189904 0.801027
vt 0.127233 0.776739
vt 0.214142 0.750621
vt 0.234790 0.799146
vt 0.249748 0.787284
vt 0.027012 0.774959
vt 0.143346 0.705530
vt 0.013400 0.918692
vt 0.122602 0.910915
vt 0.888411 0.867048
vt 0.836367 0.924708
vt 0.554974 0.507832
vt 0.830018 0.756236
vt 0.771339 0.763553
vt 0.819620 0.744349
vt 0.801813 0.730155
vt 0.498051 0.488554
vt 0.528700 0.482219
vt 0.500125 0.458134
vt 0.433232 0.430974
vt 0.461313 0.424532
vt 0.433370 0.401408
vt 0.323343 0.336515
vt 0.345802 0.330109
vt 0.323553 0.313574
vt 0.546059 0.917868
vt 0.513725 0.900226
vt 0.520646 0.935973
vt 0.546059 0.917868
vt 0.513725 0.900226
vt 0.520646 0.935973
vt 0.537074 0.902639
vt 0.513725 0.900226
vt 0.520646 0.935973
vt 0.957543 0.408176
vt 0.954368 0.345489
vt 0.887317 0.397639
vt 0.920670 0.444618
vt 0.970654 0.416604
vt 0.966291 0.353859
vt 0.880317 0.395840
vt 0.920669 0.444617
vt 0.970654 0.416604
vt 0.965351 0.354831
vt 0.882601 0.389489
vt 0.920669 0.444617
vt 0.376162 0.381130
vt 0.398947 0.372284
vt 0.377001 0.354824
vt 0.546059 0.917868
vt 0.513725 0.900226
vt 0.520646 0.935973
vt 0.970654 0.416604
vt 0.966055 0.354525
vt 0.887704 0.392634
vt 0.920669 0.444617
vt 0.288276 0.255070
vt 0.270211 0.287772
vt 0.293770 0.289196
vt 0.274777 0.271673
vt 0.546059 0.917868
vt 0.526337 0.896259
vt 0.520646 0.935973
vt 0.420278 0.561036
vt 0.546973 0.684568
vt 0.564626 0.547462
vt 0.626294 0.600510
vt 0.777859 0.704826
vt 0.754991 0.682850
vt 0.735240 0.713269
vt 0.568152 0.516647
vt 0.596761 0.540200
vt 0.632774 0.570697
vt 0.513725 0.900226
vt 0.520646 0.935973
vt 0.546059 0.917868
vt 0.513725 0.900226
vt 0.521437 0.945150
vt 0.551129 0.943460
vt 0.548148 0.938650
vt 0.520646 0.935973
vt 0.524486 0.983126
vt 0.552975 0.979624
vt 0.520646 0.935973
vt 0.524486 0.983125
vt 0.967278 0.353791
vt 0.885714 0.389327
vt 0.920670 0.444618
vt 0.970655 0.416605
vt 0.955263 0.345458
vt 0.878172 0.384835
vt 0.907559 0.436189
vt 0.957544 0.408176
vt 0.797355 0.442947
vt 0.837482 0.478175
vt 0.907558 0.436190
vt 0.875152 0.389679
vt 0.802134 0.440519
vt 0.837482 0.478175
vt 0.907559 0.436190
vt 0.876373 0.387944
vt 0.533161 0.938497
vt 0.513256 0.909282
vt 0.423537 0.908830
vt 0.413661 0.953031
vt 0.892958 0.415355
vt 0.966721 0.384158
vt 0.849892 0.212465
vt 0.787696 0.244607
vt 0.449123 0.897575
vt 0.451337 0.944547
vt 0.888876 0.240004
vt 0.825766 0.291103
vt 0.888876 0.240004
vt 0.825766 0.291103
vt 0.449123 0.897575
vt 0.451337 0.944547
vt 0.857993 0.387286
vt 0.948069 0.361996
vt 0.807386 0.174501
vt 0.748130 0.227080
vt 0.517363 0.884428
vt 0.411781 0.900064
vt 0.409929 0.942231
vt 0.520323 0.937921
vt 0.888876 0.240004
vt 0.825766 0.291103
vt 0.513725 0.900226
vt 0.449123 0.897575
vt 0.451337 0.944547
vt 0.954602 0.345726
vt 0.888876 0.240004
vt 0.825766 0.291103
vt 0.449123 0.897575
vt 0.451337 0.944547
vt 0.902136 0.416645
vt 0.968358 0.385552
vt 0.888876 0.240003
vt 0.827007 0.291752
vt 0.449122 0.897575
vt 0.451337 0.944547
vt 0.888876 0.240004
vt 0.825766 0.291103
vt 0.449123 0.897575
vt 0.451337 0.944547
vt 0.883262 0.234455
vt 0.804243 0.279084
vt 0.449122 0.897575
vt 0.451337 0.944547
vt 0.882320 0.235789
vt 0.825766 0.291103
vt 0.513725 0.900226
vt 0.449123 0.897575
vt 0.451337 0.944547
vt 0.449123 0.897575
vt 0.451337 0.944547
vt 0.954464 0.345807
vt 0.888876 0.240003
vt 0.819115 0.287009
vt 0.364336 0.948895
vt 0.410330 0.972327
vt 0.700379 0.162741
vt 0.712207 0.329890
vt 0.359190 0.964512
vt 0.386485 0.980348
vt 0.386984 0.949103
vt 0.796604 0.140445
vt 0.713163 0.109004
vt 0.742984 0.188130
vt 0.384955 0.905346
vt 0.362916 0.923011
vt 0.654979 0.165790
vt 0.658816 0.255010
vt 0.452666 0.982499
vt 0.724668 0.365064
vt 0.361561 0.974471
vt 0.386485 0.980348
vt 0.386984 0.949103
vt 0.796774 0.140410
vt 0.726053 0.099337
vt 0.743727 0.185541
vt 0.384955 0.905346
vt 0.362916 0.923012
vt 0.654720 0.165582
vt 0.658335 0.256407
vt 0.452666 0.982499
vt 0.718822 0.361058
vt 0.361924 0.973246
vt 0.386485 0.980348
vt 0.386985 0.949103
vt 0.796774 0.140410
vt 0.726995 0.101467
vt 0.743727 0.185541
vt 0.384955 0.905346
vt 0.362916 0.923012
vt 0.654720 0.165582
vt 0.658335 0.256407
vt 0.452666 0.982500
vt 0.725378 0.365273
vt 0.362684 0.972628
vt 0.386485 0.980348
vt 0.386984 0.949103
vt 0.796774 0.140410
vt 0.729922 0.102171
vt 0.743727 0.185541
vt 0.384955 0.905346
vt 0.362916 0.923012
vt 0.654720 0.165582
vt 0.658335 0.256407
vt 0.452666 0.982499
vt 0.725378 0.365273
vt 0.359260 0.968633
vt 0.386485 0.980348
vt 0.386984 0.949103
vt 0.797123 0.140491
vt 0.717567 0.102550
vt 0.742165 0.186482
vt 0.384955 0.905346
vt 0.362916 0.923012
vt 0.654296 0.164896
vt 0.657385 0.255319
vt 0.452666 0.982499
vt 0.725366 0.365249
vt 0.359986 0.968273
vt 0.386485 0.980348
vt 0.386984 0.949103
vt 0.796774 0.140410
vt 0.718184 0.103597
vt 0.743727 0.185541
vt 0.384955 0.905346
vt 0.362916 0.923012
vt 0.654720 0.165582
vt 0.658335 0.256407
vt 0.452666 0.982499
vt 0.725378 0.365273
vt 0.386984 0.949103
vt 0.384955 0.905346
vt 0.758913 0.120548
vt 0.743727 0.185541
vt 0.372696 0.975462
vt 0.362916 0.923012
vt 0.654720 0.165582
vt 0.658335 0.256407
vt 0.452666 0.982499
vt 0.725378 0.365273
vt 0.386984 0.949103
vt 0.384956 0.905346
vt 0.762616 0.117948
vt 0.743727 0.185541
vt 0.372123 0.977160
vt 0.362916 0.923012
vt 0.654720 0.165582
vt 0.658335 0.256407
vt 0.452666 0.982499
vt 0.725378 0.365273
vt 0.386985 0.949103
vt 0.384956 0.905346
vt 0.757886 0.110262
vt 0.716587 0.157007
vt 0.395783 0.958202
vt 0.388573 0.905938
vt 0.650267 0.164053
vt 0.659412 0.248360
vt 0.452666 0.982499
vt 0.717182 0.362008
vt 0.363899 0.947610
vt 0.406369 0.977138
vt 0.691602 0.145465
vt 0.687688 0.271661
vt 0.680974 0.784340
vt 0.355204 0.500341
vt 0.293776 0.446600
vt 0.830019 0.756234
vt 0.518800 0.975543
vt 0.535847 0.983180
vt 0.554940 0.983596
vt 0.524486 0.983126
vt 0.554940 0.983596
vt 0.524486 0.983126
vt 0.554941 0.983597
vt 0.524486 0.983125
vt 0.809941 0.437784
vt 0.850594 0.486603
vt 0.808742 0.450745
vt 0.850593 0.486603
vt 0.808313 0.447307
vt 0.850593 0.486603
vt 0.841169 0.483144
vt 0.554940 0.983596
vt 0.524486 0.983126
vt 0.813246 0.446863
vt 0.850594 0.486602
vt 0.273803 0.273038
vt 0.554940 0.983597
vt 0.524486 0.983125
vt 0.684469 0.655268
vt 0.717809 0.649153
vt 0.658691 0.592042
vt 0.553875 0.983539
vt 0.524486 0.983126
vt 0.524486 0.983126
vt 0.536791 0.901876
vt 0.837482 0.478174
vt 0.795749 0.431155
vt 0.837482 0.478174
vt 0.802422 0.436561
vt 0.957544 0.408177
vt 0.957544 0.408177
vt 0.551573 0.980474
vt 0.820960 0.449659
vt 0.786407 0.433477
vt 0.256741 0.819281
vt 0.282032 0.793375
vt 0.288367 0.811232
vt 0.315675 0.830848
vt 0.292296 0.775058
vt 0.585081 0.311666
vt 0.609381 0.292701
vt 0.529714 0.245798
vt 0.508415 0.261124
vt 0.546120 0.127803
vt 0.618915 0.154043
vt 0.641167 0.115237
vt 0.548601 0.093148
vt 0.627772 0.231102
vt 0.550438 0.191224
vt 0.662583 0.071209
vt 0.573355 0.051428
vt 0.214171 0.097902
vt 0.226173 0.091097
vt 0.208850 0.075746
vt 0.236190 0.069173
vt 0.227920 0.062612
vt 0.238478 0.083041
vt 0.470313 0.211373
vt 0.449473 0.221817
vt 0.482911 0.077770
vt 0.485450 0.109974
vt 0.491505 0.167128
vt 0.502950 0.033914
vt 0.330683 0.148124
vt 0.316378 0.162241
vt 0.375550 0.197235
vt 0.397388 0.181422
vt 0.259114 0.126810
vt 0.277703 0.115506
vt 0.344378 0.057656
vt 0.357053 0.081608
vt 0.423827 0.098716
vt 0.414612 0.068364
vt 0.292877 0.070466
vt 0.280032 0.045803
vt 0.351347 0.121282
vt 0.422959 0.147498
vt 0.289914 0.096810
vt 0.343143 0.024055
vt 0.418952 0.025974
vt 0.819423 0.032215
vt 0.815088 0.064363
vt 0.858848 0.058281
vt 0.861261 0.027722
vt 0.906344 0.033902
vt 0.904514 0.055957
vt 0.930642 0.059962
vt 0.929881 0.047549
vt 0.791438 0.056309
vt 0.124440 0.406779
vt 0.081737 0.426669
vt 0.146482 0.423796
vt 0.227961 0.465048
vt 0.204673 0.430007
vt 0.230393 0.526906
vt 0.149244 0.616567
vt 0.209819 0.578168
vt 0.177053 0.595979
vt 0.103514 0.597925
vt 0.030160 0.552917
vt 0.049616 0.552551
vt 0.039014 0.488561
vt 0.023623 0.498332
vt 0.129278 0.503564
vt 0.160999 0.468565
vt 0.082005 0.476018
vt 0.173503 0.524369
vt 0.097619 0.542448
vt 0.065218 0.080262
vt 0.137809 0.138370
vt 0.099932 0.106545
vt 0.343994 0.636459
vt 0.350258 0.631711
vt 0.253083 0.543767
vt 0.227463 0.632639
vt 0.583703 0.914611
vt 0.649675 0.904286
vt 0.661898 0.978250
vt 0.438100 0.738607
vt 0.447016 0.736342
vt 0.380172 0.761886
vt 0.315647 0.711143
vt 0.515603 0.838971
vt 0.555059 0.827211
vt 0.596377 0.859017
vt 0.906141 0.904851
vt 0.948997 0.935087
vt 0.932872 0.882818
vt 0.987833 0.875557
vt 0.989246 0.904287
vt 0.872956 0.949503
vt 0.856076 0.984038
vt 0.894594 0.989838
vt 0.901612 0.967034
vt 0.986421 0.938765
vt 0.981596 0.981139
vt 0.941256 0.974604
vt 0.940893 0.988652
vt 0.981723 0.885726
vt 0.920714 0.898328
vt 0.951486 0.940488
vt 0.986341 0.914188
vt 0.886394 0.949023
vt 0.869165 0.983051
vt 0.907938 0.988755
vt 0.914776 0.967619
vt 0.986421 0.948365
vt 0.986534 0.983821
vt 0.950624 0.974325
vt 0.951572 0.983955
vt 0.987834 0.875559
vt 0.919506 0.893835
vt 0.948997 0.935087
vt 0.987834 0.921527
vt 0.872957 0.949504
vt 0.856077 0.984038
vt 0.917744 0.989245
vt 0.921434 0.970820
vt 0.981596 0.981139
vt 0.974485 0.872293
vt 0.919589 0.894087
vt 0.949395 0.935832
vt 0.980791 0.923156
vt 0.874182 0.943327
vt 0.851159 0.983569
vt 0.917936 0.989358
vt 0.923679 0.967491
vt 0.982990 0.981885
vt 0.062135 0.181334
vt 0.074959 0.253357
vt 0.123859 0.246833
vt 0.119551 0.324232
vt 0.160208 0.313147
vt 0.641754 0.590092
vt 0.089379 0.118032
vt 0.122391 0.152860
vt 0.818862 0.079507
vt 0.859228 0.070592
vt 0.859228 0.070592
vt 0.900807 0.070555
vt 0.900807 0.070555
vt 0.926306 0.073708
vt 0.381043 0.760744
vt 0.298529 0.695060
vt 0.381454 0.760649
vt 0.315859 0.709836
vt 0.693118 0.624994
vn 0.49894 0.86221 -0.08748
vn 0.58023 0.76755 -0.27238
vn 0.86684 -0.00222 -0.49859
vn -0.37046 0.80134 0.46969
vn -0.03086 -0.94388 -0.32885
vn 0.00409 -0.96033 -0.27885
vn 0.00802 -0.94863 -0.31629
vn 0.29943 0.94711 -0.11540
vn -0.07733 -0.65136 -0.75482
vn 0.00708 0.98607 -0.16621
vn -0.06914 -0.93391 -0.35076
vn -0.08111 -0.91242 -0.40115
vn 0.50260 0.85552 0.12437
vn 0.67443 0.72310 -0.14922
vn 0.95227 -0.01609 -0.30484
vn 0.01081 0.97006 0.24262
vn -0.07632 -0.93826 -0.33740
vn -0.08969 -0.96731 -0.23722
vn -0.08471 -0.96501 -0.24814
vn 0.24091 0.26025 -0.93500
vn 0.29943 0.94711 -0.11540
vn -0.38280 0.81149 0.44152
vn -0.17598 -0.91657 -0.35907
vn -0.08111 -0.91242 -0.40115
vn 0.13730 -0.91429 -0.38108
vn 0.60806 0.74679 -0.26938
vn 0.76519 0.64380 0.00000
vn 0.36978 0.92912 0.00000
vn 0.49456 0.84810 -0.19010
vn 0.24091 0.26025 -0.93500
vn -0.08865 -0.99606 -0.00000
vn -0.26029 -0.96553 -0.00000
vn -0.55019 0.05111 -0.83348
vn -0.06506 0.99788 -0.00000
vn 0.01930 0.99981 -0.00000
vn 0.03839 -0.97419 -0.22243
vn 0.03862 -0.99925 -0.00000
vn 0.18489 -0.98276 0.00000
vn 0.05801 -0.99428 -0.08964
vn -0.09252 -0.90704 -0.41076
vn -0.05321 -0.99858 0.00000
vn -0.06969 -0.99757 0.00000
vn -0.12238 -0.92306 -0.36468
vn -0.21714 -0.87915 -0.42419
vn -0.15251 -0.98830 0.00000
vn -0.07737 -0.99700 0.00000
vn -0.08706 -0.91295 -0.39867
vn 0.66415 -0.16573 -0.72900
vn 0.18489 -0.98276 0.00000
vn 0.17866 -0.98391 -0.00000
vn 0.29768 0.73742 -0.60630
vn 0.51647 0.55808 -0.64946
vn 0.11564 0.68233 -0.72184
vn -0.31288 0.16944 -0.93456
vn -0.20049 -0.51241 -0.83501
vn -0.04648 -0.12987 -0.99044
vn 0.39459 0.41193 -0.82135
vn -0.00370 -0.75188 -0.65929
vn -0.17238 -0.96798 -0.18248
vn -0.24736 -0.16279 -0.95515
vn -0.20975 -0.33722 -0.91776
vn -0.45368 -0.89116 -0.00000
vn -0.45660 -0.66663 -0.58917
vn -0.19423 0.76552 -0.61339
vn -0.16711 0.95620 -0.24031
vn -0.20975 -0.33722 -0.91776
vn -0.45368 -0.89116 -0.00000
vn -0.19423 0.76552 -0.61339
vn -0.04234 -0.99910 -0.00000
vn -0.07685 -0.94652 -0.31336
vn 0.33914 0.79812 -0.49799
vn 0.32669 0.62614 -0.70797
vn 0.14039 0.84536 -0.51543
vn 0.41887 0.35944 -0.83388
vn -0.13247 0.44953 -0.88339
vn -0.15024 0.82562 -0.54386
vn -0.02998 0.73858 -0.67350
vn -0.19013 0.49786 -0.84616
vn -0.17985 0.79277 -0.58238
vn -0.09458 0.66985 -0.73645
vn -0.27449 0.65628 -0.70282
vn -0.19482 0.82595 -0.52902
vn -0.15034 0.70281 -0.69531
vn -0.08706 -0.91295 -0.39867
vn -0.01962 -0.94727 -0.31984
vn -0.23478 0.49599 -0.83598
vn -0.12238 -0.92306 -0.36468
vn -0.05788 -0.95629 -0.28662
vn -0.30921 0.52040 -0.79597
vn 0.03839 -0.97419 -0.22243
vn 0.16672 -0.96734 -0.19092
vn 0.34560 0.08097 -0.93488
vn -0.02998 0.73858 -0.67350
vn -0.15024 0.82562 -0.54386
vn -0.00829 0.99956 0.02841
vn -0.20470 0.64895 -0.73278
vn -0.09458 0.66985 -0.73645
vn -0.17985 0.79277 -0.58238
vn -0.01156 0.99991 0.00635
vn -0.30921 0.52040 -0.79597
vn -0.15034 0.70281 -0.69531
vn -0.19482 0.82595 -0.52902
vn 0.02918 0.99937 0.02023
vn -0.23478 0.49599 -0.83598
vn -0.22826 0.53213 -0.81531
vn -0.20217 0.79720 -0.56886
vn -0.11918 0.60751 -0.78532
vn -0.09252 -0.90704 -0.41076
vn -0.07402 -0.94622 -0.31493
vn -0.17020 0.41818 -0.89227
vn -0.11918 0.60751 -0.78532
vn -0.20217 0.79720 -0.56886
vn -0.01418 0.99911 -0.03971
vn -0.17020 0.41818 -0.89227
vn -0.13055 -0.93600 -0.32688
vn -0.21591 -0.97641 0.00000
vn -0.32544 0.73723 -0.59210
vn -0.17283 0.94504 -0.27754
vn -0.45715 0.28880 -0.84120
vn -0.21714 -0.87915 -0.42419
vn -0.13584 -0.93133 -0.33790
vn -0.45715 0.28880 -0.84120
vn -0.13806 0.86038 -0.49060
vn -0.07224 0.53954 -0.83885
vn 0.01855 0.86419 -0.50283
vn 0.00242 0.49342 -0.86979
vn 0.16688 0.49890 -0.85044
vn 0.21790 0.53888 -0.81371
vn 0.25937 0.65418 -0.71047
vn -0.10434 0.85274 -0.51180
vn 0.01484 0.76769 -0.64065
vn -0.05985 0.86071 -0.50557
vn -0.20470 0.64895 -0.73278
vn -0.07685 -0.94652 -0.31336
vn -0.04140 -0.96267 -0.26748
vn 0.00954 0.67417 -0.73852
vn -0.02701 -0.95164 -0.30603
vn 0.00588 -0.97938 -0.20192
vn 0.03839 -0.97419 -0.22243
vn 0.34560 0.08097 -0.93488
vn 0.03371 -0.98550 -0.16631
vn 0.03839 -0.97419 -0.22243
vn 0.33523 0.32761 -0.88334
vn -0.01800 -0.96998 -0.24252
vn 0.34560 0.08097 -0.93488
vn 0.16688 0.49890 -0.85044
vn 0.25937 0.65418 -0.71047
vn 0.08491 0.99307 -0.08129
vn 0.33523 0.32761 -0.88334
vn 0.09351 0.71728 -0.69048
vn 0.18287 0.73795 -0.64961
vn 0.09138 0.99575 0.01151
vn -0.20470 0.64895 -0.73278
vn 0.02255 0.99950 0.02198
vn -0.10434 0.85274 -0.51180
vn -0.02998 0.73858 -0.67350
vn 0.00954 0.67417 -0.73852
vn 0.06285 0.99781 0.02044
vn -0.05985 0.86071 -0.50557
vn 0.01484 0.76769 -0.64065
vn 0.05801 -0.99428 -0.08964
vn -0.04194 -0.99313 0.10928
vn -0.75531 0.19922 -0.62435
vn 0.41887 0.35944 -0.83388
vn 0.33914 0.79812 -0.49799
vn 0.16304 0.93279 -0.32143
vn 0.98171 -0.15570 -0.10953
vn 0.66415 -0.16573 -0.72900
vn 0.06389 -0.98354 -0.16902
vn -0.99014 0.03916 -0.13450
vn -0.04687 0.99678 0.06500
vn 0.90201 0.05767 -0.42786
vn -0.03050 0.99719 0.06838
vn 0.94671 0.06469 -0.31553
vn 0.07716 -0.98605 -0.14752
vn -0.56789 -0.80603 -0.16679
vn -0.17283 0.94504 -0.27754
vn -0.07044 0.99198 0.10496
vn 0.69866 0.17077 -0.69477
vn -0.45715 0.28880 -0.84120
vn -0.55019 0.05111 -0.83348
vn -0.13055 -0.93600 -0.32688
vn -0.03790 -0.98145 -0.18792
vn -0.99635 -0.01302 -0.08434
vn 0.06596 0.99586 0.06248
vn 0.99963 0.00055 -0.02725
vn 0.10652 -0.98736 -0.11738
vn -0.96809 0.00883 -0.25046
vn 0.33523 0.32761 -0.88334
vn 0.02417 0.99755 0.06570
vn 0.98759 0.00107 -0.15705
vn 0.25099 -0.03160 -0.96747
vn 0.06218 -0.98703 -0.14798
vn -0.99125 0.02586 -0.12945
vn 0.14039 0.84536 -0.51543
vn 0.11882 0.99156 -0.05195
vn 0.99360 0.03128 -0.10857
vn 0.41887 0.35944 -0.83388
vn 0.06310 -0.99649 -0.05505
vn -0.92369 -0.09310 -0.37166
vn 0.01139 0.99787 0.06424
vn 0.92110 0.03238 -0.38797
vn 0.02803 -0.98724 -0.15676
vn -0.98975 0.01875 -0.14155
vn 0.01339 0.99319 0.11574
vn 0.90588 0.03699 -0.42192
vn -0.00922 -0.98171 -0.19014
vn -0.59877 -0.79029 -0.13007
vn 0.05341 0.99696 0.05678
vn 0.98866 -0.07811 -0.12823
vn 0.07365 -0.98733 -0.14059
vn -0.98660 0.00828 -0.16293
vn 0.25099 -0.03160 -0.96747
vn 0.04641 -0.98575 -0.16167
vn -0.98779 0.05083 -0.14725
vn -0.00584 0.99849 0.05470
vn 0.95349 0.03131 -0.29978
vn 0.00954 0.67417 -0.73852
vn 0.49986 -0.23927 -0.83240
vn 0.98171 -0.15570 -0.10953
vn 0.49986 -0.23927 -0.83240
vn -0.75531 0.19922 -0.62435
vn 0.87771 -0.01653 -0.47891
vn 0.01394 -0.99793 -0.06281
vn 0.99792 -0.03103 -0.05646
vn 0.99792 -0.03103 -0.05646
vn 0.04675 0.99889 -0.00551
vn 0.87771 -0.01653 -0.47891
vn -0.87216 0.01917 -0.48885
vn -0.11693 0.02398 -0.99285
vn -0.87216 0.01917 -0.48885
vn -0.11693 0.02398 -0.99285
vn 0.99360 0.03128 -0.10857
vn -0.92369 -0.09310 -0.37166
vn 0.84593 -0.03812 -0.53193
vn 0.03420 -0.99752 -0.06155
vn 0.99811 -0.01184 -0.06024
vn 0.99811 -0.01184 -0.06024
vn 0.02224 0.99959 -0.01825
vn 0.84593 -0.03812 -0.53193
vn -0.90523 -0.01784 -0.42456
vn -0.33626 -0.02477 -0.94144
vn -0.90523 -0.01784 -0.42456
vn -0.33626 -0.02477 -0.94144
vn 0.99963 0.00055 -0.02725
vn -0.96809 0.00883 -0.25046
vn 0.71274 -0.04782 -0.69979
vn 0.04099 -0.99690 -0.06719
vn 0.98409 -0.02165 -0.17635
vn 0.98409 -0.02165 -0.17635
vn -0.02482 0.99960 -0.01366
vn 0.71274 -0.04782 -0.69979
vn -0.94015 -0.07148 -0.33317
vn -0.46764 -0.06424 -0.88158
vn -0.94015 -0.07148 -0.33317
vn -0.46764 -0.06424 -0.88158
vn 0.98866 -0.07811 -0.12823
vn -0.98660 0.00828 -0.16293
vn 0.60033 -0.02117 -0.79947
vn 0.01890 -0.99685 -0.07700
vn 0.98747 0.01164 -0.15738
vn 0.98747 0.01164 -0.15738
vn -0.03112 0.99947 0.00911
vn 0.60033 -0.02117 -0.79947
vn -0.95049 -0.04195 -0.30790
vn -0.64156 -0.03587 -0.76624
vn -0.95049 -0.04195 -0.30790
vn -0.64156 -0.03587 -0.76624
vn 0.98759 0.00107 -0.15705
vn -0.99125 0.02586 -0.12945
vn 0.57425 0.08439 -0.81432
vn 0.03190 -0.99524 -0.09209
vn 0.97648 0.06076 -0.20687
vn 0.97648 0.06076 -0.20687
vn -0.03779 0.99799 0.05089
vn 0.57425 0.08439 -0.81432
vn -0.97461 -0.01024 -0.22369
vn -0.67847 0.02025 -0.73434
vn -0.97461 -0.01024 -0.22369
vn -0.67847 0.02025 -0.73434
vn 0.95349 0.03131 -0.29978
vn -0.98779 0.05083 -0.14725
vn 0.21742 0.03726 -0.97537
vn 0.06287 -0.99450 -0.08377
vn 0.95020 0.08192 -0.30069
vn 0.95020 0.08192 -0.30069
vn -0.07919 0.99603 0.04073
vn 0.21742 0.03726 -0.97537
vn -0.97201 -0.06351 -0.22620
vn -0.73025 -0.05316 -0.68111
vn -0.97201 -0.06351 -0.22620
vn -0.73025 -0.05316 -0.68111
vn 0.90201 0.05767 -0.42786
vn -0.99014 0.03916 -0.13450
vn 0.00630 -0.99364 -0.11246
vn -0.97151 -0.02290 -0.23589
vn 0.77518 0.04955 -0.62979
vn -0.04232 0.99775 0.05198
vn 0.77518 0.04955 -0.62979
vn -0.40372 0.03022 -0.91438
vn -0.97151 -0.02290 -0.23589
vn -0.40372 0.03022 -0.91438
vn 0.92110 0.03238 -0.38797
vn -0.98975 0.01875 -0.14155
vn 0.05575 -0.99290 -0.10505
vn -0.36188 0.93142 -0.03864
vn 0.77742 0.07687 -0.62427
vn -0.09926 0.99506 -0.00332
vn 0.77742 0.07687 -0.62427
vn -0.35970 -0.02017 -0.93285
vn -0.36188 0.93142 -0.03864
vn -0.35970 -0.02017 -0.93285
vn 0.94671 0.06469 -0.31553
vn -0.56789 -0.80603 -0.16679
vn -0.00780 -0.99415 -0.10769
vn -0.30881 0.95038 0.03776
vn 0.72932 0.03329 -0.68336
vn -0.03159 0.99933 0.01831
vn 0.72932 0.03329 -0.68336
vn -0.33578 -0.00637 -0.94192
vn -0.30881 0.95038 0.03776
vn -0.33578 -0.00637 -0.94192
vn 0.90588 0.03699 -0.42192
vn -0.59877 -0.79029 -0.13007
vn -0.36295 0.15745 -0.91841
vn 0.69866 0.17077 -0.69477
vn -0.36295 0.15745 -0.91841
vn -0.99635 -0.01302 -0.08434
vn 0.15984 0.82215 -0.54638
vn -0.20194 0.87676 -0.43649
vn -0.22915 0.88713 -0.40061
vn -0.24657 0.96913 -0.00000
vn -0.26700 0.96370 0.00000
vn 0.33914 0.79812 -0.49799
vn -0.21714 -0.87915 -0.42419
vn -0.45715 0.28880 -0.84120
vn -0.09252 -0.90704 -0.41076
vn -0.17020 0.41818 -0.89227
vn -0.07685 -0.94652 -0.31336
vn -0.20470 0.64895 -0.73278
vn 0.05801 -0.99428 -0.08964
vn 0.41887 0.35944 -0.83388
vn 0.16688 0.49890 -0.85044
vn 0.34560 0.08097 -0.93488
vn -0.09458 0.66985 -0.73645
vn -0.30921 0.52040 -0.79597
vn -0.11918 0.60751 -0.78532
vn -0.17020 0.41818 -0.89227
vn -0.45715 0.28880 -0.84120
vn -0.12238 -0.92306 -0.36468
vn -0.30921 0.52040 -0.79597
vn -0.15034 0.70281 -0.69531
vn -0.23478 0.49599 -0.83598
vn -0.17283 0.94504 -0.27754
vn -0.08706 -0.91295 -0.39867
vn -0.23478 0.49599 -0.83598
vn 0.13313 0.55440 -0.82154
vn 0.09351 0.71728 -0.69048
vn 0.06780 0.87685 -0.47596
vn -0.02701 -0.95164 -0.30603
vn 0.00954 0.67417 -0.73852
vn 0.25099 -0.03160 -0.96747
vn -0.02701 -0.95164 -0.30603
vn 0.09351 0.71728 -0.69048
vn 0.33523 0.32761 -0.88334
vn 0.06780 0.87685 -0.47596
vn 0.25099 -0.03160 -0.96747
vn 0.01484 0.76769 -0.64065
vn 0.06780 0.87685 -0.47596
vn 0.22023 0.97545 0.00000
vn 0.18010 0.98365 -0.00000
vn 0.66415 -0.16573 -0.72900
vn 0.41887 0.35944 -0.83388
vn -0.55019 0.05111 -0.83348
vn 0.32831 0.81982 -0.46917
vn 0.16936 -0.78405 0.59714
vn 0.95999 -0.04439 0.27649
vn 0.53939 0.50881 0.67095
vn 0.75347 -0.65748 -0.00000
vn 0.99093 -0.13436 0.00000
vn 0.48131 -0.87454 -0.05930
vn -0.17238 -0.96798 -0.18248
vn -0.37051 -0.92763 -0.04710
vn -0.35826 -0.16316 -0.91925
vn -0.24736 -0.16279 -0.95515
vn 0.39501 0.12068 0.91072
vn -0.06580 -0.72918 0.68115
vn 0.16936 -0.78405 0.59714
vn 0.53939 0.50881 0.67095
vn 0.25159 0.91089 -0.32707
vn 0.32831 0.81982 -0.46917
vn -0.37051 -0.92763 -0.04710
vn -0.17238 -0.96798 -0.18248
vn -0.79677 -0.22087 0.56247
vn 0.50944 -0.76942 -0.38531
vn -0.45221 -0.40143 -0.79647
vn 0.82849 0.05021 0.55775
vn -0.79677 -0.22087 0.56247
vn 0.82559 -0.03620 -0.56310
vn -0.32904 -0.17717 -0.92755
vn -0.46472 -0.88446 0.04205
vn -0.09893 -0.58751 0.80315
vn 0.53807 0.47852 0.69390
vn 0.35197 0.79043 -0.50134
vn -0.46472 -0.88446 0.04205
vn -0.32025 -0.28840 -0.90237
vn -0.31139 -0.23049 -0.92190
vn -0.60649 -0.78649 0.11668
vn -0.71956 -0.65911 0.21864
vn -0.30664 -0.37080 -0.87663
vn -0.68028 -0.48525 0.54932
vn -0.09836 -0.36560 0.92556
vn -0.16111 -0.47732 0.86383
vn 0.59594 0.45272 0.66325
vn 0.66424 0.29621 0.68632
vn -0.68028 -0.48525 0.54932
vn 0.59522 0.13805 0.79162
vn 0.65656 0.50290 -0.56216
vn 0.48228 0.70577 -0.51894
vn 0.79902 0.27850 -0.53293
vn -0.71956 -0.65911 0.21864
vn -0.60649 -0.78649 0.11668
vn -0.02722 0.99963 -0.00000
vn 0.49456 0.84810 -0.19010
vn -0.16711 0.95620 -0.24031
vn -0.24545 0.96208 0.11898
vn 0.85254 0.01874 -0.52232
vn -0.31288 0.16944 -0.93456
vn -0.76959 -0.31851 -0.55342
vn 0.39459 0.41193 -0.82135
vn 0.85254 0.01874 -0.52232
vn 0.39459 0.41193 -0.82135
vn 0.51064 -0.43273 0.74296
vn 0.55281 0.16483 0.81684
vn 0.97580 0.01047 0.21842
vn -0.00931 0.17103 0.98522
vn -0.61335 -0.12666 0.77959
vn -0.79240 0.30685 0.52721
vn -0.27198 -0.93551 0.22550
vn -0.95302 0.06300 -0.29630
vn -0.61335 -0.12666 0.77959
vn -0.59807 -0.60035 -0.53093
vn -0.27198 -0.93551 0.22550
vn 0.05056 -0.82404 -0.56428
vn 0.67916 -0.68749 -0.25710
vn 0.51064 -0.43273 0.74296
vn 0.15316 0.68722 -0.71012
vn 0.68849 0.37081 -0.62328
vn 0.31087 0.94479 -0.10365
vn -0.40628 0.76408 -0.50112
vn 0.02998 0.26425 -0.96399
vn -0.32817 0.68253 -0.65303
vn -0.98237 0.18696 -0.00000
vn -0.22516 -0.97432 -0.00000
vn -0.07733 -0.65136 -0.75482
vn -0.18042 -0.54847 -0.81647
vn 0.26637 0.96228 0.05539
vn 0.49077 0.84229 -0.22291
vn 0.74662 0.15223 -0.64760
vn -0.11561 0.95458 0.27463
vn -0.02455 -0.95111 -0.30789
vn 0.04928 -0.96439 -0.25984
vn 0.04958 -0.96313 -0.26441
vn 0.00708 0.98607 -0.16621
vn -0.18042 -0.54847 -0.81647
vn -0.32817 0.68253 -0.65303
vn -0.03766 0.92846 0.36952
vn -0.01829 -0.94989 -0.31204
vn -0.09849 -0.93191 -0.34905
vn -0.06914 -0.93391 -0.35076
vn -0.93288 0.13261 -0.33488
vn -0.34712 0.24304 0.90578
vn -0.78791 0.48040 0.38525
vn 0.36317 -0.47851 0.79946
vn 0.47234 -0.81737 0.32985
vn -0.04765 -0.72233 -0.68991
vn -0.13268 -0.58795 -0.79794
vn 0.47234 -0.81737 0.32985
vn 0.36317 -0.47851 0.79946
vn 0.37569 -0.57577 0.72618
vn -0.35490 -0.89075 0.28392
vn -0.11351 -0.78546 -0.60842
vn 0.37569 -0.57577 0.72618
vn 0.31130 -0.23986 0.91954
vn 0.45511 -0.81890 0.34969
vn -0.76549 0.60335 0.22361
vn -0.69511 0.68403 0.22119
vn -0.01071 -0.62219 -0.78279
vn -0.03677 -0.68347 -0.72905
vn 0.45511 -0.81890 0.34969
vn 0.31130 -0.23986 0.91954
vn 0.30656 -0.56909 0.76299
vn -0.30611 -0.93271 0.19065
vn -0.09649 -0.82082 -0.56298
vn 0.30656 -0.56909 0.76299
vn 0.43073 -0.11077 0.89566
vn 0.51669 -0.68293 0.51637
vn -0.84204 0.43335 0.32121
vn -0.86687 0.35089 0.35413
vn -0.14535 -0.74317 -0.65312
vn -0.18933 -0.74928 -0.63462
vn 0.51669 -0.68293 0.51637
vn 0.43073 -0.11077 0.89566
vn -0.22761 -0.95544 0.18798
vn 0.32629 -0.13107 0.93614
vn 0.31836 -0.66942 0.67121
vn -0.60070 0.78092 0.17125
vn -0.66811 0.71051 0.22091
vn -0.17173 -0.68466 -0.70834
vn -0.28098 -0.69380 -0.66309
vn 0.31836 -0.66942 0.67121
vn 0.32629 -0.13107 0.93614
vn -0.49051 -0.72163 0.48852
vn 0.48131 -0.87454 -0.05930
vn -0.00370 -0.75188 -0.65929
vn 0.43990 -0.83613 -0.32768
vn -0.45660 -0.66663 -0.58917
vn -0.12058 -0.90223 -0.41405
vn -0.45368 -0.89116 -0.00000
vn -0.48607 -0.87392 -0.00000
vn 0.08610 -0.99629 -0.00000
vn 0.37795 -0.92583 0.00000
vn -0.02701 -0.95164 -0.30603
vn -0.01771 -0.99984 -0.00000
vn 0.00708 0.98607 -0.16621
vn -0.23791 0.97129 -0.00000
vn 0.29943 0.94711 -0.11540
vn 0.13542 0.99079 -0.00000
vn 0.18010 0.98365 -0.00000
vn -0.24986 0.96828 -0.00000
vn -0.23200 0.97272 -0.00000
vn -0.13214 0.99123 0.00000
vn 0.02533 0.99968 -0.00000
vn 0.51064 -0.43273 0.74296
vn -0.61335 -0.12666 0.77959
vn -0.61335 -0.12666 0.77959
vn -0.27198 -0.93551 0.22550
vn -0.27198 -0.93551 0.22550
vn 0.51064 -0.43273 0.74296
vn -0.01340 0.99991 0.00000
vn -0.18042 -0.54847 -0.81647
vn -0.37046 0.80134 0.46969
vn -0.07733 -0.65136 -0.75482
vn -0.38280 0.81149 0.44152
vn 0.75347 -0.65748 -0.00000
vn -0.01340 0.99991 0.00000
vn 0.18287 0.73795 -0.64961
vn 0.49894 0.86221 0.08747
vn 0.86684 -0.00221 0.49859
vn 0.58023 0.76756 0.27237
vn -0.37046 0.80134 -0.46969
vn -0.03086 -0.94388 0.32885
vn 0.00802 -0.94863 0.31629
vn 0.00409 -0.96033 0.27885
vn 0.29943 0.94711 0.11540
vn -0.07733 -0.65136 0.75482
vn 0.00709 0.98607 0.16621
vn -0.08111 -0.91242 0.40115
vn -0.06914 -0.93391 0.35076
vn 0.50260 0.85552 -0.12437
vn 0.95227 -0.01609 0.30484
vn 0.67443 0.72310 0.14922
vn 0.01081 0.97006 -0.24262
vn -0.07632 -0.93826 0.33740
vn -0.08471 -0.96501 0.24814
vn -0.08969 -0.96731 0.23722
vn 0.24092 0.26025 0.93500
vn 0.29943 0.94711 0.11540
vn -0.38280 0.81150 -0.44152
vn 0.13730 -0.91429 0.38108
vn -0.08111 -0.91242 0.40115
vn -0.17598 -0.91657 0.35907
vn 0.60806 0.74679 0.26938
vn 0.49456 0.84810 0.19010
vn 0.24092 0.26025 0.93500
vn -0.55019 0.05111 0.83348
vn 0.03839 -0.97419 0.22243
vn 0.05801 -0.99428 0.08964
vn -0.09252 -0.90704 0.41076
vn -0.12238 -0.92306 0.36468
vn -0.21714 -0.87915 0.42419
vn -0.08706 -0.91295 0.39867
vn 0.66415 -0.16573 0.72900
vn 0.29768 0.73742 0.60630
vn 0.11564 0.68233 0.72184
vn 0.51647 0.55808 0.64946
vn -0.31288 0.16944 0.93456
vn 0.39459 0.41193 0.82135
vn -0.04648 -0.12987 0.99044
vn -0.20049 -0.51241 0.83501
vn -0.00370 -0.75188 0.65929
vn -0.24736 -0.16279 0.95515
vn -0.17237 -0.96798 0.18248
vn -0.20975 -0.33722 0.91776
vn -0.45660 -0.66663 0.58917
vn -0.19423 0.76552 0.61339
vn -0.16711 0.95620 0.24031
vn -0.20975 -0.33722 0.91776
vn -0.19423 0.76552 0.61339
vn -0.07685 -0.94652 0.31336
vn 0.33914 0.79812 0.49799
vn 0.32669 0.62614 0.70797
vn 0.41887 0.35944 0.83388
vn 0.14039 0.84536 0.51543
vn -0.13247 0.44953 0.88339
vn -0.02998 0.73858 0.67350
vn -0.15024 0.82562 0.54386
vn -0.19013 0.49786 0.84616
vn -0.09458 0.66985 0.73645
vn -0.17985 0.79277 0.58238
vn -0.27449 0.65628 0.70282
vn -0.15034 0.70281 0.69531
vn -0.19482 0.82595 0.52902
vn -0.08706 -0.91295 0.39867
vn -0.23478 0.49599 0.83598
vn -0.01962 -0.94727 0.31984
vn -0.12238 -0.92306 0.36468
vn -0.30921 0.52040 0.79597
vn -0.05788 -0.95629 0.28662
vn 0.03839 -0.97419 0.22243
vn 0.34560 0.08097 0.93488
vn 0.16672 -0.96734 0.19092
vn -0.02998 0.73858 0.67350
vn -0.20470 0.64895 0.73278
vn -0.00829 0.99956 -0.02841
vn -0.15024 0.82562 0.54386
vn -0.09458 0.66985 0.73645
vn -0.30921 0.52040 0.79597
vn -0.01156 0.99991 -0.00635
vn -0.17985 0.79277 0.58238
vn -0.15034 0.70281 0.69531
vn -0.23478 0.49599 0.83598
vn 0.02918 0.99937 -0.02023
vn -0.19482 0.82595 0.52902
vn -0.22826 0.53213 0.81531
vn -0.11918 0.60751 0.78532
vn -0.20217 0.79720 0.56886
vn -0.09252 -0.90704 0.41076
vn -0.17020 0.41819 0.89227
vn -0.07402 -0.94622 0.31493
vn -0.11918 0.60751 0.78532
vn -0.17020 0.41819 0.89227
vn -0.01418 0.99911 0.03971
vn -0.20217 0.79720 0.56886
vn -0.13055 -0.93600 0.32688
vn -0.32544 0.73723 0.59210
vn -0.45715 0.28880 0.84120
vn -0.17283 0.94504 0.27754
vn -0.21714 -0.87915 0.42419
vn -0.45715 0.28880 0.84120
vn -0.13584 -0.93133 0.33790
vn -0.13806 0.86038 0.49060
vn 0.01855 0.86419 0.50283
vn -0.07224 0.53954 0.83885
vn 0.00242 0.49342 0.86979
vn 0.16688 0.49890 0.85044
vn 0.25937 0.65418 0.71047
vn 0.21790 0.53888 0.81371
vn -0.10434 0.85274 0.51180
vn 0.01484 0.76769 0.64065
vn -0.05985 0.86071 0.50557
vn -0.20470 0.64895 0.73278
vn -0.04140 -0.96267 0.26748
vn -0.07685 -0.94652 0.31336
vn 0.00954 0.67417 0.73852
vn 0.00588 -0.97938 0.20192
vn -0.02701 -0.95164 0.30603
vn 0.03839 -0.97419 0.22243
vn 0.03371 -0.98550 0.16631
vn 0.34560 0.08097 0.93488
vn 0.03839 -0.97419 0.22243
vn -0.01800 -0.96998 0.24252
vn 0.33523 0.32761 0.88334
vn 0.34560 0.08097 0.93488
vn 0.08491 0.99307 0.08129
vn 0.25937 0.65418 0.71047
vn 0.16688 0.49890 0.85044
vn 0.33523 0.32761 0.88334
vn 0.09138 0.99575 -0.01151
vn 0.18287 0.73795 0.64961
vn 0.09351 0.71728 0.69048
vn -0.20470 0.64895 0.73278
vn -0.02998 0.73858 0.67350
vn -0.10434 0.85274 0.51180
vn 0.02255 0.99950 -0.02198
vn 0.00954 0.67417 0.73852
vn 0.01484 0.76769 0.64065
vn -0.05985 0.86071 0.50557
vn 0.06285 0.99781 -0.02044
vn 0.05801 -0.99428 0.08964
vn 0.41887 0.35944 0.83388
vn -0.75531 0.19922 0.62435
vn -0.04194 -0.99313 -0.10928
vn 0.33914 0.79812 0.49799
vn 0.66415 -0.16573 0.72900
vn 0.98171 -0.15570 0.10953
vn 0.16304 0.93279 0.32143
vn -0.99014 0.03916 0.13450
vn 0.06389 -0.98354 0.16902
vn 0.90200 0.05767 0.42786
vn -0.04687 0.99678 -0.06500
vn 0.94671 0.06469 0.31553
vn -0.03050 0.99719 -0.06838
vn -0.56789 -0.80603 0.16679
vn 0.07716 -0.98605 0.14752
vn -0.17283 0.94504 0.27754
vn -0.45715 0.28880 0.84120
vn 0.69866 0.17077 0.69477
vn -0.07044 0.99198 -0.10496
vn -0.55019 0.05111 0.83348
vn -0.99635 -0.01302 0.08434
vn -0.03790 -0.98145 0.18792
vn -0.13055 -0.93600 0.32688
vn 0.99963 0.00055 0.02725
vn 0.06596 0.99586 -0.06248
vn 0.33523 0.32761 0.88334
vn -0.96809 0.00883 0.25046
vn 0.10652 -0.98736 0.11738
vn 0.25099 -0.03160 0.96747
vn 0.98759 0.00107 0.15705
vn 0.02417 0.99755 -0.06570
vn -0.99125 0.02586 0.12945
vn 0.06218 -0.98703 0.14798
vn 0.14039 0.84536 0.51543
vn 0.41887 0.35944 0.83388
vn 0.99360 0.03128 0.10857
vn 0.11882 0.99156 0.05195
vn -0.92369 -0.09310 0.37166
vn 0.06310 -0.99649 0.05505
vn 0.92110 0.03238 0.38797
vn 0.01139 0.99787 -0.06424
vn -0.98975 0.01875 0.14155
vn 0.02803 -0.98724 0.15676
vn 0.90588 0.03699 0.42192
vn 0.01339 0.99319 -0.11574
vn -0.59877 -0.79029 0.13007
vn -0.00922 -0.98171 0.19014
vn 0.98866 -0.07811 0.12823
vn 0.05341 0.99696 -0.05678
vn 0.25099 -0.03160 0.96747
vn -0.98660 0.00828 0.16293
vn 0.07365 -0.98733 0.14059
vn -0.98779 0.05083 0.14725
vn 0.04641 -0.98575 0.16167
vn 0.00954 0.67417 0.73852
vn 0.95349 0.03131 0.29978
vn -0.00584 0.99849 -0.05470
vn 0.49986 -0.23927 0.83240
vn 0.98171 -0.15570 0.10953
vn 0.49986 -0.23927 0.83240
vn -0.75531 0.19922 0.62435
vn 0.87771 -0.01653 0.47891
vn 0.99792 -0.03103 0.05646
vn 0.01394 -0.99793 0.06281
vn 0.99792 -0.03103 0.05646
vn 0.87771 -0.01653 0.47891
vn 0.04675 0.99889 0.00551
vn -0.87216 0.01917 0.48885
vn -0.11693 0.02398 0.99285
vn -0.11693 0.02398 0.99285
vn -0.87216 0.01917 0.48885
vn 0.99360 0.03128 0.10857
vn -0.92369 -0.09310 0.37166
vn 0.84593 -0.03812 0.53193
vn 0.99811 -0.01184 0.06024
vn 0.03420 -0.99752 0.06155
vn 0.99811 -0.01184 0.06024
vn 0.84593 -0.03812 0.53193
vn 0.02224 0.99959 0.01825
vn -0.90523 -0.01784 0.42456
vn -0.33626 -0.02477 0.94144
vn -0.33626 -0.02477 0.94144
vn -0.90523 -0.01784 0.42456
vn 0.99963 0.00055 0.02725
vn -0.96809 0.00883 0.25046
vn 0.71274 -0.04782 0.69979
vn 0.98409 -0.02165 0.17635
vn 0.04099 -0.99690 0.06719
vn 0.98409 -0.02165 0.17635
vn 0.71274 -0.04782 0.69979
vn -0.02482 0.99960 0.01366
vn -0.94015 -0.07148 0.33317
vn -0.46764 -0.06424 0.88158
vn -0.46764 -0.06424 0.88158
vn -0.94015 -0.07148 0.33317
vn 0.98866 -0.07811 0.12823
vn -0.98660 0.00828 0.16293
vn 0.60033 -0.02117 0.79947
vn 0.98747 0.01164 0.15738
vn 0.01890 -0.99685 0.07700
vn 0.98747 0.01164 0.15738
vn 0.60033 -0.02117 0.79947
vn -0.03112 0.99947 -0.00911
vn -0.95049 -0.04195 0.30790
vn -0.64156 -0.03587 0.76624
vn -0.64156 -0.03587 0.76624
vn -0.95049 -0.04195 0.30790
vn 0.98759 0.00107 0.15705
vn -0.99125 0.02586 0.12945
vn 0.57425 0.08439 0.81432
vn 0.97648 0.06076 0.20687
vn 0.03190 -0.99524 0.09209
vn 0.97648 0.06076 0.20687
vn 0.57425 0.08439 0.81432
vn -0.03779 0.99799 -0.05089
vn -0.97461 -0.01025 0.22369
vn -0.67847 0.02025 0.73434
vn -0.67847 0.02025 0.73434
vn -0.97461 -0.01025 0.22369
vn 0.95349 0.03131 0.29978
vn -0.98779 0.05083 0.14725
vn 0.21742 0.03726 0.97537
vn 0.95020 0.08192 0.30068
vn 0.06287 -0.99450 0.08377
vn 0.95020 0.08192 0.30068
vn 0.21742 0.03726 0.97537
vn -0.07919 0.99603 -0.04073
vn -0.97201 -0.06351 0.22620
vn -0.73025 -0.05316 0.68111
vn -0.73025 -0.05316 0.68111
vn -0.97201 -0.06351 0.22620
vn 0.90200 0.05767 0.42786
vn -0.99014 0.03916 0.13450
vn 0.00630 -0.99364 0.11246
vn -0.97151 -0.02290 0.23589
vn 0.77518 0.04955 0.62979
vn -0.04232 0.99775 -0.05198
vn 0.77518 0.04955 0.62979
vn -0.40372 0.03022 0.91438
vn -0.40372 0.03022 0.91438
vn -0.97151 -0.02290 0.23589
vn 0.92110 0.03238 0.38797
vn -0.98975 0.01875 0.14155
vn 0.05575 -0.99290 0.10505
vn -0.36188 0.93142 0.03864
vn 0.77742 0.07687 0.62427
vn -0.09926 0.99506 0.00332
vn 0.77742 0.07687 0.62427
vn -0.35970 -0.02017 0.93285
vn -0.35970 -0.02017 0.93285
vn -0.36188 0.93142 0.03864
vn 0.94671 0.06469 0.31553
vn -0.56789 -0.80603 0.16679
vn -0.00780 -0.99415 0.10769
vn -0.30881 0.95038 -0.03776
vn 0.72932 0.03329 0.68336
vn -0.03159 0.99933 -0.01831
vn 0.72932 0.03329 0.68336
vn -0.33578 -0.00637 0.94192
vn -0.33578 -0.00637 0.94192
vn -0.30881 0.95038 -0.03776
vn 0.90588 0.03699 0.42192
vn -0.59877 -0.79029 0.13007
vn -0.36295 0.15745 0.91841
vn 0.69866 0.17077 0.69477
vn -0.36295 0.15745 0.91841
vn -0.99635 -0.01302 0.08434
vn 0.15984 0.82215 0.54638
vn -0.20194 0.87676 0.43649
vn -0.22915 0.88713 0.40061
vn 0.33914 0.79812 0.49799
vn -0.45715 0.28880 0.84120
vn -0.21714 -0.87915 0.42419
vn -0.09252 -0.90704 0.41076
vn -0.17020 0.41819 0.89227
vn -0.07685 -0.94652 0.31336
vn -0.20470 0.64895 0.73278
vn 0.05801 -0.99428 0.08964
vn 0.41887 0.35944 0.83388
vn 0.34560 0.08097 0.93488
vn 0.16688 0.49890 0.85044
vn -0.30921 0.52040 0.79597
vn -0.09458 0.66985 0.73645
vn -0.17020 0.41819 0.89227
vn -0.11918 0.60751 0.78532
vn -0.45715 0.28880 0.84120
vn -0.12238 -0.92306 0.36468
vn -0.30921 0.52040 0.79597
vn -0.23478 0.49599 0.83598
vn -0.15034 0.70281 0.69531
vn -0.17283 0.94504 0.27754
vn -0.08706 -0.91295 0.39867
vn -0.23478 0.49599 0.83598
vn 0.13312 0.55440 0.82154
vn 0.09351 0.71728 0.69048
vn 0.06780 0.87685 0.47596
vn -0.02701 -0.95164 0.30603
vn 0.00954 0.67417 0.73852
vn 0.25099 -0.03160 0.96747
vn -0.02701 -0.95164 0.30603
vn 0.09351 0.71728 0.69048
vn 0.33523 0.32761 0.88334
vn 0.06780 0.87685 0.47596
vn 0.25099 -0.03160 0.96747
vn 0.01484 0.76769 0.64065
vn 0.06780 0.87685 0.47596
vn 0.66415 -0.16573 0.72900
vn 0.41887 0.35944 0.83388
vn -0.55019 0.05111 0.83348
vn 0.32831 0.81982 0.46916
vn 0.16936 -0.78405 -0.59714
vn 0.53939 0.50881 -0.67095
vn 0.95999 -0.04439 -0.27649
vn 0.48131 -0.87454 0.05930
vn -0.17237 -0.96798 0.18248
vn -0.24736 -0.16279 0.95515
vn -0.35826 -0.16316 0.91925
vn -0.37051 -0.92763 0.04710
vn 0.39501 0.12068 -0.91072
vn 0.53939 0.50881 -0.67095
vn 0.16936 -0.78405 -0.59714
vn -0.06580 -0.72918 -0.68115
vn 0.32831 0.81982 0.46916
vn 0.25159 0.91089 0.32707
vn -0.17237 -0.96798 0.18248
vn -0.37051 -0.92763 0.04710
vn -0.79677 -0.22087 -0.56247
vn -0.45221 -0.40143 0.79647
vn 0.50945 -0.76942 0.38530
vn 0.82849 0.05021 -0.55776
vn -0.79677 -0.22087 -0.56247
vn 0.82559 -0.03620 0.56310
vn -0.32904 -0.17717 0.92755
vn -0.46472 -0.88446 -0.04205
vn -0.09893 -0.58751 -0.80315
vn 0.53807 0.47852 -0.69390
vn 0.35197 0.79043 0.50134
vn -0.46472 -0.88446 -0.04205
vn -0.32025 -0.28840 0.90237
vn -0.71956 -0.65911 -0.21864
vn -0.60649 -0.78649 -0.11668
vn -0.31139 -0.23049 0.92190
vn -0.68028 -0.48525 -0.54932
vn -0.30664 -0.37080 0.87663
vn -0.09836 -0.36560 -0.92556
vn 0.66424 0.29621 -0.68632
vn 0.59594 0.45272 -0.66325
vn -0.16111 -0.47732 -0.86383
vn 0.59522 0.13805 -0.79162
vn -0.68028 -0.48525 -0.54932
vn 0.65656 0.50290 0.56216
vn 0.48228 0.70577 0.51894
vn 0.79902 0.27850 0.53293
vn -0.71956 -0.65911 -0.21864
vn -0.60649 -0.78649 -0.11668
vn 0.49456 0.84810 0.19010
vn 0.85254 0.01874 0.52232
vn -0.24545 0.96208 -0.11898
vn -0.16711 0.95620 0.24031
vn -0.31288 0.16944 0.93456
vn -0.76959 -0.31851 0.55342
vn 0.85254 0.01874 0.52232
vn 0.39459 0.41193 0.82135
vn 0.39459 0.41193 0.82135
vn 0.51064 -0.43273 -0.74296
vn 0.97580 0.01047 -0.21842
vn 0.55281 0.16483 -0.81684
vn -0.00931 0.17103 -0.98522
vn -0.61335 -0.12666 -0.77959
vn -0.79240 0.30685 -0.52721
vn -0.27198 -0.93551 -0.22550
vn -0.61335 -0.12666 -0.77959
vn -0.95302 0.06300 0.29630
vn -0.59807 -0.60035 0.53093
vn -0.27198 -0.93551 -0.22550
vn 0.05056 -0.82404 0.56428
vn 0.67916 -0.68749 0.25710
vn 0.51064 -0.43273 -0.74296
vn 0.15316 0.68722 0.71012
vn 0.31087 0.94479 0.10365
vn 0.68849 0.37081 0.62328
vn -0.40628 0.76408 0.50112
vn 0.02998 0.26425 0.96399
vn -0.32817 0.68253 0.65303
vn -0.07733 -0.65136 0.75482
vn -0.18042 -0.54847 0.81647
vn 0.26637 0.96228 -0.05539
vn 0.74662 0.15223 0.64760
vn 0.49077 0.84229 0.22291
vn -0.11561 0.95458 -0.27463
vn -0.02455 -0.95111 0.30789
vn 0.04958 -0.96313 0.26441
vn 0.04928 -0.96439 0.25985
vn 0.00709 0.98607 0.16621
vn -0.18042 -0.54847 0.81647
vn -0.32817 0.68253 0.65303
vn -0.03766 0.92846 -0.36952
vn -0.06914 -0.93391 0.35076
vn -0.09849 -0.93191 0.34905
vn -0.01829 -0.94989 0.31204
vn -0.93288 0.13261 0.33488
vn -0.78791 0.48040 -0.38525
vn -0.34712 0.24304 -0.90578
vn 0.36317 -0.47851 -0.79946
vn 0.47234 -0.81737 -0.32985
vn -0.04764 -0.72233 0.68991
vn 0.36317 -0.47851 -0.79946
vn 0.47234 -0.81737 -0.32985
vn -0.13268 -0.58795 0.79794
vn 0.37569 -0.57577 -0.72618
vn -0.35490 -0.89075 -0.28392
vn -0.11351 -0.78546 0.60842
vn 0.37569 -0.57577 -0.72618
vn 0.31130 -0.23986 -0.91954
vn -0.69511 0.68403 -0.22119
vn -0.76549 0.60335 -0.22361
vn 0.45511 -0.81890 -0.34969
vn -0.01071 -0.62219 0.78279
vn 0.31130 -0.23986 -0.91954
vn 0.45511 -0.81890 -0.34969
vn -0.03677 -0.68347 0.72905
vn 0.30656 -0.56909 -0.76299
vn -0.30611 -0.93271 -0.19065
vn -0.09649 -0.82082 0.56298
vn 0.30656 -0.56909 -0.76299
vn 0.43073 -0.11077 -0.89566
vn -0.86687 0.35089 -0.35413
vn -0.84204 0.43335 -0.32121
vn 0.51669 -0.68293 -0.51637
vn -0.14536 -0.74317 0.65312
vn 0.43073 -0.11077 -0.89566
vn 0.51669 -0.68293 -0.51637
vn -0.18933 -0.74928 0.63462
vn -0.22761 -0.95544 -0.18797
vn 0.32628 -0.13107 -0.93614
vn -0.66811 0.71051 -0.22091
vn -0.60070 0.78092 -0.17125
vn 0.31836 -0.66942 -0.67121
vn -0.17173 -0.68466 0.70834
vn 0.32628 -0.13107 -0.93614
vn 0.31836 -0.66942 -0.67121
vn -0.28098 -0.69380 0.66309
vn -0.49051 -0.72163 -0.48852
vn 0.48131 -0.87454 0.05930
vn 0.43990 -0.83613 0.32768
vn -0.00370 -0.75188 0.65929
vn -0.12058 -0.90223 0.41405
vn -0.45660 -0.66663 0.58917
vn -0.02701 -0.95164 0.30603
vn 0.00709 0.98607 0.16621
vn 0.29943 0.94711 0.11540
vn 0.51064 -0.43273 -0.74296
vn -0.61335 -0.12666 -0.77959
vn -0.61335 -0.12666 -0.77959
vn -0.27198 -0.93551 -0.22550
vn -0.27198 -0.93551 -0.22550
vn 0.51064 -0.43273 -0.74296
vn -0.18042 -0.54847 0.81647
vn -0.37046 0.80134 -0.46969
vn -0.07733 -0.65136 0.75482
vn -0.38280 0.81150 -0.44152
vn 0.18287 0.73795 0.64961
f 1/1/1 8/8/8 10/10/10
f 10/10/10 4/4/4 1/1/1
f 8/8/8 1/1/1 3/3/3
f 4/4/4 2/2/2 1/1/1
f 1/1/1 2/2/2 3/3/3
f 3/3/3 9/9/9 8/8/8
f 541/541/541 542/542/542 10/10/10
f 11/11/11 12/12/12 5/5/5
f 5/5/5 7/7/7 11/11/11
f 5/5/5 6/6/6 7/7/7
f 548/548/548 551/551/551 557/557/557
f 557/557/557 555/555/555 548/548/548
f 549/549/549 548/548/548 555/555/555
f 551/551/551 548/548/548 550/550/550
f 548/548/548 549/549/549 550/550/550
f 555/555/555 556/556/556 549/549/549
f 1048/1048/1048 557/557/557 1049/1049/1049
f 467/467/467 460/460/460 457/457/457
f 457/457/457 464/464/464 466/466/466
f 466/466/466 467/467/467 457/457/457
f 464/464/464 457/457/457 459/459/459
f 460/460/460 458/458/458 457/457/457
f 457/457/457 458/458/458 459/459/459
f 459/459/459 465/465/465 464/464/464
f 987/987/987 977/977/977 980/980/980
f 977/977/977 987/987/987 986/986/986
f 986/986/986 984/984/984 977/977/977
f 978/978/978 977/977/977 984/984/984
f 980/980/980 977/977/977 979/979/979
f 977/977/977 978/978/978 979/979/979
f 984/984/984 985/985/985 978/978/978
f 569/569/569 560/560/560 563/563/563
f 560/560/560 569/569/569 568/568/568
f 568/568/568 567/567/567 560/560/560
f 567/567/567 561/561/561 560/560/560
f 563/563/563 560/560/560 562/562/562
f 560/560/560 561/561/561 562/562/562
f 1050/1050/1050 568/568/568 1051/1051/1051
f 22/22/22 16/16/16 13/13/13
f 13/13/13 20/20/20 21/21/21
f 21/21/21 22/22/22 13/13/13
f 20/20/20 13/13/13 15/15/15
f 16/16/16 14/14/14 13/13/13
f 13/13/13 14/14/14 15/15/15
f 543/543/543 544/544/544 21/21/21
f 1027/1027/1027 1028/1028/1028 1025/1025/1025
f 1025/1025/1025 1026/1026/1026 1027/1027/1027
f 1027/1027/1027 1032/1032/1032 1033/1033/1033
f 1028/1028/1028 1027/1027/1027 1033/1033/1033
f 1027/1027/1027 1026/1026/1026 1029/1029/1029
f 1029/1029/1029 1032/1032/1032 1027/1027/1027
f 1032/1032/1032 1031/1031/1031 1033/1033/1033
f 1031/1031/1031 1032/1032/1032 1029/1029/1029
f 1029/1029/1029 1030/1030/1030 1031/1031/1031
f 507/507/507 508/508/508 505/505/505
f 505/505/505 506/506/506 507/507/507
f 507/507/507 513/513/513 510/510/510
f 506/506/506 513/513/513 507/507/507
f 507/507/507 510/510/510 509/509/509
f 509/509/509 508/508/508 507/507/507
f 510/510/510 513/513/513 511/511/511
f 509/509/509 510/510/510 511/511/511
f 511/511/511 512/512/512 509/509/509
f 749/749/749 897/897/897 690/690/690
f 690/690/690 693/693/693 749/749/749
f 692/692/692 693/693/693 690/690/690
f 690/690/690 691/691/691 692/692/692
f 748/748/748 749/749/749 693/693/693
f 748/748/748 693/693/693 692/692/692
f 220/220/220 162/162/162 161/161/161
f 161/161/161 372/372/372 220/220/220
f 163/163/163 164/164/164 161/161/161
f 161/161/161 162/162/162 163/163/163
f 219/219/219 162/162/162 220/220/220
f 219/219/219 163/163/163 162/162/162
f 476/476/476 471/471/471 473/473/473
f 471/471/471 472/472/472 473/473/473
f 473/473/473 477/477/477 476/476/476
f 478/478/478 479/479/479 476/476/476
f 476/476/476 477/477/477 478/478/478
f 473/473/473 482/482/482 477/477/477
f 475/475/475 480/480/480 473/473/473
f 473/473/473 481/481/481 482/482/482
f 480/480/480 481/481/481 473/473/473
f 473/473/473 472/472/472 474/474/474
f 474/474/474 475/475/475 473/473/473
f 478/478/478 477/477/477 482/482/482
f 482/482/482 483/483/483 478/478/478
f 482/482/482 481/481/481 483/483/483
f 992/992/992 991/991/991 996/996/996
f 991/991/991 992/992/992 993/993/993
f 992/992/992 999/999/999 1002/1002/1002
f 995/995/995 992/992/992 1000/1000/1000
f 992/992/992 1002/1002/1002 1001/1001/1001
f 1000/1000/1000 992/992/992 1001/1001/1001
f 996/996/996 999/999/999 992/992/992
f 992/992/992 995/995/995 994/994/994
f 994/994/994 993/993/993 992/992/992
f 998/998/998 999/999/999 996/996/996
f 996/996/996 997/997/997 998/998/998
f 1002/1002/1002 999/999/999 998/998/998
f 998/998/998 1003/1003/1003 1002/1002/1002
f 1002/1002/1002 1003/1003/1003 1001/1001/1001
f 633/633/633 634/634/634 631/631/631
f 631/631/631 632/632/632 633/633/633
f 853/853/853 876/876/876 633/633/633
f 633/633/633 735/735/735 853/853/853
f 634/634/634 633/633/633 876/876/876
f 734/734/734 735/735/735 633/633/633
f 633/633/633 632/632/632 734/734/734
f 851/851/851 853/853/853 735/735/735
f 735/735/735 847/847/847 851/851/851
f 735/735/735 734/734/734 846/846/846
f 846/846/846 847/847/847 735/735/735
f 847/847/847 850/850/850 851/851/851
f 850/850/850 847/847/847 846/846/846
f 103/103/103 104/104/104 101/101/101
f 101/101/101 102/102/102 103/103/103
f 324/324/324 205/205/205 103/103/103
f 103/103/103 349/349/349 324/324/324
f 102/102/102 349/349/349 103/103/103
f 206/206/206 104/104/104 103/103/103
f 103/103/103 205/205/205 206/206/206
f 205/205/205 324/324/324 321/321/321
f 321/321/321 318/318/318 205/205/205
f 205/205/205 318/318/318 317/317/317
f 317/317/317 206/206/206 205/205/205
f 318/318/318 321/321/321 322/322/322
f 322/322/322 317/317/317 318/318/318
f 811/811/811 682/682/682 685/685/685
f 684/684/684 685/685/685 682/682/682
f 682/682/682 683/683/683 684/684/684
f 685/685/685 747/747/747 811/811/811
f 811/811/811 747/747/747 805/805/805
f 805/805/805 809/809/809 811/811/811
f 895/895/895 745/745/745 685/685/685
f 685/685/685 684/684/684 895/895/895
f 746/746/746 747/747/747 685/685/685
f 685/685/685 745/745/745 746/746/746
f 747/747/747 746/746/746 803/803/803
f 803/803/803 805/805/805 747/747/747
f 808/808/808 805/805/805 804/804/804
f 805/805/805 808/808/808 809/809/809
f 803/803/803 804/804/804 805/805/805
f 154/154/154 153/153/153 282/282/282
f 155/155/155 156/156/156 153/153/153
f 153/153/153 154/154/154 155/155/155
f 282/282/282 216/216/216 154/154/154
f 368/368/368 155/155/155 154/154/154
f 154/154/154 218/218/218 368/368/368
f 217/217/217 218/218/218 154/154/154
f 154/154/154 216/216/216 217/217/217
f 282/282/282 279/279/279 275/275/275
f 275/275/275 216/216/216 282/282/282
f 216/216/216 275/275/275 274/274/274
f 274/274/274 217/217/217 216/216/216
f 280/280/280 276/276/276 275/275/275
f 275/275/275 279/279/279 280/280/280
f 274/274/274 275/275/275 276/276/276
f 158/158/158 157/157/157 270/270/270
f 159/159/159 160/160/160 157/157/157
f 157/157/157 158/158/158 159/159/159
f 270/270/270 190/190/190 158/158/158
f 369/369/369 159/159/159 158/158/158
f 158/158/158 192/192/192 369/369/369
f 191/191/191 192/192/192 158/158/158
f 158/158/158 190/190/190 191/191/191
f 263/263/263 190/190/190 270/270/270
f 270/270/270 267/267/267 263/263/263
f 190/190/190 263/263/263 262/262/262
f 262/262/262 191/191/191 190/190/190
f 268/268/268 264/264/264 263/263/263
f 263/263/263 267/267/267 268/268/268
f 262/262/262 263/263/263 264/264/264
f 799/799/799 686/686/686 689/689/689
f 688/688/688 689/689/689 686/686/686
f 686/686/686 687/687/687 688/688/688
f 689/689/689 721/721/721 799/799/799
f 793/793/793 797/797/797 799/799/799
f 799/799/799 721/721/721 793/793/793
f 896/896/896 719/719/719 689/689/689
f 689/689/689 688/688/688 896/896/896
f 720/720/720 721/721/721 689/689/689
f 689/689/689 719/719/719 720/720/720
f 721/721/721 720/720/720 791/791/791
f 791/791/791 793/793/793 721/721/721
f 796/796/796 793/793/793 792/792/792
f 793/793/793 796/796/796 797/797/797
f 791/791/791 792/792/792 793/793/793
f 981/981/981 990/990/990 982/982/982
f 989/989/989 990/990/990 981/981/981
f 981/981/981 988/988/988 989/989/989
f 981/981/981 982/982/982 983/983/983
f 461/461/461 463/463/463 468/468/468
f 469/469/469 470/470/470 461/461/461
f 461/461/461 468/468/468 469/469/469
f 461/461/461 462/462/462 463/463/463
f 178/178/178 177/177/177 374/374/374
f 179/179/179 180/180/180 177/177/177
f 177/177/177 178/178/178 179/179/179
f 374/374/374 328/328/328 178/178/178
f 178/178/178 328/328/328 327/327/327
f 179/179/179 178/178/178 327/327/327
f 899/899/899 706/706/706 709/709/709
f 708/708/708 709/709/709 706/706/706
f 706/706/706 707/707/707 708/708/708
f 709/709/709 857/857/857 899/899/899
f 709/709/709 856/856/856 857/857/857
f 708/708/708 856/856/856 709/709/709
f 210/210/210 149/149/149 152/152/152
f 151/151/151 152/152/152 149/149/149
f 149/149/149 150/150/150 151/151/151
f 250/250/250 210/210/210 209/209/209
f 152/152/152 209/209/209 210/210/210
f 258/258/258 209/209/209 152/152/152
f 152/152/152 367/367/367 258/258/258
f 152/152/152 151/151/151 366/366/366
f 366/366/366 367/367/367 152/152/152
f 251/251/251 209/209/209 258/258/258
f 209/209/209 251/251/251 250/250/250
f 250/250/250 251/251/251 252/252/252
f 256/256/256 252/252/252 251/251/251
f 258/258/258 255/255/255 251/251/251
f 251/251/251 255/255/255 256/256/256
f 679/679/679 678/678/678 738/738/738
f 680/680/680 681/681/681 678/678/678
f 678/678/678 679/679/679 680/680/680
f 787/787/787 894/894/894 679/679/679
f 679/679/679 739/739/739 787/787/787
f 679/679/679 894/894/894 893/893/893
f 893/893/893 680/680/680 679/679/679
f 738/738/738 739/739/739 679/679/679
f 739/739/739 738/738/738 779/779/779
f 787/787/787 739/739/739 781/781/781
f 779/779/779 781/781/781 739/739/739
f 781/781/781 785/785/785 787/787/787
f 784/784/784 781/781/781 780/780/780
f 781/781/781 784/784/784 785/785/785
f 779/779/779 780/780/780 781/781/781
f 763/763/763 870/870/870 724/724/724
f 724/724/724 727/727/727 763/763/763
f 724/724/724 870/870/870 871/871/871
f 726/726/726 727/727/727 724/724/724
f 724/724/724 725/725/725 726/726/726
f 763/763/763 727/727/727 757/757/757
f 757/757/757 761/761/761 763/763/763
f 727/727/727 726/726/726 755/755/755
f 755/755/755 757/757/757 727/727/727
f 760/760/760 757/757/757 756/756/756
f 757/757/757 760/760/760 761/761/761
f 755/755/755 756/756/756 757/757/757
f 234/234/234 196/196/196 195/195/195
f 195/195/195 344/344/344 234/234/234
f 195/195/195 343/343/343 344/344/344
f 197/197/197 198/198/198 195/195/195
f 195/195/195 196/196/196 197/197/197
f 234/234/234 231/231/231 227/227/227
f 227/227/227 196/196/196 234/234/234
f 196/196/196 227/227/227 226/226/226
f 226/226/226 197/197/197 196/196/196
f 232/232/232 228/228/228 227/227/227
f 227/227/227 231/231/231 232/232/232
f 226/226/226 227/227/227 228/228/228
f 625/625/625 626/626/626 623/623/623
f 623/623/623 624/624/624 625/625/625
f 823/823/823 872/872/872 625/625/625
f 625/625/625 701/701/701 823/823/823
f 626/626/626 625/625/625 872/872/872
f 700/700/700 701/701/701 625/625/625
f 625/625/625 624/624/624 700/700/700
f 872/872/872 873/873/873 626/626/626
f 701/701/701 700/700/700 815/815/815
f 823/823/823 701/701/701 817/817/817
f 815/815/815 817/817/817 701/701/701
f 817/817/817 821/821/821 823/823/823
f 820/820/820 817/817/817 816/816/816
f 817/817/817 820/820/820 821/821/821
f 815/815/815 816/816/816 817/817/817
f 95/95/95 96/96/96 93/93/93
f 93/93/93 94/94/94 95/95/95
f 294/294/294 171/171/171 95/95/95
f 95/95/95 346/346/346 294/294/294
f 346/346/346 95/95/95 94/94/94
f 172/172/172 96/96/96 95/95/95
f 95/95/95 171/171/171 172/172/172
f 94/94/94 345/345/345 346/346/346
f 286/286/286 172/172/172 171/171/171
f 287/287/287 171/171/171 294/294/294
f 171/171/171 287/287/287 286/286/286
f 294/294/294 291/291/291 287/287/287
f 292/292/292 288/288/288 287/287/287
f 287/287/287 291/291/291 292/292/292
f 286/286/286 287/287/287 288/288/288
f 99/99/99 100/100/100 97/97/97
f 97/97/97 98/98/98 99/99/99
f 304/304/304 201/201/201 99/99/99
f 99/99/99 348/348/348 304/304/304
f 348/348/348 99/99/99 98/98/98
f 202/202/202 100/100/100 99/99/99
f 99/99/99 201/201/201 202/202/202
f 98/98/98 347/347/347 348/348/348
f 297/297/297 202/202/202 201/201/201
f 298/298/298 201/201/201 304/304/304
f 201/201/201 298/298/298 297/297/297
f 304/304/304 301/301/301 298/298/298
f 302/302/302 297/297/297 298/298/298
f 298/298/298 301/301/301 302/302/302
f 629/629/629 630/630/630 627/627/627
f 627/627/627 628/628/628 629/629/629
f 833/833/833 874/874/874 629/629/629
f 629/629/629 731/731/731 833/833/833
f 630/630/630 629/629/629 874/874/874
f 730/730/730 731/731/731 629/629/629
f 629/629/629 628/628/628 730/730/730
f 874/874/874 875/875/875 630/630/630
f 731/731/731 730/730/730 826/826/826
f 833/833/833 731/731/731 827/827/827
f 826/826/826 827/827/827 731/731/731
f 827/827/827 831/831/831 833/833/833
f 830/830/830 827/827/827 826/826/826
f 827/827/827 830/830/830 831/831/831
f 559/559/559 553/553/553 552/552/552
f 552/552/552 558/558/558 559/559/559
f 552/552/552 553/553/553 554/554/554
f 186/186/186 145/145/145 148/148/148
f 147/147/147 148/148/148 145/145/145
f 145/145/145 146/146/146 147/147/147
f 238/238/238 186/186/186 185/185/185
f 148/148/148 185/185/185 186/186/186
f 246/246/246 185/185/185 148/148/148
f 148/148/148 365/365/365 246/246/246
f 148/148/148 147/147/147 364/364/364
f 364/364/364 365/365/365 148/148/148
f 239/239/239 185/185/185 246/246/246
f 185/185/185 239/239/239 238/238/238
f 238/238/238 239/239/239 240/240/240
f 244/244/244 240/240/240 239/239/239
f 246/246/246 243/243/243 239/239/239
f 239/239/239 243/243/243 244/244/244
f 675/675/675 674/674/674 714/714/714
f 676/676/676 677/677/677 674/674/674
f 674/674/674 675/675/675 676/676/676
f 775/775/775 892/892/892 675/675/675
f 675/675/675 715/715/715 775/775/775
f 675/675/675 892/892/892 891/891/891
f 891/891/891 676/676/676 675/675/675
f 714/714/714 715/715/715 675/675/675
f 715/715/715 714/714/714 767/767/767
f 775/775/775 715/715/715 769/769/769
f 767/767/767 769/769/769 715/715/715
f 769/769/769 773/773/773 775/775/775
f 772/772/772 769/769/769 768/768/768
f 769/769/769 772/772/772 773/773/773
f 767/767/767 768/768/768 769/769/769
f 643/643/643 644/644/644 641/641/641
f 641/641/641 642/642/642 643/643/643
f 843/843/843 879/879/879 643/643/643
f 643/643/643 703/703/703 843/843/843
f 644/644/644 643/643/643 879/879/879
f 702/702/702 703/703/703 643/643/643
f 643/643/643 642/642/642 702/702/702
f 879/879/879 880/880/880 644/644/644
f 703/703/703 702/702/702 836/836/836
f 841/841/841 843/843/843 703/703/703
f 703/703/703 837/837/837 841/841/841
f 836/836/836 837/837/837 703/703/703
f 840/840/840 837/837/837 836/836/836
f 837/837/837 840/840/840 841/841/841
f 113/113/113 114/114/114 111/111/111
f 111/111/111 112/112/112 113/113/113
f 314/314/314 173/173/173 113/113/113
f 113/113/113 353/353/353 314/314/314
f 353/353/353 113/113/113 112/112/112
f 174/174/174 114/114/114 113/113/113
f 113/113/113 173/173/173 174/174/174
f 112/112/112 352/352/352 353/353/353
f 307/307/307 174/174/174 173/173/173
f 311/311/311 308/308/308 173/173/173
f 173/173/173 314/314/314 311/311/311
f 173/173/173 308/308/308 307/307/307
f 312/312/312 307/307/307 308/308/308
f 308/308/308 311/311/311 312/312/312
f 85/85/85 84/84/84 337/337/337
f 84/84/84 85/85/85 86/86/86
f 313/313/313 175/175/175 85/85/85
f 85/85/85 338/338/338 313/313/313
f 337/337/337 338/338/338 85/85/85
f 176/176/176 86/86/86 85/85/85
f 85/85/85 175/175/175 176/176/176
f 175/175/175 313/313/313 309/309/309
f 309/309/309 305/305/305 175/175/175
f 176/176/176 175/175/175 305/305/305
f 305/305/305 306/306/306 176/176/176
f 310/310/310 306/306/306 305/305/305
f 309/309/309 310/310/310 305/305/305
f 864/864/864 614/614/614 616/616/616
f 614/614/614 615/615/615 616/616/616
f 616/616/616 865/865/865 864/864/864
f 842/842/842 865/865/865 616/616/616
f 616/616/616 705/705/705 842/842/842
f 704/704/704 705/705/705 616/616/616
f 616/616/616 615/615/615 704/704/704
f 838/838/838 842/842/842 705/705/705
f 705/705/705 834/834/834 838/838/838
f 834/834/834 705/705/705 704/704/704
f 704/704/704 835/835/835 834/834/834
f 839/839/839 834/834/834 835/835/835
f 838/838/838 834/834/834 839/839/839
f 194/194/194 136/136/136 138/138/138
f 136/136/136 137/137/137 138/138/138
f 194/194/194 193/193/193 260/260/260
f 260/260/260 265/265/265 194/194/194
f 138/138/138 193/193/193 194/194/194
f 269/269/269 193/193/193 138/138/138
f 138/138/138 362/362/362 269/269/269
f 137/137/137 362/362/362 138/138/138
f 261/261/261 260/260/260 193/193/193
f 193/193/193 269/269/269 261/261/261
f 266/266/266 265/265/265 260/260/260
f 259/259/259 266/266/266 260/260/260
f 259/259/259 260/260/260 261/261/261
f 666/666/666 665/665/665 722/722/722
f 665/665/665 666/666/666 667/667/667
f 798/798/798 889/889/889 666/666/666
f 666/666/666 723/723/723 798/798/798
f 667/667/667 666/666/666 889/889/889
f 722/722/722 723/723/723 666/666/666
f 722/722/722 794/794/794 790/790/790
f 790/790/790 723/723/723 722/722/722
f 789/789/789 798/798/798 723/723/723
f 723/723/723 790/790/790 789/789/789
f 795/795/795 790/790/790 794/794/794
f 788/788/788 790/790/790 795/795/795
f 788/788/788 789/789/789 790/790/790
f 564/564/564 572/572/572 565/565/565
f 571/571/571 572/572/572 564/564/564
f 564/564/564 570/570/570 571/571/571
f 564/564/564 565/565/565 566/566/566
f 17/17/17 19/19/19 23/23/23
f 24/24/24 25/25/25 17/17/17
f 17/17/17 23/23/23 24/24/24
f 17/17/17 18/18/18 19/19/19
f 88/88/88 87/87/87 339/339/339
f 87/87/87 88/88/88 89/89/89
f 293/293/293 169/169/169 88/88/88
f 88/88/88 340/340/340 293/293/293
f 339/339/339 340/340/340 88/88/88
f 170/170/170 89/89/89 88/88/88
f 88/88/88 169/169/169 170/170/170
f 169/169/169 293/293/293 285/285/285
f 285/285/285 284/284/284 169/169/169
f 170/170/170 169/169/169 284/284/284
f 284/284/284 289/289/289 170/170/170
f 290/290/290 289/289/289 284/284/284
f 283/283/283 290/290/290 284/284/284
f 283/283/283 284/284/284 285/285/285
f 866/866/866 617/617/617 619/619/619
f 617/617/617 618/618/618 619/619/619
f 619/619/619 867/867/867 866/866/866
f 822/822/822 867/867/867 619/619/619
f 619/619/619 699/699/699 822/822/822
f 698/698/698 699/699/699 619/619/619
f 619/619/619 618/618/618 698/698/698
f 813/813/813 822/822/822 699/699/699
f 699/699/699 814/814/814 813/813/813
f 814/814/814 699/699/699 698/698/698
f 698/698/698 818/818/818 814/814/814
f 819/819/819 814/814/814 818/818/818
f 812/812/812 814/814/814 819/819/819
f 812/812/812 813/813/813 814/814/814
f 1018/1018/1018 1019/1019/1019 1016/1016/1016
f 1016/1016/1016 1017/1017/1017 1018/1018/1018
f 1018/1018/1018 1023/1023/1023 1024/1024/1024
f 1019/1019/1019 1018/1018/1018 1024/1024/1024
f 1018/1018/1018 1017/1017/1017 1020/1020/1020
f 1020/1020/1020 1023/1023/1023 1018/1018/1018
f 1023/1023/1023 1022/1022/1022 1024/1024/1024
f 1022/1022/1022 1023/1023/1023 1020/1020/1020
f 1020/1020/1020 1021/1021/1021 1022/1022/1022
f 498/498/498 499/499/499 496/496/496
f 496/496/496 497/497/497 498/498/498
f 498/498/498 504/504/504 501/501/501
f 497/497/497 504/504/504 498/498/498
f 498/498/498 501/501/501 500/500/500
f 500/500/500 499/499/499 498/498/498
f 501/501/501 504/504/504 502/502/502
f 500/500/500 501/501/501 502/502/502
f 502/502/502 503/503/503 500/500/500
f 527/527/527 30/30/30 35/35/35
f 30/30/30 455/455/455 31/31/31
f 30/30/30 33/33/33 34/34/34
f 34/34/34 35/35/35 30/30/30
f 32/32/32 33/33/33 30/30/30
f 30/30/30 31/31/31 32/32/32
f 525/525/525 527/527/527 35/35/35
f 35/35/35 526/526/526 525/525/525
f 452/452/452 525/525/525 526/526/526
f 1040/1040/1040 526/526/526 35/35/35
f 35/35/35 1041/1041/1041 1040/1040/1040
f 1041/1041/1041 35/35/35 575/575/575
f 575/575/575 35/35/35 34/34/34
f 576/576/576 34/34/34 333/333/333
f 34/34/34 576/576/576 575/575/575
f 333/333/333 34/34/34 33/33/33
f 575/575/575 31/31/31 975/975/975
f 32/32/32 31/31/31 575/575/575
f 575/575/575 576/576/576 32/32/32
f 646/646/646 881/881/881 576/576/576
f 333/333/333 646/646/646 576/576/576
f 116/116/116 32/32/32 576/576/576
f 576/576/576 645/645/645 116/116/116
f 646/646/646 333/333/333 332/332/332
f 33/33/33 117/117/117 333/333/333
f 332/332/332 333/333/333 117/117/117
f 647/647/647 646/646/646 611/611/611
f 332/332/332 611/611/611 646/646/646
f 646/646/646 647/647/647 648/648/648
f 611/611/611 613/613/613 647/647/647
f 612/612/612 611/611/611 635/635/635
f 611/611/611 332/332/332 860/860/860
f 860/860/860 635/635/635 611/611/611
f 611/611/611 612/612/612 613/613/613
f 635/635/635 637/637/637 612/612/612
f 636/636/636 635/635/635 608/608/608
f 635/635/635 860/860/860 859/859/859
f 859/859/859 608/608/608 635/635/635
f 635/635/635 636/636/636 637/637/637
f 332/332/332 530/530/530 860/860/860
f 859/859/859 860/860/860 530/530/530
f 652/652/652 859/859/859 531/531/531
f 530/530/530 531/531/531 859/859/859
f 608/608/608 859/859/859 652/652/652
f 608/608/608 610/610/610 636/636/636
f 609/609/609 608/608/608 605/605/605
f 652/652/652 605/605/605 608/608/608
f 608/608/608 609/609/609 610/610/610
f 652/652/652 654/654/654 605/605/605
f 653/653/653 652/652/652 532/532/532
f 531/531/531 532/532/532 652/652/652
f 652/652/652 653/653/653 654/654/654
f 123/123/123 532/532/532 531/531/531
f 531/531/531 330/330/330 123/123/123
f 330/330/330 531/531/531 530/530/530
f 532/532/532 533/533/533 653/653/653
f 125/125/125 533/533/533 532/532/532
f 532/532/532 123/123/123 125/125/125
f 123/123/123 75/75/75 124/124/124
f 78/78/78 75/75/75 123/123/123
f 123/123/123 330/330/330 78/78/78
f 123/123/123 124/124/124 125/125/125
f 530/530/530 331/331/331 330/330/330
f 105/105/105 78/78/78 330/330/330
f 330/330/330 331/331/331 105/105/105
f 107/107/107 79/79/79 78/78/78
f 78/78/78 105/105/105 107/107/107
f 75/75/75 78/78/78 80/80/80
f 78/78/78 79/79/79 80/80/80
f 80/80/80 76/76/76 75/75/75
f 124/124/124 75/75/75 77/77/77
f 75/75/75 76/76/76 77/77/77
f 77/77/77 130/130/130 124/124/124
f 130/130/130 131/131/131 124/124/124
f 126/126/126 124/124/124 131/131/131
f 131/131/131 132/132/132 126/126/126
f 547/547/547 357/357/357 126/126/126
f 126/126/126 359/359/359 547/547/547
f 125/125/125 126/126/126 357/357/357
f 132/132/132 359/359/359 126/126/126
f 124/124/124 126/126/126 125/125/125
f 357/357/357 547/547/547 358/358/358
f 129/129/129 128/128/128 357/357/357
f 357/357/357 358/358/358 129/129/129
f 329/329/329 125/125/125 357/357/357
f 329/329/329 357/357/357 128/128/128
f 528/528/528 533/533/533 125/125/125
f 125/125/125 329/329/329 528/528/528
f 329/329/329 128/128/128 72/72/72
f 528/528/528 329/329/329 51/51/51
f 51/51/51 329/329/329 72/72/72
f 73/73/73 72/72/72 128/128/128
f 128/128/128 127/127/127 73/73/73
f 127/127/127 128/128/128 129/129/129
f 334/334/334 52/52/52 72/72/72
f 72/72/72 74/74/74 334/334/334
f 51/51/51 72/72/72 52/52/52
f 72/72/72 73/73/73 74/74/74
f 48/48/48 52/52/52 71/71/71
f 51/51/51 52/52/52 48/48/48
f 53/53/53 48/48/48 66/66/66
f 66/66/66 48/48/48 50/50/50
f 48/48/48 53/53/53 51/51/51
f 49/49/49 50/50/50 48/48/48
f 48/48/48 39/39/39 49/49/49
f 540/540/540 370/370/370 53/53/53
f 53/53/53 68/68/68 540/540/540
f 51/51/51 53/53/53 370/370/370
f 66/66/66 68/68/68 53/53/53
f 50/50/50 67/67/67 66/66/66
f 50/50/50 583/583/583 598/598/598
f 598/598/598 67/67/67 50/50/50
f 583/583/583 50/50/50 49/49/49
f 49/49/49 578/578/578 583/583/583
f 583/583/583 601/601/601 586/586/586
f 598/598/598 583/583/583 585/585/585
f 583/583/583 586/586/586 584/584/584
f 584/584/584 585/585/585 583/583/583
f 585/585/585 599/599/599 598/598/598
f 540/540/540 599/599/599 585/585/585
f 585/585/585 370/370/370 540/540/540
f 370/370/370 585/585/585 584/584/584
f 584/584/584 858/858/858 528/528/528
f 528/528/528 529/529/529 584/584/584
f 584/584/584 371/371/371 370/370/370
f 584/584/584 586/586/586 602/602/602
f 215/215/215 133/133/133 135/135/135
f 133/133/133 134/134/134 135/135/135
f 215/215/215 214/214/214 272/272/272
f 272/272/272 277/277/277 215/215/215
f 135/135/135 214/214/214 215/215/215
f 135/135/135 134/134/134 360/360/360
f 281/281/281 214/214/214 135/135/135
f 135/135/135 361/361/361 281/281/281
f 360/360/360 361/361/361 135/135/135
f 273/273/273 272/272/272 214/214/214
f 214/214/214 281/281/281 273/273/273
f 278/278/278 277/277/277 272/272/272
f 271/271/271 278/278/278 272/272/272
f 271/271/271 272/272/272 273/273/273
f 663/663/663 662/662/662 743/743/743
f 662/662/662 663/663/663 664/664/664
f 663/663/663 887/887/887 664/664/664
f 810/810/810 888/888/888 663/663/663
f 663/663/663 744/744/744 810/810/810
f 887/887/887 663/663/663 888/888/888
f 743/743/743 744/744/744 663/663/663
f 743/743/743 806/806/806 802/802/802
f 802/802/802 744/744/744 743/743/743
f 801/801/801 810/810/810 744/744/744
f 744/744/744 802/802/802 801/801/801
f 807/807/807 802/802/802 806/806/806
f 800/800/800 802/802/802 807/807/807
f 800/800/800 801/801/801 802/802/802
f 877/877/877 638/638/638 640/640/640
f 638/638/638 639/639/639 640/640/640
f 640/640/640 878/878/878 877/877/877
f 832/832/832 878/878/878 640/640/640
f 640/640/640 733/733/733 832/832/832
f 732/732/732 733/733/733 640/640/640
f 640/640/640 639/639/639 732/732/732
f 828/828/828 832/832/832 733/733/733
f 733/733/733 824/824/824 828/828/828
f 824/824/824 733/733/733 732/732/732
f 732/732/732 825/825/825 824/824/824
f 829/829/829 824/824/824 825/825/825
f 828/828/828 824/824/824 829/829/829
f 109/109/109 108/108/108 350/350/350
f 108/108/108 109/109/109 110/110/110
f 303/303/303 203/203/203 109/109/109
f 109/109/109 351/351/351 303/303/303
f 350/350/350 351/351/351 109/109/109
f 204/204/204 110/110/110 109/109/109
f 109/109/109 203/203/203 204/204/204
f 203/203/203 303/303/303 299/299/299
f 299/299/299 295/295/295 203/203/203
f 204/204/204 203/203/203 295/295/295
f 295/295/295 296/296/296 204/204/204
f 300/300/300 296/296/296 295/295/295
f 299/299/299 300/300/300 295/295/295
f 141/141/141 189/189/189 139/139/139
f 139/139/139 140/140/140 141/141/141
f 245/245/245 187/187/187 141/141/141
f 141/141/141 140/140/140 245/245/245
f 188/188/188 189/189/189 141/141/141
f 141/141/141 187/187/187 188/188/188
f 187/187/187 245/245/245 237/237/237
f 237/237/237 236/236/236 187/187/187
f 188/188/188 187/187/187 236/236/236
f 236/236/236 241/241/241 188/188/188
f 242/242/242 241/241/241 236/236/236
f 235/235/235 242/242/242 236/236/236
f 235/235/235 236/236/236 237/237/237
f 669/669/669 668/668/668 716/716/716
f 668/668/668 669/669/669 670/670/670
f 774/774/774 670/670/670 669/669/669
f 669/669/669 718/718/718 774/774/774
f 717/717/717 718/718/718 669/669/669
f 669/669/669 716/716/716 717/717/717
f 765/765/765 774/774/774 718/718/718
f 718/718/718 766/766/766 765/765/765
f 766/766/766 718/718/718 717/717/717
f 717/717/717 770/770/770 766/766/766
f 771/771/771 766/766/766 770/770/770
f 764/764/764 766/766/766 771/771/771
f 764/764/764 765/765/765 766/766/766
f 183/183/183 184/184/184 181/181/181
f 181/181/181 182/182/182 183/183/183
f 325/325/325 184/184/184 183/183/183
f 326/326/326 183/183/183 182/182/182
f 325/325/325 183/183/183 326/326/326
f 182/182/182 336/336/336 326/326/326
f 182/182/182 335/335/335 336/336/336
f 712/712/712 713/713/713 710/710/710
f 710/710/710 711/711/711 712/712/712
f 854/854/854 712/712/712 711/711/711
f 713/713/713 712/712/712 855/855/855
f 854/854/854 855/855/855 712/712/712
f 855/855/855 862/862/862 713/713/713
f 713/713/713 862/862/862 863/863/863
f 144/144/144 363/363/363 142/142/142
f 142/142/142 143/143/143 144/144/144
f 257/257/257 211/211/211 144/144/144
f 144/144/144 143/143/143 257/257/257
f 144/144/144 213/213/213 363/363/363
f 212/212/212 213/213/213 144/144/144
f 144/144/144 211/211/211 212/212/212
f 211/211/211 257/257/257 249/249/249
f 249/249/249 248/248/248 211/211/211
f 212/212/212 211/211/211 248/248/248
f 248/248/248 253/253/253 212/212/212
f 254/254/254 253/253/253 248/248/248
f 247/247/247 254/254/254 248/248/248
f 247/247/247 248/248/248 249/249/249
f 672/672/672 671/671/671 890/890/890
f 671/671/671 672/672/672 673/673/673
f 786/786/786 673/673/673 672/672/672
f 672/672/672 742/742/742 786/786/786
f 672/672/672 890/890/890 740/740/740
f 741/741/741 742/742/742 672/672/672
f 672/672/672 740/740/740 741/741/741
f 777/777/777 786/786/786 742/742/742
f 742/742/742 778/778/778 777/777/777
f 778/778/778 742/742/742 741/741/741
f 741/741/741 782/782/782 778/778/778
f 783/783/783 778/778/778 782/782/782
f 776/776/776 778/778/778 783/783/783
f 776/776/776 777/777/777 778/778/778
f 577/577/577 578/578/578 38/38/38
f 524/524/524 1039/1039/1039 577/577/577
f 577/577/577 37/37/37 524/524/524
f 38/38/38 37/37/37 577/577/577
f 38/38/38 39/39/39 36/36/36
f 36/36/36 37/37/37 38/38/38
f 524/524/524 37/37/37 36/36/36
f 36/36/36 523/523/523 524/524/524
f 524/524/524 523/523/523 70/70/70
f 600/600/600 1039/1039/1039 524/524/524
f 524/524/524 69/69/69 600/600/600
f 70/70/70 69/69/69 524/524/524
f 69/69/69 70/70/70 43/43/43
f 69/69/69 42/42/42 580/580/580
f 580/580/580 600/600/600 69/69/69
f 43/43/43 42/42/42 69/69/69
f 42/42/42 43/43/43 40/40/40
f 42/42/42 41/41/41 579/579/579
f 579/579/579 580/580/580 42/42/42
f 40/40/40 41/41/41 42/42/42
f 41/41/41 40/40/40 47/47/47
f 41/41/41 46/46/46 582/582/582
f 582/582/582 579/579/579 41/41/41
f 47/47/47 46/46/46 41/41/41
f 46/46/46 47/47/47 44/44/44
f 46/46/46 45/45/45 581/581/581
f 581/581/581 582/582/582 46/46/46
f 44/44/44 45/45/45 46/46/46
f 45/45/45 44/44/44 115/115/115
f 45/45/45 116/116/116 645/645/645
f 645/645/645 581/581/581 45/45/45
f 115/115/115 116/116/116 45/45/45
f 116/116/116 115/115/115 33/33/33
f 33/33/33 32/32/32 116/116/116
f 117/117/117 33/33/33 354/354/354
f 81/81/81 117/117/117 119/119/119
f 117/117/117 81/81/81 332/332/332
f 117/117/117 118/118/118 119/119/119
f 105/105/105 81/81/81 83/83/83
f 81/81/81 105/105/105 331/331/331
f 331/331/331 332/332/332 81/81/81
f 119/119/119 82/82/82 81/81/81
f 81/81/81 82/82/82 83/83/83
f 332/332/332 331/331/331 530/530/530
f 83/83/83 106/106/106 105/105/105
f 105/105/105 106/106/106 107/107/107
f 121/121/121 120/120/120 355/355/355
f 120/120/120 121/121/121 122/122/122
f 323/323/323 207/207/207 121/121/121
f 121/121/121 356/356/356 323/323/323
f 355/355/355 356/356/356 121/121/121
f 208/208/208 122/122/122 121/121/121
f 121/121/121 207/207/207 208/208/208
f 207/207/207 323/323/323 319/319/319
f 319/319/319 315/315/315 207/207/207
f 208/208/208 207/207/207 315/315/315
f 315/315/315 316/316/316 208/208/208
f 320/320/320 316/316/316 315/315/315
f 319/319/319 320/320/320 315/315/315
f 882/882/882 649/649/649 651/651/651
f 649/649/649 650/650/650 651/651/651
f 651/651/651 883/883/883 882/882/882
f 852/852/852 883/883/883 651/651/651
f 651/651/651 737/737/737 852/852/852
f 736/736/736 737/737/737 651/651/651
f 651/651/651 650/650/650 736/736/736
f 848/848/848 852/852/852 737/737/737
f 737/737/737 844/844/844 848/848/848
f 844/844/844 737/737/737 736/736/736
f 736/736/736 845/845/845 844/844/844
f 849/849/849 844/844/844 845/845/845
f 848/848/848 844/844/844 849/849/849
f 622/622/622 868/868/868 620/620/620
f 620/620/620 621/621/621 622/622/622
f 762/762/762 869/869/869 622/622/622
f 622/622/622 729/729/729 762/762/762
f 868/868/868 622/622/622 869/869/869
f 728/728/728 729/729/729 622/622/622
f 622/622/622 621/621/621 728/728/728
f 753/753/753 762/762/762 729/729/729
f 729/729/729 754/754/754 753/753/753
f 754/754/754 729/729/729 728/728/728
f 728/728/728 758/758/758 754/754/754
f 759/759/759 754/754/754 758/758/758
f 752/752/752 754/754/754 759/759/759
f 752/752/752 753/753/753 754/754/754
f 91/91/91 90/90/90 341/341/341
f 90/90/90 91/91/91 92/92/92
f 233/233/233 199/199/199 91/91/91
f 91/91/91 342/342/342 233/233/233
f 341/341/341 342/342/342 91/91/91
f 200/200/200 92/92/92 91/91/91
f 91/91/91 199/199/199 200/200/200
f 199/199/199 233/233/233 225/225/225
f 225/225/225 224/224/224 199/199/199
f 200/200/200 199/199/199 224/224/224
f 224/224/224 229/229/229 200/200/200
f 230/230/230 229/229/229 224/224/224
f 223/223/223 230/230/230 224/224/224
f 223/223/223 224/224/224 225/225/225
f 222/222/222 166/166/166 165/165/165
f 165/165/165 373/373/373 222/222/222
f 167/167/167 168/168/168 165/165/165
f 165/165/165 166/166/166 167/167/167
f 166/166/166 222/222/222 221/221/221
f 167/167/167 166/166/166 221/221/221
f 751/751/751 898/898/898 694/694/694
f 694/694/694 697/697/697 751/751/751
f 696/696/696 697/697/697 694/694/694
f 694/694/694 695/695/695 696/696/696
f 697/697/697 750/750/750 751/751/751
f 696/696/696 750/750/750 697/697/697
f 659/659/659 654/654/654 660/660/660
f 654/654/654 659/659/659 606/606/606
f 606/606/606 605/605/605 654/654/654
f 605/605/605 607/607/607 609/609/609
f 605/605/605 606/606/606 607/607/607
f 656/656/656 657/657/657 658/658/658
f 604/604/604 656/656/656 658/658/658
f 370/370/370 371/371/371 51/51/51
f 545/545/545 514/514/514 516/516/516
f 514/514/514 515/515/515 516/516/516
f 1035/1035/1035 1034/1034/1034 545/545/545
f 545/545/545 522/522/522 1035/1035/1035
f 516/516/516 522/522/522 545/545/545
f 521/521/521 522/522/522 516/516/516
f 521/521/521 516/516/516 518/518/518
f 518/518/518 516/516/516 515/515/515
f 515/515/515 517/517/517 518/518/518
f 521/521/521 518/518/518 520/520/520
f 520/520/520 518/518/518 517/517/517
f 521/521/521 520/520/520 1037/1037/1037
f 521/521/521 1035/1035/1035 522/522/522
f 521/521/521 1037/1037/1037 1035/1035/1035
f 1036/1036/1036 1035/1035/1035 1037/1037/1037
f 1034/1034/1034 1035/1035/1035 1036/1036/1036
f 1038/1038/1038 1037/1037/1037 520/520/520
f 1037/1037/1037 1038/1038/1038 1036/1036/1036
f 520/520/520 519/519/519 1038/1038/1038
f 517/517/517 519/519/519 520/520/520
f 584/584/584 602/602/602 858/858/858
f 602/602/602 586/586/586 861/861/861
f 858/858/858 602/602/602 658/658/658
f 658/658/658 602/602/602 604/604/604
f 861/861/861 603/603/603 602/602/602
f 602/602/602 603/603/603 604/604/604
f 528/528/528 858/858/858 653/653/653
f 858/858/858 884/884/884 653/653/653
f 858/858/858 658/658/658 884/884/884
f 653/653/653 533/533/533 528/528/528
f 51/51/51 529/529/529 528/528/528
f 653/653/653 884/884/884 655/655/655
f 654/654/654 653/653/653 655/655/655
f 884/884/884 885/885/885 1052/1052/1052
f 655/655/655 884/884/884 1052/1052/1052
f 657/657/657 885/885/885 884/884/884
f 884/884/884 658/658/658 657/657/657
f 1052/1052/1052 886/886/886 655/655/655
f 661/661/661 655/655/655 886/886/886
f 655/655/655 661/661/661 660/660/660
f 660/660/660 654/654/654 655/655/655
f 1006/1006/1006 1007/1007/1007 1004/1004/1004
f 1004/1004/1004 1005/1005/1005 1006/1006/1006
f 1006/1006/1006 1011/1011/1011 1014/1014/1014
f 1007/1007/1007 1006/1006/1006 1012/1012/1012
f 1006/1006/1006 1014/1014/1014 1013/1013/1013
f 1012/1012/1012 1006/1006/1006 1013/1013/1013
f 1006/1006/1006 1005/1005/1005 1008/1008/1008
f 1008/1008/1008 1011/1011/1011 1006/1006/1006
f 1014/1014/1014 1011/1011/1011 1010/1010/1010
f 1010/1010/1010 1011/1011/1011 1008/1008/1008
f 1010/1010/1010 1015/1015/1015 1014/1014/1014
f 1014/1014/1014 1015/1015/1015 1013/1013/1013
f 1008/1008/1008 1009/1009/1009 1010/1010/1010
f 486/486/486 487/487/487 484/484/484
f 484/484/484 485/485/485 486/486/486
f 486/486/486 494/494/494 489/489/489
f 485/485/485 492/492/492 486/486/486
f 486/486/486 493/493/493 494/494/494
f 492/492/492 493/493/493 486/486/486
f 486/486/486 489/489/489 488/488/488
f 488/488/488 487/487/487 486/486/486
f 490/490/490 489/489/489 494/494/494
f 494/494/494 495/495/495 490/490/490
f 494/494/494 493/493/493 495/495/495
f 488/488/488 489/489/489 490/490/490
f 490/490/490 491/491/491 488/488/488
f 384/384/384 385/385/385 382/382/382
f 382/382/382 383/383/383 384/384/384
f 384/384/384 400/400/400 404/404/404
f 404/404/404 390/390/390 384/384/384
f 400/400/400 384/384/384 383/383/383
f 385/385/385 384/384/384 390/390/390
f 390/390/390 391/391/391 385/385/385
f 390/390/390 404/404/404 403/403/403
f 403/403/403 386/386/386 390/390/390
f 389/389/389 391/391/391 390/390/390
f 390/390/390 386/386/386 389/389/389
f 414/414/414 403/403/403 404/404/404
f 404/404/404 419/419/419 414/414/414
f 419/419/419 404/404/404 400/400/400
f 413/413/413 402/402/402 403/403/403
f 403/403/403 414/414/414 413/413/413
f 386/386/386 403/403/403 402/402/402
f 402/402/402 387/387/387 386/386/386
f 388/388/388 389/389/389 386/386/386
f 386/386/386 387/387/387 388/388/388
f 422/422/422 405/405/405 402/402/402
f 402/402/402 413/413/413 422/422/422
f 387/387/387 402/402/402 405/405/405
f 413/413/413 412/412/412 421/421/421
f 421/421/421 422/422/422 413/413/413
f 412/412/412 413/413/413 414/414/414
f 415/415/415 414/414/414 419/419/419
f 414/414/414 415/415/415 412/412/412
f 412/412/412 416/416/416 421/421/421
f 416/416/416 412/412/412 415/415/415
f 417/417/417 415/415/415 418/418/418
f 415/415/415 417/417/417 416/416/416
f 419/419/419 418/418/418 415/415/415
f 398/398/398 416/416/416 417/417/417
f 418/418/418 420/420/420 417/417/417
f 397/397/397 417/417/417 420/420/420
f 417/417/417 397/397/397 398/398/398
f 420/420/420 418/418/418 406/406/406
f 407/407/407 406/406/406 418/418/418
f 418/418/418 419/419/419 407/407/407
f 400/400/400 407/407/407 419/419/419
f 407/407/407 400/400/400 401/401/401
f 401/401/401 408/408/408 407/407/407
f 406/406/406 407/407/407 408/408/408
f 406/406/406 410/410/410 420/420/420
f 410/410/410 406/406/406 409/409/409
f 408/408/408 409/409/409 406/406/406
f 420/420/420 399/399/399 397/397/397
f 399/399/399 420/420/420 410/410/410
f 399/399/399 395/395/395 397/397/397
f 397/397/397 395/395/395 398/398/398
f 410/410/410 396/396/396 399/399/399
f 396/396/396 395/395/395 399/399/399
f 409/409/409 411/411/411 410/410/410
f 396/396/396 410/410/410 411/411/411
f 411/411/411 394/394/394 396/396/396
f 394/394/394 395/395/395 396/396/396
f 383/383/383 401/401/401 400/400/400
f 405/405/405 392/392/392 387/387/387
f 392/392/392 393/393/393 388/388/388
f 388/388/388 387/387/387 392/392/392
f 907/907/907 908/908/908 905/905/905
f 905/905/905 906/906/906 907/907/907
f 907/907/907 914/914/914 927/927/927
f 927/927/927 923/923/923 907/907/907
f 908/908/908 907/907/907 923/923/923
f 914/914/914 907/907/907 906/906/906
f 923/923/923 924/924/924 908/908/908
f 942/942/942 932/932/932 923/923/923
f 923/923/923 927/927/927 942/942/942
f 924/924/924 923/923/923 932/932/932
f 937/937/937 942/942/942 927/927/927
f 927/927/927 926/926/926 937/937/937
f 926/926/926 927/927/927 914/914/914
f 942/942/942 937/937/937 936/936/936
f 936/936/936 941/941/941 942/942/942
f 932/932/932 942/942/942 941/941/941
f 932/932/932 931/931/931 924/924/924
f 941/941/941 929/929/929 932/932/932
f 931/931/931 932/932/932 929/929/929
f 939/939/939 943/943/943 941/941/941
f 941/941/941 936/936/936 939/939/939
f 929/929/929 941/941/941 943/943/943
f 940/940/940 939/939/939 936/936/936
f 936/936/936 935/935/935 940/940/940
f 935/935/935 936/936/936 937/937/937
f 938/938/938 937/937/937 926/926/926
f 937/937/937 938/938/938 935/935/935
f 935/935/935 944/944/944 940/940/940
f 944/944/944 935/935/935 938/938/938
f 939/939/939 940/940/940 921/921/921
f 943/943/943 939/939/939 920/920/920
f 921/921/921 920/920/920 939/939/939
f 943/943/943 934/934/934 929/929/929
f 920/920/920 922/922/922 943/943/943
f 934/934/934 943/943/943 922/922/922
f 922/922/922 920/920/920 919/919/919
f 920/920/920 921/921/921 919/919/919
f 922/922/922 918/918/918 934/934/934
f 918/918/918 922/922/922 919/919/919
f 934/934/934 933/933/933 930/930/930
f 930/930/930 929/929/929 934/934/934
f 933/933/933 934/934/934 918/918/918
f 918/918/918 917/917/917 933/933/933
f 917/917/917 918/918/918 919/919/919
f 929/929/929 930/930/930 931/931/931
f 938/938/938 945/945/945 944/944/944
f 945/945/945 938/938/938 925/925/925
f 926/926/926 925/925/925 938/938/938
f 925/925/925 928/928/928 945/945/945
f 928/928/928 925/925/925 912/912/912
f 909/909/909 912/912/912 925/925/925
f 925/925/925 926/926/926 909/909/909
f 914/914/914 909/909/909 926/926/926
f 910/910/910 909/909/909 914/914/914
f 911/911/911 912/912/912 909/909/909
f 909/909/909 910/910/910 911/911/911
f 912/912/912 916/916/916 928/928/928
f 916/916/916 912/912/912 911/911/911
f 911/911/911 915/915/915 916/916/916
f 914/914/914 913/913/913 910/910/910
f 906/906/906 913/913/913 914/914/914
f 432/432/432 424/424/424 427/427/427
f 426/426/426 427/427/427 424/424/424
f 424/424/424 425/425/425 426/426/426
f 534/534/534 427/427/427 426/426/426
f 536/536/536 426/426/426 429/429/429
f 426/426/426 535/535/535 534/534/534
f 426/426/426 425/425/425 428/428/428
f 428/428/428 429/429/429 426/426/426
f 429/429/429 537/537/537 536/536/536
f 538/538/538 429/429/429 431/431/431
f 431/431/431 429/429/429 428/428/428
f 428/428/428 430/430/430 431/431/431
f 431/431/431 539/539/539 538/538/538
f 954/954/954 947/947/947 946/946/946
f 948/948/948 949/949/949 946/946/946
f 946/946/946 947/947/947 948/948/948
f 948/948/948 947/947/947 1042/1042/1042
f 951/951/951 948/948/948 1044/1044/1044
f 1042/1042/1042 1043/1043/1043 948/948/948
f 948/948/948 951/951/951 950/950/950
f 950/950/950 949/949/949 948/948/948
f 952/952/952 951/951/951 1046/1046/1046
f 1044/1044/1044 1045/1045/1045 951/951/951
f 950/950/950 951/951/951 952/952/952
f 952/952/952 953/953/953 950/950/950
f 1046/1046/1046 1047/1047/1047 952/952/952
f 975/975/975 31/31/31 454/454/454
f 454/454/454 31/31/31 455/455/455
f 454/454/454 976/976/976 975/975/975
f 976/976/976 454/454/454 974/974/974
f 974/974/974 454/454/454 453/453/453
f 456/456/456 452/452/452 454/454/454
f 455/455/455 456/456/456 454/454/454
f 452/452/452 453/453/453 454/454/454
f 453/453/453 526/526/526 974/974/974
f 974/974/974 526/526/526 1040/1040/1040
f 453/453/453 452/452/452 526/526/526
f 433/433/433 437/437/437 436/436/436
f 436/436/436 434/434/434 433/433/433
f 433/433/433 434/434/434 435/435/435
f 437/437/437 438/438/438 436/436/436
f 449/449/449 436/436/436 438/438/438
f 436/436/436 449/449/449 434/434/434
f 435/435/435 434/434/434 449/449/449
f 435/435/435 448/448/448 445/445/445
f 449/449/449 448/448/448 435/435/435
f 446/446/446 435/435/435 445/445/445
f 438/438/438 450/450/450 449/449/449
f 447/447/447 449/449/449 450/450/450
f 447/447/447 448/448/448 449/449/449
f 440/440/440 450/450/450 438/438/438
f 438/438/438 441/441/441 439/439/439
f 439/439/439 440/440/440 438/438/438
f 451/451/451 450/450/450 440/440/440
f 450/450/450 451/451/451 447/447/447
f 451/451/451 448/448/448 447/447/447
f 445/445/445 448/448/448 451/451/451
f 451/451/451 444/444/444 445/445/445
f 444/444/444 451/451/451 442/442/442
f 440/440/440 442/442/442 451/451/451
f 443/443/443 446/446/446 445/445/445
f 445/445/445 444/444/444 443/443/443
f 443/443/443 444/444/444 442/442/442
f 439/439/439 442/442/442 440/440/440
f 955/955/955 957/957/957 958/958/958
f 958/958/958 959/959/959 955/955/955
f 955/955/955 956/956/956 957/957/957
f 958/958/958 957/957/957 970/970/970
f 970/970/970 957/957/957 956/956/956
f 960/960/960 958/958/958 970/970/970
f 959/959/959 958/958/958 960/960/960
f 970/970/970 972/972/972 960/960/960
f 956/956/956 971/971/971 970/970/970
f 969/969/969 972/972/972 970/970/970
f 969/969/969 970/970/970 971/971/971
f 956/956/956 967/967/967 971/971/971
f 968/968/968 967/967/967 956/956/956
f 973/973/973 971/971/971 967/967/967
f 973/973/973 969/969/969 971/971/971
f 972/972/972 969/969/969 973/973/973
f 963/963/963 972/972/972 973/973/973
f 963/963/963 960/960/960 972/972/972
f 960/960/960 963/963/963 961/961/961
f 961/961/961 962/962/962 960/960/960
f 973/973/973 964/964/964 963/963/963
f 961/961/961 963/963/963 964/964/964
f 967/967/967 966/966/966 973/973/973
f 966/966/966 964/964/964 973/973/973
f 965/965/965 966/966/966 967/967/967
f 967/967/967 968/968/968 965/965/965
f 965/965/965 964/964/964 966/966/966
f 29/29/29 57/57/57 26/26/26
f 377/377/377 26/26/26 375/375/375
f 27/27/27 26/26/26 377/377/377
f 57/57/57 375/375/375 26/26/26
f 28/28/28 29/29/29 26/26/26
f 26/26/26 27/27/27 28/28/28
f 65/65/65 29/29/29 28/28/28
f 28/28/28 574/574/574 597/597/597
f 597/597/597 423/423/423 28/28/28
f 28/28/28 27/27/27 573/573/573
f 573/573/573 574/574/574 28/28/28
f 28/28/28 423/423/423 65/65/65
f 27/27/27 380/380/380 903/903/903
f 903/903/903 573/573/573 27/27/27
f 377/377/377 380/380/380 27/27/27
f 574/574/574 573/573/573 588/588/588
f 900/900/900 573/573/573 903/903/903
f 588/588/588 573/573/573 900/900/900
f 903/903/903 379/379/379 904/904/904
f 901/901/901 903/903/903 904/904/904
f 903/903/903 902/902/902 900/900/900
f 903/903/903 380/380/380 379/379/379
f 901/901/901 902/902/902 903/903/903
f 377/377/377 379/379/379 380/380/380
f 377/377/377 381/381/381 379/379/379
f 376/376/376 381/381/381 377/377/377
f 375/375/375 378/378/378 377/377/377
f 376/376/376 377/377/377 378/378/378
f 59/59/59 58/58/58 381/381/381
f 381/381/381 376/376/376 59/59/59
f 58/58/58 59/59/59 60/60/60
f 58/58/58 56/56/56 55/55/55
f 55/55/55 63/63/63 58/58/58
f 60/60/60 56/56/56 58/58/58
f 56/56/56 60/60/60 375/375/375
f 375/375/375 57/57/57 56/56/56
f 56/56/56 57/57/57 54/54/54
f 54/54/54 55/55/55 56/56/56
f 54/54/54 61/61/61 55/55/55
f 63/63/63 55/55/55 61/61/61
f 61/61/61 62/62/62 63/63/63
f 64/64/64 61/61/61 54/54/54
f 54/54/54 65/65/65 64/64/64
f 423/423/423 546/546/546 64/64/64
f 64/64/64 65/65/65 423/423/423
f 423/423/423 597/597/597 596/596/596
f 596/596/596 546/546/546 423/423/423
f 596/596/596 597/597/597 587/587/587
f 587/587/587 594/594/594 596/596/596
f 587/587/587 590/590/590 594/594/594
f 589/589/589 590/590/590 587/587/587
f 587/587/587 588/588/588 589/589/589
f 595/595/595 62/62/62 594/594/594
f 594/594/594 590/590/590 595/595/595
f 591/591/591 595/595/595 590/590/590
f 590/590/590 589/589/589 591/591/591
f 900/900/900 592/592/592 589/589/589
f 589/589/589 588/588/588 900/900/900
f 591/591/591 589/589/589 592/592/592
f 904/904/904 591/591/591 593/593/593
f 592/592/592 593/593/593 591/591/591
f 593/593/593 901/901/901 904/904/904
