# anomalocaris reconstructed from live game memory
v -60.60920 35.47198 -10.69575
v -64.90983 37.64514 -15.94416
v -60.66067 34.90942 -10.81231
v -67.48841 36.34762 -11.72727
v -60.66067 34.90942 -10.81231
v -64.90983 37.64514 -15.94416
v -67.48841 36.34762 -11.72727
v -59.00244 30.03557 -6.08800
v -64.04095 32.19213 -4.72273
v -66.02438 33.96111 -7.89016
v -66.02438 33.96111 -7.89016
v -63.74137 30.25914 -4.25108
v -59.00244 30.03557 -6.08800
v 54.40710 32.85416 -6.22968
v 55.11253 32.66352 0.00000
v 48.89516 39.91718 0.00000
v 48.79856 38.76117 -9.15536
v -59.00244 30.03557 -6.08800
v -63.74137 30.25914 -4.25108
v -58.87404 24.96118 -0.00000
v 12.99036 22.86701 -13.50872
v 12.21290 19.18286 0.00000
v 21.94851 20.66640 0.00000
v 23.39051 25.50583 -11.93815
v -34.13288 23.40566 -11.64966
v -33.60180 18.93136 -0.00000
v -25.12753 17.62474 -0.00000
v -25.71676 22.76833 -13.07016
v -47.64182 25.70088 -9.16833
v -47.91277 21.92381 -0.00000
v -41.06228 20.32783 -0.00000
v -41.49767 24.65793 -10.46437
v 27.92063 27.81185 -11.16696
v 21.94851 20.66640 0.00000
v 28.31763 22.03265 -0.00806
v 23.99796 39.09922 -6.46299
v 23.88789 30.67817 -10.44401
v 28.18888 37.66506 -5.82206
v 41.70876 33.87198 -14.97937
v 42.20476 26.48587 -15.21894
v 49.23008 26.24432 -14.09096
v 49.77160 32.98230 -12.52976
v 49.70105 22.76047 -10.16587
v 55.82710 23.58635 -9.74868
v 55.13180 25.19011 -12.36909
v 34.72049 28.34573 -11.71761
v 39.59497 20.68791 -0.52846
v 42.50050 21.81678 -10.81717
v 34.54651 38.39990 -6.84691
v 41.76884 40.49198 -8.06582
v 34.72049 28.34573 -11.71761
v 39.59497 20.68791 -0.52846
v 34.54651 38.39990 -6.84691
v -15.98554 16.58640 -0.00000
v -16.73777 22.05373 -14.19814
v 23.39051 25.50583 -11.93815
v 18.16307 32.27594 -12.13028
v 17.79970 27.35182 -15.00453
v 21.06578 26.45356 -13.74212
v -22.95358 34.01655 -14.74603
v -23.31772 29.95468 -15.34914
v -19.63800 30.02454 -15.94052
v -30.12307 33.15977 -13.39476
v -31.90929 29.83093 -13.76896
v -28.38107 29.84767 -14.48892
v -44.97652 31.54604 -10.16999
v -46.42193 28.98580 -11.03866
v -43.47230 29.07031 -11.62465
v -41.49767 24.65793 -10.46437
v -40.04263 26.23125 -12.90616
v -43.96566 27.70854 -12.23681
v -25.71676 22.76833 -13.07016
v -23.69328 24.87748 -17.28094
v -28.47828 27.27729 -16.34023
v 12.99036 22.86701 -13.50872
v 17.99119 24.85417 -14.88325
v 14.40111 24.65598 -16.91602
v -19.63800 30.02454 -15.94052
v -23.31772 29.95468 -15.34914
v -23.63433 30.29045 -18.34413
v -19.31348 27.21462 -19.35655
v -28.38107 29.84767 -14.48892
v -31.90929 29.83093 -13.76896
v -32.72560 29.95316 -15.54357
v -28.47828 27.27729 -16.34023
v -43.47230 29.07031 -11.62465
v -46.42193 28.98580 -11.03866
v -46.89658 28.97266 -11.61839
v -43.96566 27.70854 -12.23681
v -37.72683 32.33166 -12.04135
v -39.24359 29.41174 -12.38410
v -36.39505 29.55416 -12.98578
v -34.13288 23.40566 -11.64966
v -32.77240 25.81120 -14.30375
v -36.72120 27.54734 -14.12551
v -36.39505 29.55416 -12.98578
v -39.24359 29.41174 -12.38410
v -39.67006 29.37052 -13.99795
v -36.72120 27.54734 -14.12551
v -52.32750 27.77366 -8.33344
v -52.53314 23.13513 -0.00000
v -47.64182 25.70088 -9.16833
v -47.29103 26.73305 -11.10363
v -52.32750 27.77366 -8.33344
v -23.05492 42.21464 -6.98544
v -12.64667 34.22024 -15.66792
v -5.77704 43.94019 -7.50017
v -5.78547 33.98714 -16.05077
v 13.41748 28.22513 -15.05499
v 13.80760 32.61905 -14.40259
v 10.13291 28.35918 -15.88024
v -14.43003 30.08402 -16.30226
v -10.77518 29.98901 -16.67229
v -6.06713 29.78145 -16.94326
v -19.31348 27.21462 -19.35655
v -16.73777 22.05373 -14.19814
v -14.49495 24.77206 -19.73520
v -10.21822 27.10984 -20.64194
v -6.23415 21.86148 -14.90849
v -5.02324 24.89176 -20.54879
v 12.99036 22.86701 -13.50872
v 14.40111 24.65598 -16.91602
v 12.59420 24.01391 -17.70925
v 12.99036 22.86701 -13.50872
v 5.98928 25.06761 -19.69528
v 2.31689 24.28310 -19.85453
v 14.40111 24.65598 -16.91602
v 13.41748 28.22513 -15.05499
v 10.13291 28.35918 -15.88024
v 10.33119 26.99832 -19.00190
v 5.98928 25.06761 -19.69528
v 5.36929 28.62811 -16.65295
v 1.99618 29.08450 -16.84243
v 2.26739 28.99353 -20.76563
v -19.31348 27.21462 -19.35655
v -14.43766 30.38583 -20.45037
v -14.43003 30.08402 -16.30226
v -19.63800 30.02454 -15.94052
v -10.21822 27.10984 -20.64194
v -5.93472 29.74948 -21.19273
v -6.06713 29.78145 -16.94326
v -10.77518 29.98901 -16.67229
v -24.17154 28.96758 -25.89475
v -30.30694 28.60706 -24.13486
v -24.28036 30.55050 -25.85407
v -20.79502 30.61865 -27.17686
v -40.61572 29.80301 -20.30321
v -38.38792 29.24469 -20.84234
v -42.35037 28.78763 -19.90893
v -44.85549 28.96906 -19.47376
v 11.65906 27.73740 -25.25460
v 16.90246 27.09900 -24.12795
v 14.05746 26.38860 -24.56445
v 5.81964 26.50336 -26.34078
v 5.98928 25.06761 -19.69528
v -5.84104 30.46515 -28.47920
v -2.23706 29.77377 -28.38278
v -2.13635 26.40549 -20.86790
v -5.70653 28.41462 -28.45446
v -11.46117 28.81058 -28.47570
v 17.79970 27.35182 -15.00453
v 19.35923 25.69519 -23.42913
v 23.22698 25.50263 -22.21759
v 21.06578 26.45356 -13.74212
v 19.54734 25.22942 -22.83421
v 15.42996 25.27394 -24.25698
v -33.22849 30.26056 -22.14532
v -29.93618 29.20758 -22.68605
v -34.48995 28.79786 -21.62983
v -37.99519 29.17050 -21.38595
v -48.76699 30.23236 -16.86696
v -45.98798 29.93888 -17.81985
v -50.27090 29.63194 -16.72334
v -52.28070 29.83572 -15.95869
v 2.95910 29.53584 -27.73166
v 6.33479 28.44484 -27.15889
v 3.09906 27.59388 -27.66108
v -2.94910 27.85708 -28.18144
v -2.13635 26.40549 -20.86790
v -14.58625 28.79064 -28.23291
v -21.10481 28.89922 -27.11386
v -14.68745 30.55170 -28.22853
v -11.10479 30.24900 -28.64262
v -10.21822 27.10984 -20.64194
v 19.27698 25.51611 -25.90842
v 23.22698 25.50263 -22.21759
v 19.27698 25.51611 -25.90842
v 15.42996 25.27394 -24.25698
v 13.79404 27.47058 -31.85729
v 14.83138 27.31808 -27.78143
v 16.90666 27.74554 -27.00781
v 16.90666 27.74554 -27.00781
v 12.31788 28.16692 -28.75824
v 13.79404 27.47058 -31.85729
v 8.74272 27.45644 -30.61977
v 16.90246 27.09900 -24.12795
v 5.81964 26.50336 -26.34078
v 8.74272 27.45644 -30.61977
v 4.15163 29.66306 -37.78265
v 2.90402 29.18785 -34.16096
v 5.51306 29.61823 -33.36948
v 5.51306 29.61823 -33.36948
v 2.74150 30.34975 -34.20198
v 4.15163 29.66306 -37.78265
v -2.11335 29.11901 -33.85114
v 0.20155 29.39069 -37.75338
v -2.11335 29.11901 -33.85114
v 0.20155 29.39069 -37.75338
v 6.33479 28.44484 -27.15889
v -2.94910 27.85708 -28.18144
v -4.15152 30.87637 -40.76002
v -5.68987 30.30400 -35.98317
v -2.71329 30.82506 -35.36385
v -2.71329 30.82506 -35.36385
v -5.82905 31.39882 -36.03041
v -4.15152 30.87637 -40.76002
v -10.84561 30.27272 -35.13634
v -8.49362 30.70472 -39.42028
v -10.84561 30.27272 -35.13634
v -8.49362 30.70472 -39.42028
v -2.23706 29.77377 -28.38278
v -11.46117 28.81058 -28.47570
v -13.20416 31.58963 -40.45001
v -14.70676 30.82210 -35.75762
v -12.00021 31.54497 -35.89658
v -12.00021 31.54497 -35.89658
v -14.82010 31.53794 -35.72090
v -13.20416 31.58963 -40.45001
v -21.15520 30.39234 -33.50472
v -18.96950 31.26585 -38.53759
v -21.15520 30.39234 -33.50472
v -18.96950 31.26585 -38.53759
v -11.10479 30.24900 -28.64262
v -21.10481 28.89922 -27.11386
v -23.95539 31.45583 -36.47502
v -24.95788 30.72277 -32.29200
v -21.95576 31.65271 -32.73829
v -21.95576 31.65271 -32.73829
v -25.09731 31.52720 -32.21095
v -23.95539 31.45583 -36.47502
v -30.78293 30.17428 -29.41936
v -29.09803 30.58141 -33.18028
v -30.78293 30.17428 -29.41936
v -29.09803 30.58141 -33.18028
v -20.79502 30.61865 -27.17686
v -30.30694 28.60706 -24.13486
v -35.54566 30.34154 -26.74737
v -37.90430 30.36676 -26.10847
v -31.95925 30.91799 -29.19479
v -34.23766 31.12388 -27.53514
v -31.95925 30.91799 -29.19479
v -36.45860 30.70259 -29.88190
v -37.90430 30.36676 -26.10847
v -36.45860 30.70259 -29.88190
v -29.93618 29.20758 -22.68605
v -37.99519 29.17050 -21.38595
v -42.73630 29.84520 -23.22321
v -44.73520 29.74391 -22.87693
v -39.67058 30.31993 -24.90100
v -41.15969 30.44083 -23.61733
v -39.67058 30.31993 -24.90100
v -42.41053 29.92832 -26.05200
v -44.73520 29.74391 -22.87693
v -42.41053 29.92832 -26.05200
v -38.38792 29.24469 -20.84234
v -44.85549 28.96906 -19.47376
v -45.98798 29.93888 -17.81985
v -50.61554 30.24223 -19.96778
v -52.28070 29.83572 -15.95869
v -50.61554 30.24223 -19.96778
v 13.77231 42.13232 -7.30607
v -30.16086 39.97245 -5.94129
v -37.96903 38.27697 -4.49475
v -45.32858 37.08909 -0.00000
v -52.48407 35.15618 -0.00000
v -52.53203 30.91096 -7.44786
v 23.39051 25.50583 -11.93815
v -52.32750 27.77366 -8.33344
v -34.13288 23.40566 -11.64966
v -36.72120 27.54734 -14.12551
v -16.73777 22.05373 -14.19814
v -19.31348 27.21462 -19.35655
v 23.39051 25.50583 -11.93815
v 21.06578 26.45356 -13.74212
v 13.41748 28.22513 -15.05499
v 14.40111 24.65598 -16.91602
v -28.38107 29.84767 -14.48892
v -28.47828 27.27729 -16.34023
v -36.39505 29.55416 -12.98578
v -36.72120 27.54734 -14.12551
v -52.32750 27.77366 -8.33344
v -25.71676 22.76833 -13.07016
v -28.47828 27.27729 -16.34023
v -43.47230 29.07031 -11.62465
v -43.96566 27.70854 -12.23681
v -59.19062 34.01061 -0.00000
v -52.32750 27.77366 -8.33344
v -41.49767 24.65793 -10.46437
v -43.96566 27.70854 -12.23681
v 3.60108 33.32870 -15.85169
v 5.36929 28.62811 -16.65295
v -2.73053 29.47237 -17.11204
v -6.23415 21.86148 -14.90849
v -10.21822 27.10984 -20.64194
v -2.13635 26.40549 -20.86790
v -6.23415 21.86148 -14.90849
v 5.36929 28.62811 -16.65295
v 5.98928 25.06761 -19.69528
v -2.73053 29.47237 -17.11204
v -2.13635 26.40549 -20.86790
v -10.77518 29.98901 -16.67229
v -2.73053 29.47237 -17.11204
v 28.47613 40.83179 0.00000
v 24.35254 41.97395 0.00000
v 57.25867 29.37672 -8.53396
v 57.96132 24.46697 -5.53749
v 57.50616 27.07178 -3.32807
v 59.98423 26.46894 -4.93809
v 56.91106 27.22509 0.00000
v 55.17000 24.22043 -0.03064
v 56.22624 26.04656 0.00000
v 54.04237 23.71528 -5.08355
v 55.82710 23.58635 -9.74868
v 65.88919 20.56655 -12.95999
v 65.15117 22.01986 -14.29640
v 55.13180 25.19011 -12.36909
v 69.18103 24.30237 -8.48026
v 67.72413 21.96267 -8.97814
v 57.96132 24.46697 -5.53749
v 59.98423 26.46894 -4.93809
v 67.15117 25.93233 -11.63254
v 57.25867 29.37672 -8.53396
v 65.88919 20.56655 -12.95999
v 55.82710 23.58635 -9.74868
v 72.54652 18.57114 -15.31846
v 73.20967 17.06645 -14.06851
v 75.71128 17.68598 -11.54575
v 76.65334 20.18829 -11.38793
v 74.86224 21.89171 -13.86689
v 73.20967 17.06645 -14.06851
v 81.85105 9.04569 -17.09454
v 78.29056 14.02639 -16.50048
v 78.88476 12.33302 -14.98870
v 81.72319 8.31762 -15.43202
v 83.69805 5.62668 -15.39402
v 85.32079 2.31880 -15.66510
v 83.65038 6.00247 -16.93038
v 82.98031 8.10495 -14.02045
v 80.22906 13.26672 -12.83949
v 81.04306 15.42177 -12.82866
v 83.90193 10.48296 -13.90584
v 85.09985 6.49189 -14.81803
v 85.32079 2.31880 -15.66510
v 83.69805 5.62668 -15.39402
v 83.47591 10.80642 -16.13509
v 79.94347 16.74612 -15.21633
v 84.82452 6.86334 -16.25102
v 81.72319 8.31762 -15.43202
v 78.88476 12.33302 -14.98870
v 42.14302 41.86811 0.00000
v 48.79856 38.76117 -9.15536
v 41.76884 40.49198 -8.06582
v 43.84959 42.00903 -12.31623
v 47.24714 39.55149 -13.68491
v 41.70876 33.87198 -14.97937
v 42.59056 37.88227 -16.18552
v 49.77160 32.98230 -12.52976
v 47.24714 39.55149 -13.68491
v 49.77160 32.98230 -12.52976
v 47.24714 39.55149 -13.68491
v 49.87624 45.95081 -11.87587
v 52.24263 41.72963 -13.82712
v 44.39169 47.96919 -10.60431
v 43.84959 42.00903 -12.31623
v 39.54365 46.73937 -12.86301
v 42.59056 37.88227 -16.18552
v 37.18965 42.36185 -17.06739
v 43.84959 42.00903 -12.31623
v 40.21848 38.33941 -20.81716
v 42.59056 37.88227 -16.18552
v 45.30759 36.14468 -21.02012
v 50.45655 37.45196 -17.69736
v 47.24714 39.55149 -13.68491
v 45.77977 46.87774 -18.97602
v 50.07113 43.45154 -18.29030
v 47.12721 48.40810 -14.48201
v 41.01479 46.92788 -17.63913
v 43.84755 41.48949 -21.57791
v -68.90942 30.58433 -3.88876
v -71.12811 30.51436 -0.00000
v -65.00374 27.31566 -0.00000
v -63.74137 30.25914 -4.25108
v -66.76385 35.08562 -8.29537
v -71.13076 36.29975 -12.17316
v -66.74870 34.53711 -8.42371
v -72.83075 34.25444 -7.72701
v -66.74870 34.53711 -8.42371
v -71.13076 36.29975 -12.17316
v -72.83075 34.25444 -7.72701
v -64.04095 32.19213 -4.72273
v -63.74137 30.25914 -4.25108
v -68.90942 30.58433 -3.88876
v -70.95996 32.73031 -5.14130
v -70.95996 32.73031 -5.14130
v -68.90942 30.58433 -3.88876
v -63.74137 30.25914 -4.25108
v 69.85872 21.22109 -12.37785
v 74.91457 19.02715 -12.31614
v 66.99805 14.81720 -10.37088
v 74.91457 19.02715 -12.31614
v 73.45393 18.74024 -14.23554
v 76.63467 17.42695 -13.69790
v 80.07484 13.89997 -13.34538
v 73.94353 10.68919 -11.57368
v 80.07484 13.89997 -13.34538
v 78.59216 13.72668 -15.34919
v 80.07559 12.99751 -14.78026
v 83.06531 10.02986 -14.55322
v 78.14760 7.09584 -12.66590
v 83.06531 10.02986 -14.55322
v 81.53075 9.60680 -16.29622
v 54.04237 23.71528 -5.08355
v 49.70105 22.76047 -10.16587
v 50.24259 21.09657 -3.33834
v 42.50050 21.81678 -10.81717
v 45.51264 20.33614 -4.43423
v 39.59497 20.68791 -0.52846
v 43.99110 20.10623 -0.36104
v 48.25544 21.45369 -0.28800
v 51.92680 21.60045 -0.07792
v -6.23415 21.86148 -14.90849
v -5.99243 16.98633 -0.00000
v -64.04095 32.19213 -4.72273
v -66.29659 32.85969 -0.00000
v -38.18068 39.86468 -0.00000
v -30.25774 42.83628 -0.00000
v -23.04923 45.66182 -0.00000
v -5.77085 47.96539 -0.00000
v 13.96930 45.24316 0.00000
v 35.19333 41.37825 0.00000
v -63.74137 30.25914 -4.25108
v -66.02438 33.96111 -7.89016
v 55.17000 24.22043 -0.03064
v 1.99618 29.08450 -16.84243
v -65.00374 27.31566 -0.00000
v 48.05296 21.37116 0.00000
v 48.43136 21.42148 0.00000
v 51.88331 21.58736 0.00000
v 55.16215 24.21712 0.00000
v 44.12801 20.12667 0.00000
v 24.35254 41.97395 0.00000
v 35.19333 41.37825 0.00000
v 28.31733 22.03701 0.00000
v 39.75943 20.75180 0.00000
v 39.35289 21.07042 0.00000
v 39.35289 21.07042 0.00000
v 55.19028 24.24674 0.00000
v 39.75943 20.75180 0.00000
v 55.16215 24.21712 0.00000
v -60.60920 35.47198 10.69574
v -60.66067 34.90942 10.81231
v -64.90983 37.64514 15.94415
v -67.48841 36.34762 11.72726
v -60.66067 34.90942 10.81231
v -67.48841 36.34762 11.72726
v -64.90983 37.64514 15.94415
v -59.00244 30.03557 6.08800
v -64.04095 32.19213 4.72272
v -66.02438 33.96111 7.89015
v -59.00244 30.03557 6.08800
v -63.74137 30.25914 4.25107
v -66.02438 33.96111 7.89015
v 54.40710 32.85416 6.22969
v 48.79856 38.76117 9.15536
v -59.00244 30.03557 6.08800
v -63.74137 30.25914 4.25107
v 12.99036 22.86701 13.50872
v 23.39051 25.50583 11.93815
v -34.13288 23.40566 11.64965
v -25.71676 22.76832 13.07016
v -47.64182 25.70088 9.16833
v -41.49767 24.65793 10.46437
v 27.92063 27.81185 11.16696
v 28.31763 22.03265 0.00806
v 23.99796 39.09922 6.46299
v 28.18888 37.66506 5.82206
v 23.88789 30.67817 10.44401
v 41.70876 33.87198 14.97937
v 49.77160 32.98230 12.52977
v 49.23008 26.24432 14.09096
v 42.20476 26.48587 15.21894
v 49.70105 22.76047 10.16588
v 55.13180 25.19011 12.36910
v 55.82710 23.58635 9.74868
v 34.72049 28.34573 11.71761
v 42.50050 21.81678 10.81717
v 39.59497 20.68791 0.52846
v 34.54651 38.39990 6.84691
v 41.76884 40.49198 8.06582
v 34.72049 28.34573 11.71761
v 39.59497 20.68791 0.52846
v 34.54651 38.39990 6.84691
v -16.73777 22.05373 14.19814
v 23.39051 25.50583 11.93815
v 18.16307 32.27594 12.13028
v 21.06578 26.45356 13.74213
v 17.79970 27.35182 15.00453
v -22.95358 34.01655 14.74603
v -19.63800 30.02454 15.94052
v -23.31772 29.95468 15.34914
v -30.12307 33.15977 13.39476
v -28.38107 29.84767 14.48892
v -31.90929 29.83093 13.76896
v -44.97652 31.54604 10.16998
v -43.47230 29.07031 11.62464
v -46.42193 28.98580 11.03865
v -41.49767 24.65793 10.46437
v -43.96566 27.70854 12.23680
v -40.04263 26.23125 12.90616
v -25.71676 22.76832 13.07016
v -28.47828 27.27729 16.34023
v -23.69328 24.87748 17.28094
v 12.99036 22.86701 13.50872
v 14.40110 24.65598 16.91602
v 17.99119 24.85417 14.88326
v -19.63800 30.02454 15.94052
v -19.31348 27.21462 19.35655
v -23.63433 30.29045 18.34413
v -23.31772 29.95468 15.34914
v -28.38107 29.84767 14.48892
v -28.47828 27.27729 16.34023
v -32.72560 29.95316 15.54356
v -31.90929 29.83093 13.76896
v -43.47230 29.07031 11.62464
v -43.96566 27.70854 12.23680
v -46.89658 28.97266 11.61839
v -46.42193 28.98580 11.03865
v -37.72683 32.33166 12.04135
v -36.39505 29.55416 12.98577
v -39.24359 29.41174 12.38410
v -34.13288 23.40566 11.64965
v -36.72120 27.54734 14.12551
v -32.77240 25.81120 14.30375
v -36.39505 29.55416 12.98577
v -36.72120 27.54734 14.12551
v -39.67006 29.37052 13.99795
v -39.24359 29.41174 12.38410
v -52.32750 27.77366 8.33344
v -47.64182 25.70088 9.16833
v -52.32750 27.77366 8.33344
v -47.29103 26.73305 11.10363
v -23.05492 42.21464 6.98544
v -5.77704 43.94019 7.50017
v -12.64667 34.22024 15.66792
v -5.78547 33.98714 16.05077
v 13.41748 28.22513 15.05499
v 10.13291 28.35918 15.88024
v 13.80760 32.61905 14.40259
v -14.43003 30.08402 16.30226
v -10.77518 29.98901 16.67229
v -6.06713 29.78145 16.94326
v -19.31348 27.21462 19.35655
v -14.49495 24.77205 19.73520
v -16.73777 22.05373 14.19814
v -10.21823 27.10983 20.64194
v -5.02324 24.89176 20.54879
v -6.23415 21.86148 14.90849
v 12.99036 22.86701 13.50872
v 12.59419 24.01391 17.70925
v 14.40110 24.65598 16.91602
v 12.99036 22.86701 13.50872
v 2.31689 24.28310 19.85453
v 5.98928 25.06761 19.69528
v 14.40110 24.65598 16.91602
v 10.33119 26.99832 19.00190
v 10.13291 28.35918 15.88024
v 13.41748 28.22513 15.05499
v 5.98928 25.06761 19.69528
v 2.26738 28.99353 20.76563
v 1.99618 29.08450 16.84243
v 5.36929 28.62811 16.65295
v -19.31348 27.21462 19.35655
v -19.63800 30.02454 15.94052
v -14.43003 30.08402 16.30226
v -14.43766 30.38583 20.45037
v -10.21823 27.10983 20.64194
v -10.77518 29.98901 16.67229
v -6.06713 29.78145 16.94326
v -5.93472 29.74948 21.19273
v -30.30694 28.60706 24.13485
v -24.17155 28.96758 25.89474
v -20.79503 30.61864 27.17686
v -24.28036 30.55050 25.85407
v -38.38792 29.24469 20.84233
v -40.61573 29.80301 20.30321
v -44.85549 28.96906 19.47376
v -42.35037 28.78763 19.90893
v 16.90246 27.09900 24.12795
v 11.65905 27.73740 25.25460
v 5.98928 25.06761 19.69528
v 5.81964 26.50336 26.34078
v 14.05746 26.38860 24.56445
v -2.13636 26.40549 20.86790
v -2.23707 29.77377 28.38278
v -5.84105 30.46515 28.47920
v -11.46118 28.81058 28.47570
v -5.70654 28.41462 28.45446
v 17.79970 27.35182 15.00453
v 21.06578 26.45356 13.74213
v 23.22698 25.50263 22.21759
v 19.35922 25.69519 23.42913
v 15.42996 25.27394 24.25698
v 19.54734 25.22942 22.83421
v -29.93619 29.20758 22.68605
v -33.22849 30.26056 22.14532
v -37.99519 29.17050 21.38595
v -34.48995 28.79786 21.62983
v -45.98798 29.93887 17.81985
v -48.76699 30.23236 16.86695
v -52.28070 29.83572 15.95869
v -50.27090 29.63194 16.72334
v 6.33478 28.44484 27.15889
v 2.95910 29.53584 27.73166
v -2.13636 26.40549 20.86790
v -2.94910 27.85708 28.18145
v 3.09906 27.59388 27.66108
v -21.10482 28.89922 27.11386
v -14.58625 28.79064 28.23291
v -10.21823 27.10983 20.64194
v -11.10479 30.24900 28.64262
v -14.68745 30.55170 28.22853
v 19.27697 25.51611 25.90842
v 23.22698 25.50263 22.21759
v 19.27697 25.51611 25.90842
v 15.42996 25.27394 24.25698
v 13.79403 27.47058 31.85728
v 16.90666 27.74554 27.00781
v 14.83138 27.31809 27.78143
v 16.90666 27.74554 27.00781
v 13.79403 27.47058 31.85728
v 12.31787 28.16692 28.75825
v 8.74272 27.45644 30.61977
v 16.90246 27.09900 24.12795
v 8.74272 27.45644 30.61977
v 5.81964 26.50336 26.34078
v 4.15162 29.66306 37.78265
v 5.51306 29.61823 33.36948
v 2.90401 29.18785 34.16096
v 5.51306 29.61823 33.36948
v 4.15162 29.66306 37.78265
v 2.74150 30.34975 34.20198
v -2.11335 29.11902 33.85114
v 0.20155 29.39069 37.75337
v 0.20155 29.39069 37.75337
v -2.11335 29.11902 33.85114
v 6.33478 28.44484 27.15889
v -2.94910 27.85708 28.18145
v -4.15153 30.87637 40.76002
v -2.71329 30.82506 35.36385
v -5.68988 30.30400 35.98317
v -2.71329 30.82506 35.36385
v -4.15153 30.87637 40.76002
v -5.82906 31.39882 36.03041
v -10.84562 30.27272 35.13634
v -8.49362 30.70472 39.42028
v -8.49362 30.70472 39.42028
v -10.84562 30.27272 35.13634
v -2.23707 29.77377 28.38278
v -11.46118 28.81058 28.47570
v -13.20417 31.58963 40.45001
v -12.00022 31.54497 35.89658
v -14.70676 30.82210 35.75762
v -12.00022 31.54497 35.89658
v -13.20417 31.58963 40.45001
v -14.82011 31.53794 35.72090
v -21.15521 30.39234 33.50472
v -18.96951 31.26585 38.53759
v -18.96951 31.26585 38.53759
v -21.15521 30.39234 33.50472
v -11.10479 30.24900 28.64262
v -21.10482 28.89922 27.11386
v -23.95539 31.45583 36.47501
v -21.95576 31.65271 32.73829
v -24.95789 30.72276 32.29199
v -21.95576 31.65271 32.73829
v -23.95539 31.45583 36.47501
v -25.09732 31.52720 32.21095
v -30.78293 30.17427 29.41936
v -29.09803 30.58141 33.18028
v -29.09803 30.58141 33.18028
v -30.78293 30.17427 29.41936
v -20.79503 30.61864 27.17686
v -30.30694 28.60706 24.13485
v -35.54566 30.34153 26.74737
v -37.90430 30.36675 26.10847
v -31.95925 30.91799 29.19478
v -34.23766 31.12388 27.53514
v -31.95925 30.91799 29.19478
v -36.45860 30.70259 29.88190
v -36.45860 30.70259 29.88190
v -37.90430 30.36675 26.10847
v -29.93619 29.20758 22.68605
v -37.99519 29.17050 21.38595
v -42.73630 29.84520 23.22321
v -44.73520 29.74391 22.87692
v -39.67058 30.31993 24.90100
v -41.15969 30.44083 23.61732
v -39.67058 30.31993 24.90100
v -42.41053 29.92832 26.05199
v -42.41053 29.92832 26.05199
v -44.73520 29.74391 22.87692
v -38.38792 29.24469 20.84233
v -44.85549 28.96906 19.47376
v -45.98798 29.93887 17.81985
v -50.61554 30.24223 19.96777
v -50.61554 30.24223 19.96777
v -52.28070 29.83572 15.95869
v 13.77231 42.13232 7.30607
v -30.16086 39.97245 5.94129
v -37.96903 38.27697 4.49474
v -52.53203 30.91096 7.44786
v 23.39051 25.50583 11.93815
v -52.32750 27.77366 8.33344
v -34.13288 23.40566 11.64965
v -36.72120 27.54734 14.12551
v -16.73777 22.05373 14.19814
v -19.31348 27.21462 19.35655
v 23.39051 25.50583 11.93815
v 21.06578 26.45356 13.74213
v 14.40110 24.65598 16.91602
v 13.41748 28.22513 15.05499
v -28.47828 27.27729 16.34023
v -28.38107 29.84767 14.48892
v -36.72120 27.54734 14.12551
v -36.39505 29.55416 12.98577
v -52.32750 27.77366 8.33344
v -25.71676 22.76832 13.07016
v -28.47828 27.27729 16.34023
v -43.96566 27.70854 12.23680
v -43.47230 29.07031 11.62464
v -52.32750 27.77366 8.33344
v -41.49767 24.65793 10.46437
v -43.96566 27.70854 12.23680
v 3.60108 33.32870 15.85169
v 5.36929 28.62811 16.65295
v -2.73054 29.47237 17.11204
v -6.23415 21.86148 14.90849
v -10.21823 27.10983 20.64194
v -2.13636 26.40549 20.86790
v -6.23415 21.86148 14.90849
v 5.36929 28.62811 16.65295
v 5.98928 25.06761 19.69528
v -2.73054 29.47237 17.11204
v -2.13636 26.40549 20.86790
v -10.77518 29.98901 16.67229
v -2.73054 29.47237 17.11204
v 57.25868 29.37672 8.53397
v 57.96132 24.46697 5.53749
v 59.98423 26.46894 4.93810
v 57.50616 27.07178 3.32807
v 55.17000 24.22043 0.03065
v 54.04238 23.71528 5.08355
v 55.82710 23.58635 9.74868
v 55.13180 25.19011 12.36910
v 65.15117 22.01986 14.29640
v 65.88919 20.56655 12.95999
v 69.18103 24.30237 8.48026
v 59.98423 26.46894 4.93810
v 57.96132 24.46697 5.53749
v 67.72413 21.96267 8.97815
v 57.25868 29.37672 8.53397
v 67.15117 25.93233 11.63254
v 55.82710 23.58635 9.74868
v 65.88919 20.56655 12.95999
v 72.54652 18.57114 15.31846
v 73.20967 17.06645 14.06851
v 75.71127 17.68598 11.54576
v 76.65334 20.18829 11.38793
v 74.86224 21.89171 13.86690
v 73.20967 17.06645 14.06851
v 81.85106 9.04569 17.09454
v 81.72319 8.31762 15.43203
v 78.88476 12.33302 14.98871
v 78.29056 14.02639 16.50049
v 83.69806 5.62667 15.39403
v 83.65039 6.00247 16.93038
v 85.32080 2.31880 15.66511
v 82.98032 8.10495 14.02046
v 83.90193 10.48296 13.90585
v 81.04306 15.42176 12.82867
v 80.22906 13.26672 12.83950
v 85.09986 6.49189 14.81803
v 83.69806 5.62667 15.39403
v 85.32080 2.31880 15.66511
v 83.47591 10.80642 16.13510
v 79.94347 16.74612 15.21634
v 84.82452 6.86334 16.25103
v 81.72319 8.31762 15.43203
v 78.88476 12.33302 14.98871
v 48.79856 38.76117 9.15536
v 47.24714 39.55149 13.68492
v 43.84959 42.00903 12.31623
v 41.76884 40.49198 8.06582
v 41.70876 33.87198 14.97937
v 42.59056 37.88227 16.18553
v 47.24714 39.55149 13.68492
v 49.77160 32.98230 12.52977
v 49.77160 32.98230 12.52977
v 47.24714 39.55149 13.68492
v 52.24263 41.72963 13.82712
v 49.87624 45.95081 11.87587
v 44.39169 47.96919 10.60432
v 43.84959 42.00903 12.31623
v 39.54365 46.73937 12.86301
v 42.59056 37.88227 16.18553
v 43.84959 42.00903 12.31623
v 37.18965 42.36185 17.06739
v 40.21848 38.33941 20.81716
v 42.59056 37.88227 16.18553
v 45.30759 36.14468 21.02012
v 50.45655 37.45196 17.69737
v 47.24714 39.55149 13.68492
v 45.77977 46.87774 18.97603
v 47.12721 48.40810 14.48201
v 50.07113 43.45154 18.29030
v 41.01479 46.92788 17.63913
v 43.84755 41.48949 21.57791
v -68.90942 30.58434 3.88875
v -63.74137 30.25914 4.25107
v -66.76385 35.08562 8.29537
v -66.74870 34.53711 8.42370
v -71.13076 36.29975 12.17315
v -72.83075 34.25444 7.72700
v -66.74870 34.53711 8.42370
v -72.83075 34.25444 7.72700
v -71.13076 36.29975 12.17315
v -64.04095 32.19213 4.72272
v -63.74137 30.25914 4.25107
v -68.90942 30.58434 3.88875
v -70.95996 32.73031 5.14129
v -63.74137 30.25914 4.25107
v -68.90942 30.58434 3.88875
v -70.95996 32.73031 5.14129
v 69.85871 21.22109 12.37785
v 66.99804 14.81720 10.37088
v 74.91457 19.02716 12.31614
v 74.91457 19.02716 12.31614
v 73.45392 18.74024 14.23554
v 76.63467 17.42694 13.69791
v 73.94353 10.68919 11.57368
v 80.07484 13.89997 13.34539
v 80.07484 13.89997 13.34539
v 78.59216 13.72667 15.34920
v 80.07559 12.99750 14.78027
v 78.14760 7.09583 12.66591
v 83.06531 10.02985 14.55323
v 83.06531 10.02985 14.55323
v 81.53075 9.60680 16.29623
v 54.04238 23.71528 5.08355
v 50.24259 21.09657 3.33834
v 49.70105 22.76047 10.16588
v 45.51264 20.33614 4.43424
v 42.50050 21.81678 10.81717
v 43.99110 20.10623 0.36104
v 39.59497 20.68791 0.52846
v 48.25544 21.45369 0.28801
v 51.92680 21.60045 0.07792
v -5.99243 16.98633 -0.00000
v -6.23415 21.86148 14.90849
v -64.04095 32.19213 4.72272
v -23.04923 45.66182 -0.00000
v -5.77085 47.96539 -0.00000
v 13.96930 45.24316 0.00000
v -63.74137 30.25914 4.25107
v -66.02438 33.96111 7.89015
v 55.17000 24.22043 0.03065
v 1.99618 29.08450 16.84243
vt 0.343994 0.636459
vt 0.250987 0.542916
vt 0.350258 0.631711
vt 0.231450 0.632591
vt 0.583703 0.914611
vt 0.663938 0.976755
vt 0.641898 0.916200
vt 0.442558 0.737475
vt 0.379012 0.762418
vt 0.314853 0.710748
vt 0.583238 0.867278
vt 0.540146 0.831656
vt 0.515603 0.838971
vt 0.252875 0.886561
vt 0.317887 0.915534
vt 0.198117 0.971638
vt 0.164941 0.910921
vt 0.198369 0.203216
vt 0.137809 0.138370
vt 0.267978 0.169813
vt 0.762198 0.682552
vt 0.866504 0.587210
vt 0.924965 0.677643
vt 0.828878 0.747626
vt 0.431105 0.386670
vt 0.504863 0.279843
vt 0.582563 0.329820
vt 0.489958 0.446383
vt 0.324534 0.297751
vt 0.376622 0.209117
vt 0.436363 0.240312
vt 0.376220 0.340494
vt 0.851517 0.788717
vt 0.926194 0.678025
vt 0.941549 0.756557
vt 0.759980 0.876257
vt 0.801588 0.795062
vt 0.804562 0.900072
vt 0.114889 0.858467
vt 0.127233 0.776739
vt 0.189904 0.801027
vt 0.164685 0.882175
vt 0.214142 0.750621
vt 0.249748 0.787284
vt 0.234790 0.799146
vt 0.027012 0.774959
vt 0.071021 0.627207
vt 0.143346 0.705530
vt 0.013400 0.918692
vt 0.122602 0.910915
vt 0.888411 0.867048
vt 0.977030 0.836884
vt 0.836367 0.924708
vt 0.661688 0.387466
vt 0.554974 0.507832
vt 0.830018 0.756236
vt 0.771339 0.763553
vt 0.801813 0.730155
vt 0.819620 0.744349
vt 0.488542 0.479806
vt 0.500125 0.458134
vt 0.528700 0.482219
vt 0.433232 0.430974
vt 0.433370 0.401408
vt 0.461313 0.424532
vt 0.323343 0.336515
vt 0.323553 0.313574
vt 0.345802 0.330109
vt 0.546059 0.917868
vt 0.520646 0.935973
vt 0.513725 0.900226
vt 0.546059 0.917868
vt 0.520646 0.935973
vt 0.513725 0.900226
vt 0.537074 0.902639
vt 0.520646 0.935973
vt 0.513725 0.900226
vt 0.957543 0.408176
vt 0.920670 0.444618
vt 0.887317 0.397639
vt 0.954368 0.345489
vt 0.970654 0.416604
vt 0.920669 0.444617
vt 0.880317 0.395840
vt 0.966291 0.353859
vt 0.970654 0.416604
vt 0.920669 0.444617
vt 0.882601 0.389489
vt 0.965351 0.354831
vt 0.376162 0.381130
vt 0.377001 0.354824
vt 0.398947 0.372284
vt 0.550288 0.918102
vt 0.520646 0.935973
vt 0.513725 0.900226
vt 0.970654 0.416604
vt 0.920669 0.444617
vt 0.887704 0.392634
vt 0.966055 0.354525
vt 0.288276 0.255070
vt 0.319373 0.187511
vt 0.542084 0.918631
vt 0.520646 0.935973
vt 0.526337 0.896259
vt 0.410302 0.551280
vt 0.564626 0.547462
vt 0.537378 0.675815
vt 0.617339 0.592040
vt 0.777859 0.704826
vt 0.749757 0.728500
vt 0.754991 0.682850
vt 0.568152 0.516647
vt 0.596761 0.540200
vt 0.632774 0.570697
vt 0.513725 0.900226
vt 0.546059 0.917868
vt 0.520646 0.935973
vt 0.513725 0.900226
vt 0.545776 0.931936
vt 0.521437 0.945150
vt 0.548148 0.938650
vt 0.524486 0.983126
vt 0.520646 0.935973
vt 0.552975 0.979624
vt 0.524486 0.983125
vt 0.520646 0.935973
vt 0.967278 0.353791
vt 0.970655 0.416605
vt 0.920670 0.444618
vt 0.885714 0.389327
vt 0.955263 0.345458
vt 0.957544 0.408176
vt 0.907559 0.436189
vt 0.878172 0.384835
vt 0.797355 0.442947
vt 0.875152 0.389679
vt 0.907558 0.436190
vt 0.837482 0.478175
vt 0.802134 0.440519
vt 0.876373 0.387944
vt 0.907559 0.436190
vt 0.837482 0.478175
vt 0.451337 0.944547
vt 0.449123 0.897575
vt 0.825766 0.291103
vt 0.888876 0.240004
vt 0.825766 0.291103
vt 0.888876 0.240004
vt 0.451337 0.944547
vt 0.449123 0.897575
vt 0.825766 0.291103
vt 0.888876 0.240004
vt 0.451337 0.944547
vt 0.449123 0.897575
vt 0.513725 0.900226
vt 0.825766 0.291103
vt 0.888876 0.240004
vt 0.954602 0.345726
vt 0.451337 0.944547
vt 0.449123 0.897575
vt 0.902136 0.416645
vt 0.784995 0.239941
vt 0.842740 0.190224
vt 0.968358 0.385552
vt 0.419160 0.946825
vt 0.417039 0.901461
vt 0.825766 0.291103
vt 0.888876 0.240004
vt 0.451337 0.944547
vt 0.449123 0.897575
vt 0.760415 0.218046
vt 0.820574 0.172359
vt 0.419161 0.946825
vt 0.417039 0.901460
vt 0.825766 0.291103
vt 0.882320 0.235789
vt 0.451337 0.944547
vt 0.449123 0.897575
vt 0.513725 0.900226
vt 0.451337 0.944547
vt 0.449123 0.897575
vt 0.819115 0.287009
vt 0.888876 0.240003
vt 0.954464 0.345807
vt 0.361053 0.943762
vt 0.419576 0.981424
vt 0.684071 0.137397
vt 0.691742 0.310037
vt 0.361561 0.974471
vt 0.386984 0.949103
vt 0.386485 0.980348
vt 0.796774 0.140410
vt 0.743727 0.185541
vt 0.726053 0.099337
vt 0.373936 0.914179
vt 0.452666 0.982499
vt 0.718822 0.361058
vt 0.656528 0.210995
vt 0.361924 0.973246
vt 0.386985 0.949103
vt 0.386485 0.980348
vt 0.796774 0.140410
vt 0.743727 0.185541
vt 0.726995 0.101467
vt 0.384955 0.905346
vt 0.362916 0.923012
vt 0.658335 0.256407
vt 0.654720 0.165582
vt 0.452666 0.982500
vt 0.725378 0.365273
vt 0.362684 0.972628
vt 0.386984 0.949103
vt 0.386485 0.980348
vt 0.796774 0.140410
vt 0.743727 0.185541
vt 0.729922 0.102171
vt 0.384955 0.905346
vt 0.362916 0.923012
vt 0.658335 0.256407
vt 0.654720 0.165582
vt 0.452666 0.982499
vt 0.725378 0.365273
vt 0.359260 0.968633
vt 0.386984 0.949103
vt 0.386485 0.980348
vt 0.797123 0.140491
vt 0.742165 0.186482
vt 0.717567 0.102550
vt 0.384955 0.905346
vt 0.362916 0.923012
vt 0.657385 0.255319
vt 0.654296 0.164896
vt 0.452666 0.982499
vt 0.725366 0.365249
vt 0.359986 0.968273
vt 0.386984 0.949103
vt 0.386485 0.980348
vt 0.796774 0.140410
vt 0.743727 0.185541
vt 0.718184 0.103597
vt 0.384955 0.905346
vt 0.362916 0.923012
vt 0.658335 0.256407
vt 0.654720 0.165582
vt 0.452666 0.982499
vt 0.725378 0.365273
vt 0.386984 0.949103
vt 0.384955 0.905346
vt 0.758913 0.120548
vt 0.743727 0.185541
vt 0.372696 0.975462
vt 0.362916 0.923012
vt 0.658335 0.256407
vt 0.654720 0.165582
vt 0.452666 0.982499
vt 0.725378 0.365273
vt 0.403919 0.947810
vt 0.399678 0.894353
vt 0.788812 0.153666
vt 0.766842 0.222148
vt 0.389467 0.973406
vt 0.362916 0.923012
vt 0.663732 0.299157
vt 0.654720 0.165582
vt 0.452666 0.982499
vt 0.725378 0.365273
vt 0.424225 0.970351
vt 0.388573 0.905938
vt 0.688297 0.305184
vt 0.650267 0.164053
vt 0.696677 0.799572
vt 0.355204 0.500341
vt 0.293776 0.446600
vt 0.218723 0.402193
vt 0.192264 0.339702
vt 0.270211 0.287772
vt 0.830019 0.756234
vt 0.284273 0.280434
vt 0.557639 0.981506
vt 0.524486 0.983126
vt 0.554940 0.983596
vt 0.524486 0.983126
vt 0.554941 0.983597
vt 0.524486 0.983125
vt 0.850594 0.486603
vt 0.809941 0.437784
vt 0.850593 0.486603
vt 0.808742 0.450745
vt 0.850593 0.486603
vt 0.808313 0.447307
vt 0.841169 0.483144
vt 0.554940 0.983596
vt 0.524486 0.983126
vt 0.850594 0.486602
vt 0.813246 0.446863
vt 0.134875 0.235520
vt 0.273803 0.273038
vt 0.554940 0.983597
vt 0.524486 0.983125
vt 0.684469 0.655268
vt 0.717809 0.649153
vt 0.658691 0.592042
vt 0.551965 0.973017
vt 0.524486 0.983126
vt 0.524486 0.983126
vt 0.535240 0.894610
vt 0.837482 0.478174
vt 0.795749 0.431155
vt 0.837482 0.478174
vt 0.802422 0.436561
vt 0.957544 0.408177
vt 0.957544 0.408177
vt 0.781190 0.937984
vt 0.725149 0.906239
vt 0.256741 0.819281
vt 0.282032 0.793375
vt 0.315675 0.830848
vt 0.288367 0.811232
vt 0.353589 0.823161
vt 0.318192 0.746492
vt 0.339835 0.793047
vt 0.292296 0.775058
vt 0.585081 0.311666
vt 0.508415 0.261124
vt 0.529714 0.245798
vt 0.609381 0.292701
vt 0.546120 0.127803
vt 0.548601 0.093148
vt 0.641167 0.115237
vt 0.618915 0.154043
vt 0.550438 0.191224
vt 0.627772 0.231102
vt 0.573355 0.051428
vt 0.662583 0.071209
vt 0.470313 0.211373
vt 0.449473 0.221817
vt 0.482911 0.077770
vt 0.485450 0.109974
vt 0.491505 0.167128
vt 0.502950 0.033914
vt 0.330683 0.148124
vt 0.397388 0.181422
vt 0.375550 0.197235
vt 0.316378 0.162241
vt 0.259114 0.126810
vt 0.224772 0.083392
vt 0.277703 0.115506
vt 0.344378 0.057656
vt 0.414612 0.068364
vt 0.423827 0.098716
vt 0.357053 0.081608
vt 0.292877 0.070466
vt 0.227920 0.062612
vt 0.280032 0.045803
vt 0.351347 0.121282
vt 0.422959 0.147498
vt 0.289914 0.096810
vt 0.343143 0.024055
vt 0.418952 0.025974
vt 0.118096 0.974770
vt 0.819423 0.032215
vt 0.861261 0.027722
vt 0.859038 0.064436
vt 0.816975 0.071935
vt 0.906344 0.033902
vt 0.902661 0.063256
vt 0.929881 0.047549
vt 0.928474 0.066835
vt 0.791438 0.056309
vt 0.124440 0.406779
vt 0.146482 0.423796
vt 0.081737 0.426669
vt 0.227961 0.465048
vt 0.204673 0.430007
vt 0.230393 0.526906
vt 0.149244 0.616567
vt 0.177053 0.595979
vt 0.209819 0.578168
vt 0.103514 0.597925
vt 0.030160 0.552917
vt 0.049616 0.552551
vt 0.039014 0.488561
vt 0.023623 0.498332
vt 0.129278 0.503564
vt 0.082005 0.476018
vt 0.160999 0.468565
vt 0.173503 0.524369
vt 0.097619 0.542448
vt 0.065218 0.080262
vt 0.036409 0.058320
vt 0.075150 0.062374
vt 0.099932 0.106545
vt 0.343994 0.636459
vt 0.253083 0.543767
vt 0.350258 0.631711
vt 0.227463 0.632639
vt 0.583703 0.914611
vt 0.661898 0.978250
vt 0.649675 0.904286
vt 0.438100 0.738607
vt 0.447016 0.736342
vt 0.380172 0.761886
vt 0.315647 0.711143
vt 0.596377 0.859017
vt 0.555059 0.827211
vt 0.515603 0.838971
vt 0.919506 0.893834
vt 0.987833 0.875557
vt 0.981596 0.981139
vt 0.856076 0.984038
vt 0.872956 0.949503
vt 0.920714 0.898328
vt 0.981723 0.885726
vt 0.986534 0.983821
vt 0.869165 0.983051
vt 0.886394 0.949023
vt 0.919506 0.893835
vt 0.987834 0.875559
vt 0.981596 0.981139
vt 0.856077 0.984038
vt 0.872957 0.949504
vt 0.062135 0.181334
vt 0.123859 0.246833
vt 0.074959 0.253357
vt 0.160208 0.313147
vt 0.119551 0.324232
vt 0.147470 0.396761
vt 0.108919 0.381988
vt 0.044851 0.313076
vt 0.013828 0.233393
vt 0.630289 0.579869
vt 0.746544 0.457837
vt 0.105885 0.135446
vt 0.055187 0.125281
vt 0.262041 0.468794
vt 0.316150 0.533124
vt 0.363515 0.593271
vt 0.491007 0.725368
vt 0.646664 0.858353
vt 0.819720 0.957281
vt 0.381454 0.760649
vt 0.315859 0.709836
vt 0.019265 0.180380
vt 0.693118 0.624994
vt 0.163471 0.111086
vt 0.050347 0.313897
vt 0.047527 0.307769
vt 0.015399 0.233907
vt 0.019545 0.180386
vt 0.109881 0.376759
vt 0.725149 0.906239
vt 0.015696 0.973781
vt 0.941481 0.756581
vt 0.075114 0.631639
vt 0.068828 0.634571
vt 0.972613 0.838387
vt 0.318169 0.747270
vt 0.148191 0.392029
vt 0.318022 0.746679
vt 0.343994 0.636459
vt 0.350258 0.631711
vt 0.250987 0.542916
vt 0.231450 0.632591
vt 0.583703 0.914611
vt 0.641898 0.916200
vt 0.663938 0.976755
vt 0.442558 0.737475
vt 0.379012 0.762418
vt 0.314853 0.710748
vt 0.515603 0.838971
vt 0.540146 0.831656
vt 0.583238 0.867278
vt 0.252875 0.886561
vt 0.164941 0.910921
vt 0.198369 0.203216
vt 0.137809 0.138370
vt 0.762198 0.682552
vt 0.828878 0.747626
vt 0.431128 0.386730
vt 0.489958 0.446383
vt 0.324597 0.298234
vt 0.376220 0.340494
vt 0.851517 0.788717
vt 0.941549 0.756557
vt 0.759980 0.876257
vt 0.804562 0.900072
vt 0.801588 0.795062
vt 0.114889 0.858467
vt 0.164685 0.882175
vt 0.189904 0.801027
vt 0.127233 0.776739
vt 0.214142 0.750621
vt 0.234790 0.799146
vt 0.249748 0.787284
vt 0.027012 0.774959
vt 0.143346 0.705530
vt 0.071021 0.627207
vt 0.013400 0.918692
vt 0.122602 0.910915
vt 0.888411 0.867048
vt 0.977030 0.836884
vt 0.836367 0.924708
vt 0.554974 0.507832
vt 0.830018 0.756236
vt 0.771339 0.763553
vt 0.819620 0.744349
vt 0.801813 0.730155
vt 0.488541 0.479757
vt 0.528700 0.482219
vt 0.500125 0.458134
vt 0.433232 0.430974
vt 0.461313 0.424532
vt 0.433370 0.401408
vt 0.323343 0.336515
vt 0.345802 0.330109
vt 0.323553 0.313574
vt 0.546059 0.917868
vt 0.513725 0.900226
vt 0.520646 0.935973
vt 0.546059 0.917868
vt 0.513725 0.900226
vt 0.520646 0.935973
vt 0.537074 0.902639
vt 0.513725 0.900226
vt 0.520646 0.935973
vt 0.957543 0.408176
vt 0.954368 0.345489
vt 0.887317 0.397639
vt 0.920670 0.444618
vt 0.970654 0.416604
vt 0.966291 0.353859
vt 0.880317 0.395840
vt 0.920669 0.444617
vt 0.970654 0.416604
vt 0.965351 0.354831
vt 0.882601 0.389489
vt 0.920669 0.444617
vt 0.376162 0.381130
vt 0.398947 0.372284
vt 0.377001 0.354824
vt 0.549951 0.918071
vt 0.513725 0.900226
vt 0.520646 0.935973
vt 0.970654 0.416604
vt 0.966055 0.354525
vt 0.887704 0.392634
vt 0.920669 0.444617
vt 0.288276 0.255070
vt 0.542199 0.919462
vt 0.526337 0.896259
vt 0.520646 0.935973
vt 0.410338 0.551057
vt 0.537346 0.675677
vt 0.564626 0.547462
vt 0.617405 0.592021
vt 0.777859 0.704826
vt 0.754991 0.682850
vt 0.749271 0.728167
vt 0.568152 0.516647
vt 0.596761 0.540200
vt 0.632774 0.570697
vt 0.513725 0.900226
vt 0.520646 0.935973
vt 0.546059 0.917868
vt 0.513725 0.900226
vt 0.521437 0.945150
vt 0.551394 0.929393
vt 0.548148 0.938650
vt 0.520646 0.935973
vt 0.524486 0.983126
vt 0.552975 0.979624
vt 0.520646 0.935973
vt 0.524486 0.983125
vt 0.967278 0.353791
vt 0.885714 0.389327
vt 0.920670 0.444618
vt 0.970655 0.416605
vt 0.955263 0.345458
vt 0.878172 0.384835
vt 0.907559 0.436189
vt 0.957544 0.408176
vt 0.797355 0.442947
vt 0.837482 0.478175
vt 0.907558 0.436190
vt 0.875152 0.389679
vt 0.802134 0.440519
vt 0.837482 0.478175
vt 0.907559 0.436190
vt 0.876373 0.387944
vt 0.449123 0.897575
vt 0.451337 0.944547
vt 0.888876 0.240004
vt 0.825766 0.291103
vt 0.888876 0.240004
vt 0.825766 0.291103
vt 0.449123 0.897575
vt 0.451337 0.944547
vt 0.888876 0.240004
vt 0.825766 0.291103
vt 0.513725 0.900226
vt 0.449123 0.897575
vt 0.451337 0.944547
vt 0.954602 0.345726
vt 0.888876 0.240004
vt 0.825766 0.291103
vt 0.449123 0.897575
vt 0.451337 0.944547
vt 0.902136 0.416645
vt 0.968358 0.385552
vt 0.842740 0.190224
vt 0.784995 0.239941
vt 0.417039 0.901461
vt 0.419160 0.946825
vt 0.888876 0.240004
vt 0.825766 0.291103
vt 0.449123 0.897575
vt 0.451337 0.944547
vt 0.820574 0.172359
vt 0.760415 0.218046
vt 0.417039 0.901460
vt 0.419161 0.946825
vt 0.882320 0.235789
vt 0.825766 0.291103
vt 0.513725 0.900226
vt 0.449123 0.897575
vt 0.451337 0.944547
vt 0.449123 0.897575
vt 0.451337 0.944547
vt 0.954464 0.345807
vt 0.888876 0.240003
vt 0.819115 0.287009
vt 0.361053 0.943762
vt 0.419576 0.981424
vt 0.684071 0.137397
vt 0.691742 0.310037
vt 0.361561 0.974471
vt 0.386485 0.980348
vt 0.386984 0.949103
vt 0.796774 0.140410
vt 0.726053 0.099337
vt 0.743727 0.185541
vt 0.373936 0.914179
vt 0.452666 0.982499
vt 0.656528 0.210995
vt 0.718822 0.361058
vt 0.361924 0.973246
vt 0.386485 0.980348
vt 0.386985 0.949103
vt 0.796774 0.140410
vt 0.726995 0.101467
vt 0.743727 0.185541
vt 0.384955 0.905346
vt 0.362916 0.923012
vt 0.654720 0.165582
vt 0.658335 0.256407
vt 0.452666 0.982500
vt 0.725378 0.365273
vt 0.362684 0.972628
vt 0.386485 0.980348
vt 0.386984 0.949103
vt 0.796774 0.140410
vt 0.729922 0.102171
vt 0.743727 0.185541
vt 0.384955 0.905346
vt 0.362916 0.923012
vt 0.654720 0.165582
vt 0.658335 0.256407
vt 0.452666 0.982499
vt 0.725378 0.365273
vt 0.359260 0.968633
vt 0.386485 0.980348
vt 0.386984 0.949103
vt 0.797123 0.140491
vt 0.717567 0.102550
vt 0.742165 0.186482
vt 0.384955 0.905346
vt 0.362916 0.923012
vt 0.654296 0.164896
vt 0.657385 0.255319
vt 0.452666 0.982499
vt 0.725366 0.365249
vt 0.359986 0.968273
vt 0.386485 0.980348
vt 0.386984 0.949103
vt 0.796774 0.140410
vt 0.718184 0.103597
vt 0.743727 0.185541
vt 0.384955 0.905346
vt 0.362916 0.923012
vt 0.654720 0.165582
vt 0.658335 0.256407
vt 0.452666 0.982499
vt 0.725378 0.365273
vt 0.386984 0.949103
vt 0.384955 0.905346
vt 0.758913 0.120548
vt 0.743727 0.185541
vt 0.372696 0.975462
vt 0.362916 0.923012
vt 0.654720 0.165582
vt 0.658335 0.256407
vt 0.452666 0.982499
vt 0.725378 0.365273
vt 0.403919 0.947810
vt 0.399678 0.894353
vt 0.788812 0.153666
vt 0.766842 0.222148
vt 0.389467 0.973406
vt 0.362916 0.923012
vt 0.654720 0.165582
vt 0.663732 0.299157
vt 0.452666 0.982499
vt 0.725378 0.365273
vt 0.424225 0.970351
vt 0.388573 0.905938
vt 0.650267 0.164053
vt 0.688297 0.305184
vt 0.696824 0.798867
vt 0.355204 0.500341
vt 0.293776 0.446600
vt 0.270211 0.287772
vt 0.830019 0.756234
vt 0.284273 0.280434
vt 0.558287 0.983357
vt 0.524486 0.983126
vt 0.554940 0.983596
vt 0.524486 0.983126
vt 0.554941 0.983597
vt 0.524486 0.983125
vt 0.809941 0.437784
vt 0.850594 0.486603
vt 0.808742 0.450745
vt 0.850593 0.486603
vt 0.808313 0.447307
vt 0.850593 0.486603
vt 0.841169 0.483144
vt 0.554940 0.983596
vt 0.524486 0.983126
vt 0.813246 0.446863
vt 0.850594 0.486602
vt 0.273803 0.273038
vt 0.554940 0.983597
vt 0.524486 0.983125
vt 0.684469 0.655268
vt 0.717809 0.649153
vt 0.658691 0.592042
vt 0.552869 0.974755
vt 0.524486 0.983126
vt 0.524486 0.983126
vt 0.537214 0.893025
vt 0.837482 0.478174
vt 0.795749 0.431155
vt 0.837482 0.478174
vt 0.802422 0.436561
vt 0.957544 0.408177
vt 0.957544 0.408177
vt 0.256741 0.819281
vt 0.282032 0.793375
vt 0.288367 0.811232
vt 0.315675 0.830848
vt 0.318192 0.746492
vt 0.292296 0.775058
vt 0.585081 0.311666
vt 0.609381 0.292701
vt 0.529714 0.245798
vt 0.508415 0.261124
vt 0.546120 0.127803
vt 0.618915 0.154043
vt 0.641167 0.115237
vt 0.548601 0.093148
vt 0.627772 0.231102
vt 0.550438 0.191224
vt 0.662583 0.071209
vt 0.573355 0.051428
vt 0.470313 0.211373
vt 0.449473 0.221817
vt 0.482911 0.077770
vt 0.485450 0.109974
vt 0.491505 0.167128
vt 0.502950 0.033914
vt 0.330683 0.148124
vt 0.316378 0.162241
vt 0.375550 0.197235
vt 0.397388 0.181422
vt 0.259114 0.126810
vt 0.277703 0.115506
vt 0.224772 0.083392
vt 0.344378 0.057656
vt 0.357053 0.081608
vt 0.423827 0.098716
vt 0.414612 0.068364
vt 0.292877 0.070466
vt 0.280032 0.045803
vt 0.227920 0.062612
vt 0.351347 0.121282
vt 0.422959 0.147498
vt 0.289914 0.096810
vt 0.343143 0.024055
vt 0.418952 0.025974
vt 0.819423 0.032215
vt 0.816975 0.071935
vt 0.859038 0.064436
vt 0.861261 0.027722
vt 0.906344 0.033902
vt 0.902661 0.063256
vt 0.928474 0.066835
vt 0.929881 0.047549
vt 0.791438 0.056309
vt 0.124440 0.406779
vt 0.081737 0.426669
vt 0.146482 0.423796
vt 0.227961 0.465048
vt 0.204673 0.430007
vt 0.230393 0.526906
vt 0.149244 0.616567
vt 0.209819 0.578168
vt 0.177053 0.595979
vt 0.103514 0.597925
vt 0.030160 0.552917
vt 0.049616 0.552551
vt 0.039014 0.488561
vt 0.023623 0.498332
vt 0.129278 0.503564
vt 0.160999 0.468565
vt 0.082005 0.476018
vt 0.173503 0.524369
vt 0.097619 0.542448
vt 0.065218 0.080262
vt 0.099932 0.106545
vt 0.343994 0.636459
vt 0.350258 0.631711
vt 0.253083 0.543767
vt 0.227463 0.632639
vt 0.583703 0.914611
vt 0.649675 0.904286
vt 0.661898 0.978250
vt 0.438100 0.738607
vt 0.447016 0.736342
vt 0.380172 0.761886
vt 0.315647 0.711143
vt 0.515603 0.838971
vt 0.555059 0.827211
vt 0.596377 0.859017
vt 0.919506 0.893834
vt 0.981596 0.981139
vt 0.987833 0.875557
vt 0.856076 0.984038
vt 0.872956 0.949503
vt 0.920714 0.898328
vt 0.986534 0.983821
vt 0.981723 0.885726
vt 0.869165 0.983051
vt 0.886394 0.949023
vt 0.919506 0.893835
vt 0.981596 0.981139
vt 0.987834 0.875559
vt 0.856077 0.984038
vt 0.872957 0.949504
vt 0.062135 0.181334
vt 0.074959 0.253357
vt 0.123859 0.246833
vt 0.119551 0.324232
vt 0.160208 0.313147
vt 0.108919 0.381988
vt 0.147470 0.396761
vt 0.044851 0.313076
vt 0.013828 0.233393
vt 0.745982 0.458442
vt 0.630405 0.579677
vt 0.105885 0.135446
vt 0.363333 0.593368
vt 0.491003 0.725382
vt 0.647211 0.857852
vt 0.381454 0.760649
vt 0.315859 0.709836
vt 0.019265 0.180380
vt 0.693118 0.624994
vn 0.54447 0.80487 0.23609
vn 0.63532 0.74222 -0.21327
vn 0.87260 0.02128 -0.48798
vn 0.05065 0.90229 0.42815
vn -0.19007 -0.82056 -0.53903
vn -0.14370 -0.91775 -0.37026
vn -0.13002 -0.89229 -0.43233
vn 0.02350 0.27109 -0.96227
vn 0.16190 0.98635 0.02995
vn -0.33113 0.70550 0.62659
vn -0.16394 -0.80959 -0.56364
vn -0.19581 -0.73306 -0.65137
vn -0.28158 -0.71552 -0.63933
vn 0.78338 0.59810 -0.16910
vn 0.88046 0.47412 -0.00000
vn 0.52599 0.85049 -0.00000
vn 0.64612 0.75449 -0.11521
vn 0.02350 0.27109 -0.96227
vn -0.22845 -0.75789 -0.61107
vn -0.32719 -0.94496 0.00000
vn 0.17922 -0.92859 -0.32495
vn 0.13524 -0.99081 0.00000
vn 0.27569 -0.96125 0.00000
vn 0.47715 -0.37981 -0.79251
vn -0.18818 -0.79294 -0.57952
vn -0.18702 -0.98236 0.00000
vn -0.13502 -0.99084 -0.00000
vn -0.18406 -0.82940 -0.52746
vn -0.31058 -0.85388 -0.41765
vn -0.31713 -0.94838 0.00000
vn -0.21936 -0.97564 -0.00000
vn -0.22845 -0.81350 -0.53482
vn 0.20678 -0.19423 -0.95891
vn 0.27569 -0.96125 0.00000
vn 0.02516 -0.99960 0.01305
vn 0.28462 0.68753 -0.66806
vn 0.21691 0.33562 -0.91668
vn 0.03403 0.65202 -0.75744
vn -0.28856 0.21516 -0.93297
vn -0.10875 -0.45134 -0.88570
vn 0.28434 -0.10796 -0.95263
vn 0.61191 0.32233 -0.72227
vn 0.18461 -0.88153 -0.43454
vn -0.08439 -0.97696 -0.19601
vn 0.05139 -0.15641 -0.98635
vn -0.40583 -0.30654 -0.86101
vn -0.30643 -0.95178 0.01482
vn -0.19567 -0.89791 -0.39431
vn -0.29629 0.73034 -0.61548
vn -0.13816 0.96349 -0.22934
vn -0.40583 -0.30654 -0.86101
vn -0.30643 -0.95178 0.01482
vn -0.29629 0.73034 -0.61548
vn -0.06659 -0.99778 0.00000
vn -0.09929 -0.87681 -0.47048
vn 0.47715 -0.37981 -0.79251
vn 0.41483 0.43898 -0.79701
vn 0.11074 0.79645 -0.59448
vn 0.72549 0.20509 -0.65696
vn -0.15856 0.36257 -0.91837
vn -0.24893 0.71942 -0.64844
vn 0.00246 0.60435 -0.79671
vn -0.22374 0.43927 -0.87005
vn -0.25487 0.72780 -0.63667
vn -0.09631 0.52269 -0.84706
vn -0.31961 0.58666 -0.74409
vn -0.24154 0.85781 -0.45367
vn -0.16288 0.52676 -0.83426
vn -0.22845 -0.81350 -0.53482
vn -0.13445 -0.86621 -0.48125
vn -0.31639 0.16205 -0.93469
vn -0.18406 -0.82940 -0.52746
vn -0.08440 -0.87814 -0.47090
vn -0.39038 0.18330 -0.90222
vn 0.17922 -0.92859 -0.32495
vn 0.24743 -0.94313 -0.22199
vn 0.57724 -0.08373 -0.81227
vn 0.00246 0.60435 -0.79671
vn -0.24893 0.71942 -0.64844
vn -0.03623 0.99846 0.04199
vn -0.25273 0.29106 -0.92272
vn -0.09631 0.52269 -0.84706
vn -0.25487 0.72780 -0.63667
vn 0.00013 1.00000 0.00027
vn -0.39038 0.18330 -0.90222
vn -0.16288 0.52676 -0.83426
vn -0.24154 0.85781 -0.45367
vn 0.04676 0.99883 0.01258
vn -0.31639 0.16205 -0.93469
vn -0.23552 0.48706 -0.84101
vn -0.24283 0.69889 -0.67274
vn -0.10888 0.49251 -0.86347
vn -0.18818 -0.79294 -0.57952
vn -0.14835 -0.84900 -0.50714
vn -0.25047 0.16602 -0.95378
vn -0.10888 0.49251 -0.86347
vn -0.24283 0.69889 -0.67274
vn 0.02791 0.99745 -0.06572
vn -0.25047 0.16602 -0.95378
vn -0.56891 -0.22604 -0.79072
vn -0.33777 -0.94123 0.00000
vn -0.31058 -0.85388 -0.41765
vn -0.18579 -0.85776 -0.47929
vn -0.56891 -0.22604 -0.79072
vn -0.21274 0.77536 -0.59461
vn -0.07266 0.41621 -0.90636
vn 0.00132 0.79200 -0.61052
vn 0.00445 0.35523 -0.93477
vn 0.15925 0.31849 -0.93446
vn 0.25174 0.35063 -0.90204
vn 0.27766 0.50474 -0.81740
vn -0.18274 0.75806 -0.62606
vn 0.07654 0.62573 -0.77627
vn -0.12619 0.76138 -0.63591
vn -0.25273 0.29106 -0.92272
vn -0.09929 -0.87681 -0.47048
vn -0.01743 -0.88604 -0.46328
vn -0.00191 0.31668 -0.94853
vn 0.01831 -0.87708 -0.47999
vn 0.06355 -0.91824 -0.39090
vn 0.17922 -0.92859 -0.32495
vn 0.57724 -0.08373 -0.81227
vn 0.16728 -0.95259 -0.25415
vn 0.17922 -0.92859 -0.32495
vn 0.44303 -0.04266 -0.89549
vn 0.02614 -0.90850 -0.41707
vn 0.57724 -0.08373 -0.81227
vn 0.15925 0.31849 -0.93446
vn 0.27766 0.50474 -0.81740
vn 0.04764 0.99317 -0.10655
vn 0.44303 -0.04266 -0.89549
vn 0.07288 0.56277 -0.82339
vn 0.23181 0.62328 -0.74685
vn 0.09672 0.99513 0.01923
vn -0.25273 0.29106 -0.92272
vn 0.00082 0.99910 0.04242
vn -0.18274 0.75806 -0.62606
vn 0.00246 0.60435 -0.79671
vn -0.00191 0.31668 -0.94853
vn 0.03541 0.99814 0.04962
vn -0.12619 0.76138 -0.63591
vn 0.07654 0.62573 -0.77627
vn 0.15679 -0.92955 -0.33369
vn -0.99004 0.00464 -0.14073
vn -0.10528 0.98703 0.12122
vn 0.91344 0.06955 -0.40099
vn 0.04573 0.98808 0.14698
vn 0.90662 -0.03770 -0.42027
vn -0.03716 -0.95191 -0.30411
vn -0.76767 -0.58040 -0.27171
vn -0.04742 0.99070 0.12753
vn 0.99605 0.04229 0.07809
vn 0.18295 -0.94961 -0.25448
vn -0.87600 -0.05566 -0.47909
vn 0.44303 -0.04266 -0.89549
vn -0.00797 0.99330 0.11526
vn 0.98131 0.03585 -0.18906
vn 0.25185 -0.18085 -0.95072
vn 0.16208 -0.94089 -0.29742
vn -0.98172 -0.03342 -0.18738
vn 0.11074 0.79645 -0.59448
vn 0.00553 0.99141 -0.13071
vn 0.97713 0.04714 -0.20733
vn 0.72549 0.20509 -0.65696
vn 0.04925 -0.99645 -0.06826
vn -0.76027 -0.26813 -0.59169
vn 0.08360 0.99024 0.11154
vn 0.89603 -0.07130 -0.43823
vn -0.05196 -0.95008 -0.30764
vn -0.99052 0.00602 -0.13724
vn 0.02763 0.99355 0.10998
vn 0.73764 0.06205 -0.67233
vn -0.10429 -0.95178 -0.28851
vn -0.96829 0.13903 -0.20758
vn 0.04930 0.99257 0.11120
vn 0.98102 -0.06350 -0.18324
vn 0.15550 -0.94444 -0.28958
vn -0.97262 -0.03828 -0.22925
vn 0.25185 -0.18085 -0.95072
vn 0.15488 -0.93516 -0.31857
vn -0.98170 0.00595 -0.19034
vn -0.05609 0.99385 0.09551
vn 0.95238 0.06567 -0.29776
vn -0.00191 0.31668 -0.94853
vn 0.26555 0.00532 -0.96408
vn 0.97713 0.04714 -0.20733
vn 0.26555 0.00532 -0.96408
vn -0.76027 -0.26813 -0.59169
vn 0.50842 -0.03575 -0.86036
vn 0.12206 -0.97983 -0.15821
vn 0.95289 0.08658 -0.29071
vn 0.95289 0.08658 -0.29071
vn -0.06550 0.99751 -0.02609
vn 0.50842 -0.03575 -0.86036
vn -0.50522 -0.09167 -0.85811
vn 0.99605 0.04229 0.07809
vn -0.87600 -0.05566 -0.47909
vn -0.50522 -0.09167 -0.85811
vn 0.70120 -0.06196 -0.71027
vn 0.07817 -0.98463 -0.15616
vn 0.97459 0.00950 -0.22381
vn 0.97459 0.00950 -0.22381
vn -0.05742 0.99831 0.00898
vn 0.70120 -0.06196 -0.71027
vn -0.92672 -0.10377 -0.36113
vn -0.45857 -0.09627 -0.88343
vn -0.92672 -0.10377 -0.36113
vn -0.45857 -0.09627 -0.88343
vn 0.98102 -0.06350 -0.18324
vn -0.97262 -0.03828 -0.22925
vn 0.63794 -0.01325 -0.76997
vn 0.04960 -0.98508 -0.16479
vn 0.98028 0.06794 -0.18558
vn 0.98028 0.06794 -0.18558
vn -0.07214 0.99662 0.03930
vn 0.63794 -0.01325 -0.76997
vn -0.94382 -0.06688 -0.32363
vn -0.62858 -0.05150 -0.77604
vn -0.94382 -0.06688 -0.32363
vn -0.62858 -0.05150 -0.77604
vn 0.98131 0.03585 -0.18906
vn -0.98172 -0.03342 -0.18738
vn 0.62863 0.15137 -0.76283
vn 0.07150 -0.97851 -0.19341
vn 0.95782 0.16147 -0.23770
vn 0.95782 0.16147 -0.23770
vn -0.08662 0.99115 0.10064
vn 0.62863 0.15137 -0.76283
vn -0.97233 -0.02499 -0.23229
vn -0.63898 0.03219 -0.76855
vn -0.97233 -0.02499 -0.23229
vn -0.63898 0.03219 -0.76855
vn 0.95238 0.06567 -0.29776
vn -0.98170 0.00595 -0.19034
vn 0.24440 0.08905 -0.96558
vn 0.09756 -0.97555 -0.19692
vn 0.91705 0.19535 -0.34765
vn 0.91705 0.19535 -0.34765
vn -0.14208 0.98591 0.08830
vn 0.24440 0.08905 -0.96558
vn -0.97048 -0.08620 -0.22525
vn -0.71804 -0.07316 -0.69215
vn -0.97048 -0.08620 -0.22525
vn -0.71804 -0.07316 -0.69215
vn 0.91344 0.06955 -0.40099
vn -0.99004 0.00464 -0.14073
vn -0.04138 -0.97754 -0.20665
vn -0.97417 -0.03584 -0.22295
vn 0.68739 -0.01704 -0.72609
vn -0.06909 0.99407 0.08400
vn 0.68739 -0.01704 -0.72609
vn -0.45111 -0.03479 -0.89179
vn -0.97417 -0.03584 -0.22295
vn -0.45111 -0.03479 -0.89179
vn 0.89603 -0.07130 -0.43823
vn -0.99052 0.00602 -0.13724
vn 0.01360 -0.98502 -0.17189
vn -0.42984 0.89944 0.07899
vn 0.80288 -0.01117 -0.59604
vn -0.05491 0.99821 0.02378
vn 0.80288 -0.01117 -0.59604
vn -0.26734 -0.10077 -0.95832
vn -0.42984 0.89944 0.07899
vn -0.26734 -0.10077 -0.95832
vn 0.90662 -0.03770 -0.42027
vn -0.76767 -0.58040 -0.27171
vn 0.73764 0.06205 -0.67233
vn -0.39495 0.08961 -0.91432
vn -0.96829 0.13903 -0.20758
vn -0.39495 0.08961 -0.91432
vn 0.21526 0.70821 -0.67239
vn -0.28558 0.80670 -0.51737
vn -0.30678 0.82861 -0.46830
vn -0.33872 0.94089 0.00000
vn -0.22636 0.97404 -0.00000
vn -0.27237 0.65237 -0.70726
vn 0.47715 -0.37981 -0.79251
vn -0.56891 -0.22604 -0.79072
vn -0.18818 -0.79294 -0.57952
vn -0.25047 0.16602 -0.95378
vn -0.09929 -0.87681 -0.47048
vn -0.25273 0.29106 -0.92272
vn 0.47715 -0.37981 -0.79251
vn 0.72549 0.20509 -0.65696
vn 0.15925 0.31849 -0.93446
vn 0.57724 -0.08373 -0.81227
vn -0.09631 0.52269 -0.84706
vn -0.39038 0.18330 -0.90222
vn -0.10888 0.49251 -0.86347
vn -0.25047 0.16602 -0.95378
vn -0.56891 -0.22604 -0.79072
vn -0.18406 -0.82940 -0.52746
vn -0.39038 0.18330 -0.90222
vn -0.16288 0.52676 -0.83426
vn -0.31639 0.16205 -0.93469
vn -0.03419 0.99942 -0.00000
vn -0.56891 -0.22604 -0.79072
vn -0.22845 -0.81350 -0.53482
vn -0.31639 0.16205 -0.93469
vn 0.10594 0.40268 -0.90919
vn 0.07288 0.56277 -0.82339
vn 0.09206 0.78154 -0.61702
vn 0.01831 -0.87708 -0.47999
vn -0.00191 0.31668 -0.94853
vn 0.25185 -0.18085 -0.95072
vn 0.01831 -0.87708 -0.47999
vn 0.07288 0.56277 -0.82339
vn 0.44303 -0.04266 -0.89549
vn 0.09206 0.78154 -0.61702
vn 0.25185 -0.18085 -0.95072
vn 0.07654 0.62573 -0.77627
vn 0.09206 0.78154 -0.61702
vn 0.09828 0.99516 -0.00000
vn 0.28368 0.95892 0.00000
vn 0.54781 0.76967 -0.32788
vn 0.14246 -0.75942 0.63482
vn 0.91964 -0.04454 0.39022
vn 0.49586 0.44364 0.74653
vn 0.96831 -0.24975 0.00000
vn 0.74260 -0.66973 0.00286
vn 0.86566 -0.50064 0.00000
vn 0.41570 -0.90357 0.10375
vn -0.08439 -0.97696 -0.19601
vn -0.35632 -0.92686 -0.11818
vn -0.24182 -0.18536 -0.95245
vn 0.05139 -0.15641 -0.98635
vn 0.38695 0.11145 0.91534
vn -0.07549 -0.71107 0.69905
vn 0.14246 -0.75942 0.63482
vn 0.49586 0.44364 0.74653
vn 0.31581 0.91434 -0.25347
vn 0.54781 0.76967 -0.32788
vn -0.35632 -0.92686 -0.11818
vn -0.08439 -0.97696 -0.19601
vn -0.25554 -0.20740 -0.94429
vn -0.53310 -0.84605 0.00080
vn -0.11723 -0.50967 0.85234
vn 0.53955 0.44951 0.71191
vn 0.44643 0.72830 -0.51988
vn -0.53310 -0.84605 0.00080
vn -0.35294 -0.23709 -0.90511
vn -0.32812 -0.20234 -0.92271
vn -0.72104 -0.67802 0.14283
vn -0.80393 -0.56696 0.17957
vn -0.51921 -0.51552 0.68166
vn 0.49196 -0.84534 -0.20825
vn -0.51965 -0.45246 -0.72474
vn -0.09412 -0.35638 0.92959
vn -0.22431 -0.37826 0.89811
vn 0.67101 0.36636 0.64462
vn 0.79060 0.17274 0.58746
vn 0.84665 0.08504 0.52531
vn 0.49196 -0.84534 -0.20825
vn -0.51921 -0.51552 0.68166
vn 0.70456 0.36953 -0.60585
vn 0.58232 0.55510 -0.59394
vn 0.72987 0.15780 -0.66512
vn -0.80393 -0.56696 0.17957
vn -0.72104 -0.67802 0.14283
vn 0.10511 0.99446 -0.00000
vn 0.64612 0.75449 -0.11521
vn -0.13816 0.96349 -0.22934
vn -0.51720 0.37014 0.77169
vn 0.76834 -0.43857 0.46616
vn -0.28856 0.21516 -0.93297
vn -0.45457 -0.81809 0.35228
vn 0.61191 0.32233 -0.72227
vn 0.76834 -0.43857 0.46616
vn 0.61191 0.32233 -0.72227
vn 0.76834 -0.43857 0.46616
vn 0.56629 0.29819 0.76838
vn 0.97352 0.04375 0.22438
vn 0.02594 0.30241 0.95283
vn -0.51720 0.37014 0.77169
vn -0.72911 0.39394 0.55966
vn -0.45457 -0.81809 0.35228
vn -0.96250 0.04357 -0.26775
vn -0.51720 0.37014 0.77169
vn -0.63081 -0.54561 -0.55171
vn -0.45457 -0.81809 0.35228
vn 0.02590 -0.81295 -0.58176
vn 0.66420 -0.72084 -0.19806
vn 0.76834 -0.43857 0.46616
vn 0.19343 0.68985 -0.69763
vn 0.70751 0.34098 -0.61900
vn 0.34158 0.92887 -0.14324
vn -0.40881 0.76407 -0.49906
vn 0.01121 0.21760 -0.97597
vn -0.64073 0.76726 0.02798
vn -0.99966 0.02595 -0.00000
vn -0.32411 -0.94602 0.00000
vn -0.22845 -0.75789 -0.61107
vn 0.37193 0.88247 0.28796
vn 0.45803 0.85347 -0.24858
vn 0.78092 0.10358 -0.61599
vn -0.07708 0.88137 0.46610
vn -0.09660 -0.80511 -0.58520
vn -0.00590 -0.90761 -0.41977
vn -0.01138 -0.88802 -0.45967
vn 0.16190 0.98635 0.02995
vn -0.22845 -0.75789 -0.61107
vn -0.64073 0.76726 0.02798
vn 0.07235 0.75061 0.65677
vn -0.14274 -0.77825 -0.61152
vn -0.17919 -0.69776 -0.69356
vn -0.19581 -0.73306 -0.65137
vn -0.86911 0.45153 0.20194
vn 0.46588 -0.55918 0.68577
vn 0.05161 -0.98812 -0.14473
vn 0.46588 -0.55918 0.68577
vn -0.04507 -0.66246 -0.74774
vn -0.83999 0.43693 0.32173
vn 0.49021 -0.57433 0.65563
vn -0.12790 -0.99029 -0.05444
vn 0.49021 -0.57433 0.65563
vn -0.17254 -0.65279 -0.73763
vn -0.82049 0.41056 0.39780
vn 0.55753 -0.51633 0.65005
vn -0.12941 -0.98460 0.11756
vn 0.55753 -0.51633 0.65005
vn -0.21984 -0.69441 -0.68517
vn 0.41570 -0.90357 0.10375
vn 0.18461 -0.88153 -0.43454
vn 0.34890 -0.93444 -0.07132
vn -0.19567 -0.89791 -0.39431
vn 0.11794 -0.98921 -0.08696
vn -0.30643 -0.95178 0.01482
vn -0.00013 -1.00000 -0.00099
vn 0.17775 -0.98403 -0.00954
vn 0.35206 -0.93593 -0.00963
vn 0.01831 -0.87708 -0.47999
vn 0.04928 -0.99878 0.00000
vn 0.16190 0.98635 0.02995
vn -0.32089 0.94712 -0.00000
vn -0.32914 0.94428 0.00000
vn -0.35909 0.93330 0.00000
vn -0.20614 0.97852 0.00000
vn 0.00225 1.00000 0.00000
vn 0.21401 0.97683 0.00000
vn -0.16272 0.98667 0.00000
vn -0.22845 -0.75789 -0.61107
vn -0.33113 0.70550 0.62659
vn 0.74260 -0.66973 0.00286
vn 0.23181 0.62328 -0.74685
vn -0.32411 -0.94602 0.00000
vn 0.21856 -0.97582 0.00000
vn 0.07585 -0.99712 -0.00000
vn 0.35211 -0.93596 -0.00000
vn 0.66095 -0.75043 0.00000
vn 0.15821 -0.98741 0.00000
vn 0.28368 0.95892 0.00000
vn -0.16272 0.98667 0.00000
vn 0.06224 -0.99806 0.00000
vn -0.30457 -0.95249 0.00000
vn -0.28900 -0.95733 0.00000
vn -0.28900 -0.95733 0.00000
vn 0.80135 -0.59820 0.00000
vn -0.30457 -0.95249 0.00000
vn 0.66095 -0.75043 0.00000
vn 0.54447 0.80487 -0.23609
vn 0.87260 0.02128 0.48798
vn 0.63532 0.74222 0.21327
vn 0.05065 0.90229 -0.42815
vn -0.19007 -0.82056 0.53903
vn -0.13002 -0.89229 0.43233
vn -0.14370 -0.91775 0.37026
vn 0.02350 0.27109 0.96227
vn 0.16190 0.98635 -0.02995
vn -0.33113 0.70550 -0.62659
vn -0.28158 -0.71552 0.63933
vn -0.19581 -0.73306 0.65137
vn -0.16394 -0.80959 0.56364
vn 0.78338 0.59810 0.16910
vn 0.64612 0.75449 0.11521
vn 0.02350 0.27109 0.96227
vn -0.22845 -0.75789 0.61107
vn 0.17922 -0.92859 0.32496
vn 0.47715 -0.37981 0.79251
vn -0.18818 -0.79294 0.57952
vn -0.18406 -0.82940 0.52746
vn -0.31058 -0.85388 0.41765
vn -0.22845 -0.81350 0.53482
vn 0.20678 -0.19423 0.95891
vn 0.02516 -0.99960 -0.01305
vn 0.28462 0.68753 0.66806
vn 0.03403 0.65202 0.75744
vn 0.21691 0.33562 0.91668
vn -0.28856 0.21516 0.93297
vn 0.61191 0.32233 0.72227
vn 0.28434 -0.10796 0.95263
vn -0.10875 -0.45134 0.88570
vn 0.18461 -0.88153 0.43454
vn 0.05139 -0.15641 0.98635
vn -0.08439 -0.97696 0.19601
vn -0.40583 -0.30654 0.86101
vn -0.19567 -0.89791 0.39431
vn -0.30643 -0.95178 -0.01482
vn -0.29629 0.73034 0.61548
vn -0.13816 0.96349 0.22934
vn -0.40583 -0.30654 0.86101
vn -0.30643 -0.95178 -0.01482
vn -0.29629 0.73034 0.61548
vn -0.09929 -0.87681 0.47048
vn 0.47715 -0.37981 0.79251
vn 0.41482 0.43898 0.79701
vn 0.72549 0.20509 0.65696
vn 0.11074 0.79645 0.59448
vn -0.15856 0.36257 0.91837
vn 0.00246 0.60435 0.79671
vn -0.24893 0.71942 0.64844
vn -0.22374 0.43927 0.87005
vn -0.09631 0.52269 0.84706
vn -0.25487 0.72780 0.63667
vn -0.31961 0.58666 0.74409
vn -0.16288 0.52676 0.83426
vn -0.24154 0.85781 0.45367
vn -0.22845 -0.81350 0.53482
vn -0.31639 0.16205 0.93469
vn -0.13445 -0.86621 0.48125
vn -0.18406 -0.82940 0.52746
vn -0.39038 0.18330 0.90222
vn -0.08440 -0.87814 0.47090
vn 0.17922 -0.92859 0.32496
vn 0.57724 -0.08373 0.81227
vn 0.24743 -0.94313 0.22199
vn 0.00246 0.60435 0.79671
vn -0.25273 0.29106 0.92272
vn -0.03623 0.99846 -0.04199
vn -0.24893 0.71942 0.64844
vn -0.09631 0.52269 0.84706
vn -0.39038 0.18330 0.90222
vn 0.00013 1.00000 -0.00027
vn -0.25487 0.72780 0.63667
vn -0.16288 0.52676 0.83426
vn -0.31639 0.16205 0.93469
vn 0.04676 0.99883 -0.01258
vn -0.24154 0.85781 0.45367
vn -0.23552 0.48706 0.84101
vn -0.10888 0.49251 0.86347
vn -0.24283 0.69889 0.67274
vn -0.18818 -0.79294 0.57952
vn -0.25047 0.16602 0.95378
vn -0.14835 -0.84900 0.50714
vn -0.10888 0.49251 0.86347
vn -0.25047 0.16602 0.95378
vn 0.02791 0.99745 0.06573
vn -0.24283 0.69889 0.67274
vn -0.56891 -0.22604 0.79072
vn -0.31058 -0.85388 0.41765
vn -0.56891 -0.22604 0.79072
vn -0.18579 -0.85777 0.47929
vn -0.21274 0.77536 0.59461
vn 0.00132 0.79200 0.61052
vn -0.07266 0.41621 0.90636
vn 0.00445 0.35523 0.93477
vn 0.15925 0.31849 0.93446
vn 0.27766 0.50474 0.81740
vn 0.25174 0.35063 0.90204
vn -0.18274 0.75806 0.62606
vn 0.07654 0.62573 0.77627
vn -0.12619 0.76138 0.63591
vn -0.25273 0.29106 0.92272
vn -0.01743 -0.88604 0.46328
vn -0.09929 -0.87681 0.47048
vn -0.00191 0.31668 0.94853
vn 0.06355 -0.91824 0.39090
vn 0.01831 -0.87708 0.47999
vn 0.17922 -0.92859 0.32496
vn 0.16728 -0.95259 0.25415
vn 0.57724 -0.08373 0.81227
vn 0.17922 -0.92859 0.32496
vn 0.02614 -0.90850 0.41707
vn 0.44303 -0.04266 0.89549
vn 0.57724 -0.08373 0.81227
vn 0.04764 0.99317 0.10655
vn 0.27766 0.50474 0.81740
vn 0.15925 0.31849 0.93446
vn 0.44303 -0.04266 0.89549
vn 0.09672 0.99513 -0.01923
vn 0.23181 0.62328 0.74685
vn 0.07288 0.56277 0.82339
vn -0.25273 0.29106 0.92272
vn 0.00246 0.60435 0.79671
vn -0.18274 0.75806 0.62606
vn 0.00082 0.99910 -0.04242
vn -0.00191 0.31668 0.94853
vn 0.07654 0.62573 0.77627
vn -0.12619 0.76138 0.63591
vn 0.03541 0.99814 -0.04962
vn -0.99004 0.00464 0.14073
vn 0.15679 -0.92955 0.33369
vn 0.91344 0.06955 0.40099
vn -0.10528 0.98703 -0.12122
vn 0.90662 -0.03770 0.42027
vn 0.04573 0.98808 -0.14698
vn -0.76767 -0.58040 0.27171
vn -0.03716 -0.95191 0.30411
vn 0.99605 0.04229 -0.07809
vn -0.04742 0.99070 -0.12753
vn 0.44303 -0.04266 0.89549
vn -0.87600 -0.05566 0.47909
vn 0.18295 -0.94961 0.25448
vn 0.25185 -0.18085 0.95072
vn 0.98131 0.03585 0.18906
vn -0.00798 0.99330 -0.11526
vn -0.98172 -0.03342 0.18738
vn 0.16208 -0.94089 0.29742
vn 0.11074 0.79645 0.59448
vn 0.72549 0.20509 0.65696
vn 0.97713 0.04714 0.20733
vn 0.00553 0.99141 0.13071
vn -0.76027 -0.26813 0.59169
vn 0.04925 -0.99645 0.06826
vn 0.89603 -0.07130 0.43823
vn 0.08360 0.99024 -0.11154
vn -0.99052 0.00602 0.13724
vn -0.05196 -0.95008 0.30764
vn 0.73764 0.06205 0.67233
vn 0.02763 0.99355 -0.10998
vn -0.96829 0.13903 0.20758
vn -0.10429 -0.95178 0.28851
vn 0.98102 -0.06350 0.18324
vn 0.04930 0.99257 -0.11120
vn 0.25185 -0.18085 0.95072
vn -0.97262 -0.03828 0.22925
vn 0.15550 -0.94444 0.28958
vn -0.98170 0.00595 0.19034
vn 0.15488 -0.93516 0.31857
vn -0.00191 0.31668 0.94853
vn 0.95238 0.06567 0.29776
vn -0.05609 0.99385 -0.09551
vn 0.26555 0.00532 0.96408
vn 0.97713 0.04714 0.20733
vn 0.26555 0.00532 0.96408
vn -0.76027 -0.26813 0.59169
vn 0.50842 -0.03575 0.86036
vn 0.95289 0.08658 0.29071
vn 0.12206 -0.97983 0.15821
vn 0.95289 0.08658 0.29071
vn 0.50842 -0.03575 0.86036
vn -0.06550 0.99751 0.02609
vn -0.50522 -0.09167 0.85811
vn 0.99605 0.04229 -0.07809
vn -0.50522 -0.09167 0.85811
vn -0.87600 -0.05566 0.47909
vn 0.70120 -0.06196 0.71027
vn 0.97459 0.00950 0.22381
vn 0.07817 -0.98463 0.15616
vn 0.97459 0.00950 0.22381
vn 0.70120 -0.06196 0.71027
vn -0.05742 0.99831 -0.00898
vn -0.92672 -0.10377 0.36113
vn -0.45857 -0.09627 0.88343
vn -0.45857 -0.09627 0.88343
vn -0.92672 -0.10377 0.36113
vn 0.98102 -0.06350 0.18324
vn -0.97262 -0.03828 0.22925
vn 0.63794 -0.01325 0.76997
vn 0.98028 0.06794 0.18558
vn 0.04960 -0.98508 0.16479
vn 0.98028 0.06794 0.18558
vn 0.63794 -0.01325 0.76997
vn -0.07214 0.99662 -0.03930
vn -0.94382 -0.06688 0.32363
vn -0.62858 -0.05150 0.77604
vn -0.62858 -0.05150 0.77604
vn -0.94382 -0.06688 0.32363
vn 0.98131 0.03585 0.18906
vn -0.98172 -0.03342 0.18738
vn 0.62863 0.15137 0.76283
vn 0.95782 0.16147 0.23770
vn 0.07150 -0.97851 0.19341
vn 0.95782 0.16147 0.23770
vn 0.62863 0.15137 0.76283
vn -0.08662 0.99115 -0.10064
vn -0.97233 -0.02499 0.23229
vn -0.63898 0.03219 0.76855
vn -0.63898 0.03219 0.76855
vn -0.97233 -0.02499 0.23229
vn 0.95238 0.06567 0.29776
vn -0.98170 0.00595 0.19034
vn 0.24440 0.08905 0.96558
vn 0.91705 0.19535 0.34765
vn 0.09756 -0.97555 0.19692
vn 0.91705 0.19535 0.34765
vn 0.24440 0.08905 0.96558
vn -0.14208 0.98591 -0.08830
vn -0.97048 -0.08620 0.22525
vn -0.71804 -0.07316 0.69215
vn -0.71804 -0.07316 0.69215
vn -0.97048 -0.08620 0.22525
vn 0.91344 0.06955 0.40099
vn -0.99004 0.00464 0.14073
vn -0.04138 -0.97754 0.20665
vn -0.97417 -0.03584 0.22295
vn 0.68739 -0.01704 0.72608
vn -0.06909 0.99407 -0.08400
vn 0.68739 -0.01704 0.72608
vn -0.45111 -0.03479 0.89179
vn -0.45111 -0.03479 0.89179
vn -0.97417 -0.03584 0.22295
vn 0.89603 -0.07130 0.43823
vn -0.99052 0.00602 0.13724
vn 0.01360 -0.98502 0.17189
vn -0.42984 0.89944 -0.07899
vn 0.80288 -0.01117 0.59604
vn -0.05491 0.99821 -0.02378
vn 0.80288 -0.01117 0.59604
vn -0.26734 -0.10077 0.95832
vn -0.26734 -0.10077 0.95832
vn -0.42984 0.89944 -0.07899
vn 0.90662 -0.03770 0.42027
vn -0.76767 -0.58040 0.27171
vn 0.73764 0.06205 0.67233
vn -0.39495 0.08961 0.91432
vn -0.39495 0.08961 0.91432
vn -0.96829 0.13903 0.20758
vn 0.21526 0.70821 0.67239
vn -0.28558 0.80670 0.51737
vn -0.30678 0.82861 0.46830
vn -0.27237 0.65237 0.70726
vn 0.47715 -0.37981 0.79251
vn -0.56891 -0.22604 0.79072
vn -0.18818 -0.79294 0.57952
vn -0.25047 0.16602 0.95378
vn -0.09929 -0.87681 0.47048
vn -0.25273 0.29106 0.92272
vn 0.47715 -0.37981 0.79251
vn 0.72549 0.20509 0.65696
vn 0.57724 -0.08373 0.81227
vn 0.15925 0.31849 0.93446
vn -0.39038 0.18330 0.90222
vn -0.09631 0.52269 0.84706
vn -0.25047 0.16602 0.95378
vn -0.10888 0.49251 0.86347
vn -0.56891 -0.22604 0.79072
vn -0.18406 -0.82940 0.52746
vn -0.39038 0.18330 0.90222
vn -0.31639 0.16205 0.93469
vn -0.16288 0.52676 0.83426
vn -0.56891 -0.22604 0.79072
vn -0.22845 -0.81350 0.53482
vn -0.31639 0.16205 0.93469
vn 0.10594 0.40268 0.90919
vn 0.07288 0.56277 0.82339
vn 0.09206 0.78154 0.61702
vn 0.01831 -0.87708 0.47999
vn -0.00191 0.31668 0.94853
vn 0.25185 -0.18085 0.95072
vn 0.01831 -0.87708 0.47999
vn 0.07288 0.56277 0.82339
vn 0.44303 -0.04266 0.89549
vn 0.09206 0.78154 0.61702
vn 0.25185 -0.18085 0.95072
vn 0.07654 0.62573 0.77627
vn 0.09206 0.78154 0.61702
vn 0.54781 0.76967 0.32788
vn 0.14246 -0.75942 -0.63482
vn 0.49586 0.44364 -0.74653
vn 0.91964 -0.04454 -0.39022
vn 0.74260 -0.66973 -0.00285
vn 0.41570 -0.90357 -0.10375
vn -0.08439 -0.97696 0.19601
vn 0.05139 -0.15641 0.98635
vn -0.24182 -0.18536 0.95245
vn -0.35632 -0.92686 0.11818
vn 0.38695 0.11145 -0.91534
vn 0.49586 0.44364 -0.74653
vn 0.14246 -0.75942 -0.63482
vn -0.07549 -0.71107 -0.69905
vn 0.54781 0.76967 0.32788
vn 0.31581 0.91434 0.25347
vn -0.08439 -0.97696 0.19601
vn -0.35632 -0.92686 0.11818
vn -0.25554 -0.20740 0.94429
vn -0.53310 -0.84605 -0.00080
vn -0.11723 -0.50968 -0.85234
vn 0.53955 0.44951 -0.71191
vn 0.44643 0.72830 0.51988
vn -0.53310 -0.84605 -0.00080
vn -0.35293 -0.23709 0.90511
vn -0.80393 -0.56696 -0.17957
vn -0.72104 -0.67802 -0.14283
vn -0.32812 -0.20234 0.92271
vn -0.51921 -0.51552 -0.68166
vn -0.51965 -0.45246 0.72474
vn 0.49196 -0.84534 0.20825
vn -0.09412 -0.35638 -0.92959
vn 0.79060 0.17274 -0.58746
vn 0.67100 0.36636 -0.64462
vn -0.22431 -0.37826 -0.89811
vn 0.84665 0.08504 -0.52531
vn -0.51921 -0.51552 -0.68166
vn 0.49196 -0.84534 0.20825
vn 0.70456 0.36953 0.60585
vn 0.58232 0.55510 0.59394
vn 0.72987 0.15780 0.66512
vn -0.80393 -0.56696 -0.17957
vn -0.72104 -0.67802 -0.14283
vn 0.64612 0.75449 0.11521
vn 0.76834 -0.43857 -0.46616
vn -0.51720 0.37014 -0.77169
vn -0.13816 0.96349 0.22934
vn -0.28856 0.21516 0.93297
vn -0.45457 -0.81809 -0.35228
vn 0.76834 -0.43857 -0.46616
vn 0.61191 0.32233 0.72227
vn 0.61191 0.32233 0.72227
vn 0.76834 -0.43857 -0.46616
vn 0.97352 0.04375 -0.22438
vn 0.56629 0.29819 -0.76838
vn 0.02594 0.30241 -0.95283
vn -0.51720 0.37014 -0.77169
vn -0.72911 0.39394 -0.55966
vn -0.45457 -0.81809 -0.35228
vn -0.51720 0.37014 -0.77169
vn -0.96250 0.04357 0.26775
vn -0.63081 -0.54561 0.55171
vn -0.45457 -0.81809 -0.35228
vn 0.02590 -0.81295 0.58176
vn 0.66420 -0.72084 0.19806
vn 0.76834 -0.43857 -0.46616
vn 0.19343 0.68985 0.69763
vn 0.34158 0.92887 0.14324
vn 0.70751 0.34098 0.61900
vn -0.40881 0.76407 0.49906
vn 0.01121 0.21760 0.97597
vn -0.64073 0.76726 -0.02798
vn -0.22845 -0.75789 0.61107
vn 0.37193 0.88247 -0.28796
vn 0.78092 0.10358 0.61599
vn 0.45803 0.85347 0.24858
vn -0.07708 0.88137 -0.46610
vn -0.09660 -0.80511 0.58520
vn -0.01138 -0.88802 0.45967
vn -0.00590 -0.90761 0.41977
vn 0.16190 0.98635 -0.02995
vn -0.22845 -0.75789 0.61107
vn -0.64073 0.76726 -0.02798
vn 0.07235 0.75061 -0.65677
vn -0.19581 -0.73306 0.65137
vn -0.17919 -0.69776 0.69356
vn -0.14274 -0.77825 0.61152
vn -0.86911 0.45153 -0.20194
vn 0.05161 -0.98812 0.14473
vn 0.46588 -0.55918 -0.68577
vn 0.46588 -0.55918 -0.68577
vn -0.04507 -0.66246 0.74774
vn -0.83999 0.43693 -0.32173
vn -0.12790 -0.99029 0.05443
vn 0.49021 -0.57432 -0.65563
vn 0.49021 -0.57432 -0.65563
vn -0.17254 -0.65279 0.73763
vn -0.82049 0.41056 -0.39780
vn -0.12941 -0.98460 -0.11756
vn 0.55753 -0.51633 -0.65005
vn 0.55753 -0.51633 -0.65005
vn -0.21984 -0.69441 0.68517
vn 0.41570 -0.90357 -0.10375
vn 0.34890 -0.93444 0.07132
vn 0.18461 -0.88153 0.43454
vn 0.11794 -0.98921 0.08696
vn -0.19567 -0.89791 0.39431
vn -0.00013 -1.00000 0.00099
vn -0.30643 -0.95178 -0.01482
vn 0.17775 -0.98403 0.00954
vn 0.35206 -0.93593 0.00963
vn 0.04928 -0.99878 0.00000
vn 0.01831 -0.87708 0.47999
vn 0.16190 0.98635 -0.02995
vn -0.20614 0.97852 0.00000
vn 0.00225 1.00000 0.00000
vn 0.21401 0.97683 0.00000
vn -0.22845 -0.75789 0.61107
vn -0.33113 0.70550 -0.62659
vn 0.74260 -0.66973 -0.00285
vn 0.23181 0.62328 0.74685
f 10/10/10 4/4/4 1/1/1
f 1/1/1 8/8/8 9/9/9
f 9/9/9 10/10/10 1/1/1
f 8/8/8 1/1/1 3/3/3
f 4/4/4 2/2/2 1/1/1
f 1/1/1 2/2/2 3/3/3
f 441/441/441 442/442/442 9/9/9
f 5/5/5 7/7/7 11/11/11
f 12/12/12 13/13/13 5/5/5
f 5/5/5 11/11/11 12/12/12
f 5/5/5 6/6/6 7/7/7
f 403/403/403 396/396/396 393/393/393
f 393/393/393 400/400/400 402/402/402
f 402/402/402 403/403/403 393/393/393
f 400/400/400 393/393/393 395/395/395
f 396/396/396 394/394/394 393/393/393
f 393/393/393 394/394/394 395/395/395
f 395/395/395 401/401/401 400/400/400
f 840/840/840 830/830/830 833/833/833
f 830/830/830 840/840/840 839/839/839
f 839/839/839 837/837/837 830/830/830
f 831/831/831 830/830/830 837/837/837
f 833/833/833 830/830/830 832/832/832
f 830/830/830 831/831/831 832/832/832
f 837/837/837 838/838/838 831/831/831
f 41/41/41 45/45/45 315/315/315
f 315/315/315 42/42/42 41/41/41
f 41/41/41 42/42/42 39/39/39
f 39/39/39 40/40/40 41/41/41
f 39/39/39 46/46/46 40/40/40
f 48/48/48 40/40/40 46/46/46
f 46/46/46 47/47/47 48/48/48
f 49/49/49 46/46/46 39/39/39
f 39/39/39 50/50/50 49/49/49
f 452/452/452 49/49/49 50/50/50
f 50/50/50 360/360/360 452/452/452
f 499/499/499 498/498/498 452/452/452
f 452/452/452 360/360/360 499/499/499
f 498/498/498 499/499/499 488/488/488
f 488/488/488 495/495/495 498/498/498
f 488/488/488 491/491/491 495/495/495
f 490/490/490 491/491/491 488/488/488
f 488/488/488 489/489/489 490/490/490
f 496/496/496 497/497/497 495/495/495
f 495/495/495 491/491/491 496/496/496
f 492/492/492 496/496/496 491/491/491
f 491/491/491 490/490/490 492/492/492
f 757/757/757 493/493/493 490/490/490
f 490/490/490 489/489/489 757/757/757
f 492/492/492 490/490/490 493/493/493
f 762/762/762 492/492/492 494/494/494
f 493/493/493 494/494/494 492/492/492
f 494/494/494 758/758/758 762/762/762
f 454/454/454 455/455/455 497/497/497
f 454/454/454 47/47/47 455/455/455
f 342/342/342 335/335/335 336/336/336
f 336/336/336 343/343/343 342/342/342
f 341/341/341 342/342/342 343/343/343
f 341/341/341 347/347/347 357/357/357
f 347/347/347 341/341/341 344/344/344
f 343/343/343 344/344/344 341/341/341
f 347/347/347 346/346/346 357/357/357
f 345/345/345 346/346/346 347/347/347
f 344/344/344 345/345/345 347/347/347
f 324/324/324 336/336/336 335/335/335
f 340/340/340 333/333/333 328/328/328
f 333/333/333 334/334/334 329/329/329
f 329/329/329 328/328/328 333/333/333
f 469/469/469 460/460/460 463/463/463
f 460/460/460 469/469/469 468/468/468
f 468/468/468 467/467/467 460/460/460
f 467/467/467 461/461/461 460/460/460
f 463/463/463 460/460/460 462/462/462
f 460/460/460 461/461/461 462/462/462
f 874/874/874 468/468/468 875/875/875
f 536/536/536 537/537/537 534/534/534
f 534/534/534 535/535/535 536/536/536
f 717/717/717 736/736/736 536/536/536
f 536/536/536 619/619/619 717/717/717
f 537/537/537 536/536/536 736/736/736
f 618/618/618 619/619/619 536/536/536
f 536/536/536 535/535/535 618/618/618
f 619/619/619 716/716/716 717/717/717
f 716/716/716 619/619/619 618/618/618
f 88/88/88 89/89/89 86/86/86
f 86/86/86 87/87/87 88/88/88
f 269/269/269 171/171/171 88/88/88
f 88/88/88 291/291/291 269/269/269
f 87/87/87 291/291/291 88/88/88
f 172/172/172 89/89/89 88/88/88
f 88/88/88 171/171/171 172/172/172
f 171/171/171 269/269/269 270/270/270
f 270/270/270 172/172/172 171/171/171
f 579/579/579 578/578/578 622/622/622
f 580/580/580 581/581/581 578/578/578
f 578/578/578 579/579/579 580/580/580
f 657/657/657 754/754/754 579/579/579
f 579/579/579 623/623/623 657/657/657
f 579/579/579 754/754/754 753/753/753
f 753/753/753 580/580/580 579/579/579
f 622/622/622 623/623/623 579/579/579
f 623/623/623 622/622/622 649/649/649
f 657/657/657 623/623/623 651/651/651
f 649/649/649 651/651/651 623/623/623
f 651/651/651 655/655/655 657/657/657
f 654/654/654 651/651/651 650/650/650
f 651/651/651 654/654/654 655/655/655
f 649/649/649 650/650/650 651/651/651
f 176/176/176 131/131/131 134/134/134
f 133/133/133 134/134/134 131/131/131
f 131/131/131 132/132/132 133/133/133
f 202/202/202 176/176/176 175/175/175
f 134/134/134 175/175/175 176/176/176
f 210/210/210 175/175/175 134/134/134
f 134/134/134 310/310/310 210/210/210
f 134/134/134 133/133/133 309/309/309
f 309/309/309 310/310/310 134/134/134
f 203/203/203 175/175/175 210/210/210
f 175/175/175 203/203/203 202/202/202
f 202/202/202 203/203/203 204/204/204
f 208/208/208 204/204/204 203/203/203
f 210/210/210 207/207/207 203/203/203
f 203/203/203 207/207/207 208/208/208
f 140/140/140 139/139/139 222/222/222
f 141/141/141 142/142/142 139/139/139
f 139/139/139 140/140/140 141/141/141
f 222/222/222 156/156/156 140/140/140
f 312/312/312 141/141/141 140/140/140
f 140/140/140 158/158/158 312/312/312
f 157/157/157 158/158/158 140/140/140
f 140/140/140 156/156/156 157/157/157
f 215/215/215 156/156/156 222/222/222
f 222/222/222 219/219/219 215/215/215
f 156/156/156 215/215/215 214/214/214
f 214/214/214 157/157/157 156/156/156
f 220/220/220 216/216/216 215/215/215
f 215/215/215 219/219/219 220/220/220
f 214/214/214 215/215/215 216/216/216
f 669/669/669 586/586/586 589/589/589
f 588/588/588 589/589/589 586/586/586
f 586/586/586 587/587/587 588/588/588
f 589/589/589 605/605/605 669/669/669
f 663/663/663 667/667/667 669/669/669
f 669/669/669 605/605/605 663/663/663
f 756/756/756 603/603/603 589/589/589
f 589/589/589 588/588/588 756/756/756
f 604/604/604 605/605/605 589/589/589
f 589/589/589 603/603/603 604/604/604
f 605/605/605 604/604/604 661/661/661
f 661/661/661 663/663/663 605/605/605
f 666/666/666 663/663/663 662/662/662
f 663/663/663 666/666/666 667/667/667
f 661/661/661 662/662/662 663/663/663
f 152/152/152 127/127/127 130/130/130
f 129/129/129 130/130/130 127/127/127
f 127/127/127 128/128/128 129/129/129
f 192/192/192 152/152/152 151/151/151
f 130/130/130 151/151/151 152/152/152
f 197/197/197 151/151/151 130/130/130
f 130/130/130 308/308/308 197/197/197
f 130/130/130 129/129/129 307/307/307
f 307/307/307 308/308/308 130/130/130
f 193/193/193 151/151/151 197/197/197
f 151/151/151 193/193/193 192/192/192
f 192/192/192 193/193/193 194/194/194
f 198/198/198 194/194/194 193/193/193
f 197/197/197 198/198/198 193/193/193
f 575/575/575 574/574/574 598/598/598
f 576/576/576 577/577/577 574/574/574
f 574/574/574 575/575/575 576/576/576
f 645/645/645 752/752/752 575/575/575
f 575/575/575 599/599/599 645/645/645
f 575/575/575 752/752/752 751/751/751
f 751/751/751 576/576/576 575/575/575
f 598/598/598 599/599/599 575/575/575
f 599/599/599 598/598/598 639/639/639
f 645/645/645 599/599/599 641/641/641
f 639/639/639 641/641/641 599/599/599
f 641/641/641 644/644/644 645/645/645
f 644/644/644 641/641/641 640/640/640
f 639/639/639 640/640/640 641/641/641
f 681/681/681 582/582/582 585/585/585
f 584/584/584 585/585/585 582/582/582
f 582/582/582 583/583/583 584/584/584
f 585/585/585 631/631/631 681/681/681
f 681/681/681 631/631/631 675/675/675
f 675/675/675 679/679/679 681/681/681
f 755/755/755 629/629/629 585/585/585
f 585/585/585 584/584/584 755/755/755
f 630/630/630 631/631/631 585/585/585
f 585/585/585 629/629/629 630/630/630
f 631/631/631 630/630/630 673/673/673
f 673/673/673 675/675/675 631/631/631
f 678/678/678 675/675/675 674/674/674
f 675/675/675 678/678/678 679/679/679
f 673/673/673 674/674/674 675/675/675
f 136/136/136 135/135/135 234/234/234
f 137/137/137 138/138/138 135/135/135
f 135/135/135 136/136/136 137/137/137
f 234/234/234 182/182/182 136/136/136
f 311/311/311 137/137/137 136/136/136
f 136/136/136 184/184/184 311/311/311
f 183/183/183 184/184/184 136/136/136
f 136/136/136 182/182/182 183/183/183
f 234/234/234 231/231/231 227/227/227
f 227/227/227 182/182/182 234/234/234
f 182/182/182 227/227/227 226/226/226
f 226/226/226 183/183/183 182/182/182
f 232/232/232 228/228/228 227/227/227
f 227/227/227 231/231/231 232/232/232
f 226/226/226 227/227/227 228/228/228
f 635/635/635 730/730/730 608/608/608
f 608/608/608 611/611/611 635/635/635
f 608/608/608 730/730/730 731/731/731
f 610/610/610 611/611/611 608/608/608
f 608/608/608 609/609/609 610/610/610
f 611/611/611 634/634/634 635/635/635
f 610/610/610 634/634/634 611/611/611
f 188/188/188 162/162/162 161/161/161
f 161/161/161 286/286/286 188/188/188
f 161/161/161 285/285/285 286/286/286
f 163/163/163 164/164/164 161/161/161
f 161/161/161 162/162/162 163/163/163
f 162/162/162 188/188/188 187/187/187
f 163/163/163 162/162/162 187/187/187
f 777/777/777 780/780/780 799/799/799
f 780/780/780 777/777/777 770/770/770
f 767/767/767 770/770/770 777/777/777
f 777/777/777 778/778/778 767/767/767
f 772/772/772 767/767/767 778/778/778
f 768/768/768 767/767/767 772/772/772
f 769/769/769 770/770/770 767/767/767
f 767/767/767 768/768/768 769/769/769
f 770/770/770 774/774/774 780/780/780
f 774/774/774 770/770/770 769/769/769
f 769/769/769 773/773/773 774/774/774
f 772/772/772 771/771/771 768/768/768
f 764/764/764 771/771/771 772/772/772
f 84/84/84 85/85/85 82/82/82
f 82/82/82 83/83/83 84/84/84
f 256/256/256 167/167/167 84/84/84
f 84/84/84 290/290/290 256/256/256
f 290/290/290 84/84/84 83/83/83
f 168/168/168 85/85/85 84/84/84
f 84/84/84 167/167/167 168/168/168
f 83/83/83 289/289/289 290/290/290
f 249/249/249 168/168/168 167/167/167
f 250/250/250 167/167/167 256/256/256
f 167/167/167 250/250/250 249/249/249
f 256/256/256 253/253/253 250/250/250
f 254/254/254 249/249/249 250/250/250
f 250/250/250 253/253/253 254/254/254
f 532/532/532 533/533/533 530/530/530
f 530/530/530 531/531/531 532/532/532
f 703/703/703 734/734/734 532/532/532
f 532/532/532 615/615/615 703/703/703
f 533/533/533 532/532/532 734/734/734
f 614/614/614 615/615/615 532/532/532
f 532/532/532 531/531/531 614/614/614
f 734/734/734 735/735/735 533/533/533
f 615/615/615 614/614/614 696/696/696
f 703/703/703 615/615/615 697/697/697
f 696/696/696 697/697/697 615/615/615
f 697/697/697 701/701/701 703/703/703
f 700/700/700 697/697/697 696/696/696
f 697/697/697 700/700/700 701/701/701
f 546/546/546 547/547/547 544/544/544
f 544/544/544 545/545/545 546/546/546
f 713/713/713 739/739/739 546/546/546
f 546/546/546 595/595/595 713/713/713
f 547/547/547 546/546/546 739/739/739
f 594/594/594 595/595/595 546/546/546
f 546/546/546 545/545/545 594/594/594
f 739/739/739 740/740/740 547/547/547
f 595/595/595 594/594/594 706/706/706
f 711/711/711 713/713/713 595/595/595
f 595/595/595 707/707/707 711/711/711
f 706/706/706 707/707/707 595/595/595
f 710/710/710 707/707/707 706/706/706
f 707/707/707 710/710/710 711/711/711
f 98/98/98 99/99/99 96/96/96
f 96/96/96 97/97/97 98/98/98
f 266/266/266 147/147/147 98/98/98
f 98/98/98 295/295/295 266/266/266
f 295/295/295 98/98/98 97/97/97
f 148/148/148 99/99/99 98/98/98
f 98/98/98 147/147/147 148/148/148
f 97/97/97 294/294/294 295/295/295
f 259/259/259 148/148/148 147/147/147
f 263/263/263 260/260/260 147/147/147
f 147/147/147 266/266/266 263/263/263
f 147/147/147 260/260/260 259/259/259
f 264/264/264 259/259/259 260/260/260
f 260/260/260 263/263/263 264/264/264
f 528/528/528 529/529/529 526/526/526
f 526/526/526 527/527/527 528/528/528
f 693/693/693 732/732/732 528/528/528
f 528/528/528 593/593/593 693/693/693
f 529/529/529 528/528/528 732/732/732
f 592/592/592 593/593/593 528/528/528
f 528/528/528 527/527/527 592/592/592
f 732/732/732 733/733/733 529/529/529
f 593/593/593 592/592/592 685/685/685
f 693/693/693 593/593/593 687/687/687
f 685/685/685 687/687/687 593/593/593
f 687/687/687 691/691/691 693/693/693
f 690/690/690 687/687/687 686/686/686
f 687/687/687 690/690/690 691/691/691
f 685/685/685 686/686/686 687/687/687
f 80/80/80 81/81/81 78/78/78
f 78/78/78 79/79/79 80/80/80
f 246/246/246 145/145/145 80/80/80
f 80/80/80 288/288/288 246/246/246
f 288/288/288 80/80/80 79/79/79
f 146/146/146 81/81/81 80/80/80
f 80/80/80 145/145/145 146/146/146
f 79/79/79 287/287/287 288/288/288
f 238/238/238 146/146/146 145/145/145
f 239/239/239 145/145/145 246/246/246
f 145/145/145 239/239/239 238/238/238
f 246/246/246 243/243/243 239/239/239
f 244/244/244 240/240/240 239/239/239
f 239/239/239 243/243/243 244/244/244
f 238/238/238 239/239/239 240/240/240
f 416/416/416 412/412/412 414/414/414
f 412/412/412 413/413/413 414/414/414
f 415/415/415 416/416/416 414/414/414
f 853/853/853 850/850/850 849/849/849
f 849/849/849 850/850/850 851/851/851
f 852/852/852 850/850/850 853/853/853
f 858/858/858 855/855/855 854/854/854
f 854/854/854 855/855/855 856/856/856
f 857/857/857 855/855/855 858/858/858
f 421/421/421 417/417/417 419/419/419
f 417/417/417 418/418/418 419/419/419
f 420/420/420 421/421/421 419/419/419
f 313/313/313 440/440/440 502/502/502
f 53/53/53 440/440/440 313/313/313
f 834/834/834 843/843/843 835/835/835
f 842/842/842 843/843/843 834/834/834
f 834/834/834 841/841/841 842/842/842
f 834/834/834 835/835/835 836/836/836
f 397/397/397 399/399/399 404/404/404
f 405/405/405 406/406/406 397/397/397
f 397/397/397 404/404/404 405/405/405
f 397/397/397 398/398/398 399/399/399
f 566/566/566 565/565/565 606/606/606
f 565/565/565 566/566/566 567/567/567
f 668/668/668 749/749/749 566/566/566
f 566/566/566 607/607/607 668/668/668
f 567/567/567 566/566/566 749/749/749
f 606/606/606 607/607/607 566/566/566
f 606/606/606 664/664/664 660/660/660
f 660/660/660 607/607/607 606/606/606
f 659/659/659 668/668/668 607/607/607
f 607/607/607 660/660/660 659/659/659
f 665/665/665 660/660/660 664/664/664
f 658/658/658 660/660/660 665/665/665
f 658/658/658 659/659/659 660/660/660
f 160/160/160 118/118/118 120/120/120
f 118/118/118 119/119/119 120/120/120
f 160/160/160 159/159/159 212/212/212
f 212/212/212 217/217/217 160/160/160
f 120/120/120 159/159/159 160/160/160
f 221/221/221 159/159/159 120/120/120
f 120/120/120 305/305/305 221/221/221
f 119/119/119 305/305/305 120/120/120
f 213/213/213 212/212/212 159/159/159
f 159/159/159 221/221/221 213/213/213
f 218/218/218 217/217/217 212/212/212
f 211/211/211 218/218/218 212/212/212
f 211/211/211 212/212/212 213/213/213
f 726/726/726 520/520/520 522/522/522
f 520/520/520 521/521/521 522/522/522
f 522/522/522 727/727/727 726/726/726
f 692/692/692 727/727/727 522/522/522
f 522/522/522 591/591/591 692/692/692
f 590/590/590 591/591/591 522/522/522
f 522/522/522 521/521/521 590/590/590
f 683/683/683 692/692/692 591/591/591
f 591/591/591 684/684/684 683/683/683
f 684/684/684 591/591/591 590/590/590
f 590/590/590 688/688/688 684/684/684
f 689/689/689 684/684/684 688/688/688
f 682/682/682 684/684/684 689/689/689
f 682/682/682 683/683/683 684/684/684
f 73/73/73 72/72/72 281/281/281
f 72/72/72 73/73/73 74/74/74
f 245/245/245 143/143/143 73/73/73
f 73/73/73 282/282/282 245/245/245
f 281/281/281 282/282/282 73/73/73
f 144/144/144 74/74/74 73/73/73
f 73/73/73 143/143/143 144/144/144
f 143/143/143 245/245/245 237/237/237
f 237/237/237 236/236/236 143/143/143
f 144/144/144 143/143/143 236/236/236
f 236/236/236 241/241/241 144/144/144
f 242/242/242 241/241/241 236/236/236
f 235/235/235 242/242/242 236/236/236
f 235/235/235 236/236/236 237/237/237
f 181/181/181 115/115/115 117/117/117
f 115/115/115 116/116/116 117/117/117
f 181/181/181 180/180/180 224/224/224
f 224/224/224 229/229/229 181/181/181
f 117/117/117 180/180/180 181/181/181
f 117/117/117 116/116/116 303/303/303
f 233/233/233 180/180/180 117/117/117
f 117/117/117 304/304/304 233/233/233
f 303/303/303 304/304/304 117/117/117
f 225/225/225 224/224/224 180/180/180
f 180/180/180 233/233/233 225/225/225
f 230/230/230 229/229/229 224/224/224
f 223/223/223 230/230/230 224/224/224
f 223/223/223 224/224/224 225/225/225
f 563/563/563 562/562/562 627/627/627
f 562/562/562 563/563/563 564/564/564
f 563/563/563 747/747/747 564/564/564
f 680/680/680 748/748/748 563/563/563
f 563/563/563 628/628/628 680/680/680
f 747/747/747 563/563/563 748/748/748
f 627/627/627 628/628/628 563/563/563
f 627/627/627 676/676/676 672/672/672
f 672/672/672 628/628/628 627/627/627
f 671/671/671 680/680/680 628/628/628
f 628/628/628 672/672/672 671/671/671
f 677/677/677 672/672/672 676/676/676
f 670/670/670 672/672/672 677/677/677
f 670/670/670 671/671/671 672/672/672
f 123/123/123 155/155/155 121/121/121
f 121/121/121 122/122/122 123/123/123
f 196/196/196 153/153/153 123/123/123
f 123/123/123 122/122/122 196/196/196
f 154/154/154 155/155/155 123/123/123
f 123/123/123 153/153/153 154/154/154
f 153/153/153 196/196/196 191/191/191
f 191/191/191 190/190/190 153/153/153
f 154/154/154 153/153/153 190/190/190
f 190/190/190 195/195/195 154/154/154
f 189/189/189 195/195/195 190/190/190
f 189/189/189 190/190/190 191/191/191
f 569/569/569 568/568/568 600/600/600
f 568/568/568 569/569/569 570/570/570
f 643/643/643 570/570/570 569/569/569
f 569/569/569 602/602/602 643/643/643
f 601/601/601 602/602/602 569/569/569
f 569/569/569 600/600/600 601/601/601
f 637/637/637 643/643/643 602/602/602
f 602/602/602 638/638/638 637/637/637
f 638/638/638 602/602/602 601/601/601
f 601/601/601 642/642/642 638/638/638
f 636/636/636 638/638/638 642/642/642
f 636/636/636 637/637/637 638/638/638
f 477/477/477 478/478/478 23/23/23
f 868/868/868 869/869/869 477/477/477
f 477/477/477 22/22/22 868/868/868
f 23/23/23 22/22/22 477/477/477
f 23/23/23 24/24/24 21/21/21
f 21/21/21 22/22/22 23/23/23
f 432/432/432 22/22/22 21/21/21
f 21/21/21 431/431/431 432/432/432
f 55/55/55 54/54/54 432/432/432
f 432/432/432 431/431/431 55/55/55
f 54/54/54 55/55/55 28/28/28
f 868/868/868 54/54/54 503/503/503
f 54/54/54 27/27/27 480/480/480
f 480/480/480 503/503/503 54/54/54
f 28/28/28 27/27/27 54/54/54
f 503/503/503 869/869/869 868/868/868
f 479/479/479 480/480/480 27/27/27
f 27/27/27 26/26/26 479/479/479
f 27/27/27 28/28/28 25/25/25
f 25/25/25 26/26/26 27/27/27
f 482/482/482 479/479/479 26/26/26
f 26/26/26 31/31/31 482/482/482
f 26/26/26 25/25/25 32/32/32
f 32/32/32 31/31/31 26/26/26
f 481/481/481 482/482/482 31/31/31
f 31/31/31 30/30/30 481/481/481
f 31/31/31 32/32/32 29/29/29
f 29/29/29 30/30/30 31/31/31
f 548/548/548 481/481/481 30/30/30
f 30/30/30 101/101/101 548/548/548
f 30/30/30 29/29/29 100/100/100
f 100/100/100 101/101/101 30/30/30
f 126/126/126 306/306/306 124/124/124
f 124/124/124 125/125/125 126/126/126
f 209/209/209 177/177/177 126/126/126
f 126/126/126 125/125/125 209/209/209
f 126/126/126 179/179/179 306/306/306
f 178/178/178 179/179/179 126/126/126
f 126/126/126 177/177/177 178/178/178
f 177/177/177 209/209/209 201/201/201
f 201/201/201 200/200/200 177/177/177
f 178/178/178 177/177/177 200/200/200
f 200/200/200 205/205/205 178/178/178
f 206/206/206 205/205/205 200/200/200
f 199/199/199 206/206/206 200/200/200
f 199/199/199 200/200/200 201/201/201
f 572/572/572 571/571/571 750/750/750
f 571/571/571 572/572/572 573/573/573
f 656/656/656 573/573/573 572/572/572
f 572/572/572 626/626/626 656/656/656
f 572/572/572 750/750/750 624/624/624
f 625/625/625 626/626/626 572/572/572
f 572/572/572 624/624/624 625/625/625
f 647/647/647 656/656/656 626/626/626
f 626/626/626 648/648/648 647/647/647
f 648/648/648 626/626/626 625/625/625
f 625/625/625 652/652/652 648/648/648
f 653/653/653 648/648/648 652/652/652
f 646/646/646 648/648/648 653/653/653
f 646/646/646 647/647/647 648/648/648
f 70/70/70 69/69/69 279/279/279
f 69/69/69 70/70/70 71/71/71
f 265/265/265 149/149/149 70/70/70
f 70/70/70 280/280/280 265/265/265
f 279/279/279 280/280/280 70/70/70
f 150/150/150 71/71/71 70/70/70
f 70/70/70 149/149/149 150/150/150
f 149/149/149 265/265/265 261/261/261
f 261/261/261 257/257/257 149/149/149
f 150/150/150 149/149/149 257/257/257
f 257/257/257 258/258/258 150/150/150
f 262/262/262 258/258/258 257/257/257
f 261/261/261 262/262/262 257/257/257
f 724/724/724 517/517/517 519/519/519
f 517/517/517 518/518/518 519/519/519
f 519/519/519 725/725/725 724/724/724
f 712/712/712 725/725/725 519/519/519
f 519/519/519 597/597/597 712/712/712
f 596/596/596 597/597/597 519/519/519
f 519/519/519 518/518/518 596/596/596
f 708/708/708 712/712/712 597/597/597
f 597/597/597 704/704/704 708/708/708
f 704/704/704 597/597/597 596/596/596
f 596/596/596 705/705/705 704/704/704
f 709/709/709 704/704/704 705/705/705
f 708/708/708 704/704/704 709/709/709
f 108/108/108 106/106/106 113/113/113
f 106/106/106 60/60/60 62/62/62
f 62/62/62 112/112/112 106/106/106
f 444/444/444 300/300/300 108/108/108
f 108/108/108 302/302/302 444/444/444
f 114/114/114 302/302/302 108/108/108
f 113/113/113 114/114/114 108/108/108
f 300/300/300 444/444/444 301/301/301
f 111/111/111 110/110/110 300/300/300
f 300/300/300 301/301/301 111/111/111
f 271/271/271 300/300/300 110/110/110
f 109/109/109 110/110/110 111/111/111
f 271/271/271 110/110/110 57/57/57
f 58/58/58 57/57/57 110/110/110
f 110/110/110 109/109/109 58/58/58
f 439/439/439 271/271/271 36/36/36
f 36/36/36 271/271/271 57/57/57
f 277/277/277 37/37/37 57/57/57
f 57/57/57 59/59/59 277/277/277
f 36/36/36 57/57/57 37/37/37
f 57/57/57 58/58/58 59/59/59
f 36/36/36 451/451/451 439/439/439
f 313/313/313 314/314/314 36/36/36
f 36/36/36 38/38/38 313/313/313
f 33/33/33 38/38/38 36/36/36
f 36/36/36 37/37/37 33/33/33
f 33/33/33 37/37/37 56/56/56
f 38/38/38 33/33/33 51/51/51
f 51/51/51 33/33/33 35/35/35
f 34/34/34 35/35/35 33/33/33
f 33/33/33 24/24/24 34/34/34
f 313/313/313 38/38/38 53/53/53
f 51/51/51 53/53/53 38/38/38
f 35/35/35 52/52/52 51/51/51
f 35/35/35 453/453/453 456/456/456
f 456/456/456 52/52/52 35/35/35
f 453/453/453 35/35/35 34/34/34
f 453/453/453 34/34/34 484/484/484
f 34/34/34 478/478/478 483/483/483
f 483/483/483 484/484/484 34/34/34
f 456/456/456 453/453/453 484/484/484
f 484/484/484 501/501/501 456/456/456
f 484/484/484 483/483/483 500/500/500
f 500/500/500 501/501/501 484/484/484
f 483/483/483 504/504/504 487/487/487
f 500/500/500 483/483/483 486/486/486
f 483/483/483 487/487/487 485/485/485
f 485/485/485 486/486/486 483/483/483
f 486/486/486 502/502/502 500/500/500
f 502/502/502 486/486/486 313/313/313
f 313/313/313 486/486/486 485/485/485
f 485/485/485 718/718/718 873/873/873
f 873/873/873 451/451/451 485/485/485
f 485/485/485 314/314/314 313/313/313
f 485/485/485 487/487/487 505/505/505
f 485/485/485 505/505/505 718/718/718
f 505/505/505 487/487/487 722/722/722
f 718/718/718 505/505/505 558/558/558
f 558/558/558 505/505/505 507/507/507
f 722/722/722 506/506/506 505/505/505
f 505/505/505 506/506/506 507/507/507
f 873/873/873 718/718/718 553/553/553
f 718/718/718 744/744/744 553/553/553
f 718/718/718 558/558/558 744/744/744
f 553/553/553 872/872/872 873/873/873
f 553/553/553 744/744/744 555/555/555
f 871/871/871 872/872/872 553/553/553
f 554/554/554 553/553/553 555/555/555
f 744/744/744 745/745/745 877/877/877
f 555/555/555 744/744/744 877/877/877
f 557/557/557 745/745/745 744/744/744
f 744/744/744 558/558/558 557/557/557
f 877/877/877 746/746/746 555/555/555
f 76/76/76 75/75/75 283/283/283
f 75/75/75 76/76/76 77/77/77
f 186/186/186 165/165/165 76/76/76
f 76/76/76 284/284/284 186/186/186
f 283/283/283 284/284/284 76/76/76
f 166/166/166 77/77/77 76/76/76
f 76/76/76 165/165/165 166/166/166
f 185/185/185 165/165/165 186/186/186
f 185/185/185 166/166/166 165/165/165
f 525/525/525 728/728/728 523/523/523
f 523/523/523 524/524/524 525/525/525
f 633/633/633 729/729/729 525/525/525
f 525/525/525 613/613/613 633/633/633
f 728/728/728 525/525/525 729/729/729
f 612/612/612 613/613/613 525/525/525
f 525/525/525 524/524/524 612/612/612
f 632/632/632 633/633/633 613/613/613
f 632/632/632 613/613/613 612/612/612
f 94/94/94 93/93/93 292/292/292
f 93/93/93 94/94/94 95/95/95
f 255/255/255 169/169/169 94/94/94
f 94/94/94 293/293/293 255/255/255
f 292/292/292 293/293/293 94/94/94
f 170/170/170 95/95/95 94/94/94
f 94/94/94 169/169/169 170/170/170
f 169/169/169 255/255/255 251/251/251
f 251/251/251 247/247/247 169/169/169
f 170/170/170 169/169/169 247/247/247
f 247/247/247 248/248/248 170/170/170
f 252/252/252 248/248/248 247/247/247
f 251/251/251 252/252/252 247/247/247
f 737/737/737 541/541/541 543/543/543
f 541/541/541 542/542/542 543/543/543
f 543/543/543 738/738/738 737/737/737
f 702/702/702 738/738/738 543/543/543
f 543/543/543 617/617/617 702/702/702
f 616/616/616 617/617/617 543/543/543
f 543/543/543 542/542/542 616/616/616
f 698/698/698 702/702/702 617/617/617
f 617/617/617 694/694/694 698/698/698
f 694/694/694 617/617/617 616/616/616
f 616/616/616 695/695/695 694/694/694
f 699/699/699 694/694/694 695/695/695
f 698/698/698 694/694/694 699/699/699
f 464/464/464 472/472/472 465/465/465
f 471/471/471 472/472/472 464/464/464
f 464/464/464 470/470/470 471/471/471
f 464/464/464 465/465/465 466/466/466
f 539/539/539 538/538/538 511/511/511
f 719/719/719 511/511/511 538/538/538
f 538/538/538 539/539/539 540/540/540
f 552/552/552 719/719/719 436/436/436
f 435/435/435 436/436/436 719/719/719
f 511/511/511 719/719/719 552/552/552
f 511/511/511 513/513/513 539/539/539
f 512/512/512 511/511/511 508/508/508
f 552/552/552 508/508/508 511/511/511
f 511/511/511 512/512/512 513/513/513
f 552/552/552 554/554/554 508/508/508
f 553/553/553 552/552/552 871/871/871
f 436/436/436 871/871/871 552/552/552
f 552/552/552 553/553/553 554/554/554
f 105/105/105 437/437/437 436/436/436
f 436/436/436 272/272/272 105/105/105
f 272/272/272 436/436/436 435/435/435
f 435/435/435 273/273/273 272/272/272
f 105/105/105 272/272/272 63/63/63
f 90/90/90 63/63/63 272/272/272
f 272/272/272 273/273/273 90/90/90
f 105/105/105 60/60/60 106/106/106
f 437/437/437 105/105/105 107/107/107
f 63/63/63 60/60/60 105/105/105
f 105/105/105 106/106/106 107/107/107
f 107/107/107 438/438/438 437/437/437
f 107/107/107 108/108/108 300/300/300
f 439/439/439 438/438/438 107/107/107
f 107/107/107 271/271/271 439/439/439
f 271/271/271 107/107/107 300/300/300
f 106/106/106 108/108/108 107/107/107
f 112/112/112 113/113/113 106/106/106
f 103/103/103 102/102/102 298/298/298
f 102/102/102 103/103/103 104/104/104
f 267/267/267 173/173/173 103/103/103
f 103/103/103 299/299/299 267/267/267
f 298/298/298 299/299/299 103/103/103
f 174/174/174 104/104/104 103/103/103
f 103/103/103 173/173/173 174/174/174
f 267/267/267 268/268/268 173/173/173
f 268/268/268 174/174/174 173/173/173
f 742/742/742 549/549/549 551/551/551
f 549/549/549 550/550/550 551/551/551
f 551/551/551 743/743/743 742/742/742
f 714/714/714 743/743/743 551/551/551
f 551/551/551 621/621/621 714/714/714
f 620/620/620 621/621/621 551/551/551
f 551/551/551 550/550/550 620/620/620
f 714/714/714 621/621/621 715/715/715
f 715/715/715 621/621/621 620/620/620
f 561/561/561 555/555/555 746/746/746
f 555/555/555 561/561/561 560/560/560
f 560/560/560 554/554/554 555/555/555
f 559/559/559 554/554/554 560/560/560
f 554/554/554 559/559/559 509/509/509
f 509/509/509 508/508/508 554/554/554
f 508/508/508 510/510/510 512/512/512
f 508/508/508 509/509/509 510/510/510
f 556/556/556 557/557/557 558/558/558
f 507/507/507 556/556/556 558/558/558
f 411/411/411 407/407/407 409/409/409
f 407/407/407 408/408/408 409/409/409
f 410/410/410 411/411/411 409/409/409
f 848/848/848 845/845/845 844/844/844
f 844/844/844 845/845/845 846/846/846
f 847/847/847 845/845/845 848/848/848
f 443/443/443 422/422/422 424/424/424
f 422/422/422 423/423/423 424/424/424
f 449/449/449 443/443/443 430/430/430
f 424/424/424 430/430/430 443/443/443
f 429/429/429 430/430/430 424/424/424
f 429/429/429 424/424/424 426/426/426
f 426/426/426 424/424/424 423/423/423
f 423/423/423 425/425/425 426/426/426
f 429/429/429 426/426/426 428/428/428
f 428/428/428 426/426/426 425/425/425
f 429/429/429 428/428/428 450/450/450
f 450/450/450 446/446/446 429/429/429
f 430/430/430 429/429/429 447/447/447
f 429/429/429 446/446/446 447/447/447
f 430/430/430 448/448/448 449/449/449
f 447/447/447 448/448/448 430/430/430
f 867/867/867 448/448/448 447/447/447
f 447/447/447 866/866/866 867/867/867
f 866/866/866 447/447/447 446/446/446
f 866/866/866 446/446/446 450/450/450
f 864/864/864 450/450/450 458/458/458
f 450/450/450 864/864/864 866/866/866
f 458/458/458 450/450/450 428/428/428
f 428/428/428 427/427/427 458/458/458
f 425/425/425 427/427/427 428/428/428
f 458/458/458 865/865/865 864/864/864
f 866/866/866 864/864/864 862/862/862
f 864/864/864 865/865/865 863/863/863
f 863/863/863 862/862/862 864/864/864
f 866/866/866 860/860/860 867/867/867
f 866/866/866 862/862/862 860/860/860
f 862/862/862 863/863/863 861/861/861
f 861/861/861 860/860/860 862/862/862
f 860/860/860 859/859/859 876/876/876
f 876/876/876 867/867/867 860/860/860
f 859/859/859 860/860/860 861/861/861
f 867/867/867 876/876/876 449/449/449
f 449/449/449 448/448/448 867/867/867
f 765/765/765 766/766/766 763/763/763
f 763/763/763 764/764/764 765/765/765
f 765/765/765 772/772/772 779/779/779
f 779/779/779 775/775/775 765/765/765
f 766/766/766 765/765/765 775/775/775
f 772/772/772 765/765/765 764/764/764
f 775/775/775 776/776/776 766/766/766
f 796/796/796 784/784/784 775/775/775
f 775/775/775 779/779/779 796/796/796
f 776/776/776 775/775/775 784/784/784
f 790/790/790 796/796/796 779/779/779
f 779/779/779 778/778/778 790/790/790
f 778/778/778 779/779/779 772/772/772
f 796/796/796 790/790/790 789/789/789
f 789/789/789 795/795/795 796/796/796
f 784/784/784 796/796/796 795/795/795
f 784/784/784 783/783/783 776/776/776
f 795/795/795 781/781/781 784/784/784
f 783/783/783 784/784/784 781/781/781
f 792/792/792 797/797/797 795/795/795
f 795/795/795 789/789/789 792/792/792
f 781/781/781 795/795/795 797/797/797
f 793/793/793 792/792/792 789/789/789
f 789/789/789 788/788/788 793/793/793
f 788/788/788 789/789/789 790/790/790
f 791/791/791 790/790/790 778/778/778
f 790/790/790 791/791/791 788/788/788
f 788/788/788 798/798/798 793/793/793
f 798/798/798 788/788/788 791/791/791
f 792/792/792 793/793/793 794/794/794
f 797/797/797 792/792/792 787/787/787
f 797/797/797 786/786/786 781/781/781
f 786/786/786 797/797/797 787/787/787
f 785/785/785 786/786/786 787/787/787
f 786/786/786 785/785/785 782/782/782
f 782/782/782 781/781/781 786/786/786
f 781/781/781 782/782/782 783/783/783
f 791/791/791 799/799/799 798/798/798
f 799/799/799 791/791/791 777/777/777
f 778/778/778 777/777/777 791/791/791
f 60/60/60 61/61/61 62/62/62
f 65/65/65 61/61/61 60/60/60
f 60/60/60 63/63/63 65/65/65
f 63/63/63 64/64/64 65/65/65
f 92/92/92 64/64/64 63/63/63
f 63/63/63 90/90/90 92/92/92
f 90/90/90 91/91/91 92/92/92
f 68/68/68 91/91/91 90/90/90
f 90/90/90 66/66/66 68/68/68
f 66/66/66 90/90/90 273/273/273
f 66/66/66 67/67/67 68/68/68
f 278/278/278 67/67/67 66/66/66
f 66/66/66 276/276/276 278/278/278
f 808/808/808 801/801/801 800/800/800
f 802/802/802 803/803/803 800/800/800
f 800/800/800 801/801/801 802/802/802
f 804/804/804 803/803/803 802/802/802
f 802/802/802 805/805/805 804/804/804
f 806/806/806 807/807/807 804/804/804
f 804/804/804 805/805/805 806/806/806
f 369/369/369 361/361/361 364/364/364
f 363/363/363 364/364/364 361/361/361
f 361/361/361 362/362/362 363/363/363
f 363/363/363 362/362/362 365/365/365
f 365/365/365 366/366/366 363/363/363
f 368/368/368 366/366/366 365/365/365
f 365/365/365 367/367/367 368/368/368
f 476/476/476 20/20/20 445/445/445
f 19/19/19 445/445/445 20/20/20
f 433/433/433 18/18/18 296/296/296
f 276/276/276 18/18/18 297/297/297
f 18/18/18 276/276/276 275/275/275
f 275/275/275 296/296/296 18/18/18
f 101/101/101 100/100/100 18/18/18
f 18/18/18 20/20/20 101/101/101
f 18/18/18 19/19/19 20/20/20
f 296/296/296 434/434/434 433/433/433
f 389/389/389 433/433/433 434/434/434
f 296/296/296 870/870/870 434/434/434
f 870/870/870 296/296/296 475/475/475
f 475/475/475 296/296/296 275/275/275
f 390/390/390 434/434/434 828/828/828
f 828/828/828 434/434/434 870/870/870
f 390/390/390 389/389/389 434/434/434
f 392/392/392 389/389/389 391/391/391
f 389/389/389 390/390/390 391/391/391
f 828/828/828 391/391/391 390/390/390
f 829/829/829 391/391/391 828/828/828
f 721/721/721 741/741/741 475/475/475
f 275/275/275 721/721/721 475/475/475
f 101/101/101 20/20/20 475/475/475
f 475/475/475 548/548/548 101/101/101
f 475/475/475 20/20/20 476/476/476
f 723/723/723 721/721/721 514/514/514
f 721/721/721 275/275/275 274/274/274
f 274/274/274 514/514/514 721/721/721
f 274/274/274 275/275/275 276/276/276
f 274/274/274 435/435/435 720/720/720
f 514/514/514 274/274/274 720/720/720
f 274/274/274 273/273/273 435/435/435
f 273/273/273 274/274/274 66/66/66
f 276/276/276 66/66/66 274/274/274
f 515/515/515 514/514/514 538/538/538
f 720/720/720 538/538/538 514/514/514
f 514/514/514 516/516/516 723/723/723
f 514/514/514 515/515/515 516/516/516
f 719/719/719 720/720/720 435/435/435
f 538/538/538 720/720/720 719/719/719
f 538/538/538 540/540/540 515/515/515
f 809/809/809 811/811/811 812/812/812
f 812/812/812 813/813/813 809/809/809
f 809/809/809 810/810/810 811/811/811
f 812/812/812 811/811/811 824/824/824
f 824/824/824 811/811/811 810/810/810
f 814/814/814 812/812/812 824/824/824
f 813/813/813 812/812/812 814/814/814
f 824/824/824 826/826/826 814/814/814
f 810/810/810 825/825/825 824/824/824
f 823/823/823 826/826/826 824/824/824
f 823/823/823 824/824/824 825/825/825
f 810/810/810 821/821/821 825/825/825
f 822/822/822 821/821/821 810/810/810
f 827/827/827 825/825/825 821/821/821
f 827/827/827 823/823/823 825/825/825
f 826/826/826 823/823/823 827/827/827
f 817/817/817 826/826/826 827/827/827
f 817/817/817 814/814/814 826/826/826
f 814/814/814 817/817/817 815/815/815
f 815/815/815 816/816/816 814/814/814
f 827/827/827 818/818/818 817/817/817
f 815/815/815 817/817/817 818/818/818
f 821/821/821 820/820/820 827/827/827
f 820/820/820 818/818/818 827/827/827
f 819/819/819 820/820/820 821/821/821
f 821/821/821 822/822/822 819/819/819
f 819/819/819 818/818/818 820/820/820
f 370/370/370 374/374/374 373/373/373
f 373/373/373 371/371/371 370/370/370
f 370/370/370 371/371/371 372/372/372
f 374/374/374 375/375/375 373/373/373
f 386/386/386 373/373/373 375/375/375
f 373/373/373 386/386/386 371/371/371
f 372/372/372 371/371/371 386/386/386
f 372/372/372 385/385/385 382/382/382
f 386/386/386 385/385/385 372/372/372
f 383/383/383 372/372/372 382/382/382
f 375/375/375 387/387/387 386/386/386
f 384/384/384 386/386/386 387/387/387
f 384/384/384 385/385/385 386/386/386
f 377/377/377 387/387/387 375/375/375
f 375/375/375 378/378/378 376/376/376
f 376/376/376 377/377/377 375/375/375
f 388/388/388 387/387/387 377/377/377
f 387/387/387 388/388/388 384/384/384
f 388/388/388 385/385/385 384/384/384
f 382/382/382 385/385/385 388/388/388
f 388/388/388 381/381/381 382/382/382
f 381/381/381 388/388/388 379/379/379
f 377/377/377 379/379/379 388/388/388
f 380/380/380 383/383/383 382/382/382
f 382/382/382 381/381/381 380/380/380
f 380/380/380 381/381/381 379/379/379
f 376/376/376 379/379/379 377/377/377
f 325/325/325 326/326/326 323/323/323
f 323/323/323 324/324/324 325/325/325
f 325/325/325 335/335/335 339/339/339
f 339/339/339 331/331/331 325/325/325
f 335/335/335 325/325/325 324/324/324
f 326/326/326 325/325/325 331/331/331
f 331/331/331 332/332/332 326/326/326
f 331/331/331 339/339/339 338/338/338
f 338/338/338 327/327/327 331/331/331
f 330/330/330 332/332/332 331/331/331
f 331/331/331 327/327/327 330/330/330
f 350/350/350 338/338/338 339/339/339
f 339/339/339 356/356/356 350/350/350
f 356/356/356 339/339/339 335/335/335
f 349/349/349 337/337/337 338/338/338
f 338/338/338 350/350/350 349/349/349
f 327/327/327 338/338/338 337/337/337
f 337/337/337 328/328/328 327/327/327
f 329/329/329 330/330/330 327/327/327
f 327/327/327 328/328/328 329/329/329
f 359/359/359 340/340/340 337/337/337
f 337/337/337 349/349/349 359/359/359
f 328/328/328 337/337/337 340/340/340
f 349/349/349 348/348/348 358/358/358
f 358/358/358 359/359/359 349/349/349
f 348/348/348 349/349/349 350/350/350
f 351/351/351 350/350/350 356/356/356
f 350/350/350 351/351/351 348/348/348
f 348/348/348 354/354/354 358/358/358
f 354/354/354 348/348/348 351/351/351
f 352/352/352 351/351/351 355/355/355
f 351/351/351 352/352/352 354/354/354
f 356/356/356 355/355/355 351/351/351
f 352/352/352 353/353/353 354/354/354
f 355/355/355 357/357/357 352/352/352
f 357/357/357 346/346/346 352/352/352
f 357/357/357 355/355/355 341/341/341
f 342/342/342 341/341/341 355/355/355
f 355/355/355 356/356/356 342/342/342
f 335/335/335 342/342/342 356/356/356
f 17/17/17 42/42/42 14/14/14
f 317/317/317 14/14/14 315/315/315
f 15/15/15 14/14/14 317/317/317
f 42/42/42 315/315/315 14/14/14
f 16/16/16 17/17/17 14/14/14
f 14/14/14 15/15/15 16/16/16
f 50/50/50 17/17/17 16/16/16
f 16/16/16 474/474/474 499/499/499
f 499/499/499 360/360/360 16/16/16
f 16/16/16 15/15/15 473/473/473
f 473/473/473 474/474/474 16/16/16
f 16/16/16 360/360/360 50/50/50
f 15/15/15 319/319/319 760/760/760
f 760/760/760 473/473/473 15/15/15
f 317/317/317 319/319/319 15/15/15
f 474/474/474 473/473/473 489/489/489
f 757/757/757 473/473/473 760/760/760
f 489/489/489 473/473/473 757/757/757
f 760/760/760 761/761/761 762/762/762
f 758/758/758 760/760/760 762/762/762
f 760/760/760 759/759/759 757/757/757
f 761/761/761 760/760/760 319/319/319
f 758/758/758 759/759/759 760/760/760
f 319/319/319 321/321/321 761/761/761
f 320/320/320 321/321/321 319/319/319
f 319/319/319 317/317/317 320/320/320
f 457/457/457 459/459/459 761/761/761
f 321/321/321 457/457/457 761/761/761
f 321/321/321 320/320/320 457/457/457
f 457/457/457 320/320/320 459/459/459
f 317/317/317 322/322/322 320/320/320
f 316/316/316 322/322/322 317/317/317
f 315/315/315 318/318/318 317/317/317
f 316/316/316 317/317/317 318/318/318
f 44/44/44 43/43/43 322/322/322
f 322/322/322 316/316/316 44/44/44
f 43/43/43 44/44/44 45/45/45
f 43/43/43 41/41/41 40/40/40
f 40/40/40 48/48/48 43/43/43
f 45/45/45 41/41/41 43/43/43
