# tricera_battle reconstructed from live game memory
v -4.82262 24.67389 16.92038
v -6.16603 22.36033 16.87937
v -7.18504 23.40166 13.62679
v -5.50490 25.84172 13.65057
v -6.72754 19.86814 16.75463
v -8.16337 20.70708 13.59044
v -8.98705 21.33034 10.52585
v -7.72942 24.20499 10.50693
v -5.84217 26.73583 10.52417
v -2.96691 27.69620 13.63395
v -2.62489 26.45564 16.90416
v -3.12785 28.61113 10.51943
v 0.00000 29.38490 10.51156
v 0.00000 28.47705 13.61554
v 0.00000 27.21355 16.88175
v -1.20575 17.54313 41.57238
v -1.15717 18.20358 41.57428
v -0.84364 17.88494 45.79782
v -0.91394 17.41257 45.79737
v -0.81930 18.84306 41.57589
v -0.56243 18.33844 45.79490
v -0.41522 17.96546 49.47581
v -0.62283 17.64573 49.47988
v -0.67474 17.30971 49.47838
v -0.56243 17.00090 45.79015
v -0.73317 16.99398 41.57138
v -0.41522 17.00418 49.46572
v -0.00000 16.85904 49.45661
v -0.00000 16.81024 45.78484
v -0.00000 16.74723 41.57111
v -2.72313 18.42048 23.15791
v -2.93499 20.36165 23.51742
v -2.29057 19.63578 27.52180
v -2.01476 18.06710 27.28035
v -2.51030 22.11940 23.66307
v -1.99373 21.07910 27.62749
v -1.70407 20.20946 32.03063
v -2.02218 19.06763 31.98913
v -1.83476 17.86985 31.91470
v -1.42124 23.38167 23.75830
v -1.13687 22.09979 27.69993
v -0.00000 23.88894 23.79330
v -0.00000 22.50448 27.72784
v -0.00000 21.35204 32.06521
v -0.95882 21.02548 32.05631
v -6.72754 19.86814 16.75463
v -6.16603 22.36033 16.87937
v -4.48808 21.30842 20.07310
v -4.60409 19.06339 19.79656
v -4.82262 24.67389 16.92038
v -3.63884 23.37539 20.17596
v -2.62489 26.45564 16.90416
v -2.01346 24.92554 20.21933
v 0.00000 27.21355 16.88175
v -0.00000 25.57141 20.22614
v -5.85677 27.39008 0.10310
v -7.93363 24.21669 0.25203
v -7.74071 23.94701 -1.93023
v -5.63548 27.13538 -2.08879
v -9.16790 20.56012 0.42824
v -9.00320 20.23479 -1.76567
v -8.87469 19.98076 -3.84648
v -7.54262 23.65792 -3.99883
v -5.39860 26.77962 -4.15462
v -6.01457 27.41384 5.06418
v -8.05099 24.57058 5.12152
v -8.03572 24.44320 2.61885
v -5.97649 27.47785 2.50984
v -9.27754 21.32006 5.23976
v -9.25076 20.96632 2.77583
v -4.96343 11.42493 5.43467
v -2.54436 10.30104 5.41276
v -2.63557 9.94530 3.25644
v -5.11810 11.20164 3.26761
v -0.00000 9.77136 5.36798
v -0.00000 9.37710 3.24761
v -0.00000 9.01991 0.94363
v -2.60028 9.49848 0.93818
v -5.04124 10.63134 0.91064
v -9.10564 14.68609 5.75296
v -7.13191 12.67788 5.32128
v -7.29456 12.69785 3.26581
v -8.86279 14.73396 3.19519
v -7.16356 12.11565 0.84979
v -8.70373 14.19551 0.74886
v -9.66105 18.07587 5.48308
v -9.52066 17.61001 2.99990
v -9.39822 17.11502 0.60110
v -2.96024 29.07826 -2.18714
v -3.09869 29.38558 0.01208
v -2.81036 28.66458 -4.25030
v 0.00000 29.29788 -4.28311
v 0.00000 29.73833 -2.22127
v 0.00000 30.08886 -0.01895
v -7.28248 19.44206 -11.55850
v -5.86308 19.15823 -13.25771
v -5.51442 22.35366 -13.34831
v -6.18863 22.63316 -11.71135
v -4.15994 18.76809 -15.16135
v -5.11181 22.15609 -15.00343
v -5.24757 24.76743 -14.71733
v -4.77815 24.97841 -13.28073
v -4.56532 25.23876 -11.80968
v -3.83795 13.00066 -12.66909
v -1.90859 12.91855 -13.14700
v -1.97234 15.25625 -14.48886
v -3.94656 15.63507 -13.85035
v 0.00000 12.88140 -13.34622
v 0.00000 15.04855 -14.69868
v 0.00000 16.93882 -16.10392
v -2.06067 17.31866 -15.90126
v -7.63630 16.13060 -11.32588
v -5.92453 15.94069 -12.77416
v -7.55318 13.15543 -11.02805
v -5.80882 13.09837 -12.03225
v -1.25622 19.46542 36.83394
v -1.59720 18.59402 36.82234
v -1.53889 17.69538 36.81177
v -0.46100 17.49357 52.60736
v -0.49941 17.24055 52.60705
v -0.30733 17.73801 52.60343
v -0.21491 17.61105 54.85038
v -0.32065 17.40466 54.86531
v -0.34965 17.19852 54.85836
v -0.16432 17.35521 55.93874
v -0.18714 17.17702 55.90725
v -0.11411 17.53950 55.88926
v -0.00000 17.53205 56.08677
v -0.00000 17.34034 56.17932
v -0.00000 17.15999 56.11052
v -7.38252 9.62375 13.20457
v -9.23516 9.77961 12.31526
v -9.11836 12.71417 12.74254
v -7.02606 12.42336 13.97827
v -10.13003 9.72740 10.38446
v -10.37103 12.66993 10.41314
v -10.25682 15.52375 10.66284
v -8.80637 15.45539 13.35598
v -6.07656 15.04665 15.81559
v -4.98131 11.73691 13.06357
v -5.27590 9.32475 12.20411
v -4.13335 13.26451 14.52737
v -2.99502 12.22076 13.02518
v -3.09554 11.09875 11.53596
v -3.32554 9.15136 9.50491
v -3.32554 9.15136 9.50491
v -4.20241 10.65624 7.17707
v -6.36800 11.25116 6.56285
v -5.57471 8.91659 7.51871
v -8.34590 11.84828 6.48337
v -7.61742 9.04992 6.96472
v -9.36333 9.40218 8.26046
v -9.89690 12.35125 8.04677
v -10.14046 15.31019 8.13671
v -6.76156 -0.03363 12.87018
v -8.07720 -0.03359 11.83684
v -8.15805 1.58966 12.61420
v -6.89067 1.55578 13.52871
v -8.63052 -0.03357 10.19679
v -8.66384 1.62508 11.15631
v -8.89172 3.68849 11.61481
v -8.37397 3.64537 13.01440
v -8.15805 1.58966 12.61420
v -8.66384 1.62508 11.15631
v -7.05974 3.57964 13.83652
v -6.89067 1.55578 13.52871
v -3.90932 -0.03370 11.66739
v -5.18214 -0.03367 12.65027
v -5.35884 1.56811 13.35358
v -4.13475 1.59466 12.46029
v -5.46716 3.57206 13.56018
v -5.35884 1.56811 13.35358
v -4.20976 3.52465 12.65699
v -4.13475 1.59466 12.46029
v -3.92413 -0.03369 9.11744
v -3.51351 -0.03370 10.41183
v -3.79058 1.60347 11.22026
v -4.19270 1.60150 9.96534
v -3.90106 3.33942 11.59853
v -3.79058 1.60347 11.22026
v -4.28622 3.52023 10.38041
v -4.19270 1.60150 9.96534
v -6.54092 -0.03362 7.66176
v -5.07061 -0.03366 8.01807
v -5.20749 1.59576 9.02733
v -6.54391 1.59735 8.80606
v -3.92413 -0.03369 9.11744
v -4.19270 1.60150 9.96534
v -4.28622 3.52023 10.38041
v -5.30503 3.55481 9.45439
v -5.20749 1.59576 9.02733
v -4.19270 1.60150 9.96534
v -6.67031 3.55390 9.24050
v -6.54391 1.59735 8.80606
v -7.92299 -0.03358 8.59655
v -7.91092 1.61738 9.70132
v -8.09485 3.62823 10.15874
v -7.91092 1.61738 9.70132
v -5.10767 10.35897 -1.40150
v -7.04656 11.73587 -1.47344
v -5.45612 9.63481 -3.94500
v -7.29338 11.44941 -3.66484
v -8.37496 13.44021 -3.71111
v -8.41892 13.76652 -1.55917
v -8.40513 8.86430 -7.71209
v -8.99215 10.93222 -7.57118
v -8.25388 11.14717 -5.68535
v -7.48872 9.11434 -5.91191
v -9.33818 13.09500 -7.57443
v -8.93844 13.20979 -5.68915
v -6.90684 8.88846 -10.44434
v -7.33624 10.97323 -10.67955
v -8.57228 10.90767 -9.35851
v -8.07228 8.81648 -9.36926
v -8.80304 13.11559 -9.44808
v -5.69578 -0.03597 -6.54080
v -6.91219 -0.03597 -7.45775
v -6.66330 1.36460 -7.42306
v -5.60585 1.30860 -6.64443
v -7.37915 -0.03597 -8.96792
v -7.07979 1.45640 -8.73786
v -7.06963 3.35961 -8.45299
v -6.59952 3.26575 -7.18690
v -6.66330 1.36460 -7.42306
v -7.07979 1.45640 -8.73786
v -5.55588 3.20430 -6.44891
v -5.60585 1.30860 -6.64443
v -2.89294 -0.03596 -7.70355
v -4.16120 -0.03596 -6.70431
v -4.28968 1.33003 -6.79439
v -3.20894 1.39363 -7.63493
v -4.33233 3.18511 -6.64595
v -4.28968 1.33003 -6.79439
v -3.36944 3.22859 -7.46650
v -3.20894 1.39363 -7.63493
v -2.84118 -0.03597 -10.84237
v -2.47549 -0.03596 -9.29383
v -2.85777 1.46418 -8.92805
v -3.17840 1.53061 -10.22754
v -2.89294 -0.03596 -7.70355
v -3.20894 1.39363 -7.63493
v -3.36944 3.22859 -7.46650
v -3.10778 3.35513 -8.59902
v -2.85777 1.46418 -8.92805
v -3.20894 1.39363 -7.63493
v -3.47391 3.49124 -9.74049
v -3.17840 1.53061 -10.22754
v -5.32757 -0.03597 -11.70174
v -3.92235 -0.03597 -11.71642
v -4.11309 1.58188 -11.08717
v -5.32395 1.59385 -11.18434
v -4.39437 3.56343 -10.58787
v -4.11309 1.58188 -11.08717
v -5.53774 3.56170 -10.75114
v -5.32395 1.59385 -11.18434
v -6.66539 -0.03597 -10.58408
v -6.47310 1.54243 -10.19643
v -6.57260 3.47601 -9.84030
v -6.47310 1.54243 -10.19643
v -5.55588 3.20430 -6.44891
v -6.59952 3.26575 -7.18690
v -6.90597 6.16810 -6.54780
v -5.58586 6.20223 -5.65507
v -7.06963 3.35961 -8.45299
v -7.63785 6.08450 -8.05855
v -3.36944 3.22859 -7.46650
v -4.33233 3.18511 -6.64595
v -4.20334 6.01838 -6.02046
v -3.21897 5.87428 -7.09844
v -3.54366 8.44971 -5.37313
v -2.62537 8.17455 -6.76225
v -3.47391 3.49124 -9.74049
v -3.10778 3.35513 -8.59902
v -3.09329 6.02770 -8.34348
v -3.68598 6.23996 -9.50900
v -3.36944 3.22859 -7.46650
v -3.21897 5.87428 -7.09844
v -2.62537 8.17455 -6.76225
v -2.61490 8.34779 -8.20367
v -3.46529 9.19569 -9.75780
v -5.53774 3.56170 -10.75114
v -4.39437 3.56343 -10.58787
v -4.85672 6.27242 -10.34844
v -6.18636 6.20559 -10.48634
v -5.32549 8.99782 -10.49823
v -6.57260 3.47601 -9.84030
v -7.25569 6.11997 -9.54722
v -9.02710 16.42942 -3.76112
v -9.15020 16.72039 -1.64928
v -8.81190 16.16228 -9.57114
v -9.38253 16.15936 -7.66044
v -8.25464 19.57276 -9.72601
v -8.79036 19.65375 -7.80865
v -7.05974 3.57964 13.83652
v -8.37397 3.64537 13.01440
v -8.86001 6.56602 12.66032
v -7.30871 6.47240 13.44290
v -8.89172 3.68849 11.61481
v -9.50868 6.56143 11.07128
v -4.20976 3.52465 12.65699
v -5.46716 3.57206 13.56018
v -5.43867 6.38037 12.77333
v -3.98389 6.05789 11.66128
v -4.28622 3.52023 10.38041
v -3.90106 3.33942 11.59853
v -3.67836 5.27292 11.11642
v -4.02964 6.00600 9.92978
v -8.09485 3.62823 10.15874
v -8.67082 6.35884 9.32145
v -6.67031 3.55390 9.24050
v -7.04353 6.16161 8.25524
v -4.08665 19.70502 -17.31220
v -5.32817 22.16292 -16.85819
v -4.58158 19.96527 -19.47416
v -5.85079 22.38475 -18.52637
v -7.20486 25.28576 -17.81018
v -5.84565 24.56695 -16.35480
v -6.79993 24.09201 -21.41175
v -6.97675 24.50906 -19.76264
v -6.36690 22.83214 -19.62173
v -5.97183 21.82367 -20.62789
v -7.20486 25.28576 -17.81018
v -5.85079 22.38475 -18.52637
v -4.58158 19.96527 -19.47416
v -11.41627 33.60561 -11.85098
v -11.34104 35.45935 -11.29819
v -10.02830 37.06548 -10.61158
v -9.32818 35.41880 -11.12632
v -11.15792 35.38720 -11.99933
v -9.75104 36.71523 -11.52479
v -8.89426 38.75798 -10.57333
v -8.92397 38.94876 -9.85497
v -7.55728 38.60556 -9.61894
v -6.60724 40.17863 -9.26211
v -4.51437 40.42204 -9.09357
v -4.42886 38.54613 -9.48196
v -6.29167 39.96122 -9.94748
v -4.04015 39.83971 -10.01348
v -1.88680 40.83918 -9.46100
v -2.39396 41.10224 -8.80076
v -1.94836 39.91476 -8.84755
v -9.11221 29.77822 -14.41437
v -10.03355 28.86537 -14.68065
v -11.24837 30.34930 -13.49968
v -7.20486 25.28576 -17.81018
v -9.59492 26.88456 -15.88691
v -11.34109 27.73838 -14.63183
v -11.15792 35.38720 -11.99933
v -9.72322 33.81086 -13.98442
v -8.46392 34.81322 -13.59033
v -9.75104 36.71523 -11.52479
v -8.57112 31.32501 -16.64342
v -6.84480 32.65154 -16.34537
v -5.18918 33.94978 -15.19235
v -7.49869 36.14735 -12.88134
v -8.89426 38.75798 -10.57333
v -8.34385 41.10350 -9.25181
v -8.21520 40.87609 -9.63408
v -7.67097 40.86248 -9.57880
v -7.61367 40.98183 -9.29863
v -7.65098 39.52091 -10.63356
v -7.10017 39.81321 -10.33024
v -6.29167 39.96122 -9.94748
v -11.78677 28.53008 -14.51363
v -11.81924 30.86068 -13.54315
v -11.41761 28.41031 -15.36662
v -11.70134 30.90662 -14.25202
v -12.16833 33.26303 -13.17984
v -12.22525 33.16141 -12.49618
v -11.41308 26.09819 -15.82347
v -9.59494 25.84789 -16.82628
v -9.67788 26.79313 -16.95408
v -11.37001 26.82171 -15.86104
v -8.07267 26.60338 -18.37062
v -8.37771 28.20459 -18.29134
v -9.79633 28.18036 -16.85734
v -11.41761 28.41031 -15.36662
v -12.73527 34.29551 -11.99500
v -12.66638 34.68185 -11.60711
v -12.93379 34.51664 -12.17921
v -12.75441 34.84808 -11.81943
v -8.59145 40.19727 -9.41327
v -8.19300 40.53300 -9.16047
v -8.78648 40.49341 -9.56533
v -8.34385 41.10350 -9.25181
v -1.26536 42.00327 -8.49017
v -0.94883 42.11357 -8.27428
v -0.94922 42.39551 -8.56135
v -0.00000 43.18152 -8.12579
v -1.88680 40.83918 -9.46100
v -0.79109 41.09429 -9.67246
v -0.63287 42.31989 -8.83341
v -0.94922 42.39551 -8.56135
v -0.00000 41.08894 -9.85466
v -0.00000 42.59167 -8.77411
v -0.00000 43.18152 -8.12579
v -7.61367 40.98183 -9.29863
v -7.65321 40.58801 -9.19991
v -5.27331 37.15648 -12.35009
v -3.31536 37.28680 -12.31871
v -4.04015 39.83971 -10.01348
v -2.57717 34.37575 -15.31525
v -0.00000 35.18781 -14.52570
v -1.46171 38.02028 -11.89248
v -8.27298 39.32479 -10.59694
v -8.60921 40.47175 -9.79215
v -8.78648 40.49341 -9.56533
v -5.78955 32.86422 -12.04820
v -7.68316 31.33000 -13.34466
v -4.62290 27.36590 -14.37467
v -6.09276 27.29384 -15.48878
v -12.16833 33.26303 -13.17984
v -10.64706 32.29607 -14.70247
v -10.75083 33.48178 -13.85720
v -11.78908 34.39822 -12.68169
v -12.49731 35.26339 -11.71411
v -12.29879 35.04226 -11.52990
v -12.75606 26.64363 -14.95029
v -12.68423 27.04046 -15.00286
v -12.39737 27.30639 -14.78531
v -12.61976 26.84179 -14.70069
v -10.07628 29.94127 -16.00184
v -10.84983 30.99428 -15.06724
v -11.70134 30.90662 -14.25202
v -11.41308 26.09819 -15.82347
v -12.73834 26.15031 -15.19538
v -12.45149 26.41624 -14.97782
v -11.39047 26.44208 -15.36790
v -5.57155 31.52225 -19.32710
v -3.97137 32.24249 -18.76008
v -6.67866 30.58248 -19.81323
v -5.65329 30.47771 -23.13240
v -4.90085 31.55672 -22.52373
v -3.40762 31.91027 -22.09580
v -3.55392 26.48385 -13.28972
v -2.62310 26.79370 -11.87873
v -4.70494 26.19477 -14.53656
v -4.62290 27.36590 -14.37467
v -2.79996 27.36563 -13.31936
v -0.00000 27.37550 -12.94814
v -5.37967 20.89110 -22.29170
v -6.01565 23.06486 -23.23322
v -3.93713 18.91666 -21.65027
v -3.42090 18.21268 -23.45865
v -4.70883 20.16848 -24.14333
v -5.28265 22.40291 -25.05719
v -3.14024 15.12113 18.01276
v -2.31042 13.55523 15.77115
v -0.00000 14.97184 20.62592
v -0.00000 13.39136 16.33803
v -0.00000 12.10813 13.35008
v -1.70288 12.19468 13.18523
v -0.00000 9.01809 -3.42311
v -0.00000 8.97814 -5.16054
v -1.99426 9.09900 -5.15917
v -2.57241 9.31214 -3.44299
v -0.00000 8.99725 -6.71884
v -1.45650 8.97328 -6.68942
v -0.00000 41.90467 -8.12165
v -0.63249 41.67393 -8.20706
v -0.00000 39.44190 -8.65617
v -0.79061 39.72902 -8.65105
v -0.00000 35.12041 -9.89675
v -0.63249 36.24652 -9.62714
v -0.00000 27.37550 -12.94814
v -1.50112 34.61644 -10.34723
v -4.01077 27.67954 -24.35679
v -4.10784 28.37129 -24.89783
v -4.63401 28.41799 -23.97106
v -4.71951 27.91072 -23.33830
v -4.45010 29.52342 -25.67049
v -5.10246 28.80747 -23.80134
v -5.89376 27.97139 -22.04856
v -6.00281 29.22425 -22.13709
v -5.34942 29.24023 -23.58363
v -5.23885 30.17529 -24.92402
v -2.56179 31.74308 -23.87408
v -1.67872 31.41255 -22.45901
v -1.76553 31.87756 -20.84278
v -1.89826 30.82385 -24.91560
v -0.99154 31.29093 -22.94652
v 0.00000 31.72579 -21.19437
v -3.76847 28.18610 -25.91450
v -3.24055 28.93244 -25.72049
v -3.34577 30.31214 -26.02561
v -3.54833 26.59106 -26.43379
v -2.63917 28.76806 -25.75170
v -2.48800 18.27764 -26.79528
v -1.88917 18.10719 -29.45702
v -2.63945 19.11812 -29.92471
v -3.41244 19.51860 -27.48020
v -1.24817 17.82605 -31.98455
v -1.79271 18.68182 -32.32434
v -1.98126 19.32469 -32.26427
v -2.72986 20.00222 -30.44916
v -3.82043 21.10311 -28.39165
v -1.94252 23.37453 -34.85835
v -2.46197 24.06235 -33.74688
v -2.74972 22.70364 -33.11144
v -2.27493 22.34798 -34.30575
v -2.81062 24.41561 -32.65535
v -3.11820 22.90291 -31.87103
v -2.84979 21.47972 -31.24532
v -2.46671 21.41197 -32.65889
v -1.95615 21.23425 -34.05181
v -1.19064 20.82365 -35.49788
v -1.58750 21.67952 -35.40782
v 0.00000 20.57703 -36.76446
v -1.14100 22.00375 -36.03081
v -0.59530 22.36755 -36.31796
v -1.19236 24.04226 -35.24926
v 0.00000 21.30960 -36.87489
v 0.00000 22.44843 -36.42155
v 0.00000 22.55935 -36.37758
v 0.00000 24.88878 -35.47636
v -4.83650 27.48219 -23.27670
v -4.36095 27.20153 -24.02989
v -5.50314 27.12134 -22.77834
v -5.09970 26.58200 -23.64455
v -3.82043 21.10311 -28.39165
v -1.94711 20.98398 -28.43299
v -1.88897 21.11194 -29.10080
v -3.23288 21.56041 -29.73727
v 0.00000 21.05899 -28.07862
v 0.00000 21.16103 -28.84678
v 0.00000 20.90948 -31.11437
v -1.65619 20.95056 -31.08110
v -2.84979 21.47972 -31.24532
v -1.98126 19.32469 -32.26427
v -1.23570 19.20824 -33.48352
v -1.65600 20.22564 -30.76805
v -2.72986 20.00222 -30.44916
v -0.00000 19.02158 -34.09262
v 0.00000 20.17217 -30.87611
v -6.14218 26.23891 -22.26907
v -6.02402 25.44878 -22.85562
v -6.66355 26.14460 -21.31845
v -4.02972 26.93776 -24.85565
v -3.71104 27.23019 -25.31198
v -4.52564 26.24215 -24.83730
v -3.82723 27.87357 -25.55000
v -1.71179 9.84995 -9.81361
v -1.83932 11.10608 -11.52196
v -3.70565 11.07312 -11.29038
v -0.00000 9.86683 -9.89307
v 0.00000 11.11966 -11.66468
v -5.65329 30.47771 -23.13240
v -5.60934 32.29857 -26.44393
v -5.08943 32.88625 -25.92347
v -4.90085 31.55672 -22.52373
v -6.21420 34.44482 -29.57962
v -5.88437 34.92228 -29.32756
v -5.33335 35.15928 -29.33215
v -4.28027 33.23884 -25.87219
v -3.40762 31.91027 -22.09580
v -3.53225 33.03152 -26.51919
v -2.56179 31.74308 -23.87408
v -4.76521 34.91859 -29.70021
v -4.53547 34.43929 -30.13860
v -3.27357 32.51648 -27.33752
v -1.89826 30.82385 -24.91560
v -3.93246 31.94589 -27.80021
v -3.34577 30.31214 -26.02561
v -4.99963 33.96042 -30.35416
v -5.68497 33.72202 -30.31307
v -4.88059 31.61040 -27.79371
v -4.45010 29.52342 -25.67049
v -4.45010 29.52342 -25.67049
v -4.88059 31.61040 -27.79371
v -5.48963 31.80062 -27.20448
v -5.23885 30.17529 -24.92402
v -5.68497 33.72202 -30.31307
v -6.11878 33.96411 -29.98151
v -7.10807 29.44736 -20.02159
v -8.36669 29.57808 -17.99616
v -7.17320 28.05079 -20.03147
v -7.03278 37.07621 -32.53725
v -6.74728 37.19889 -32.55241
v -7.19666 36.80510 -32.63712
v -7.84210 38.17606 -34.31686
v -8.02349 38.73201 -34.87605
v -7.63340 38.35885 -34.27888
v -6.43577 37.04502 -32.72301
v -6.30116 36.75830 -32.91575
v -7.85784 38.72523 -34.93095
v -7.42952 38.15616 -34.44823
v -6.54631 36.48242 -32.99733
v -6.91308 36.35498 -32.96389
v -7.88928 38.56809 -35.00874
v -7.71046 37.96913 -34.46995
v -7.14331 36.51361 -32.81158
v -6.91308 36.35498 -32.96389
v -8.05492 38.57487 -34.95383
v -9.48016 29.28489 -16.81983
v -7.18747 26.32665 -19.92219
v -9.27404 21.48803 7.78270
v -9.96293 18.38312 7.98658
v -9.81250 18.42356 10.63912
v -1.61706 10.16332 8.96141
v -2.08833 10.15988 7.21789
v -0.00000 10.22815 8.80198
v -0.00000 9.93635 7.09495
v -12.56620 34.87705 -12.10199
v -12.93379 34.51664 -12.17921
v -12.49731 35.26339 -11.71411
v -12.75441 34.84808 -11.81943
v -5.32391 6.17312 8.71704
v -5.30503 3.55481 9.45439
v -4.28622 3.52023 10.38041
v -4.02964 6.00600 9.92978
v -5.45929 24.89986 -24.18912
v -4.76627 24.43236 -25.90611
v -5.62599 11.02861 -11.16655
v -1.54907 27.62750 -27.69336
v -2.39222 27.25750 -27.30674
v -2.55512 26.47904 -29.11214
v -1.65194 26.90264 -29.53008
v -3.44918 25.60018 -28.47808
v -3.31681 25.17411 -30.21493
v -2.59310 26.08639 -30.90345
v -1.73367 26.69190 -31.73678
v -1.73367 26.69190 -31.73678
v -1.27584 27.40201 -33.82452
v -0.70755 27.82833 -33.57843
v -0.83674 27.24332 -31.56696
v -0.89245 28.23454 -35.77903
v -0.49419 28.77652 -35.41582
v 0.00000 28.94350 -35.23479
v 0.00000 28.00868 -33.41695
v 0.00000 27.41125 -31.48481
v -1.70526 25.84791 -33.98160
v -1.28762 26.87114 -34.90444
v -1.56560 26.84447 -33.91685
v -1.94567 26.17526 -32.94726
v -0.26790 29.85880 -36.74392
v 0.00000 29.96130 -36.62460
v -0.40186 29.67735 -36.97968
v -0.19683 30.40462 -37.46230
v -0.09041 30.71558 -37.55657
v 0.00000 30.74767 -37.51801
v -0.49655 28.12597 -36.48202
v -0.26790 29.54299 -37.20966
v 0.00000 28.03098 -36.69292
v 0.00000 29.48758 -37.32321
v 0.00000 30.59639 -37.73949
v -0.09041 30.61472 -37.70422
v -1.09413 25.54477 -34.84713
v -0.71698 26.71757 -35.63934
v 0.00000 24.88878 -35.47636
v 0.00000 26.59573 -35.94363
v -1.70526 25.84791 -33.98160
v -1.94567 26.17526 -32.94726
v -2.52158 25.64755 -32.23539
v -2.27629 25.21334 -33.29539
v -3.09977 24.78273 -31.54270
v -1.09413 25.54477 -34.84713
v -1.79295 24.83455 -34.27087
v 0.00000 16.44754 31.71545
v -0.00000 16.01489 26.50122
v -1.15370 16.67031 26.80064
v -1.06337 16.88599 31.79021
v -0.00000 14.97184 20.62592
v -1.90254 16.60793 22.42111
v -4.02981 16.97907 19.23218
v -3.14024 15.12113 18.01276
v -6.07656 15.04665 15.81559
v -6.57957 17.55050 16.51966
v 0.00000 30.27104 2.39685
v -3.17405 29.50748 2.42970
v 0.00000 30.24231 4.97238
v -3.20145 29.43629 5.00353
v 0.00000 16.65899 36.81003
v -0.91167 16.97478 36.80927
v -0.00000 16.95744 54.84434
v -0.00000 16.90465 52.59172
v -0.30733 17.01246 52.59824
v -0.22289 17.02892 54.82594
v -0.00000 17.02781 55.86859
v -0.14606 17.05674 55.78702
v 0.00000 17.86993 -17.94374
v -2.20368 18.30526 -17.73794
v 0.00000 17.93955 -19.91468
v -2.25638 18.37319 -19.72651
v -0.00000 32.89629 -18.11255
v -2.06279 32.71898 -18.30906
v -3.47450 33.72435 -11.10165
v -2.79996 27.36563 -13.31936
v 0.00000 17.93955 -19.91468
v 0.00000 17.24535 -21.71320
v -2.07377 17.67956 -21.59459
v -2.25638 18.37319 -19.72651
v 0.00000 16.61286 -23.34745
v -1.79495 17.01909 -23.29730
v 0.00000 16.86756 -24.82557
v -1.55904 17.18647 -24.78975
v 0.00000 17.32560 -26.64766
v -1.30791 17.55633 -26.61308
v -2.96822 18.15623 -24.98474
v -0.00000 17.50215 -33.77718
v -0.00000 18.12819 -34.58147
v -0.90628 18.30313 -33.95694
v -0.64145 17.61538 -33.39248
v -0.00000 19.02158 -34.09262
v -1.23570 19.20824 -33.48352
v 0.00000 30.66225 -25.12753
v 0.00000 31.26387 -23.42424
v -0.57186 31.18288 -23.69419
v -0.81407 30.64584 -25.02403
v -2.08898 28.85376 -25.93256
v -1.62225 30.03321 -25.41471
v -1.54666 29.13600 -26.12184
v -1.54666 29.13600 -26.12184
v -4.89265 27.87133 -22.78132
v -4.68509 27.53228 -23.38749
v -4.30672 27.67908 -24.30785
v -4.53340 28.23417 -23.90832
v -4.47753 27.19322 -23.99367
v -4.08004 27.12398 -24.70737
v -3.68256 27.05474 -25.42107
v -3.92835 27.82588 -25.22820
v -4.17415 28.59702 -25.03532
v -7.98348 24.54290 7.71136
v -5.99093 27.21318 7.69883
v -3.19605 29.16433 7.67136
v -0.00000 29.96012 7.65390
v -8.59592 18.08901 13.56939
v -6.57957 17.55050 16.51966
v -5.04275 25.98400 -8.15957
v -4.73699 25.58734 -10.06885
v -2.43218 27.24576 -10.14193
v -2.58883 27.75180 -8.22153
v 0.00000 27.81076 -10.15730
v 0.00000 28.35830 -8.22773
v -6.78708 22.87206 -9.91106
v -7.22684 23.10664 -7.99848
v -8.90039 19.78841 -5.85480
v -7.42501 23.37319 -6.02466
v -5.23216 26.38862 -6.18319
v -2.70072 28.22358 -6.25970
v 0.00000 28.84594 -6.27746
v -9.27940 16.24541 -5.74430
v -0.00000 8.99725 -6.71884
v -0.00000 9.22643 -8.27041
v -1.47327 9.18131 -8.22183
v -1.45650 8.97328 -6.68942
v -2.61490 8.34779 -8.20367
v -2.62537 8.17455 -6.76225
v -0.00000 11.00290 10.86254
v -1.48017 10.95281 10.93292
v -0.00000 10.22815 8.80198
v -1.61706 10.16332 8.96141
v -0.42401 19.32930 41.57598
v -0.28121 18.69348 45.79197
v -0.00000 19.53411 41.57566
v -0.00000 18.84639 45.79052
v -0.00000 18.33463 49.46971
v -0.20761 18.22209 49.47175
v -0.15367 17.94038 52.59951
v -0.00000 18.03105 52.59754
v -0.00000 17.84809 54.83539
v -0.11145 17.78137 54.81715
v -0.07303 17.67809 55.76660
v -0.00000 17.69825 55.84464
v -0.68553 20.10431 36.83955
v -0.00000 20.36562 36.84085
v -2.67683 9.36636 -1.35275
v -0.00000 8.96613 -1.33417
v -0.98345 17.50329 -29.30838
v 0.00000 17.30309 -29.31382
v -0.00000 17.13434 -31.80802
v -0.66074 17.30773 -31.79551
v -0.41487 17.25006 -32.99435
v -0.00000 17.15364 -33.11420
v -5.55646 25.80506 -15.78089
v -6.09276 27.29384 -15.48878
v -7.35331 37.47170 -12.06391
v -6.64532 37.12604 -12.47377
v -6.41506 37.86243 -11.85055
v -0.63287 39.12377 -11.20740
v -0.00000 38.59653 -11.74160
v -0.19683 30.40462 -37.46230
v -0.09041 30.61472 -37.70422
v -0.02344 30.98723 -37.84765
v -0.09041 30.71558 -37.55657
v 0.00000 30.59639 -37.73949
v 0.00000 30.98822 -37.84673
v 0.00000 30.74767 -37.51801
v -8.34533 39.27363 -35.66743
v -3.48667 23.10217 -30.63061
v -3.86504 23.39789 -29.26353
v -3.23288 21.56041 -29.73727
v 0.00000 20.57795 -34.21776
v 0.00000 20.37567 -35.59089
v -0.79377 20.51466 -35.23792
v -1.14962 20.71743 -34.02887
v 0.00000 20.57703 -36.76446
v -1.19064 20.82365 -35.49788
v -1.95615 21.23425 -34.05181
v -2.46671 21.41197 -32.65889
v -1.42342 20.84089 -32.68353
v 0.00000 20.73550 -32.81514
v -0.83674 27.24332 -31.56696
v -0.81052 27.25057 -29.71665
v 0.00000 27.41125 -31.48481
v 0.00000 27.40561 -29.75211
v 0.00000 28.07063 -28.12868
v -0.79815 27.97992 -27.94720
v -0.96887 29.56122 -26.17830
v 0.00000 29.48515 -26.52440
v -4.07766 19.78985 -25.71295
v -4.60383 21.79678 -26.69290
v -4.26321 23.88649 -27.64314
v -10.01760 26.06926 -16.19020
v -9.59494 25.84789 -16.82628
v -12.68423 27.04046 -15.00286
v -12.51595 26.61491 -15.27999
v -12.75606 26.64363 -14.95029
v -12.73834 26.15031 -15.19538
v -6.76156 -0.03363 12.87018
v -5.18214 -0.03367 12.65027
v -5.79535 -0.03365 11.12434
v -8.07720 -0.03359 11.83684
v -3.90932 -0.03370 11.66739
v -3.51351 -0.03370 10.41183
v -3.92413 -0.03369 9.11744
v -6.26997 -0.03363 9.76471
v -8.63052 -0.03357 10.19679
v -5.69578 -0.03597 -6.54080
v -4.16120 -0.03596 -6.70431
v -4.69384 -0.03597 -8.37579
v -6.91219 -0.03597 -7.45775
v -2.89294 -0.03596 -7.70355
v -2.47549 -0.03596 -9.29383
v -2.84118 -0.03597 -10.84237
v -5.10455 -0.03597 -9.81323
v -7.37915 -0.03597 -8.96792
v -5.07061 -0.03366 8.01807
v -6.46739 -0.03362 8.73768
v -6.54092 -0.03362 7.66176
v -7.92299 -0.03358 8.59655
v -3.92235 -0.03597 -11.71642
v -5.27140 -0.03597 -10.78259
v -5.32757 -0.03597 -11.70174
v -6.66539 -0.03597 -10.58408
v 4.82262 24.67389 16.92037
v 5.50490 25.84172 13.65057
v 7.18500 23.40172 13.62665
v 6.16603 22.36034 16.87937
v 5.84217 26.73583 10.52417
v 7.72926 24.20500 10.50675
v 8.98679 21.33041 10.52546
v 8.16341 20.70727 13.59015
v 6.72768 19.86826 16.75458
v 2.62489 26.45564 16.90416
v 2.96691 27.69620 13.63395
v 3.12786 28.61113 10.51943
v 1.20575 17.54313 41.57239
v 0.91394 17.41257 45.79737
v 0.84364 17.88494 45.79783
v 1.15717 18.20358 41.57428
v 0.67474 17.30970 49.47838
v 0.62283 17.64573 49.47988
v 0.41522 17.96545 49.47581
v 0.56242 18.33844 45.79490
v 0.81930 18.84306 41.57588
v 0.73317 16.99398 41.57138
v 0.56242 17.00090 45.79015
v 0.41522 17.00418 49.46572
v 2.72313 18.42048 23.15791
v 2.01476 18.06710 27.28035
v 2.29057 19.63578 27.52180
v 2.93499 20.36165 23.51742
v 1.83476 17.86986 31.91470
v 2.02219 19.06763 31.98913
v 1.70407 20.20946 32.03063
v 1.99373 21.07910 27.62749
v 2.51030 22.11940 23.66307
v 1.13687 22.09979 27.69993
v 1.42124 23.38167 23.75830
v 0.95881 21.02548 32.05631
v 6.72768 19.86826 16.75458
v 4.60409 19.06339 19.79656
v 4.48808 21.30842 20.07310
v 6.16603 22.36034 16.87937
v 3.63884 23.37539 20.17596
v 4.82262 24.67389 16.92037
v 2.01346 24.92554 20.21933
v 2.62489 26.45564 16.90416
v 5.85677 27.39008 0.10310
v 5.63548 27.13538 -2.08879
v 7.74071 23.94701 -1.93023
v 7.93363 24.21669 0.25203
v 5.39860 26.77962 -4.15461
v 7.54262 23.65791 -3.99883
v 8.87495 19.98059 -3.84650
v 9.00320 20.23479 -1.76567
v 9.16790 20.56012 0.42824
v 6.01457 27.41384 5.06418
v 5.97649 27.47784 2.50984
v 8.03572 24.44320 2.61885
v 8.05063 24.57047 5.12133
v 9.25036 20.96618 2.77566
v 9.27682 21.31988 5.23934
v 4.96323 11.42453 5.43514
v 5.11810 11.20164 3.26761
v 2.63557 9.94530 3.25644
v 2.54430 10.30082 5.41307
v 5.04124 10.63134 0.91064
v 2.60028 9.49848 0.93818
v 9.10470 14.68562 5.75280
v 8.86255 14.73383 3.19517
v 7.29436 12.69769 3.26590
v 7.13164 12.67760 5.32150
v 8.70373 14.19551 0.74886
v 7.16356 12.11565 0.84979
v 9.52034 17.60989 2.99980
v 9.66009 18.07560 5.48257
v 9.39822 17.11502 0.60110
v 3.09869 29.38558 0.01208
v 2.96024 29.07826 -2.18714
v 2.81036 28.66458 -4.25030
v 7.28247 19.44208 -11.55848
v 6.18863 22.63316 -11.71135
v 5.51442 22.35367 -13.34831
v 5.86302 19.15831 -13.25764
v 4.56532 25.23876 -11.80968
v 4.77815 24.97841 -13.28073
v 5.24757 24.76743 -14.71733
v 5.11181 22.15609 -15.00343
v 4.15994 18.76809 -15.16135
v 3.83750 13.00094 -12.66907
v 3.94640 15.63520 -13.85030
v 1.97234 15.25625 -14.48886
v 1.90859 12.91855 -13.14700
v 2.06067 17.31866 -15.90126
v 5.92423 15.94086 -12.77416
v 7.63613 16.13061 -11.32603
v 5.80797 13.09868 -12.03255
v 7.55253 13.15543 -11.02868
v 1.59720 18.59402 36.82234
v 1.25622 19.46543 36.83394
v 1.53889 17.69538 36.81177
v 0.49941 17.24055 52.60706
v 0.46099 17.49357 52.60737
v 0.34965 17.19852 54.85836
v 0.32065 17.40466 54.86531
v 0.21490 17.61104 54.85038
v 0.30733 17.73801 52.60343
v 0.18714 17.17702 55.90725
v 0.16432 17.35521 55.93874
v 0.11411 17.53950 55.88926
v 7.38480 9.62428 13.20598
v 7.02774 12.42389 13.97907
v 9.11963 12.71484 12.74268
v 9.23710 9.78034 12.31599
v 6.07760 15.04706 15.81596
v 8.80723 15.45604 13.35575
v 10.25696 15.52419 10.66223
v 10.37162 12.67041 10.41291
v 10.13131 9.72791 10.38489
v 5.27759 9.32466 12.20599
v 4.98266 11.73692 13.06493
v 3.32627 9.15064 9.50688
v 3.09596 11.09854 11.53674
v 2.99544 12.22066 13.02578
v 4.13405 13.26456 14.52800
v 3.32627 9.15064 9.50688
v 5.57506 8.91578 7.52046
v 6.36778 11.25053 6.56371
v 4.20239 10.65565 7.17807
v 7.61765 9.04921 6.96616
v 8.34544 11.84768 6.48392
v 9.89683 12.35123 8.04675
v 9.36393 9.40209 8.26122
v 10.13998 15.31022 8.13616
v 6.76398 -0.03415 12.87159
v 6.89398 1.55515 13.53090
v 8.16099 1.58903 12.61586
v 8.07916 -0.03409 11.83768
v 7.06358 3.57944 13.83928
v 8.37749 3.64518 13.01666
v 8.16099 1.58903 12.61586
v 6.89398 1.55515 13.53090
v 8.89469 3.68841 11.61687
v 8.66617 1.62479 11.15778
v 8.63176 -0.03357 10.19739
v 8.66617 1.62479 11.15778
v 3.91121 -0.03285 11.67006
v 4.13762 1.59500 12.46366
v 5.36209 1.56788 13.35643
v 5.18446 -0.03362 12.65237
v 4.21313 3.52471 12.66087
v 5.47089 3.57197 13.56357
v 5.36209 1.56788 13.35643
v 4.13762 1.59500 12.46366
v 3.92490 -0.03181 9.12010
v 4.19452 1.60262 9.96870
v 3.79293 1.60428 11.22379
v 3.51485 -0.03223 10.41467
v 4.28870 3.52052 10.38426
v 3.90401 3.33961 11.60251
v 3.79293 1.60428 11.22379
v 4.19452 1.60262 9.96870
v 6.54105 -0.03194 7.66328
v 6.54524 1.59829 8.80841
v 5.20891 1.59694 9.03026
v 5.07091 -0.03168 8.02023
v 6.67234 3.55418 9.24342
v 5.30715 3.55514 9.45785
v 5.20891 1.59694 9.03026
v 6.54524 1.59829 8.80841
v 4.28870 3.52052 10.38426
v 4.19452 1.60262 9.96870
v 3.92490 -0.03181 9.12010
v 4.19452 1.60262 9.96870
v 7.91262 1.61773 9.70311
v 7.92353 -0.03272 8.59746
v 8.09725 3.62834 10.16111
v 7.91262 1.61773 9.70311
v 7.04673 11.73569 -1.47357
v 5.10782 10.35883 -1.40159
v 8.41913 13.76631 -1.55930
v 8.37550 13.43955 -3.71166
v 7.29376 11.44884 -3.66540
v 5.45628 9.63446 -3.94540
v 8.40417 8.86345 -7.71438
v 7.48842 9.11332 -5.91384
v 8.25403 11.14625 -5.68669
v 8.99179 10.93148 -7.57274
v 8.93878 13.20904 -5.69003
v 9.33817 13.09441 -7.57540
v 6.90495 8.88847 -10.44612
v 8.07074 8.81603 -9.37145
v 8.57146 10.90726 -9.35996
v 7.33509 10.97321 -10.68069
v 8.80267 13.11527 -9.44895
v 5.69333 -0.03603 -6.54324
v 5.60344 1.30848 -6.64694
v 6.66086 1.36446 -7.42561
v 6.90975 -0.03603 -7.46019
v 5.55380 3.20401 -6.45136
v 6.59732 3.26543 -7.18952
v 6.66086 1.36446 -7.42561
v 5.60344 1.30848 -6.64694
v 7.06723 3.35937 -8.45569
v 7.07729 1.45630 -8.74043
v 7.37671 -0.03603 -8.97036
v 7.07729 1.45630 -8.74043
v 2.89050 -0.03603 -7.70600
v 3.20649 1.39361 -7.63731
v 4.28727 1.32995 -6.79683
v 4.15876 -0.03603 -6.70675
v 3.36719 3.22863 -7.46858
v 4.33022 3.18497 -6.64820
v 4.28727 1.32995 -6.79683
v 3.20649 1.39361 -7.63731
v 2.83874 -0.03603 -10.84481
v 3.17583 1.53067 -10.22991
v 2.85525 1.46421 -8.93041
v 2.47305 -0.03603 -9.29627
v 3.47130 3.49150 -9.74256
v 3.10536 3.35531 -8.60104
v 2.85525 1.46421 -8.93041
v 3.17583 1.53067 -10.22991
v 3.36719 3.22863 -7.46858
v 3.20649 1.39361 -7.63731
v 2.89050 -0.03603 -7.70600
v 3.20649 1.39361 -7.63731
v 5.32513 -0.03603 -11.70418
v 5.32133 1.59387 -11.18682
v 4.11048 1.58193 -11.08959
v 3.91992 -0.03603 -11.71886
v 5.53497 3.56184 -10.75355
v 4.39163 3.56368 -10.59009
v 4.11048 1.58193 -11.08959
v 5.32133 1.59387 -11.18682
v 6.47053 1.54238 -10.19897
v 6.66295 -0.03603 -10.58652
v 6.56998 3.47596 -9.84289
v 6.47053 1.54238 -10.19897
v 5.55380 3.20401 -6.45136
v 5.58479 6.20166 -5.65702
v 6.90464 6.16744 -6.55014
v 6.59732 3.26543 -7.18952
v 7.63607 6.08397 -8.06112
v 7.06723 3.35937 -8.45569
v 3.36719 3.22863 -7.46858
v 3.21743 5.87436 -7.09977
v 4.20214 6.01810 -6.02205
v 4.33022 3.18497 -6.64820
v 2.62498 8.17464 -6.76249
v 3.54354 8.44956 -5.37349
v 3.47130 3.49150 -9.74256
v 3.68381 6.24038 -9.51040
v 3.09142 6.02802 -8.34475
v 3.10536 3.35531 -8.60104
v 3.46456 9.19597 -9.75806
v 2.61428 8.34802 -8.20388
v 2.62498 8.17464 -6.76249
v 3.21743 5.87436 -7.09977
v 3.36719 3.22863 -7.46858
v 5.53497 3.56184 -10.75355
v 6.18390 6.20573 -10.48847
v 4.85432 6.27277 -10.35018
v 4.39163 3.56368 -10.59009
v 5.32361 8.99818 -10.49945
v 7.25349 6.11976 -9.54967
v 6.56998 3.47596 -9.84289
v 9.15020 16.72039 -1.64928
v 9.02729 16.42924 -3.76121
v 9.38268 16.15909 -7.66073
v 8.81188 16.16214 -9.57138
v 8.79049 19.65366 -7.80867
v 8.25471 19.57272 -9.72602
v 7.06358 3.57944 13.83928
v 7.31212 6.47260 13.44543
v 8.86313 6.56629 12.66227
v 8.37749 3.64518 13.01666
v 9.51122 6.56166 11.07299
v 8.89469 3.68841 11.61687
v 4.21313 3.52471 12.66087
v 3.98668 6.05774 11.66506
v 5.44185 6.38039 12.77656
v 5.47089 3.57197 13.56357
v 4.28870 3.52052 10.38426
v 4.03179 6.00576 9.93355
v 3.68101 5.27272 11.12035
v 3.90401 3.33961 11.60251
v 8.67272 6.35892 9.32348
v 8.09725 3.62834 10.16111
v 7.04504 6.16151 8.25788
v 6.67234 3.55418 9.24342
v 5.32818 22.16292 -16.85819
v 4.08665 19.70502 -17.31220
v 5.84565 24.56696 -16.35480
v 7.20486 25.28576 -17.81018
v 5.85079 22.38475 -18.52637
v 4.58159 19.96527 -19.47416
v 6.79993 24.09200 -21.41175
v 5.97183 21.82368 -20.62789
v 6.36690 22.83214 -19.62173
v 6.97675 24.50906 -19.76264
v 4.58159 19.96527 -19.47416
v 5.85079 22.38475 -18.52637
v 7.20486 25.28576 -17.81018
v 11.41627 33.60561 -11.85098
v 9.32817 35.41880 -11.12632
v 10.02829 37.06548 -10.61158
v 11.34104 35.45935 -11.29819
v 7.55728 38.60557 -9.61894
v 8.92396 38.94876 -9.85496
v 8.89426 38.75798 -10.57333
v 9.75104 36.71523 -11.52479
v 11.15792 35.38720 -11.99933
v 4.42886 38.54613 -9.48196
v 4.51436 40.42204 -9.09356
v 6.60723 40.17863 -9.26210
v 1.94836 39.91476 -8.84755
v 2.39395 41.10224 -8.80076
v 1.88679 40.83918 -9.46100
v 4.04015 39.83971 -10.01348
v 6.29167 39.96122 -9.94748
v 11.24836 30.34930 -13.49968
v 10.03355 28.86537 -14.68065
v 9.11221 29.77822 -14.41437
v 11.34109 27.73839 -14.63183
v 9.59492 26.88456 -15.88691
v 7.20486 25.28576 -17.81018
v 11.15792 35.38720 -11.99933
v 9.75104 36.71523 -11.52479
v 8.46392 34.81322 -13.59032
v 9.72322 33.81086 -13.98442
v 8.89426 38.75798 -10.57333
v 7.49869 36.14735 -12.88134
v 5.18918 33.94978 -15.19235
v 6.84480 32.65154 -16.34537
v 8.57112 31.32501 -16.64341
v 8.34385 41.10350 -9.25181
v 7.61367 40.98183 -9.29863
v 7.67096 40.86248 -9.57880
v 8.21520 40.87609 -9.63407
v 6.29167 39.96122 -9.94748
v 7.10017 39.81321 -10.33024
v 7.65098 39.52091 -10.63356
v 11.81924 30.86067 -13.54315
v 11.78677 28.53008 -14.51362
v 12.22525 33.16141 -12.49618
v 12.16833 33.26303 -13.17983
v 11.70134 30.90662 -14.25202
v 11.41761 28.41031 -15.36662
v 11.41308 26.09819 -15.82347
v 11.37001 26.82171 -15.86104
v 9.67788 26.79314 -16.95407
v 9.59494 25.84789 -16.82628
v 11.41761 28.41031 -15.36662
v 9.79633 28.18036 -16.85734
v 8.37771 28.20459 -18.29134
v 8.07267 26.60338 -18.37062
v 12.66638 34.68185 -11.60711
v 12.73527 34.29551 -11.99499
v 12.75440 34.84808 -11.81942
v 12.93379 34.51664 -12.17920
v 8.19300 40.53300 -9.16046
v 8.59145 40.19727 -9.41326
v 8.34385 41.10350 -9.25181
v 8.78648 40.49341 -9.56533
v 0.94883 42.11357 -8.27428
v 1.26536 42.00327 -8.49017
v 0.94921 42.39551 -8.56135
v 1.88679 40.83918 -9.46100
v 0.94921 42.39551 -8.56135
v 0.63287 42.31989 -8.83341
v 0.79109 41.09429 -9.67246
v 7.65321 40.58801 -9.19991
v 7.61367 40.98183 -9.29863
v 4.04015 39.83971 -10.01348
v 3.31536 37.28680 -12.31872
v 5.27330 37.15648 -12.35008
v 1.46171 38.02028 -11.89248
v 2.57717 34.37575 -15.31525
v 8.78648 40.49341 -9.56533
v 8.60921 40.47175 -9.79215
v 8.27297 39.32479 -10.59693
v 7.68316 31.33000 -13.34466
v 5.78955 32.86422 -12.04819
v 6.09276 27.29384 -15.48878
v 4.62290 27.36590 -14.37466
v 12.16833 33.26303 -13.17983
v 11.78908 34.39822 -12.68169
v 10.75083 33.48178 -13.85719
v 10.64706 32.29607 -14.70247
v 12.29879 35.04226 -11.52990
v 12.49731 35.26339 -11.71411
v 12.75606 26.64364 -14.95029
v 12.61976 26.84179 -14.70069
v 12.39737 27.30639 -14.78531
v 12.68423 27.04046 -15.00286
v 11.70134 30.90662 -14.25202
v 10.84983 30.99428 -15.06724
v 10.07628 29.94127 -16.00184
v 11.41308 26.09819 -15.82347
v 11.39047 26.44208 -15.36790
v 12.45149 26.41624 -14.97782
v 12.73834 26.15031 -15.19537
v 3.97137 32.24249 -18.76008
v 5.57155 31.52225 -19.32710
v 3.40762 31.91027 -22.09580
v 4.90085 31.55672 -22.52373
v 5.65329 30.47771 -23.13240
v 6.67866 30.58248 -19.81323
v 2.62310 26.79370 -11.87873
v 3.55392 26.48385 -13.28972
v 2.79996 27.36563 -13.31936
v 4.62290 27.36590 -14.37466
v 4.70494 26.19477 -14.53656
v 6.01565 23.06486 -23.23322
v 5.37967 20.89111 -22.29170
v 5.28265 22.40290 -25.05719
v 4.70883 20.16848 -24.14333
v 3.42090 18.21268 -23.45865
v 3.93713 18.91666 -21.65027
v 2.31042 13.55523 15.77114
v 3.14024 15.12113 18.01276
v 1.70305 12.19462 13.18552
v 2.57247 9.31210 -3.44301
v 1.99426 9.09900 -5.15918
v 1.45644 8.97332 -6.68941
v 0.63249 41.67393 -8.20706
v 0.79061 39.72902 -8.65105
v 0.63249 36.24652 -9.62714
v 1.50111 34.61643 -10.34723
v 4.01077 27.67954 -24.35679
v 4.71951 27.91072 -23.33830
v 4.63401 28.41799 -23.97106
v 4.10784 28.37129 -24.89783
v 5.89376 27.97139 -22.04857
v 5.10246 28.80747 -23.80134
v 4.45011 29.52342 -25.67049
v 5.23885 30.17529 -24.92402
v 5.34942 29.24023 -23.58363
v 6.00281 29.22425 -22.13709
v 1.76553 31.87756 -20.84278
v 1.67872 31.41255 -22.45901
v 2.56179 31.74308 -23.87408
v 0.99154 31.29093 -22.94652
v 1.89826 30.82385 -24.91560
v 3.34577 30.31214 -26.02561
v 3.24056 28.93244 -25.72049
v 3.76847 28.18610 -25.91450
v 2.63917 28.76806 -25.75170
v 3.54833 26.59106 -26.43379
v 2.48800 18.27764 -26.79528
v 3.41244 19.51860 -27.48020
v 2.63945 19.11812 -29.92471
v 1.88917 18.10719 -29.45702
v 3.82043 21.10310 -28.39165
v 2.72986 20.00222 -30.44916
v 1.98126 19.32469 -32.26427
v 1.79271 18.68182 -32.32434
v 1.24817 17.82605 -31.98455
v 1.94253 23.37453 -34.85835
v 2.27493 22.34798 -34.30575
v 2.74973 22.70364 -33.11145
v 2.46197 24.06235 -33.74688
v 1.95615 21.23425 -34.05181
v 2.46671 21.41197 -32.65889
v 2.84980 21.47972 -31.24531
v 3.11820 22.90291 -31.87103
v 2.81063 24.41561 -32.65535
v 1.58750 21.67952 -35.40782
v 1.19064 20.82365 -35.49788
v 1.14100 22.00375 -36.03081
v 1.19237 24.04226 -35.24926
v 0.59530 22.36755 -36.31796
v 4.36095 27.20153 -24.02989
v 4.83650 27.48219 -23.27670
v 5.09970 26.58199 -23.64455
v 5.50314 27.12134 -22.77834
v 3.82043 21.10310 -28.39165
v 3.23288 21.56041 -29.73727
v 1.88897 21.11194 -29.10080
v 1.94711 20.98398 -28.43299
v 2.84980 21.47972 -31.24531
v 1.65620 20.95056 -31.08110
v 1.98126 19.32469 -32.26427
v 2.72986 20.00222 -30.44916
v 1.65600 20.22563 -30.76805
v 1.23570 19.20824 -33.48352
v 6.02402 25.44878 -22.85562
v 6.14218 26.23891 -22.26907
v 6.66355 26.14461 -21.31845
v 3.71104 27.23019 -25.31198
v 4.02972 26.93776 -24.85565
v 4.52564 26.24215 -24.83730
v 3.82724 27.87357 -25.55001
v 3.70479 11.07355 -11.29051
v 1.83932 11.10608 -11.52196
v 1.71164 9.85005 -9.81359
v 5.65329 30.47771 -23.13240
v 4.90085 31.55672 -22.52373
v 5.08943 32.88625 -25.92347
v 5.60934 32.29857 -26.44393
v 3.40762 31.91027 -22.09580
v 4.28027 33.23884 -25.87219
v 5.33335 35.15928 -29.33215
v 5.88437 34.92228 -29.32756
v 6.21420 34.44482 -29.57962
v 2.56179 31.74308 -23.87408
v 3.53225 33.03152 -26.51919
v 1.89826 30.82385 -24.91560
v 3.27357 32.51648 -27.33752
v 4.53547 34.43929 -30.13860
v 4.76521 34.91859 -29.70021
v 3.34577 30.31214 -26.02561
v 3.93246 31.94589 -27.80021
v 4.45011 29.52342 -25.67049
v 4.88059 31.61040 -27.79371
v 5.68497 33.72202 -30.31307
v 4.99963 33.96042 -30.35416
v 4.45011 29.52342 -25.67049
v 5.23885 30.17529 -24.92402
v 5.48964 31.80062 -27.20448
v 4.88059 31.61040 -27.79371
v 6.11879 33.96411 -29.98151
v 5.68497 33.72202 -30.31307
v 7.10807 29.44736 -20.02159
v 7.17320 28.05079 -20.03147
v 8.36669 29.57808 -17.99615
v 6.74728 37.19889 -32.55241
v 7.03278 37.07621 -32.53725
v 7.63340 38.35885 -34.27888
v 8.02349 38.73202 -34.87605
v 7.84210 38.17606 -34.31686
v 7.19666 36.80510 -32.63712
v 6.30116 36.75830 -32.91575
v 6.43578 37.04502 -32.72301
v 7.42952 38.15616 -34.44823
v 7.85785 38.72523 -34.93095
v 6.91308 36.35498 -32.96389
v 6.54631 36.48242 -32.99733
v 7.71046 37.96913 -34.46995
v 7.88928 38.56810 -35.00874
v 7.14331 36.51361 -32.81158
v 8.05492 38.57488 -34.95383
v 6.91308 36.35498 -32.96389
v 9.48016 29.28489 -16.81983
v 7.18747 26.32665 -19.92219
v 9.96228 18.38311 7.98593
v 9.27353 21.48798 7.78227
v 9.81230 18.42381 10.63848
v 2.08833 10.15971 7.21820
v 1.61713 10.16316 8.96174
v 12.93379 34.51664 -12.17920
v 12.56620 34.87705 -12.10199
v 12.75440 34.84808 -11.81942
v 12.49731 35.26339 -11.71411
v 5.32560 6.17291 8.72031
v 4.03179 6.00576 9.93355
v 4.28870 3.52052 10.38426
v 5.30715 3.55514 9.45785
v 5.45929 24.89986 -24.18912
v 4.76627 24.43236 -25.90611
v 5.62473 11.02893 -11.16724
v 1.54908 27.62750 -27.69336
v 1.65194 26.90264 -29.53008
v 2.55513 26.47904 -29.11213
v 2.39223 27.25750 -27.30674
v 1.73367 26.69190 -31.73678
v 2.59310 26.08639 -30.90345
v 3.31682 25.17411 -30.21493
v 3.44918 25.60018 -28.47808
v 1.73367 26.69190 -31.73678
v 0.83674 27.24332 -31.56697
v 0.70755 27.82833 -33.57843
v 1.27584 27.40201 -33.82452
v 0.49419 28.77652 -35.41582
v 0.89246 28.23454 -35.77902
v 1.70526 25.84791 -33.98160
v 1.94567 26.17526 -32.94726
v 1.56561 26.84447 -33.91686
v 1.28763 26.87114 -34.90444
v 0.26791 29.85880 -36.74392
v 0.09042 30.71558 -37.55657
v 0.19684 30.40462 -37.46230
v 0.40186 29.67735 -36.97968
v 0.26791 29.54299 -37.20966
v 0.49655 28.12597 -36.48203
v 0.09042 30.61472 -37.70422
v 0.71698 26.71757 -35.63934
v 1.09414 25.54477 -34.84713
v 1.70526 25.84791 -33.98160
v 2.27629 25.21334 -33.29539
v 2.52158 25.64755 -32.23539
v 1.94567 26.17526 -32.94726
v 3.09977 24.78273 -31.54270
v 1.79296 24.83455 -34.27087
v 1.09414 25.54477 -34.84713
v 1.06337 16.88599 31.79021
v 1.15370 16.67031 26.80064
v 1.90254 16.60793 22.42111
v 4.02980 16.97907 19.23218
v 6.58021 17.55087 16.51968
v 6.07760 15.04706 15.81596
v 3.14024 15.12113 18.01276
v 3.17405 29.50748 2.42970
v 3.20145 29.43629 5.00353
v 0.91167 16.97478 36.80927
v 0.22289 17.02892 54.82594
v 0.30733 17.01246 52.59824
v 0.14606 17.05674 55.78701
v 2.20368 18.30526 -17.73794
v 2.25638 18.37319 -19.72652
v 2.06279 32.71898 -18.30906
v 3.47450 33.72435 -11.10165
v 2.79996 27.36563 -13.31936
v 2.25638 18.37319 -19.72652
v 2.07377 17.67957 -21.59459
v 1.79495 17.01909 -23.29730
v 1.55904 17.18647 -24.78975
v 2.96822 18.15624 -24.98474
v 1.30792 17.55633 -26.61308
v 0.64144 17.61538 -33.39248
v 0.90628 18.30313 -33.95694
v 1.23570 19.20824 -33.48352
v 0.81407 30.64584 -25.02403
v 0.57186 31.18288 -23.69419
v 1.62225 30.03321 -25.41471
v 2.08898 28.85376 -25.93256
v 1.54666 29.13600 -26.12184
v 4.89265 27.87133 -22.78132
v 4.53340 28.23417 -23.90832
v 4.30672 27.67908 -24.30785
v 4.68509 27.53228 -23.38749
v 4.17415 28.59702 -25.03532
v 3.92836 27.82588 -25.22820
v 3.68256 27.05474 -25.42107
v 4.08005 27.12399 -24.70737
v 4.47753 27.19322 -23.99367
v 7.98321 24.54285 7.71117
v 5.99093 27.21318 7.69883
v 3.19605 29.16433 7.67136
v 8.59626 18.08944 13.56901
v 6.58021 17.55087 16.51968
v 5.04275 25.98400 -8.15957
v 2.58883 27.75180 -8.22153
v 2.43218 27.24576 -10.14193
v 4.73699 25.58733 -10.06885
v 7.22684 23.10664 -7.99848
v 6.78708 22.87206 -9.91106
v 7.42501 23.37319 -6.02466
v 8.90058 19.78828 -5.85483
v 5.23216 26.38862 -6.18319
v 2.70072 28.22358 -6.25970
v 9.27971 16.24505 -5.74458
v 1.45644 8.97332 -6.68941
v 1.47316 9.18138 -8.22182
v 2.62498 8.17464 -6.76249
v 2.61428 8.34802 -8.20388
v 1.48029 10.95270 10.93324
v 1.61713 10.16316 8.96174
v 0.28121 18.69348 45.79197
v 0.42401 19.32930 41.57598
v 0.20761 18.22209 49.47175
v 0.15366 17.94038 52.59951
v 0.11145 17.78137 54.81715
v 0.07303 17.67809 55.76660
v 0.68553 20.10431 36.83955
v 2.67683 9.36636 -1.35275
v 0.98345 17.50329 -29.30838
v 0.66074 17.30773 -31.79551
v 0.41487 17.25006 -32.99435
v 5.55646 25.80506 -15.78089
v 6.09276 27.29384 -15.48878
v 7.35331 37.47170 -12.06390
v 6.64532 37.12604 -12.47376
v 6.41506 37.86243 -11.85055
v 0.63287 39.12377 -11.20740
v 0.19684 30.40462 -37.46230
v 0.09042 30.71558 -37.55657
v 0.02344 30.98723 -37.84765
v 0.09042 30.61472 -37.70422
v 8.34533 39.27364 -35.66743
v 3.48667 23.10217 -30.63061
v 3.23288 21.56041 -29.73727
v 3.86505 23.39789 -29.26353
v 1.14962 20.71743 -34.02886
v 0.79377 20.51466 -35.23792
v 1.95615 21.23425 -34.05181
v 1.19064 20.82365 -35.49788
v 1.42342 20.84089 -32.68353
v 2.46671 21.41197 -32.65889
v 0.81053 27.25057 -29.71666
v 0.83674 27.24332 -31.56697
v 0.79815 27.97992 -27.94720
v 0.96887 29.56122 -26.17830
v 4.07766 19.78985 -25.71295
v 4.60383 21.79678 -26.69290
v 4.26321 23.88649 -27.64314
v 10.01760 26.06926 -16.19020
v 9.59494 25.84789 -16.82628
v 12.51595 26.61491 -15.27999
v 12.68423 27.04046 -15.00286
v 12.73834 26.15031 -15.19537
v 12.75606 26.64364 -14.95029
v 6.76398 -0.03415 12.87159
v 8.07916 -0.03409 11.83768
v 5.79700 -0.03316 11.12617
v 5.18446 -0.03362 12.65237
v 8.63176 -0.03357 10.19739
v 6.27103 -0.03273 9.76634
v 3.92490 -0.03181 9.12010
v 3.51485 -0.03223 10.41467
v 3.91121 -0.03285 11.67006
v 5.69333 -0.03603 -6.54324
v 6.90975 -0.03603 -7.46019
v 4.69140 -0.03603 -8.37823
v 4.15876 -0.03603 -6.70675
v 7.37671 -0.03603 -8.97036
v 5.10211 -0.03603 -9.81567
v 2.83874 -0.03603 -10.84481
v 2.47305 -0.03603 -9.29627
v 2.89050 -0.03603 -7.70600
v 6.46800 -0.03237 8.73922
v 5.07091 -0.03168 8.02023
v 7.92353 -0.03272 8.59746
v 6.54105 -0.03194 7.66328
v 5.26897 -0.03603 -10.78503
v 3.91992 -0.03603 -11.71886
v 6.66295 -0.03603 -10.58652
v 5.32513 -0.03603 -11.70418
vt 0.912670 0.490308
vt 0.916609 0.458480
vt 0.870184 0.459225
vt 0.867172 0.491138
vt 0.920547 0.426651
vt 0.873356 0.425456
vt 0.825170 0.424342
vt 0.822673 0.459883
vt 0.820420 0.494562
vt 0.864517 0.519948
vt 0.909400 0.512306
vt 0.818563 0.527441
vt 0.817953 0.560106
vt 0.862041 0.547205
vt 0.906129 0.534304
vt 0.503398 0.034395
vt 0.503808 0.043834
vt 0.581898 0.036900
vt 0.581620 0.029910
vt 0.504231 0.052670
vt 0.582104 0.043361
vt 0.650535 0.035867
vt 0.650369 0.031345
vt 0.650067 0.026478
vt 0.580854 0.023961
vt 0.502528 0.026148
vt 0.649333 0.022290
vt 0.653061 0.018420
vt 0.579844 0.018534
vt 0.506627 0.018647
vt 0.171962 0.065761
vt 0.172463 0.087857
vt 0.246858 0.073247
vt 0.245257 0.054759
vt 0.172655 0.109143
vt 0.248331 0.091284
vt 0.329616 0.075271
vt 0.328056 0.060681
vt 0.326441 0.045835
vt 0.174418 0.130006
vt 0.250300 0.108262
vt 0.175103 0.149583
vt 0.252516 0.124710
vt 0.329929 0.099838
vt 0.331352 0.088640
vt 0.049736 0.095702
vt 0.039704 0.119287
vt 0.104481 0.103351
vt 0.106657 0.078458
vt 0.029672 0.142871
vt 0.101606 0.127100
vt 0.032436 0.175395
vt 0.102449 0.152510
vt 0.035200 0.207919
vt 0.105152 0.178751
vt 0.622599 0.506308
vt 0.625088 0.460833
vt 0.579692 0.460551
vt 0.576930 0.506923
vt 0.627388 0.416844
vt 0.582049 0.415182
vt 0.541401 0.413670
vt 0.539042 0.460143
vt 0.536087 0.506964
vt 0.721434 0.501734
vt 0.722614 0.460693
vt 0.673021 0.460864
vt 0.671285 0.504498
vt 0.724059 0.420635
vt 0.674825 0.418685
vt 0.696713 0.289996
vt 0.689897 0.268515
vt 0.662327 0.271406
vt 0.665841 0.294036
vt 0.687058 0.249844
vt 0.659674 0.250239
vt 0.632290 0.250635
vt 0.630081 0.270354
vt 0.627648 0.291769
vt 0.728033 0.344734
vt 0.707580 0.313927
vt 0.671077 0.319591
vt 0.675388 0.348556
vt 0.627607 0.316264
vt 0.628383 0.344772
vt 0.725477 0.384282
vt 0.676126 0.381418
vt 0.628398 0.378228
vt 0.575736 0.550266
vt 0.621025 0.549381
vt 0.535228 0.550057
vt 0.533207 0.591105
vt 0.575325 0.592094
vt 0.617444 0.593083
vt 0.406733 0.415176
vt 0.369260 0.423702
vt 0.366557 0.470318
vt 0.403297 0.462998
vt 0.321847 0.433895
vt 0.325738 0.479460
vt 0.324979 0.515889
vt 0.362344 0.512003
vt 0.398231 0.509058
vt 0.348639 0.330149
vt 0.307269 0.334207
vt 0.302069 0.376293
vt 0.340254 0.378002
vt 0.260435 0.337710
vt 0.262720 0.372051
vt 0.265005 0.406393
vt 0.285971 0.412883
vt 0.410530 0.369938
vt 0.376109 0.374646
vt 0.413125 0.328536
vt 0.382551 0.328891
vt 0.417492 0.062853
vt 0.416450 0.051319
vt 0.415414 0.039376
vt 0.708872 0.027998
vt 0.708725 0.024659
vt 0.708948 0.031124
vt 0.750725 0.028622
vt 0.750888 0.026247
vt 0.750759 0.023759
vt 0.769897 0.025479
vt 0.769331 0.023083
vt 0.769250 0.027850
vt 0.777364 0.028717
vt 0.777402 0.025203
vt 0.777441 0.021689
vt 0.891145 0.252971
vt 0.862415 0.254896
vt 0.870178 0.305728
vt 0.903251 0.302963
vt 0.832061 0.256998
vt 0.831592 0.305662
vt 0.830030 0.350353
vt 0.876474 0.352402
vt 0.927614 0.359946
vt 0.925837 0.293210
vt 0.915694 0.250083
vt 0.940493 0.323339
vt 0.949361 0.307246
vt 0.943735 0.285294
vt 0.938143 0.251956
vt 0.735178 0.267084
vt 0.720083 0.278497
vt 0.734951 0.294091
vt 0.752761 0.261031
vt 0.758393 0.304677
vt 0.775687 0.262606
vt 0.802636 0.260415
vt 0.792469 0.306923
vt 0.781654 0.349226
vt 0.879688 0.102240
vt 0.854466 0.101696
vt 0.854854 0.127067
vt 0.880419 0.126576
vt 0.829243 0.101151
vt 0.829591 0.128330
vt 0.829818 0.161337
vt 0.855833 0.158923
vt 0.854854 0.127067
vt 0.829591 0.128330
vt 0.881819 0.157708
vt 0.880419 0.126576
vt 0.930695 0.102384
vt 0.905191 0.102312
vt 0.905134 0.127124
vt 0.928117 0.128262
vt 0.906177 0.158299
vt 0.905134 0.127124
vt 0.927998 0.158784
vt 0.928117 0.128262
vt 0.970018 0.104152
vt 0.950356 0.103268
vt 0.948483 0.129539
vt 0.967542 0.130886
vt 0.946373 0.157254
vt 0.948483 0.129539
vt 0.965065 0.157620
vt 0.967542 0.130886
vt 0.783817 0.102289
vt 0.760898 0.103221
vt 0.762151 0.133717
vt 0.783334 0.132011
vt 0.737978 0.104152
vt 0.741601 0.135320
vt 0.745225 0.166487
vt 0.762385 0.169459
vt 0.762151 0.133717
vt 0.741601 0.135320
vt 0.782792 0.167275
vt 0.783334 0.132011
vt 0.806530 0.101720
vt 0.805783 0.130096
vt 0.805370 0.164344
vt 0.805783 0.130096
vt 0.582315 0.284348
vt 0.579335 0.309127
vt 0.533203 0.263167
vt 0.534607 0.300750
vt 0.537719 0.333986
vt 0.580750 0.339509
vt 0.473017 0.252329
vt 0.473756 0.289651
vt 0.501768 0.293701
vt 0.500207 0.256330
vt 0.475367 0.326823
vt 0.504519 0.329423
vt 0.412455 0.255864
vt 0.412954 0.292223
vt 0.443506 0.290269
vt 0.442873 0.253314
vt 0.444483 0.327187
vt 0.530532 0.115723
vt 0.503691 0.118377
vt 0.503469 0.141167
vt 0.529350 0.137925
vt 0.476851 0.121031
vt 0.476414 0.144309
vt 0.475655 0.173209
vt 0.502768 0.170246
vt 0.503469 0.141167
vt 0.476414 0.144309
vt 0.527914 0.166632
vt 0.529350 0.137925
vt 0.583232 0.115984
vt 0.556882 0.115853
vt 0.554437 0.136834
vt 0.579125 0.136819
vt 0.551754 0.163164
vt 0.554437 0.136834
vt 0.575018 0.157654
vt 0.579125 0.136819
vt 0.376018 0.118788
vt 0.349585 0.119095
vt 0.349726 0.139559
vt 0.372948 0.141752
vt 0.323151 0.119403
vt 0.326309 0.137083
vt 0.329466 0.154763
vt 0.348945 0.166096
vt 0.349726 0.139559
vt 0.326309 0.137083
vt 0.369828 0.170578
vt 0.372948 0.141752
vt 0.422508 0.118393
vt 0.399263 0.118590
vt 0.395783 0.143379
vt 0.420109 0.144482
vt 0.392014 0.173447
vt 0.395783 0.143379
vt 0.416907 0.174797
vt 0.420109 0.144482
vt 0.449679 0.119712
vt 0.447806 0.145103
vt 0.445911 0.174722
vt 0.447806 0.145103
vt 0.527914 0.166632
vt 0.502768 0.170246
vt 0.501110 0.211906
vt 0.525722 0.209741
vt 0.475655 0.173209
vt 0.474086 0.211365
vt 0.575018 0.157654
vt 0.551754 0.163164
vt 0.548598 0.200192
vt 0.570607 0.186951
vt 0.551432 0.231289
vt 0.566196 0.216248
vt 0.369828 0.170578
vt 0.348945 0.166096
vt 0.346320 0.204781
vt 0.365012 0.211185
vt 0.329466 0.154763
vt 0.329611 0.196622
vt 0.329756 0.238481
vt 0.342774 0.249540
vt 0.352759 0.260609
vt 0.416907 0.174797
vt 0.392014 0.173447
vt 0.387669 0.214076
vt 0.414065 0.214323
vt 0.384444 0.256555
vt 0.445911 0.174722
vt 0.443970 0.212795
vt 0.540472 0.371621
vt 0.582029 0.374847
vt 0.444413 0.367592
vt 0.476913 0.367336
vt 0.442858 0.411785
vt 0.476877 0.411498
vt 0.881819 0.157708
vt 0.855833 0.158923
vt 0.857994 0.203747
vt 0.884697 0.202196
vt 0.829818 0.161337
vt 0.831055 0.206558
vt 0.927998 0.158784
vt 0.906177 0.158299
vt 0.909419 0.202199
vt 0.929876 0.199003
vt 0.965065 0.157620
vt 0.946373 0.157254
vt 0.943788 0.187858
vt 0.951604 0.204788
vt 0.805370 0.164344
vt 0.805629 0.210336
vt 0.782792 0.167275
vt 0.782032 0.213806
vt 0.266432 0.453918
vt 0.277422 0.487855
vt 0.211497 0.458972
vt 0.225359 0.495877
vt 0.239221 0.532782
vt 0.284267 0.520062
vt 0.337007 0.710403
vt 0.380846 0.675120
vt 0.354190 0.647834
vt 0.316318 0.655913
vt 0.425832 0.632264
vt 0.366251 0.616570
vt 0.306671 0.600876
vt 0.938858 0.646696
vt 0.959753 0.663682
vt 0.960622 0.694787
vt 0.933299 0.690433
vt 0.966161 0.666912
vt 0.971156 0.694996
vt 0.976152 0.723079
vt 0.965984 0.725375
vt 0.944664 0.741427
vt 0.953121 0.767880
vt 0.932060 0.799177
vt 0.908992 0.784133
vt 0.958984 0.772302
vt 0.937232 0.808507
vt 0.915479 0.844713
vt 0.914131 0.834244
vt 0.893584 0.829236
vt 0.872791 0.644443
vt 0.874625 0.624772
vt 0.904949 0.621121
vt 0.797582 0.629406
vt 0.849835 0.613803
vt 0.880932 0.599103
vt 0.698985 0.766961
vt 0.631579 0.769778
vt 0.642621 0.796041
vt 0.722454 0.783785
vt 0.556034 0.764712
vt 0.567680 0.811531
vt 0.594226 0.850150
vt 0.664549 0.818678
vt 0.745923 0.800609
vt 0.818479 0.826483
vt 0.785908 0.830210
vt 0.782864 0.843089
vt 0.791488 0.848794
vt 0.749031 0.833966
vt 0.753617 0.849239
vt 0.764497 0.871105
vt 0.898370 0.596530
vt 0.918877 0.614801
vt 0.901037 0.592007
vt 0.924608 0.607146
vt 0.948179 0.622286
vt 0.943323 0.628810
vt 0.558225 0.622022
vt 0.492028 0.627143
vt 0.511084 0.659309
vt 0.559333 0.648414
vt 0.457803 0.677487
vt 0.484425 0.711838
vt 0.527132 0.689653
vt 0.579278 0.674595
vt 0.959675 0.632349
vt 0.964048 0.638583
vt 0.966232 0.625621
vt 0.984285 0.628956
vt 0.973548 0.740284
vt 0.971466 0.748687
vt 0.983514 0.738750
vt 0.990876 0.754421
vt 0.908822 0.856745
vt 0.903664 0.860853
vt 0.913150 0.866946
vt 0.910822 0.889180
vt 0.769979 0.942336
vt 0.755502 0.960455
vt 0.784107 0.970362
vt 0.794894 0.966772
vt 0.762534 0.977542
vt 0.791172 0.984375
vt 0.819809 0.991208
vt 0.974930 0.763361
vt 0.967825 0.756691
vt 0.678364 0.868090
vt 0.673118 0.899694
vt 0.767238 0.906720
vt 0.588578 0.896263
vt 0.583644 0.934858
vt 0.683032 0.932117
vt 0.745877 0.819866
vt 0.776673 0.819590
vt 0.782201 0.813546
vt 0.866992 0.717849
vt 0.872396 0.677789
vt 0.791826 0.692593
vt 0.794704 0.661000
vt 0.650240 0.716902
vt 0.607132 0.738055
vt 0.633483 0.749993
vt 0.668207 0.740719
vt 0.975223 0.647934
vt 0.965669 0.647224
vt 0.900741 0.549505
vt 0.900889 0.570756
vt 0.893836 0.580206
vt 0.889024 0.576027
vt 0.565313 0.719068
vt 0.593581 0.719205
vt 0.614759 0.695749
vt 0.864893 0.577271
vt 0.882817 0.563388
vt 0.881788 0.575294
vt 0.868453 0.588399
vt 0.502520 0.833491
vt 0.514649 0.866427
vt 0.487086 0.802518
vt 0.425976 0.835655
vt 0.442251 0.858685
vt 0.458527 0.881715
vt 0.350968 0.546263
vt 0.389548 0.549008
vt 0.316165 0.542721
vt 0.293267 0.565013
vt 0.336011 0.576811
vt 0.378755 0.588609
vt 0.274345 0.664582
vt 0.292593 0.715513
vt 0.253070 0.624927
vt 0.213616 0.641664
vt 0.235760 0.677714
vt 0.257209 0.726840
vt 0.954029 0.352511
vt 0.960308 0.332228
vt 0.980445 0.345076
vt 0.982704 0.330498
vt 0.984963 0.315919
vt 0.964058 0.311039
vt 0.588892 0.250185
vt 0.588228 0.237081
vt 0.566717 0.239825
vt 0.568511 0.256179
vt 0.587563 0.223977
vt 0.576880 0.220113
vt 0.892192 0.873547
vt 0.894849 0.861145
vt 0.873562 0.857915
vt 0.877864 0.843235
vt 0.814238 0.808136
vt 0.842880 0.817538
vt 0.754914 0.758358
vt 0.837022 0.792475
vt 0.353809 0.835488
vt 0.356225 0.851277
vt 0.375960 0.834695
vt 0.379199 0.818520
vt 0.360153 0.875743
vt 0.388220 0.832424
vt 0.416286 0.789105
vt 0.427922 0.808267
vt 0.400805 0.833501
vt 0.393064 0.855699
vt 0.426083 0.901947
vt 0.442807 0.912317
vt 0.475196 0.906779
vt 0.393639 0.922179
vt 0.432485 0.925966
vt 0.476256 0.933058
vt 0.330305 0.863535
vt 0.351416 0.883083
vt 0.376896 0.898961
vt 0.300457 0.851327
vt 0.347971 0.889733
vt 0.164993 0.694488
vt 0.119629 0.731404
vt 0.131297 0.755461
vt 0.177729 0.726069
vt 0.074712 0.764307
vt 0.084328 0.782005
vt 0.091650 0.802871
vt 0.143119 0.785172
vt 0.194589 0.767473
vt 0.113772 0.912275
vt 0.143342 0.903820
vt 0.132300 0.873756
vt 0.105972 0.888286
vt 0.167562 0.892745
vt 0.157514 0.857199
vt 0.142817 0.816783
vt 0.116931 0.841438
vt 0.091045 0.866094
vt 0.054561 0.890873
vt 0.077417 0.898760
vt 0.018078 0.915653
vt 0.073021 0.914709
vt 0.073464 0.929891
vt 0.116852 0.935695
vt 0.022820 0.918023
vt 0.027563 0.920394
vt 0.076325 0.944688
vt 0.125087 0.968983
vt 0.373112 0.811044
vt 0.352666 0.821714
vt 0.383949 0.796948
vt 0.351611 0.804791
vt 0.708731 0.180097
vt 0.672952 0.196215
vt 0.668907 0.169365
vt 0.700640 0.162115
vt 0.637173 0.212332
vt 0.637173 0.176614
vt 0.637173 0.140896
vt 0.664861 0.144862
vt 0.692550 0.144133
vt 0.676368 0.108169
vt 0.656771 0.088814
vt 0.664861 0.142514
vt 0.692550 0.144133
vt 0.637173 0.069459
vt 0.637173 0.140896
vt 0.365988 0.768086
vt 0.339321 0.763489
vt 0.381409 0.744393
vt 0.334502 0.831785
vt 0.330937 0.844446
vt 0.326034 0.828059
vt 0.337350 0.855435
vt 0.313376 0.292749
vt 0.310509 0.301164
vt 0.351599 0.293901
vt 0.269747 0.284681
vt 0.265091 0.311195
vt 0.047261 0.234826
vt 0.048366 0.350379
vt 0.065069 0.345912
vt 0.065952 0.231483
vt 0.053281 0.457278
vt 0.067360 0.457048
vt 0.082402 0.458357
vt 0.082436 0.347634
vt 0.084644 0.228140
vt 0.099052 0.354330
vt 0.099456 0.246423
vt 0.097530 0.460370
vt 0.112091 0.462261
vt 0.114832 0.363005
vt 0.114268 0.264707
vt 0.129693 0.370668
vt 0.128544 0.281106
vt 0.125436 0.463202
vt 0.145368 0.458144
vt 0.144094 0.377824
vt 0.142820 0.297505
vt 0.018886 0.297505
vt 0.020160 0.377824
vt 0.033743 0.362250
vt 0.033073 0.266166
vt 0.021434 0.458144
vt 0.041045 0.459879
vt 0.468622 0.774808
vt 0.509504 0.741409
vt 0.444801 0.745572
vt 0.075998 0.561599
vt 0.084775 0.562350
vt 0.068068 0.560868
vt 0.079374 0.617543
vt 0.085118 0.637576
vt 0.086817 0.618261
vt 0.093769 0.562680
vt 0.102470 0.562489
vt 0.090100 0.637980
vt 0.095144 0.618382
vt 0.110367 0.561677
vt 0.117861 0.560555
vt 0.094750 0.637729
vt 0.094884 0.617593
vt 0.061612 0.560596
vt 0.055894 0.560555
vt 0.082022 0.637326
vt 0.537168 0.716356
vt 0.413296 0.710021
vt 0.774789 0.422628
vt 0.776719 0.386687
vt 0.827756 0.388872
vt 0.730694 0.251731
vt 0.711730 0.261224
vt 0.726210 0.236379
vt 0.706634 0.243111
vt 0.690118 0.729018
vt 0.685685 0.710047
vt 0.710057 0.735076
vt 0.721129 0.703192
vt 0.760580 0.215692
vt 0.762385 0.169459
vt 0.745225 0.166487
vt 0.740202 0.216786
vt 0.309619 0.770718
vt 0.277398 0.785602
vt 0.384033 0.292177
vt 0.300285 0.914752
vt 0.300818 0.890240
vt 0.258687 0.893607
vt 0.257825 0.918809
vt 0.255902 0.857400
vt 0.220641 0.871236
vt 0.222009 0.903468
vt 0.215242 0.928719
vt 0.287467 0.178246
vt 0.242607 0.227421
vt 0.256679 0.234980
vt 0.298800 0.184095
vt 0.203416 0.275199
vt 0.222684 0.284127
vt 0.233321 0.289697
vt 0.271727 0.239820
vt 0.310133 0.189943
vt 0.208200 0.182989
vt 0.203907 0.228495
vt 0.230488 0.214423
vt 0.247833 0.180618
vt 0.204941 0.329795
vt 0.215001 0.331798
vt 0.195364 0.328354
vt 0.193964 0.373549
vt 0.195323 0.373724
vt 0.196681 0.373899
vt 0.182301 0.281956
vt 0.186756 0.328038
vt 0.165508 0.283217
vt 0.178632 0.328285
vt 0.191756 0.373352
vt 0.192860 0.373451
vt 0.181635 0.186443
vt 0.181144 0.234535
vt 0.155071 0.189898
vt 0.160289 0.236557
vt 0.162493 0.936369
vt 0.188868 0.932544
vt 0.192810 0.910850
vt 0.168311 0.918552
vt 0.192261 0.882451
vt 0.143790 0.952676
vt 0.145730 0.929375
vt 0.318598 0.017674
vt 0.240177 0.018175
vt 0.242905 0.036428
vt 0.324541 0.031700
vt 0.161756 0.018676
vt 0.169268 0.042470
vt 0.103719 0.049615
vt 0.098224 0.018798
vt 0.034692 0.018920
vt 0.042214 0.057311
vt 0.669414 0.586756
vt 0.670189 0.546128
vt 0.721384 0.580428
vt 0.720809 0.541037
vt 0.412612 0.018160
vt 0.414086 0.028501
vt 0.762080 0.018365
vt 0.707571 0.018393
vt 0.708234 0.021484
vt 0.750076 0.021253
vt 0.769760 0.020027
vt 0.767377 0.021304
vt 0.230934 0.409689
vt 0.250035 0.429439
vt 0.196863 0.412984
vt 0.204180 0.435978
vt 0.529950 0.933958
vt 0.523195 0.900027
vt 0.850130 0.757661
vt 0.773370 0.725475
vt 0.234596 0.575159
vt 0.198445 0.591318
vt 0.226965 0.603553
vt 0.270633 0.588017
vt 0.162294 0.607478
vt 0.191347 0.622134
vt 0.153021 0.637182
vt 0.171830 0.646806
vt 0.143747 0.666885
vt 0.150207 0.678628
vt 0.190290 0.664713
vt 0.038403 0.787461
vt 0.027979 0.814604
vt 0.052394 0.800354
vt 0.050755 0.782042
vt 0.017556 0.841746
vt 0.054603 0.822309
vt 0.381821 0.953685
vt 0.429039 0.943372
vt 0.417239 0.936307
vt 0.386314 0.936413
vt 0.346373 0.902342
vt 0.371552 0.920045
vt 0.347582 0.917922
vt 0.347582 0.917922
vt 0.992674 0.024743
vt 0.950564 0.014439
vt 0.907820 0.038795
vt 0.949820 0.059481
vt 0.908453 0.004134
vt 0.865821 0.018110
vt 0.823189 0.032085
vt 0.865077 0.063152
vt 0.906965 0.094218
vt 0.772991 0.460370
vt 0.771493 0.498258
vt 0.770463 0.534639
vt 0.769669 0.570267
vt 0.876493 0.391080
vt 0.924081 0.393298
vt 0.469595 0.507270
vt 0.434513 0.507710
vt 0.428815 0.549991
vt 0.466518 0.550051
vt 0.422699 0.589591
vt 0.466644 0.590574
vt 0.439376 0.460066
vt 0.473743 0.459614
vt 0.508034 0.412284
vt 0.505345 0.459735
vt 0.501880 0.507051
vt 0.500405 0.550029
vt 0.499925 0.590839
vt 0.507183 0.368899
vt 0.296407 0.387669
vt 0.283077 0.336175
vt 0.317457 0.324550
vt 0.322144 0.376459
vt 0.351837 0.312925
vt 0.347881 0.365249
vt 0.982317 0.296111
vt 0.962747 0.288037
vt 0.979670 0.276302
vt 0.958907 0.264129
vt 0.505140 0.059109
vt 0.582657 0.047724
vt 0.510730 0.062577
vt 0.583382 0.051037
vt 0.656033 0.039497
vt 0.650859 0.039017
vt 0.709223 0.033656
vt 0.709599 0.035892
vt 0.763166 0.032288
vt 0.750532 0.030787
vt 0.767567 0.029552
vt 0.770265 0.030502
vt 0.418836 0.072502
vt 0.420330 0.081207
vt 0.594221 0.265817
vt 0.610591 0.250410
vt 0.108271 0.718659
vt 0.097068 0.711568
vt 0.050388 0.756250
vt 0.067721 0.753815
vt 0.050253 0.771016
vt 0.044395 0.771856
vt 0.288228 0.539351
vt 0.266244 0.548898
vt 0.695297 0.827588
vt 0.684189 0.840207
vt 0.701489 0.851086
vt 0.705386 0.951579
vt 0.673089 0.956200
vt 0.194186 0.373304
vt 0.190765 0.369757
vt 0.194525 0.368989
vt 0.198116 0.370379
vt 0.187344 0.366210
vt 0.194695 0.366831
vt 0.202047 0.367453
vt 0.088851 0.662991
vt 0.182728 0.840642
vt 0.210445 0.823196
vt 0.168703 0.792128
vt 0.637173 0.107020
vt 0.637173 0.088240
vt 0.650238 0.094883
vt 0.656149 0.108782
vt 0.637173 0.069459
vt 0.656771 0.088814
vt 0.676368 0.108169
vt 0.684459 0.126151
vt 0.660816 0.125055
vt 0.637173 0.123958
vt 0.222381 0.943769
vt 0.259614 0.939225
vt 0.229520 0.958818
vt 0.262729 0.957249
vt 0.295938 0.955680
vt 0.301467 0.935518
vt 0.352558 0.933481
vt 0.338879 0.954682
vt 0.208052 0.699182
vt 0.225539 0.746754
vt 0.243171 0.803972
vt 0.847402 0.601928
vt 0.831237 0.603339
vt 0.604007 0.645582
vt 0.588746 0.637729
vt 0.628736 0.616568
vt 0.593480 0.619295
vt 0.609543 0.295036
vt 0.610822 0.278428
vt 0.596657 0.276232
vt 0.591898 0.296546
vt 0.612101 0.261819
vt 0.601416 0.255919
vt 0.590731 0.250018
vt 0.584287 0.274345
vt 0.574252 0.298055
vt 0.612268 0.261931
vt 0.610971 0.278810
vt 0.597016 0.276120
vt 0.602349 0.255441
vt 0.609673 0.295690
vt 0.591682 0.296799
vt 0.573690 0.297909
vt 0.584872 0.273913
vt 0.592430 0.248950
vt 0.576136 0.260586
vt 0.575508 0.273076
vt 0.561542 0.271154
vt 0.567897 0.284605
vt 0.568314 0.284533
vt 0.576353 0.272672
vt 0.562937 0.271157
vt 0.577684 0.260053
vt 0.912670 0.490308
vt 0.867172 0.491138
vt 0.870184 0.459225
vt 0.916609 0.458480
vt 0.820420 0.494562
vt 0.822673 0.459883
vt 0.825170 0.424342
vt 0.873356 0.425456
vt 0.920547 0.426651
vt 0.909400 0.512306
vt 0.864517 0.519948
vt 0.818563 0.527441
vt 0.503398 0.034395
vt 0.581620 0.029910
vt 0.581898 0.036900
vt 0.503808 0.043834
vt 0.650067 0.026478
vt 0.650369 0.031345
vt 0.650535 0.035867
vt 0.582104 0.043361
vt 0.504231 0.052670
vt 0.502528 0.026148
vt 0.580854 0.023961
vt 0.649333 0.022290
vt 0.171962 0.065761
vt 0.245257 0.054759
vt 0.246858 0.073247
vt 0.172463 0.087857
vt 0.326441 0.045835
vt 0.328056 0.060681
vt 0.329616 0.075271
vt 0.248331 0.091284
vt 0.172655 0.109143
vt 0.250299 0.108262
vt 0.174418 0.130006
vt 0.331352 0.088640
vt 0.049736 0.095702
vt 0.106657 0.078458
vt 0.104481 0.103351
vt 0.039704 0.119287
vt 0.101606 0.127100
vt 0.029672 0.142871
vt 0.102449 0.152510
vt 0.032436 0.175395
vt 0.622599 0.506308
vt 0.576930 0.506923
vt 0.579692 0.460551
vt 0.625088 0.460833
vt 0.536087 0.506964
vt 0.539042 0.460143
vt 0.541401 0.413670
vt 0.582049 0.415182
vt 0.627388 0.416844
vt 0.721434 0.501734
vt 0.671285 0.504498
vt 0.673021 0.460864
vt 0.722614 0.460693
vt 0.674825 0.418685
vt 0.724059 0.420635
vt 0.696713 0.289996
vt 0.665841 0.294036
vt 0.662327 0.271406
vt 0.689897 0.268515
vt 0.627648 0.291769
vt 0.630081 0.270354
vt 0.728033 0.344734
vt 0.675388 0.348556
vt 0.671077 0.319591
vt 0.707580 0.313927
vt 0.628383 0.344772
vt 0.627607 0.316264
vt 0.676126 0.381418
vt 0.725477 0.384282
vt 0.628398 0.378228
vt 0.621025 0.549381
vt 0.575736 0.550266
vt 0.535228 0.550057
vt 0.406733 0.415176
vt 0.403297 0.462998
vt 0.366557 0.470318
vt 0.369260 0.423702
vt 0.398231 0.509058
vt 0.362344 0.512003
vt 0.324979 0.515889
vt 0.325738 0.479460
vt 0.321847 0.433895
vt 0.348639 0.330149
vt 0.340254 0.378002
vt 0.302069 0.376293
vt 0.307269 0.334207
vt 0.285971 0.412883
vt 0.376109 0.374646
vt 0.410530 0.369938
vt 0.382551 0.328891
vt 0.413125 0.328536
vt 0.416450 0.051319
vt 0.417492 0.062853
vt 0.415414 0.039376
vt 0.708725 0.024659
vt 0.708872 0.027998
vt 0.750759 0.023759
vt 0.750888 0.026247
vt 0.750725 0.028622
vt 0.708948 0.031124
vt 0.769331 0.023083
vt 0.769897 0.025479
vt 0.769250 0.027850
vt 0.891145 0.252971
vt 0.903251 0.302963
vt 0.870178 0.305728
vt 0.862415 0.254896
vt 0.927614 0.359946
vt 0.876474 0.352402
vt 0.830030 0.350353
vt 0.831592 0.305662
vt 0.832061 0.256998
vt 0.915694 0.250083
vt 0.925837 0.293210
vt 0.938143 0.251956
vt 0.943735 0.285294
vt 0.949361 0.307246
vt 0.940493 0.323339
vt 0.735178 0.267084
vt 0.752761 0.261031
vt 0.734951 0.294091
vt 0.720083 0.278497
vt 0.775687 0.262606
vt 0.758393 0.304677
vt 0.792469 0.306923
vt 0.802636 0.260415
vt 0.781654 0.349226
vt 0.879688 0.102240
vt 0.880419 0.126576
vt 0.854854 0.127067
vt 0.854466 0.101696
vt 0.881819 0.157708
vt 0.855833 0.158923
vt 0.854854 0.127067
vt 0.880419 0.126576
vt 0.829818 0.161337
vt 0.829591 0.128330
vt 0.829243 0.101151
vt 0.829591 0.128330
vt 0.930695 0.102384
vt 0.928117 0.128262
vt 0.905134 0.127124
vt 0.905191 0.102312
vt 0.927998 0.158784
vt 0.906177 0.158299
vt 0.905134 0.127124
vt 0.928117 0.128262
vt 0.970018 0.104152
vt 0.967542 0.130886
vt 0.948483 0.129539
vt 0.950356 0.103268
vt 0.965065 0.157620
vt 0.946373 0.157254
vt 0.948483 0.129539
vt 0.967542 0.130886
vt 0.783817 0.102289
vt 0.783334 0.132011
vt 0.762151 0.133717
vt 0.760898 0.103221
vt 0.782792 0.167275
vt 0.762385 0.169459
vt 0.762151 0.133717
vt 0.783334 0.132011
vt 0.745225 0.166487
vt 0.741601 0.135320
vt 0.737978 0.104152
vt 0.741601 0.135320
vt 0.805783 0.130096
vt 0.806530 0.101720
vt 0.805370 0.164344
vt 0.805783 0.130096
vt 0.579335 0.309127
vt 0.582315 0.284348
vt 0.580750 0.339509
vt 0.537719 0.333986
vt 0.534607 0.300750
vt 0.533203 0.263167
vt 0.473017 0.252329
vt 0.500207 0.256330
vt 0.501768 0.293701
vt 0.473756 0.289651
vt 0.504519 0.329423
vt 0.475367 0.326823
vt 0.412455 0.255864
vt 0.442873 0.253314
vt 0.443506 0.290269
vt 0.412954 0.292223
vt 0.444483 0.327187
vt 0.530532 0.115723
vt 0.529350 0.137925
vt 0.503469 0.141167
vt 0.503691 0.118377
vt 0.527914 0.166632
vt 0.502768 0.170246
vt 0.503469 0.141167
vt 0.529350 0.137925
vt 0.475655 0.173209
vt 0.476414 0.144309
vt 0.476851 0.121031
vt 0.476414 0.144309
vt 0.583232 0.115984
vt 0.579125 0.136819
vt 0.554437 0.136834
vt 0.556882 0.115853
vt 0.575018 0.157654
vt 0.551754 0.163164
vt 0.554437 0.136834
vt 0.579125 0.136819
vt 0.376018 0.118788
vt 0.372948 0.141752
vt 0.349726 0.139559
vt 0.349585 0.119095
vt 0.369828 0.170578
vt 0.348945 0.166096
vt 0.349726 0.139559
vt 0.372948 0.141752
vt 0.329466 0.154763
vt 0.326309 0.137083
vt 0.323151 0.119403
vt 0.326309 0.137083
vt 0.422508 0.118393
vt 0.420109 0.144482
vt 0.395783 0.143379
vt 0.399263 0.118590
vt 0.416907 0.174797
vt 0.392014 0.173447
vt 0.395783 0.143379
vt 0.420109 0.144482
vt 0.447806 0.145103
vt 0.449679 0.119712
vt 0.445911 0.174722
vt 0.447806 0.145103
vt 0.527914 0.166632
vt 0.525722 0.209741
vt 0.501110 0.211906
vt 0.502768 0.170246
vt 0.474086 0.211365
vt 0.475655 0.173209
vt 0.575018 0.157654
vt 0.570607 0.186951
vt 0.548598 0.200192
vt 0.551754 0.163164
vt 0.566196 0.216248
vt 0.551432 0.231289
vt 0.369828 0.170578
vt 0.365012 0.211185
vt 0.346320 0.204781
vt 0.348945 0.166096
vt 0.352759 0.260609
vt 0.342774 0.249540
vt 0.329756 0.238481
vt 0.329611 0.196622
vt 0.329466 0.154763
vt 0.416907 0.174797
vt 0.414065 0.214323
vt 0.387669 0.214076
vt 0.392014 0.173447
vt 0.384444 0.256555
vt 0.443970 0.212795
vt 0.445911 0.174722
vt 0.582029 0.374847
vt 0.540472 0.371621
vt 0.476913 0.367336
vt 0.444413 0.367592
vt 0.476877 0.411498
vt 0.442858 0.411785
vt 0.881819 0.157708
vt 0.884697 0.202196
vt 0.857994 0.203747
vt 0.855833 0.158923
vt 0.831055 0.206558
vt 0.829818 0.161337
vt 0.927998 0.158784
vt 0.929876 0.199003
vt 0.909419 0.202199
vt 0.906177 0.158299
vt 0.965065 0.157620
vt 0.951604 0.204788
vt 0.943788 0.187858
vt 0.946373 0.157254
vt 0.805629 0.210336
vt 0.805370 0.164344
vt 0.782032 0.213806
vt 0.782792 0.167275
vt 0.277422 0.487855
vt 0.266432 0.453918
vt 0.284267 0.520062
vt 0.239221 0.532782
vt 0.225359 0.495877
vt 0.211497 0.458972
vt 0.337007 0.710403
vt 0.316318 0.655913
vt 0.354190 0.647834
vt 0.380846 0.675120
vt 0.306671 0.600876
vt 0.366251 0.616570
vt 0.425832 0.632264
vt 0.938858 0.646696
vt 0.933299 0.690433
vt 0.960622 0.694787
vt 0.959753 0.663682
vt 0.944664 0.741427
vt 0.965984 0.725375
vt 0.976152 0.723079
vt 0.971156 0.694996
vt 0.966161 0.666912
vt 0.908992 0.784133
vt 0.932060 0.799177
vt 0.953121 0.767880
vt 0.893584 0.829236
vt 0.914131 0.834244
vt 0.915479 0.844713
vt 0.937232 0.808507
vt 0.958984 0.772302
vt 0.904949 0.621121
vt 0.874625 0.624772
vt 0.872791 0.644443
vt 0.880932 0.599103
vt 0.849835 0.613803
vt 0.797582 0.629406
vt 0.698985 0.766961
vt 0.722454 0.783785
vt 0.642621 0.796041
vt 0.631579 0.769778
vt 0.745923 0.800609
vt 0.664549 0.818678
vt 0.594226 0.850150
vt 0.567680 0.811531
vt 0.556034 0.764712
vt 0.818479 0.826483
vt 0.791488 0.848794
vt 0.782864 0.843089
vt 0.785908 0.830210
vt 0.764497 0.871105
vt 0.753617 0.849239
vt 0.749031 0.833966
vt 0.918877 0.614801
vt 0.898370 0.596530
vt 0.943323 0.628810
vt 0.948179 0.622286
vt 0.924608 0.607146
vt 0.901037 0.592007
vt 0.558225 0.622022
vt 0.559333 0.648414
vt 0.511084 0.659309
vt 0.492028 0.627143
vt 0.579278 0.674595
vt 0.527132 0.689653
vt 0.484425 0.711838
vt 0.457803 0.677487
vt 0.964048 0.638583
vt 0.959675 0.632349
vt 0.984285 0.628956
vt 0.966232 0.625621
vt 0.971466 0.748687
vt 0.973548 0.740284
vt 0.990876 0.754421
vt 0.983514 0.738750
vt 0.903664 0.860853
vt 0.908822 0.856745
vt 0.913150 0.866946
vt 0.769979 0.942336
vt 0.794894 0.966772
vt 0.784107 0.970362
vt 0.755502 0.960455
vt 0.967825 0.756691
vt 0.974930 0.763361
vt 0.767238 0.906720
vt 0.673118 0.899694
vt 0.678364 0.868090
vt 0.683032 0.932117
vt 0.588578 0.896263
vt 0.782201 0.813546
vt 0.776673 0.819590
vt 0.745877 0.819866
vt 0.872396 0.677789
vt 0.866992 0.717849
vt 0.794704 0.661000
vt 0.791826 0.692593
vt 0.650240 0.716902
vt 0.668207 0.740719
vt 0.633483 0.749993
vt 0.607132 0.738054
vt 0.965669 0.647224
vt 0.975223 0.647934
vt 0.900741 0.549505
vt 0.889024 0.576027
vt 0.893836 0.580206
vt 0.900889 0.570756
vt 0.614759 0.695749
vt 0.593581 0.719205
vt 0.565313 0.719068
vt 0.864893 0.577271
vt 0.868453 0.588399
vt 0.881788 0.575294
vt 0.882817 0.563388
vt 0.514649 0.866427
vt 0.502520 0.833491
vt 0.458527 0.881715
vt 0.442251 0.858685
vt 0.425976 0.835655
vt 0.487086 0.802518
vt 0.389548 0.549008
vt 0.350968 0.546263
vt 0.336011 0.576811
vt 0.293267 0.565013
vt 0.316165 0.542721
vt 0.292593 0.715513
vt 0.274345 0.664582
vt 0.257209 0.726840
vt 0.235760 0.677714
vt 0.213616 0.641664
vt 0.253070 0.624927
vt 0.960308 0.332228
vt 0.954029 0.352511
vt 0.964058 0.311039
vt 0.568511 0.256179
vt 0.566717 0.239825
vt 0.576880 0.220113
vt 0.894849 0.861145
vt 0.877864 0.843235
vt 0.842880 0.817538
vt 0.837022 0.792475
vt 0.353809 0.835488
vt 0.379199 0.818520
vt 0.375960 0.834695
vt 0.356225 0.851277
vt 0.416286 0.789105
vt 0.388220 0.832424
vt 0.360153 0.875743
vt 0.393064 0.855699
vt 0.400805 0.833501
vt 0.427922 0.808267
vt 0.475196 0.906779
vt 0.442807 0.912317
vt 0.426083 0.901947
vt 0.432485 0.925965
vt 0.393639 0.922179
vt 0.376896 0.898961
vt 0.351416 0.883083
vt 0.330305 0.863535
vt 0.347971 0.889733
vt 0.300457 0.851327
vt 0.164993 0.694488
vt 0.177729 0.726069
vt 0.131297 0.755461
vt 0.119629 0.731404
vt 0.194589 0.767473
vt 0.143119 0.785172
vt 0.091650 0.802871
vt 0.084328 0.782005
vt 0.074712 0.764307
vt 0.113772 0.912275
vt 0.105972 0.888286
vt 0.132300 0.873756
vt 0.143342 0.903820
vt 0.091045 0.866094
vt 0.116931 0.841438
vt 0.142817 0.816783
vt 0.157514 0.857199
vt 0.167562 0.892745
vt 0.077417 0.898760
vt 0.054561 0.890873
vt 0.073021 0.914709
vt 0.116852 0.935695
vt 0.073464 0.929891
vt 0.352666 0.821714
vt 0.373112 0.811044
vt 0.351611 0.804791
vt 0.383949 0.796948
vt 0.708731 0.180097
vt 0.700640 0.162115
vt 0.668907 0.169365
vt 0.672952 0.196215
vt 0.692550 0.144133
vt 0.664861 0.144862
vt 0.676368 0.108169
vt 0.692550 0.144133
vt 0.664861 0.142514
vt 0.656771 0.088814
vt 0.339321 0.763489
vt 0.365988 0.768086
vt 0.381409 0.744393
vt 0.330937 0.844446
vt 0.334502 0.831785
vt 0.326034 0.828059
vt 0.337350 0.855435
vt 0.351599 0.293901
vt 0.310509 0.301164
vt 0.313376 0.292749
vt 0.047261 0.234826
vt 0.065952 0.231483
vt 0.065069 0.345912
vt 0.048366 0.350379
vt 0.084644 0.228140
vt 0.082436 0.347634
vt 0.082402 0.458357
vt 0.067360 0.457048
vt 0.053281 0.457278
vt 0.099456 0.246423
vt 0.099052 0.354330
vt 0.114268 0.264707
vt 0.114832 0.363005
vt 0.112091 0.462261
vt 0.097530 0.460370
vt 0.128544 0.281106
vt 0.129693 0.370668
vt 0.142820 0.297505
vt 0.144094 0.377824
vt 0.145368 0.458144
vt 0.125436 0.463202
vt 0.018886 0.297505
vt 0.033073 0.266166
vt 0.033743 0.362250
vt 0.020160 0.377824
vt 0.041045 0.459879
vt 0.021434 0.458144
vt 0.468622 0.774808
vt 0.444801 0.745572
vt 0.509504 0.741409
vt 0.084775 0.562350
vt 0.075998 0.561599
vt 0.086817 0.618261
vt 0.085118 0.637576
vt 0.079374 0.617543
vt 0.068068 0.560868
vt 0.102470 0.562489
vt 0.093769 0.562680
vt 0.095144 0.618383
vt 0.090100 0.637980
vt 0.117861 0.560555
vt 0.110367 0.561677
vt 0.094884 0.617593
vt 0.094750 0.637729
vt 0.061612 0.560596
vt 0.082022 0.637326
vt 0.055894 0.560555
vt 0.537168 0.716356
vt 0.413296 0.710021
vt 0.776719 0.386687
vt 0.774789 0.422628
vt 0.827756 0.388872
vt 0.711730 0.261224
vt 0.730694 0.251731
vt 0.685685 0.710047
vt 0.690118 0.729018
vt 0.721129 0.703192
vt 0.710057 0.735076
vt 0.760580 0.215692
vt 0.740202 0.216786
vt 0.745225 0.166487
vt 0.762385 0.169459
vt 0.309619 0.770718
vt 0.277398 0.785602
vt 0.384033 0.292177
vt 0.300285 0.914752
vt 0.257825 0.918809
vt 0.258687 0.893607
vt 0.300818 0.890240
vt 0.215242 0.928719
vt 0.222009 0.903468
vt 0.220641 0.871236
vt 0.255902 0.857400
vt 0.287467 0.178246
vt 0.298800 0.184095
vt 0.256679 0.234980
vt 0.242607 0.227421
vt 0.222684 0.284127
vt 0.203416 0.275199
vt 0.208200 0.182989
vt 0.247833 0.180618
vt 0.230488 0.214423
vt 0.203907 0.228495
vt 0.204941 0.329795
vt 0.195323 0.373724
vt 0.193964 0.373549
vt 0.195364 0.328354
vt 0.186756 0.328038
vt 0.182301 0.281956
vt 0.192860 0.373451
vt 0.181144 0.234534
vt 0.181635 0.186443
vt 0.162493 0.936369
vt 0.168311 0.918552
vt 0.192810 0.910850
vt 0.188868 0.932544
vt 0.192261 0.882451
vt 0.145730 0.929375
vt 0.143790 0.952676
vt 0.324541 0.031700
vt 0.242905 0.036428
vt 0.169268 0.042470
vt 0.103719 0.049615
vt 0.042214 0.057311
vt 0.034692 0.018920
vt 0.098224 0.018798
vt 0.670189 0.546128
vt 0.720809 0.541037
vt 0.414086 0.028501
vt 0.750076 0.021253
vt 0.708234 0.021484
vt 0.767377 0.021304
vt 0.250035 0.429439
vt 0.204180 0.435978
vt 0.523195 0.900027
vt 0.850130 0.757661
vt 0.773370 0.725475
vt 0.270633 0.588017
vt 0.226965 0.603553
vt 0.191347 0.622134
vt 0.171830 0.646806
vt 0.190290 0.664712
vt 0.150207 0.678628
vt 0.050755 0.782042
vt 0.052394 0.800354
vt 0.054603 0.822309
vt 0.386314 0.936413
vt 0.417239 0.936307
vt 0.371552 0.920045
vt 0.346373 0.902342
vt 0.347582 0.917922
vt 0.992674 0.024743
vt 0.949820 0.059481
vt 0.907820 0.038795
vt 0.950564 0.014439
vt 0.906965 0.094218
vt 0.865077 0.063152
vt 0.823189 0.032085
vt 0.865821 0.018110
vt 0.908453 0.004134
vt 0.772991 0.460370
vt 0.771493 0.498258
vt 0.770463 0.534639
vt 0.876493 0.391080
vt 0.924081 0.393298
vt 0.469595 0.507270
vt 0.466518 0.550051
vt 0.428815 0.549991
vt 0.434513 0.507710
vt 0.473743 0.459614
vt 0.439376 0.460066
vt 0.505345 0.459735
vt 0.508034 0.412284
vt 0.501880 0.507051
vt 0.500405 0.550029
vt 0.507183 0.368899
vt 0.322144 0.376459
vt 0.317457 0.324550
vt 0.347881 0.365249
vt 0.351837 0.312925
vt 0.962747 0.288037
vt 0.958907 0.264129
vt 0.582657 0.047724
vt 0.505140 0.059109
vt 0.650859 0.039017
vt 0.709224 0.033656
vt 0.750532 0.030787
vt 0.767567 0.029552
vt 0.418836 0.072502
vt 0.594221 0.265817
vt 0.108271 0.718659
vt 0.067721 0.753815
vt 0.050253 0.771016
vt 0.288228 0.539351
vt 0.266244 0.548898
vt 0.695297 0.827588
vt 0.684189 0.840207
vt 0.701489 0.851086
vt 0.705386 0.951579
vt 0.194186 0.373304
vt 0.198116 0.370379
vt 0.194525 0.368989
vt 0.190765 0.369757
vt 0.088851 0.662991
vt 0.182728 0.840642
vt 0.168703 0.792128
vt 0.210445 0.823196
vt 0.656149 0.108782
vt 0.650238 0.094883
vt 0.676368 0.108169
vt 0.656771 0.088814
vt 0.660816 0.125055
vt 0.684459 0.126151
vt 0.259614 0.939225
vt 0.222381 0.943769
vt 0.301467 0.935518
vt 0.352558 0.933481
vt 0.208052 0.699182
vt 0.225539 0.746754
vt 0.243171 0.803972
vt 0.847402 0.601928
vt 0.831237 0.603339
vt 0.588746 0.637729
vt 0.604007 0.645582
vt 0.593480 0.619295
vt 0.628736 0.616568
vt 0.609543 0.295036
vt 0.591898 0.296546
vt 0.596657 0.276232
vt 0.610822 0.278428
vt 0.574252 0.298055
vt 0.584287 0.274345
vt 0.590731 0.250018
vt 0.601416 0.255919
vt 0.612101 0.261819
vt 0.612268 0.261931
vt 0.602349 0.255441
vt 0.597016 0.276120
vt 0.610971 0.278810
vt 0.592430 0.248950
vt 0.584872 0.273913
vt 0.573690 0.297909
vt 0.591682 0.296799
vt 0.609673 0.295690
vt 0.575508 0.273076
vt 0.576136 0.260586
vt 0.567897 0.284605
vt 0.561542 0.271154
vt 0.576353 0.272672
vt 0.568314 0.284533
vt 0.577684 0.260053
vt 0.562937 0.271157
vn -0.69640 0.57869 0.42444
vn -0.83727 0.31209 0.44898
vn -0.84489 0.41795 0.33390
vn -0.68042 0.65983 0.31884
vn -0.85784 0.02504 0.51331
vn -0.89775 0.23060 0.37533
vn -0.92921 0.30479 0.20899
vn -0.84642 0.49173 0.20437
vn -0.68420 0.69699 0.21465
vn -0.40857 0.85371 0.32289
vn -0.42215 0.81267 0.40170
vn -0.39991 0.88697 0.23099
vn 0.00000 0.97025 0.24210
vn 0.00000 0.94705 0.32107
vn -0.00000 0.91223 0.40967
vn -0.94492 -0.32174 0.06001
vn -0.95630 0.27424 0.10137
vn -0.94032 0.32915 0.08639
vn -0.95948 -0.27611 0.05619
vn -0.82819 0.54594 0.12672
vn -0.81343 0.57225 0.10422
vn -0.81165 0.57861 0.08023
vn -0.93177 0.35578 0.07226
vn -0.96059 -0.27320 0.05125
vn -0.56105 -0.82745 0.02355
vn -0.55815 -0.82939 0.02411
vn -0.56516 -0.82467 0.02251
vn -0.00000 -0.99990 0.01434
vn 0.00000 -0.99990 0.01412
vn 0.00000 -0.99987 0.01635
vn -0.90757 -0.30566 0.28790
vn -0.95628 0.02329 0.29154
vn -0.99283 0.02534 0.11681
vn -0.92680 -0.36833 0.07328
vn -0.83845 0.43577 0.32728
vn -0.89045 0.41676 0.18278
vn -0.86892 0.47242 0.14763
vn -0.99534 0.05420 0.07976
vn -0.92174 -0.38576 0.03976
vn -0.54175 0.76252 0.35366
vn -0.55284 0.79264 0.25707
vn 0.00000 0.92298 0.38485
vn 0.00000 0.95561 0.29462
vn -0.00000 0.97323 0.22983
vn -0.53927 0.81663 0.20568
vn -0.85784 0.02504 0.51331
vn -0.83727 0.31209 0.44898
vn -0.86590 0.15430 0.47583
vn -0.85099 -0.18693 0.49079
vn -0.69640 0.57869 0.42444
vn -0.74872 0.49233 0.44387
vn -0.42215 0.81267 0.40170
vn -0.46593 0.76930 0.43712
vn -0.00000 0.91223 0.40967
vn -0.00000 0.90107 0.43368
vn -0.72004 0.68540 -0.10851
vn -0.89626 0.43066 -0.10609
vn -0.89021 0.43391 -0.13874
vn -0.71590 0.67603 -0.17456
vn -0.97763 0.19017 -0.08987
vn -0.97954 0.17937 -0.09125
vn -0.97823 0.20232 -0.04620
vn -0.88425 0.44833 -0.13081
vn -0.70827 0.68153 -0.18407
vn -0.70686 0.70677 0.02869
vn -0.88178 0.47166 -0.00067
vn -0.89162 0.44961 -0.05343
vn -0.71808 0.69543 -0.02714
vn -0.96896 0.24387 -0.04047
vn -0.97752 0.20360 -0.05477
vn -0.40576 -0.90851 -0.09984
vn -0.31249 -0.94596 0.08671
vn -0.31645 -0.93365 0.16778
vn -0.50372 -0.84963 0.15616
vn -0.00003 -0.99435 0.10620
vn -0.00000 -0.98578 0.16803
vn -0.00000 -0.99428 0.10684
vn -0.30196 -0.94564 0.12074
vn -0.49412 -0.85822 0.13895
vn -0.87479 -0.35618 -0.32846
vn -0.60523 -0.76784 -0.21006
vn -0.67013 -0.73778 0.08133
vn -0.90337 -0.42785 -0.02937
vn -0.69602 -0.70999 0.10708
vn -0.90803 -0.41877 0.01053
vn -0.99607 -0.02882 -0.08373
vn -0.99689 -0.06537 -0.04410
vn -0.99422 -0.08652 -0.06361
vn -0.40831 0.89478 -0.18071
vn -0.41152 0.90531 -0.10521
vn -0.40749 0.88816 -0.21242
vn -0.00000 0.97617 -0.21699
vn -0.00000 0.98309 -0.18311
vn -0.00000 0.99386 -0.11069
vn -0.82638 0.13798 -0.54594
vn -0.75733 -0.00955 -0.65296
vn -0.94240 0.15129 -0.29832
vn -0.84433 0.38556 -0.37209
vn -0.76216 -0.40008 -0.50896
vn -0.98603 -0.15798 -0.05283
vn -0.94806 0.13959 0.28583
vn -0.88028 0.45550 0.13274
vn -0.77234 0.62283 -0.12482
vn -0.25636 -0.47453 -0.84208
vn -0.15779 -0.58199 -0.79774
vn -0.26276 -0.49738 -0.82679
vn -0.42006 -0.38009 -0.82406
vn -0.00000 -0.60080 -0.79940
vn -0.00000 -0.56348 -0.82613
vn -0.00000 -0.75733 -0.65303
vn -0.41202 -0.69036 -0.59468
vn -0.74646 -0.02720 -0.66487
vn -0.58792 -0.18856 -0.78663
vn -0.64200 -0.16462 -0.74882
vn -0.39572 -0.31646 -0.86213
vn -0.84299 0.51602 0.15196
vn -0.98216 0.15773 0.10240
vn -0.92342 -0.38086 0.04733
vn -0.93852 0.33860 0.06731
vn -0.96092 -0.27162 0.05335
vn -0.81987 0.56853 0.06774
vn -0.87546 0.47458 0.09132
vn -0.94693 0.30165 0.11107
vn -0.96637 -0.23811 0.09714
vn -0.91147 0.17927 0.37024
vn -0.87490 -0.28255 0.39335
vn -0.86538 0.40875 0.28989
vn -0.00000 0.69534 0.71868
vn 0.00000 0.05515 0.99848
vn 0.00000 -0.62457 0.78097
vn -0.05353 -0.08253 0.99515
vn -0.71214 -0.04024 0.70088
vn -0.74085 -0.10955 0.66268
vn -0.15713 -0.38937 0.90758
vn -0.98652 -0.14758 0.07072
vn -0.98853 -0.02772 0.14844
vn -0.97767 0.04494 0.20528
vn -0.78797 -0.01729 0.61547
vn -0.48314 -0.49708 0.72075
vn 0.28439 -0.58462 0.75983
vn 0.62942 -0.11507 0.76850
vn -0.09848 -0.76921 0.63136
vn 0.03595 -0.83800 0.54449
vn 0.20563 -0.75478 0.62292
vn 0.79829 -0.60211 0.01384
vn 0.79829 -0.60211 0.01384
vn -0.16291 -0.89471 -0.41587
vn -0.07443 -0.59099 -0.80324
vn 0.45860 -0.25983 -0.84981
vn -0.40738 -0.29282 -0.86504
vn -0.24639 -0.34291 -0.90648
vn -0.79635 -0.27261 -0.53992
vn -0.89957 -0.15304 -0.40908
vn -0.97459 -0.01448 -0.22354
vn -0.23754 -0.39904 0.88563
vn -0.78382 -0.29954 0.54396
vn -0.77944 -0.29609 0.55209
vn -0.23646 -0.38825 0.89070
vn -0.99789 0.03059 -0.05729
vn -0.99711 0.02202 -0.07269
vn -0.99349 -0.08327 -0.07774
vn -0.76547 -0.19950 0.61177
vn -0.77862 -0.18967 0.59815
vn -0.99275 -0.09259 -0.07669
vn -0.22038 -0.16549 0.96127
vn -0.24970 -0.16595 0.95400
vn 0.81693 -0.14603 0.55795
vn 0.36955 -0.33910 0.86513
vn 0.35901 -0.34200 0.86842
vn 0.81799 -0.15632 0.55359
vn 0.38529 -0.07400 0.91983
vn 0.37458 -0.08852 0.92296
vn 0.81902 -0.02680 0.57314
vn 0.82235 -0.02597 0.56838
vn 0.78497 0.38423 -0.48599
vn 0.98647 0.16384 0.00628
vn 0.98680 0.16194 -0.00321
vn 0.78233 0.38314 -0.49108
vn 0.99796 0.06383 -0.00142
vn 0.99791 0.06377 -0.01009
vn 0.83563 0.15876 -0.52584
vn 0.83364 0.15529 -0.53003
vn -0.16440 0.55377 -0.81628
vn 0.42025 0.50307 -0.75519
vn 0.40230 0.51315 -0.75818
vn -0.17432 0.56533 -0.80623
vn 0.78497 0.38423 -0.48599
vn 0.78233 0.38314 -0.49108
vn 0.83563 0.15876 -0.52584
vn 0.42481 0.21296 -0.87988
vn 0.42743 0.21390 -0.87838
vn 0.83364 0.15529 -0.53003
vn -0.20338 0.19564 -0.95935
vn -0.20390 0.19964 -0.95842
vn -0.71380 0.39309 -0.57963
vn -0.70244 0.39129 -0.59454
vn -0.72754 0.08822 -0.68037
vn -0.73397 0.08378 -0.67399
vn -0.47550 -0.85443 0.20942
vn -0.72871 -0.67363 0.12329
vn -0.34218 -0.73261 0.58838
vn -0.75528 -0.58413 0.29723
vn -0.93040 -0.32147 0.17609
vn -0.91376 -0.40625 0.00290
vn -0.95018 -0.28779 0.11973
vn -0.97258 -0.21781 0.08155
vn -0.83198 -0.36055 0.42168
vn -0.73598 -0.30899 0.60237
vn -0.99322 -0.11328 -0.02621
vn -0.94558 -0.20501 0.25270
vn -0.38689 -0.15879 -0.90835
vn -0.50527 -0.19173 -0.84139
vn -0.86554 -0.18240 -0.46645
vn -0.85015 -0.21317 -0.48146
vn -0.88747 -0.06598 -0.45611
vn -0.25999 0.08919 0.96148
vn -0.81050 0.12988 0.57115
vn -0.80625 0.12859 0.57743
vn -0.25454 0.09123 0.96275
vn -0.97930 0.19804 -0.04178
vn -0.97922 0.20079 -0.02833
vn -0.99981 0.00637 -0.01862
vn -0.79360 -0.04871 0.60649
vn -0.80365 -0.05242 0.59280
vn -0.99900 0.01179 -0.04312
vn -0.24270 -0.08850 0.96606
vn -0.25776 -0.09241 0.96178
vn 0.82126 0.15360 0.54949
vn 0.37500 0.09608 0.92203
vn 0.37418 0.09095 0.92289
vn 0.81693 0.15389 0.55582
vn 0.41892 -0.06285 0.90585
vn 0.39893 -0.06354 0.91478
vn 0.84187 0.02183 0.53924
vn 0.83136 0.02175 0.55531
vn 0.80701 0.34676 -0.47801
vn 0.96981 0.24339 0.01535
vn 0.96908 0.24586 0.02087
vn 0.81496 0.35516 -0.45794
vn 0.82126 0.15360 0.54949
vn 0.81693 0.15389 0.55582
vn 0.84187 0.02183 0.53924
vn 0.99048 0.13532 -0.02508
vn 0.99087 0.13480 -0.00229
vn 0.83136 0.02175 0.55531
vn 0.83590 0.23801 -0.49460
vn 0.84056 0.24652 -0.48237
vn -0.31786 0.30839 -0.89658
vn 0.30494 0.37624 -0.87490
vn 0.34033 0.37240 -0.86342
vn -0.30266 0.28900 -0.90823
vn 0.41825 0.27732 -0.86496
vn 0.40442 0.26965 -0.87392
vn -0.29991 0.18600 -0.93566
vn -0.30976 0.17220 -0.93509
vn -0.77682 0.23784 -0.58307
vn -0.78426 0.23971 -0.57225
vn -0.82826 0.05999 -0.55713
vn -0.81876 0.07032 -0.56982
vn -0.20123 -0.24893 0.94738
vn -0.78304 -0.21148 0.58491
vn -0.74224 -0.26758 0.61439
vn -0.18030 -0.34553 0.92092
vn -0.97729 -0.20692 0.04564
vn -0.96416 -0.24657 0.09801
vn 0.88142 -0.11225 0.45879
vn 0.41177 -0.21429 0.88573
vn 0.49206 -0.28862 0.82133
vn 0.89554 -0.19631 0.39933
vn 0.43956 -0.58880 0.67831
vn 0.75273 -0.61365 0.23838
vn 0.80328 0.10890 -0.58556
vn 0.99913 -0.00143 -0.04175
vn 0.97969 -0.08790 -0.18025
vn 0.75870 0.00061 -0.65144
vn 0.88142 -0.11225 0.45879
vn 0.89554 -0.19631 0.39933
vn 0.75273 -0.61365 0.23838
vn 0.79497 -0.49781 -0.34672
vn 0.44686 -0.46573 -0.76381
vn -0.29455 0.01724 -0.95548
vn 0.42684 0.15165 -0.89152
vn 0.32752 0.05332 -0.94334
vn -0.30127 -0.02219 -0.95328
vn 0.18263 -0.15436 -0.97099
vn -0.81117 -0.14682 -0.56609
vn -0.83342 -0.17649 -0.52370
vn -0.99543 -0.08491 0.04380
vn -0.99365 -0.09464 -0.06087
vn -0.90594 0.04074 -0.42143
vn -0.99023 0.07195 -0.11947
vn -0.89442 0.24898 -0.37152
vn -0.94901 0.26778 -0.16633
vn -0.12723 0.14051 0.98187
vn -0.77473 -0.05254 0.63011
vn -0.73813 -0.02645 0.67414
vn -0.05783 0.10189 0.99311
vn -0.97429 -0.22290 -0.03292
vn -0.97914 -0.20302 -0.00891
vn 0.80311 0.12838 0.58184
vn 0.37998 0.24598 0.89169
vn 0.50445 0.19659 0.84077
vn 0.79143 0.19449 0.57950
vn 0.81109 -0.19251 -0.55233
vn 0.99272 -0.11897 -0.01856
vn 0.99618 -0.08719 -0.00413
vn 0.79066 -0.21876 -0.57184
vn -0.69836 -0.34037 -0.62963
vn -0.73794 -0.34499 -0.58002
vn -0.17922 -0.34854 -0.92000
vn -0.15789 -0.39896 -0.90327
vn -0.77312 -0.62721 -0.09428
vn -0.91479 -0.35432 0.19396
vn -0.74151 -0.65784 0.13194
vn -0.85076 -0.48502 0.20242
vn -0.64364 -0.63638 0.42514
vn -0.85791 -0.15635 0.48944
vn -0.95992 -0.11596 -0.25516
vn -0.97194 -0.23286 -0.03319
vn -0.90094 -0.42274 0.09802
vn -0.88730 -0.46066 0.02218
vn -0.64364 -0.63638 0.42514
vn -0.85076 -0.48502 0.20242
vn -0.74151 -0.65784 0.13194
vn -0.11329 -0.42969 0.89584
vn -0.59133 0.46539 0.65859
vn -0.77293 0.28931 0.56470
vn -0.01436 -0.39670 0.91784
vn -0.34434 0.78659 -0.51254
vn -0.51846 0.60514 -0.60415
vn -0.68892 0.46781 -0.55367
vn -0.80852 0.11950 0.57621
vn -0.11517 -0.30738 0.94459
vn 0.09141 0.69844 0.70981
vn -0.23386 0.78868 0.56858
vn -0.07216 -0.26728 0.96091
vn 0.21180 0.83197 -0.51280
vn -0.06824 0.74658 -0.66178
vn -0.30720 0.68554 -0.66005
vn -0.48344 0.73342 0.47789
vn -0.22972 -0.18426 0.95566
vn 0.12544 -0.53359 0.83639
vn 0.32161 -0.43349 0.84181
vn -0.03817 -0.42572 0.90405
vn -0.64364 -0.63638 0.42514
vn 0.36370 -0.44714 0.81718
vn 0.09989 -0.35625 0.92904
vn -0.34434 0.78659 -0.51254
vn -0.28776 0.63591 -0.71611
vn -0.28059 0.61826 -0.73418
vn -0.51846 0.60514 -0.60415
vn -0.54944 0.50499 -0.66566
vn -0.32889 0.74333 -0.58249
vn -0.14812 0.72621 -0.67132
vn -0.26890 0.55205 -0.78926
vn -0.68892 0.46781 -0.55367
vn -0.42120 0.82297 0.38119
vn -0.13380 0.70385 -0.69764
vn 0.17711 0.76359 -0.62094
vn 0.45110 0.81090 0.37276
vn -0.06019 0.58398 -0.80953
vn 0.16184 0.63655 -0.75406
vn 0.21180 0.83197 -0.51280
vn -0.90527 0.04093 0.42285
vn -0.87914 -0.27195 0.39136
vn -0.73452 0.26975 -0.62267
vn -0.88597 0.06863 -0.45863
vn -0.78767 0.14837 -0.59797
vn -0.80343 -0.43114 0.41063
vn -0.31303 -0.88314 -0.34941
vn -0.35647 -0.83151 -0.42605
vn -0.59440 -0.10447 -0.79735
vn -0.50215 0.11525 -0.85706
vn -0.74476 -0.38235 -0.54694
vn -0.78046 0.03288 -0.62434
vn -0.68689 0.10415 -0.71926
vn -0.73452 0.26975 -0.62267
vn -0.77892 -0.44836 0.43848
vn -0.59511 -0.14434 0.79058
vn -0.97386 0.14744 -0.17281
vn -0.88844 0.32500 0.32412
vn -0.65593 -0.10250 0.74783
vn -0.18278 -0.09238 0.97880
vn -0.95325 0.28935 0.08710
vn -0.42120 0.82297 0.38119
vn -0.72460 0.51664 0.45610
vn -0.44217 0.11033 0.89012
vn -0.62151 0.72207 -0.30389
vn -0.00000 0.82157 0.57010
vn -0.30720 0.68554 -0.66005
vn -0.23044 0.57818 -0.78269
vn -0.27423 0.63799 -0.71956
vn -0.62151 0.72207 -0.30389
vn 0.00000 0.59353 -0.80481
vn 0.00000 0.66473 -0.74708
vn -0.00000 0.82157 0.57010
vn 0.45110 0.81090 0.37276
vn 0.22799 0.22152 0.94813
vn 0.02728 0.65989 -0.75087
vn -0.06010 0.66788 -0.74184
vn -0.06824 0.74658 -0.66178
vn -0.11083 0.78745 -0.60634
vn -0.00000 0.73186 -0.68146
vn -0.13908 0.63502 -0.75987
vn -0.32074 0.48209 -0.81530
vn -0.44433 0.55142 -0.70605
vn -0.95325 0.28935 0.08710
vn -0.22402 -0.42836 0.87540
vn -0.16243 -0.51801 0.83981
vn -0.53519 -0.23165 0.81235
vn -0.54852 -0.45894 0.69893
vn -0.78767 0.14837 -0.59797
vn -0.51386 0.39992 -0.75896
vn -0.36271 0.56758 -0.73911
vn -0.29679 0.56295 -0.77136
vn -0.55004 0.81790 0.16879
vn -0.34081 0.38338 0.85841
vn -0.95494 -0.01263 0.29652
vn -0.89205 0.40815 -0.19408
vn -0.74165 0.42136 0.52192
vn -0.43332 -0.10965 0.89454
vn -0.61453 0.27659 -0.73882
vn -0.61922 0.25177 -0.74376
vn -0.88597 0.06863 -0.45863
vn -0.31303 -0.88314 -0.34941
vn -0.79863 -0.60157 -0.01723
vn 0.07578 -0.62169 0.77959
vn 0.26586 -0.64582 0.71571
vn -0.44167 0.84078 -0.31309
vn -0.22801 0.92237 -0.31183
vn -0.69524 0.60669 -0.38545
vn -0.96273 0.21705 -0.16140
vn -0.58718 0.80205 0.10922
vn 0.02492 0.99903 0.03625
vn -0.66066 0.55147 0.50933
vn -0.45452 0.88967 -0.04367
vn -0.79163 0.09915 0.60291
vn -0.53519 -0.23165 0.81235
vn -0.31818 -0.03028 0.94755
vn -0.00000 0.35216 0.93594
vn -0.87574 -0.47332 -0.09508
vn -0.93555 -0.15136 -0.31912
vn -0.69175 -0.71379 0.10950
vn -0.69775 -0.71448 -0.05172
vn -0.86820 -0.45956 -0.18718
vn -0.93884 -0.14752 -0.31115
vn -0.42564 -0.73374 0.52958
vn -0.20894 -0.86743 0.45157
vn 0.00000 -0.93517 0.35419
vn 0.00000 -0.92890 0.37034
vn -0.00005 -0.90197 0.43181
vn -0.08234 -0.88305 0.46200
vn -0.00001 -0.99966 0.02595
vn -0.00000 -0.99999 0.00536
vn 0.08938 -0.97145 0.21977
vn -0.11677 -0.99183 0.05141
vn 0.00001 -0.99867 -0.05146
vn 0.29915 -0.95390 0.02397
vn 0.00000 -0.10546 0.99442
vn -0.16263 -0.11788 0.97962
vn 0.00000 -0.24479 0.96958
vn -0.14130 -0.24180 0.95998
vn 0.00000 -0.32097 0.94709
vn -0.16187 -0.30333 0.93904
vn -0.00000 0.35216 0.93594
vn -0.18895 -0.32246 0.92753
vn -0.89922 -0.06029 -0.43332
vn -0.86793 -0.40204 -0.29166
vn -0.71455 -0.51470 -0.47381
vn -0.77818 -0.20084 -0.59506
vn -0.58215 -0.50807 -0.63479
vn -0.76650 -0.42030 -0.48562
vn -0.83197 -0.04781 -0.55276
vn -0.89672 -0.10031 -0.43108
vn -0.89091 -0.22831 -0.39262
vn -0.87525 -0.39995 -0.27198
vn 0.59666 0.80249 -0.00137
vn 0.20435 0.95680 -0.20681
vn 0.12495 0.95072 -0.28375
vn 0.31863 0.61263 -0.72330
vn -0.04295 0.97574 -0.21467
vn 0.00000 0.96457 -0.26382
vn -0.57745 0.03108 -0.81583
vn 0.09746 0.14419 -0.98474
vn 0.37554 -0.40070 -0.83571
vn -0.76605 0.40233 -0.50130
vn -0.15434 0.38688 -0.90912
vn -0.64587 -0.74720 -0.15670
vn -0.66514 -0.74075 -0.09428
vn -0.86003 -0.46279 -0.21489
vn -0.83169 -0.51562 -0.20596
vn -0.72010 -0.67652 -0.15418
vn -0.85911 -0.41719 -0.29644
vn -0.86978 0.17316 -0.46206
vn -0.78617 0.33477 -0.51949
vn -0.86436 -0.25236 -0.43497
vn -0.78681 0.16451 -0.59486
vn -0.87982 0.19913 -0.43159
vn -0.94145 -0.12850 -0.31171
vn -0.90871 -0.14628 -0.39097
vn -0.91930 0.18563 -0.34702
vn -0.95686 -0.11880 -0.26516
vn -0.73710 -0.66119 -0.13969
vn -0.75414 -0.63023 -0.18464
vn -0.75770 -0.62335 -0.19317
vn -0.70626 -0.61047 -0.35851
vn -0.82666 -0.20446 -0.52424
vn -0.00000 -0.58965 -0.80766
vn -0.67802 0.03065 -0.73441
vn -0.45632 0.25478 -0.85256
vn -0.55197 0.37203 -0.74627
vn 0.00000 0.16961 -0.98551
vn 0.00000 0.36918 -0.92936
vn 0.00000 0.36467 -0.93114
vn 0.00000 0.11407 -0.99347
vn -0.73383 0.26821 -0.62414
vn -0.76388 0.37939 -0.52207
vn -0.73090 0.29677 -0.61458
vn -0.75471 0.39449 -0.52420
vn -0.86436 -0.25236 -0.43497
vn 0.07822 -0.05700 -0.99530
vn -0.10379 -0.99068 -0.08825
vn -0.61108 -0.72758 -0.31177
vn 0.00000 -0.07174 -0.99742
vn 0.00000 -0.99994 -0.01074
vn -0.00000 -0.99604 0.08887
vn -0.21949 -0.97461 0.04422
vn -0.73710 -0.66119 -0.13969
vn -0.86978 0.17316 -0.46206
vn -0.51569 0.58914 -0.62207
vn -0.13588 0.91337 -0.38378
vn -0.78617 0.33477 -0.51949
vn 0.00000 0.74543 -0.66659
vn 0.00000 0.94757 -0.31955
vn -0.84295 0.19001 -0.50332
vn -0.86702 0.20652 -0.45347
vn -0.89772 0.14386 -0.41641
vn -0.79685 0.43554 -0.41873
vn -0.96377 0.06805 -0.25792
vn -0.78494 0.43645 -0.43975
vn -0.94747 -0.25024 -0.19918
vn 0.13925 -0.85411 -0.50111
vn -0.03973 -0.71350 -0.69953
vn -0.06196 -0.60998 -0.78999
vn 0.00002 -0.87510 -0.48394
vn -0.00000 -0.75701 -0.65341
vn -0.96273 0.21705 -0.16140
vn -0.97708 0.13416 0.16530
vn -0.62936 0.65629 0.41616
vn -0.58718 0.80205 0.10922
vn -0.95885 0.04530 0.28029
vn -0.60875 0.57700 0.54452
vn 0.10893 0.87273 0.47589
vn 0.04474 0.91603 0.39860
vn 0.02492 0.99903 0.03625
vn 0.69943 0.70734 0.10230
vn 0.59666 0.80249 -0.00137
vn 0.72604 0.68023 0.10074
vn 0.90089 0.07925 -0.42674
vn 0.91455 0.10818 -0.38974
vn 0.31863 0.61263 -0.72330
vn 0.48341 -0.55988 -0.67294
vn 0.37554 -0.40070 -0.83571
vn 0.45465 -0.54870 -0.70158
vn -0.24907 -0.76194 -0.59784
vn -0.21402 -0.75019 -0.62562
vn -0.58215 -0.50807 -0.63479
vn -0.58215 -0.50807 -0.63479
vn -0.21402 -0.75019 -0.62562
vn -0.85841 -0.45996 -0.22709
vn -0.87525 -0.39995 -0.27198
vn -0.24907 -0.76194 -0.59784
vn -0.85924 -0.48684 -0.15716
vn -0.85761 0.13556 -0.49612
vn -0.78012 0.23848 -0.57840
vn -0.83328 0.00734 -0.55280
vn -0.58104 0.54684 0.60280
vn 0.14333 0.85873 0.49198
vn -0.93763 0.02098 0.34699
vn -0.93151 0.01077 0.36355
vn -0.56861 0.54536 0.61584
vn 0.15026 0.85585 0.49491
vn 0.72697 0.68358 0.06511
vn 0.85849 0.09633 -0.50371
vn 0.72616 0.68621 0.04257
vn 0.84436 0.10969 -0.52443
vn 0.40827 -0.50698 -0.75914
vn -0.29264 -0.73432 -0.61248
vn 0.39060 -0.48852 -0.78024
vn -0.29248 -0.72417 -0.62453
vn -0.86427 -0.48951 -0.11582
vn -0.29264 -0.73432 -0.61248
vn -0.86584 -0.48749 -0.11257
vn -0.68049 0.26252 -0.68411
vn -0.92768 -0.09717 -0.36050
vn -0.95084 0.30578 0.04899
vn -0.99162 0.11368 -0.06130
vn -0.95046 0.21219 0.22717
vn 0.30075 -0.94429 0.13367
vn -0.09363 -0.99179 -0.08711
vn -0.00006 -0.97494 0.22249
vn -0.00005 -0.99126 0.13190
vn -0.40890 0.61960 -0.66999
vn -0.97386 0.14744 -0.17281
vn -0.55004 0.81790 0.16879
vn -0.88844 0.32500 0.32412
vn 0.44864 -0.28397 -0.84740
vn 0.41886 -0.24335 -0.87484
vn 0.81109 -0.19251 -0.55233
vn 0.79066 -0.21876 -0.57184
vn -0.87541 0.21041 -0.43519
vn -0.89495 0.23548 -0.37896
vn -0.13180 -0.37692 -0.91682
vn -0.50722 0.72953 -0.45882
vn -0.59429 0.68772 -0.41696
vn -0.64809 0.73017 -0.21640
vn -0.44850 0.87389 -0.18753
vn -0.85151 0.47425 -0.22364
vn -0.90606 0.36251 -0.21827
vn -0.76236 0.62118 -0.18149
vn -0.66659 0.74413 -0.04402
vn -0.66659 0.74413 -0.04402
vn -0.77846 0.62300 0.07664
vn -0.50399 0.82260 0.26329
vn -0.37751 0.91830 0.11916
vn -0.95327 0.25203 -0.16664
vn -0.66712 0.66283 0.34000
vn 0.00000 0.85932 0.51144
vn 0.00000 0.92598 0.37757
vn 0.00000 0.98998 0.14118
vn -0.87860 0.16706 -0.44738
vn -0.89992 -0.02164 -0.43552
vn -0.94156 0.30402 -0.14506
vn -0.87851 0.43379 -0.20010
vn -0.71624 0.57723 0.39219
vn -0.00000 0.77956 0.62633
vn -0.97045 0.18551 -0.15432
vn -0.97329 0.18025 -0.14217
vn -0.74336 0.55050 0.37995
vn -0.00000 0.77528 0.63162
vn -0.68184 -0.26934 -0.68012
vn -0.68834 -0.22181 -0.69065
vn -0.00000 -0.42909 -0.90326
vn -0.00000 -0.37441 -0.92726
vn -0.00000 -0.31517 -0.94904
vn -0.70252 -0.17127 -0.69075
vn -0.70653 -0.07589 -0.70360
vn -0.66646 -0.25518 -0.70051
vn 0.00000 0.11407 -0.99347
vn 0.00000 -0.36549 -0.93082
vn -0.87860 0.16706 -0.44738
vn -0.87851 0.43379 -0.20010
vn -0.84005 0.46363 -0.28170
vn -0.86285 0.27638 -0.42320
vn -0.93612 0.22720 -0.26844
vn -0.70653 -0.07589 -0.70360
vn -0.74053 0.26888 -0.61589
vn -0.00000 -0.99871 0.05075
vn -0.00000 -0.99162 0.12918
vn -0.67842 -0.72921 0.08938
vn -0.60105 -0.79827 0.03884
vn 0.00000 -0.93517 0.35419
vn -0.69735 -0.67460 0.24211
vn -0.69525 -0.48776 0.52793
vn -0.42564 -0.73374 0.52958
vn -0.48314 -0.49708 0.72075
vn -0.78147 -0.21279 0.58654
vn -0.00000 0.99949 -0.03205
vn -0.41776 0.90826 -0.02345
vn 0.00000 0.99816 0.06072
vn -0.42012 0.90569 0.05681
vn 0.00000 -0.99955 0.03000
vn -0.56981 -0.82128 0.02846
vn -0.00000 -0.99913 0.04180
vn -0.00000 -0.99982 0.01899
vn -0.56964 -0.82149 0.02576
vn -0.57743 -0.81498 0.04881
vn 0.00000 -0.96174 0.27397
vn -0.57074 -0.79076 0.22125
vn 0.00000 -0.96854 -0.24887
vn -0.41641 -0.88476 -0.20928
vn 0.00000 -0.98692 0.16123
vn -0.37163 -0.91785 0.13943
vn 0.00000 0.89347 -0.44913
vn -0.05321 0.91869 -0.39137
vn -0.19169 -0.35695 0.91425
vn -0.31818 -0.03028 0.94755
vn 0.00000 -0.98692 0.16123
vn 0.00000 -0.93275 0.36051
vn -0.37205 -0.88402 0.28302
vn -0.37163 -0.91785 0.13943
vn 0.00000 -0.99518 0.09803
vn -0.41498 -0.90821 0.05435
vn 0.00000 -0.97835 -0.20696
vn -0.37348 -0.90740 -0.19274
vn -0.00000 -0.99330 -0.11561
vn -0.34320 -0.93044 -0.12842
vn -0.65830 -0.72680 -0.19598
vn -0.00000 -0.82440 -0.56601
vn -0.00000 -0.19179 -0.98144
vn -0.73574 -0.28576 -0.61403
vn -0.61968 -0.67834 -0.39477
vn 0.00000 0.74543 -0.66659
vn -0.51569 0.58914 -0.62207
vn 0.00000 0.85848 -0.51285
vn 0.00000 0.96326 -0.26858
vn -0.02542 0.95955 -0.28039
vn -0.00103 0.84196 -0.53953
vn -0.45305 0.46891 -0.75820
vn -0.47625 0.43745 -0.76277
vn -0.39991 0.33680 -0.85243
vn -0.36832 0.27371 -0.88850
vn -0.93432 -0.02348 -0.35566
vn -0.92615 0.08852 -0.36663
vn -0.91409 -0.06050 -0.40097
vn -0.93060 -0.13518 -0.34017
vn -0.90298 0.04086 -0.42773
vn -0.87391 -0.00705 -0.48603
vn -0.89039 -0.09723 -0.44469
vn -0.89786 -0.18643 -0.39886
vn -0.91505 -0.16095 -0.36984
vn -0.86763 0.49107 0.07795
vn -0.69140 0.71427 0.10860
vn -0.41071 0.90151 0.13634
vn 0.00000 0.98851 0.15118
vn -0.87375 0.04076 0.48466
vn -0.78147 -0.21279 0.58654
vn -0.68782 0.68960 -0.22660
vn -0.68623 0.69024 -0.22948
vn -0.42024 0.87967 -0.22266
vn -0.40403 0.88001 -0.24970
vn 0.00000 0.97684 -0.21397
vn 0.00000 0.96603 -0.25844
vn -0.83896 0.45753 -0.29463
vn -0.84614 0.49287 -0.20281
vn -0.96886 0.24416 -0.04118
vn -0.86973 0.47705 -0.12650
vn -0.69728 0.68866 -0.19886
vn -0.40670 0.88571 -0.22386
vn -0.00000 0.97276 -0.23180
vn -0.99486 -0.00050 0.10127
vn 0.00001 -0.99867 -0.05146
vn 0.00002 -0.96606 -0.25832
vn 0.25980 -0.91858 -0.29784
vn 0.29915 -0.95390 0.02397
vn 0.79497 -0.49781 -0.34672
vn 0.75273 -0.61365 0.23838
vn -0.00007 -0.92534 0.37914
vn 0.11462 -0.87836 0.46405
vn -0.00006 -0.97494 0.22249
vn 0.30075 -0.94429 0.13367
vn -0.61363 0.77537 0.14922
vn -0.63182 0.76527 0.12316
vn -0.00000 0.98518 0.17154
vn 0.00000 0.98877 0.14942
vn 0.00000 0.99303 0.11786
vn -0.63587 0.76588 0.09537
vn -0.66657 0.74183 0.07326
vn 0.00000 0.99603 0.08905
vn 0.00000 0.99375 0.11166
vn -0.70273 0.70640 0.08463
vn -0.70082 0.67554 0.22912
vn 0.00000 0.93802 0.34658
vn -0.56832 0.80414 0.17426
vn -0.00000 0.98224 0.18765
vn -0.23663 -0.96874 0.07442
vn -0.00000 -1.00000 -0.00063
vn -0.39510 -0.91859 -0.00904
vn -0.00000 -0.99928 0.03799
vn -0.00000 -0.99974 0.02301
vn -0.46353 -0.88582 -0.02137
vn -0.44918 -0.86721 -0.21491
vn -0.00000 -0.96987 -0.24361
vn -0.79629 -0.09414 0.59754
vn -0.54852 -0.45894 0.69893
vn -0.27362 0.52717 -0.80450
vn -0.07541 0.60805 -0.79031
vn 0.09353 0.64893 -0.75508
vn -0.19048 0.60605 -0.77229
vn 0.00000 0.61824 -0.78599
vn -0.97329 0.18025 -0.14217
vn -0.70252 -0.17127 -0.69075
vn -0.85390 0.41832 -0.30962
vn -0.74336 0.55050 0.37995
vn -0.00000 -0.31517 -0.94904
vn -0.00000 0.82323 -0.56771
vn -0.00000 0.77528 0.63162
vn -0.59227 0.55083 -0.58805
vn -0.95420 -0.09042 -0.28518
vn -0.96618 0.01801 -0.25726
vn -0.61108 -0.72758 -0.31177
vn -0.00000 -0.99324 0.11605
vn -0.00000 -0.99995 -0.00992
vn -0.35134 -0.93521 -0.04414
vn -0.33061 -0.94291 0.04011
vn -0.00000 -0.58965 -0.80766
vn -0.70626 -0.61047 -0.35851
vn -0.75770 -0.62335 -0.19317
vn -0.75414 -0.63023 -0.18464
vn -0.27796 -0.96036 0.02122
vn 0.00000 -0.99429 0.10669
vn -0.37751 0.91830 0.11916
vn -0.33268 0.92442 -0.18648
vn 0.00000 0.98998 0.14118
vn -0.00000 0.98149 -0.19153
vn -0.00000 0.84640 -0.53254
vn -0.36108 0.78379 -0.50526
vn -0.30522 0.60143 -0.73832
vn 0.00000 0.75744 -0.65291
vn -0.83716 -0.49392 -0.23496
vn -0.92398 -0.19691 -0.32785
vn -0.94349 0.15115 -0.29494
vn 0.20213 -0.73219 0.65042
vn -0.35647 -0.83151 -0.42605
vn -0.89205 0.40815 -0.19408
vn -0.59475 0.15327 -0.78916
vn -0.95494 -0.01263 0.29652
vn -0.79863 -0.60157 -0.01723
vn -0.00003 -1.00000 -0.00000
vn -0.00003 -1.00000 -0.00000
vn -0.00003 -1.00000 -0.00000
vn -0.00003 -1.00000 -0.00000
vn -0.00003 -1.00000 -0.00000
vn -0.00003 -1.00000 -0.00000
vn -0.00003 -1.00000 -0.00000
vn -0.00003 -1.00000 -0.00000
vn -0.00003 -1.00000 -0.00000
vn 0.00000 -1.00000 0.00000
vn 0.00000 -1.00000 0.00000
vn 0.00000 -1.00000 0.00000
vn 0.00000 -1.00000 -0.00000
vn 0.00000 -1.00000 0.00000
vn 0.00000 -1.00000 0.00000
vn 0.00000 -1.00000 0.00000
vn 0.00000 -1.00000 0.00000
vn 0.00000 -1.00000 0.00000
vn -0.00003 -1.00000 -0.00000
vn -0.00003 -1.00000 -0.00000
vn -0.00003 -1.00000 -0.00000
vn -0.00003 -1.00000 -0.00000
vn -0.00000 -1.00000 0.00000
vn -0.00000 -1.00000 0.00000
vn -0.00000 -1.00000 -0.00000
vn -0.00000 -1.00000 -0.00000
vn 0.69640 0.57869 0.42444
vn 0.68042 0.65983 0.31884
vn 0.84490 0.41795 0.33386
vn 0.83726 0.31211 0.44897
vn 0.68422 0.69697 0.21464
vn 0.84645 0.49170 0.20432
vn 0.92923 0.30479 0.20888
vn 0.89776 0.23067 0.37526
vn 0.85784 0.02511 0.51331
vn 0.42215 0.81267 0.40170
vn 0.40857 0.85371 0.32289
vn 0.39991 0.88697 0.23099
vn 0.94492 -0.32174 0.06001
vn 0.95948 -0.27611 0.05619
vn 0.94032 0.32915 0.08639
vn 0.95630 0.27424 0.10137
vn 0.96059 -0.27320 0.05125
vn 0.93177 0.35578 0.07226
vn 0.81165 0.57861 0.08023
vn 0.81343 0.57226 0.10422
vn 0.82818 0.54594 0.12672
vn 0.55815 -0.82939 0.02411
vn 0.56105 -0.82745 0.02355
vn 0.56516 -0.82467 0.02251
vn 0.90757 -0.30566 0.28790
vn 0.92680 -0.36833 0.07328
vn 0.99283 0.02534 0.11681
vn 0.95628 0.02329 0.29154
vn 0.92174 -0.38576 0.03976
vn 0.99534 0.05420 0.07976
vn 0.86892 0.47242 0.14763
vn 0.89045 0.41676 0.18278
vn 0.83845 0.43577 0.32728
vn 0.55284 0.79264 0.25707
vn 0.54175 0.76252 0.35366
vn 0.53927 0.81663 0.20568
vn 0.85784 0.02511 0.51331
vn 0.85098 -0.18693 0.49080
vn 0.86589 0.15430 0.47584
vn 0.83726 0.31211 0.44897
vn 0.74872 0.49233 0.44387
vn 0.69640 0.57869 0.42444
vn 0.46593 0.76930 0.43712
vn 0.42215 0.81267 0.40170
vn 0.72004 0.68540 -0.10851
vn 0.71590 0.67603 -0.17456
vn 0.89021 0.43391 -0.13873
vn 0.89626 0.43066 -0.10609
vn 0.70827 0.68153 -0.18407
vn 0.88423 0.44835 -0.13081
vn 0.97823 0.20234 -0.04616
vn 0.97955 0.17937 -0.09120
vn 0.97764 0.19016 -0.08981
vn 0.70688 0.70675 0.02871
vn 0.71808 0.69543 -0.02714
vn 0.89165 0.44957 -0.05336
vn 0.88183 0.47158 -0.00061
vn 0.97754 0.20356 -0.05462
vn 0.96898 0.24381 -0.04043
vn 0.40574 -0.90851 -0.09990
vn 0.50372 -0.84965 0.15609
vn 0.31644 -0.93367 0.16773
vn 0.31243 -0.94598 0.08665
vn 0.49411 -0.85822 0.13898
vn 0.30196 -0.94564 0.12074
vn 0.87478 -0.35618 -0.32847
vn 0.90339 -0.42783 -0.02925
vn 0.67015 -0.73776 0.08133
vn 0.60528 -0.76780 -0.21004
vn 0.90804 -0.41875 0.01060
vn 0.69602 -0.70999 0.10713
vn 0.99689 -0.06536 -0.04393
vn 0.99608 -0.02885 -0.08367
vn 0.99422 -0.08651 -0.06355
vn 0.41152 0.90531 -0.10521
vn 0.40831 0.89478 -0.18071
vn 0.40749 0.88816 -0.21242
vn 0.82637 0.13796 -0.54597
vn 0.84433 0.38556 -0.37209
vn 0.94240 0.15128 -0.29832
vn 0.75734 -0.00959 -0.65296
vn 0.77234 0.62283 -0.12482
vn 0.88028 0.45550 0.13273
vn 0.94806 0.13959 0.28583
vn 0.98603 -0.15797 -0.05283
vn 0.76217 -0.40009 -0.50894
vn 0.25637 -0.47452 -0.84208
vn 0.42010 -0.38013 -0.82402
vn 0.26279 -0.49738 -0.82677
vn 0.15786 -0.58198 -0.79773
vn 0.41202 -0.69036 -0.59468
vn 0.58788 -0.18858 -0.78666
vn 0.74641 -0.02721 -0.66493
vn 0.39558 -0.31643 -0.86220
vn 0.64185 -0.16460 -0.74896
vn 0.98216 0.15773 0.10240
vn 0.84299 0.51602 0.15196
vn 0.92342 -0.38086 0.04733
vn 0.96092 -0.27162 0.05335
vn 0.93852 0.33860 0.06731
vn 0.96637 -0.23811 0.09714
vn 0.94693 0.30165 0.11107
vn 0.87546 0.47458 0.09132
vn 0.81987 0.56853 0.06774
vn 0.87490 -0.28255 0.39335
vn 0.91147 0.17927 0.37024
vn 0.86538 0.40875 0.28989
vn 0.05386 -0.08222 0.99516
vn 0.15745 -0.38912 0.90763
vn 0.74105 -0.10924 0.66250
vn 0.71240 -0.03983 0.70064
vn 0.48321 -0.49691 0.72082
vn 0.78809 -0.01706 0.61532
vn 0.97771 0.04511 0.20504
vn 0.98858 -0.02749 0.14815
vn 0.98658 -0.14729 0.07041
vn -0.62921 -0.11501 0.76868
vn -0.28431 -0.58448 0.75997
vn -0.79820 -0.60223 0.01410
vn -0.20584 -0.75460 0.62306
vn -0.03608 -0.83794 0.54457
vn 0.09837 -0.76909 0.63152
vn -0.79820 -0.60223 0.01410
vn -0.45867 -0.26033 -0.84962
vn 0.07438 -0.59114 -0.80313
vn 0.16289 -0.89473 -0.41584
vn 0.24621 -0.34315 -0.90644
vn 0.40725 -0.29294 -0.86506
vn 0.89948 -0.15296 -0.40932
vn 0.79622 -0.27256 -0.54014
vn 0.97453 -0.01441 -0.22378
vn 0.23780 -0.39954 0.88533
vn 0.23672 -0.38875 0.89041
vn 0.77956 -0.29665 0.55162
vn 0.78395 -0.30009 0.54348
vn 0.22075 -0.16580 0.96114
vn 0.76567 -0.19980 0.61141
vn 0.77882 -0.18997 0.59778
vn 0.25007 -0.16626 0.95385
vn 0.99344 -0.08344 -0.07817
vn 0.99270 -0.09277 -0.07714
vn 0.99788 0.03023 -0.05772
vn 0.99709 0.02166 -0.07313
vn -0.81673 -0.14600 0.55825
vn -0.81779 -0.15629 0.55389
vn -0.35872 -0.34229 0.86842
vn -0.36927 -0.33938 0.86514
vn -0.81879 -0.02678 0.57347
vn -0.38492 -0.07419 0.91996
vn -0.37422 -0.08871 0.92309
vn -0.82212 -0.02595 0.56873
vn -0.78500 0.38485 -0.48545
vn -0.78235 0.38376 -0.49056
vn -0.98673 0.16237 -0.00272
vn -0.98639 0.16425 0.00679
vn -0.83581 0.15918 -0.52544
vn -0.99794 0.06410 -0.00101
vn -0.99790 0.06404 -0.00966
vn -0.83382 0.15570 -0.52962
vn 0.16419 0.55416 -0.81606
vn 0.17410 0.56572 -0.80601
vn -0.40243 0.51374 -0.75771
vn -0.42038 0.50368 -0.75471
vn 0.20302 0.19593 -0.95937
vn -0.42512 0.21340 -0.87962
vn -0.42774 0.21434 -0.87812
vn 0.20354 0.19994 -0.95843
vn -0.83581 0.15918 -0.52544
vn -0.83382 0.15570 -0.52962
vn -0.78500 0.38485 -0.48545
vn -0.78235 0.38376 -0.49056
vn 0.70228 0.39134 -0.59468
vn 0.71366 0.39312 -0.57978
vn 0.72727 0.08826 -0.68065
vn 0.73371 0.08384 -0.67427
vn 0.72868 -0.67365 0.12341
vn 0.47546 -0.85443 0.20948
vn 0.91377 -0.40622 0.00306
vn 0.93040 -0.32146 0.17613
vn 0.75522 -0.58420 0.29723
vn 0.34220 -0.73271 0.58824
vn 0.95014 -0.28806 0.11938
vn 0.73612 -0.30932 0.60204
vn 0.83201 -0.36076 0.42145
vn 0.97255 -0.21802 0.08127
vn 0.94560 -0.20509 0.25254
vn 0.99320 -0.11336 -0.02640
vn 0.38659 -0.15864 -0.90851
vn 0.84994 -0.21325 -0.48179
vn 0.86539 -0.18246 -0.46670
vn 0.50503 -0.19164 -0.84156
vn 0.88738 -0.06602 -0.45629
vn 0.26001 0.08923 0.96147
vn 0.25459 0.09127 0.96273
vn 0.80625 0.12865 0.57741
vn 0.81050 0.12994 0.57115
vn 0.24280 -0.08857 0.96602
vn 0.79369 -0.04878 0.60636
vn 0.80371 -0.05249 0.59271
vn 0.25780 -0.09248 0.96176
vn 0.99980 0.00634 -0.01872
vn 0.99900 0.01174 -0.04317
vn 0.97929 0.19808 -0.04180
vn 0.97921 0.20084 -0.02837
vn -0.82125 0.15356 0.54951
vn -0.81691 0.15385 0.55587
vn -0.37415 0.09095 0.92290
vn -0.37500 0.09609 0.92203
vn -0.84181 0.02182 0.53933
vn -0.41877 -0.06289 0.90591
vn -0.39883 -0.06358 0.91482
vn -0.83133 0.02174 0.55535
vn -0.80704 0.34669 -0.47800
vn -0.81501 0.35508 -0.45791
vn -0.96910 0.24580 0.02089
vn -0.96982 0.24333 0.01535
vn -0.83595 0.23803 -0.49450
vn -0.99049 0.13533 -0.02491
vn -0.99087 0.13481 -0.00218
vn -0.84058 0.24654 -0.48232
vn -0.84181 0.02182 0.53933
vn -0.83133 0.02174 0.55535
vn -0.82125 0.15356 0.54951
vn -0.81691 0.15385 0.55587
vn 0.31784 0.30838 -0.89659
vn 0.30262 0.28900 -0.90824
vn -0.34036 0.37235 -0.86343
vn -0.30495 0.37620 -0.87492
vn 0.29982 0.18605 -0.93568
vn -0.41838 0.27735 -0.86489
vn -0.40450 0.26969 -0.87387
vn 0.30972 0.17225 -0.93510
vn 0.78425 0.23973 -0.57226
vn 0.77682 0.23787 -0.58307
vn 0.82817 0.06002 -0.55725
vn 0.81870 0.07034 -0.56990
vn 0.20141 -0.24916 0.94729
vn 0.18050 -0.34581 0.92078
vn 0.74235 -0.26789 0.61413
vn 0.78310 -0.21176 0.58473
vn 0.96413 -0.24680 0.09769
vn 0.97726 -0.20712 0.04539
vn -0.88134 -0.11216 0.45898
vn -0.89547 -0.19615 0.39957
vn -0.49190 -0.28870 0.82139
vn -0.41164 -0.21437 0.88577
vn -0.75281 -0.61352 0.23849
vn -0.43949 -0.58885 0.67831
vn -0.80340 0.10916 -0.58535
vn -0.75890 0.00105 -0.65120
vn -0.97977 -0.08752 -0.18000
vn -0.99913 -0.00122 -0.04158
vn -0.44718 -0.46546 -0.76379
vn -0.79521 -0.49749 -0.34662
vn -0.75281 -0.61352 0.23849
vn -0.89547 -0.19615 0.39957
vn -0.88134 -0.11216 0.45898
vn 0.29434 0.01736 -0.95554
vn 0.30100 -0.02205 -0.95337
vn -0.32780 0.05362 -0.94322
vn -0.42697 0.15187 -0.89142
vn -0.18312 -0.15402 -0.97095
vn 0.83325 -0.17656 -0.52395
vn 0.81105 -0.14688 -0.56624
vn 0.99366 -0.09460 -0.06079
vn 0.99543 -0.08485 0.04387
vn 0.99022 0.07194 -0.11955
vn 0.90590 0.04073 -0.42152
vn 0.94901 0.26779 -0.16636
vn 0.89440 0.24899 -0.37155
vn 0.12760 0.14056 0.98182
vn 0.05818 0.10208 0.99307
vn 0.73838 -0.02617 0.67388
vn 0.77498 -0.05243 0.62981
vn 0.97917 -0.20281 -0.00927
vn 0.97429 -0.22281 -0.03329
vn -0.80289 0.12836 0.58214
vn -0.79122 0.19452 0.57976
vn -0.50416 0.19666 0.84092
vn -0.37961 0.24600 0.89184
vn -0.81127 -0.19264 -0.55202
vn -0.79074 -0.21916 -0.57158
vn -0.99617 -0.08738 -0.00380
vn -0.99272 -0.11905 -0.01818
vn 0.73776 -0.34497 -0.58027
vn 0.69810 -0.34036 -0.62993
vn 0.15759 -0.39915 -0.90324
vn 0.17888 -0.34862 -0.92004
vn 0.91479 -0.35432 0.19396
vn 0.77312 -0.62721 -0.09428
vn 0.85791 -0.15635 0.48944
vn 0.64364 -0.63638 0.42514
vn 0.85076 -0.48502 0.20242
vn 0.74151 -0.65784 0.13194
vn 0.95992 -0.11597 -0.25516
vn 0.88730 -0.46066 0.02218
vn 0.90094 -0.42274 0.09802
vn 0.97194 -0.23286 -0.03319
vn 0.74151 -0.65784 0.13194
vn 0.85076 -0.48502 0.20242
vn 0.64364 -0.63638 0.42514
vn 0.11329 -0.42969 0.89584
vn 0.01436 -0.39670 0.91784
vn 0.77293 0.28931 0.56470
vn 0.59133 0.46539 0.65859
vn 0.11517 -0.30738 0.94459
vn 0.80852 0.11950 0.57621
vn 0.68892 0.46780 -0.55367
vn 0.51846 0.60514 -0.60415
vn 0.34434 0.78659 -0.51254
vn 0.07216 -0.26728 0.96091
vn 0.23386 0.78868 0.56858
vn -0.09141 0.69844 0.70981
vn 0.22972 -0.18426 0.95566
vn 0.48344 0.73342 0.47789
vn 0.30720 0.68554 -0.66005
vn 0.06824 0.74658 -0.66178
vn -0.21180 0.83197 -0.51280
vn 0.03817 -0.42572 0.90405
vn -0.32161 -0.43349 0.84181
vn -0.12544 -0.53359 0.83639
vn -0.09989 -0.35625 0.92904
vn -0.36371 -0.44714 0.81718
vn 0.64364 -0.63638 0.42514
vn 0.34434 0.78659 -0.51254
vn 0.51846 0.60514 -0.60415
vn 0.28059 0.61826 -0.73418
vn 0.28776 0.63591 -0.71611
vn 0.68892 0.46780 -0.55367
vn 0.26890 0.55205 -0.78926
vn 0.14812 0.72621 -0.67132
vn 0.32889 0.74333 -0.58249
vn 0.54944 0.50499 -0.66566
vn 0.42120 0.82297 0.38119
vn -0.45110 0.81090 0.37276
vn -0.17711 0.76359 -0.62094
vn 0.13380 0.70385 -0.69764
vn -0.21180 0.83197 -0.51280
vn -0.16184 0.63655 -0.75406
vn 0.06019 0.58398 -0.80953
vn 0.87914 -0.27195 0.39136
vn 0.90527 0.04093 0.42285
vn 0.80343 -0.43114 0.41063
vn 0.78767 0.14837 -0.59797
vn 0.88597 0.06863 -0.45863
vn 0.73452 0.26975 -0.62267
vn 0.31303 -0.88314 -0.34941
vn 0.50215 0.11525 -0.85706
vn 0.59440 -0.10447 -0.79736
vn 0.35647 -0.83151 -0.42605
vn 0.73452 0.26975 -0.62267
vn 0.68689 0.10415 -0.71926
vn 0.78046 0.03288 -0.62434
vn 0.74476 -0.38235 -0.54694
vn 0.59511 -0.14434 0.79058
vn 0.77892 -0.44836 0.43848
vn 0.88844 0.32500 0.32412
vn 0.97386 0.14744 -0.17281
vn 0.18278 -0.09238 0.97880
vn 0.65593 -0.10250 0.74783
vn 0.42120 0.82297 0.38119
vn 0.95325 0.28935 0.08710
vn 0.44217 0.11033 0.89012
vn 0.72460 0.51664 0.45610
vn 0.62151 0.72207 -0.30389
vn 0.30720 0.68554 -0.66005
vn 0.62151 0.72207 -0.30389
vn 0.27423 0.63799 -0.71956
vn 0.23044 0.57818 -0.78269
vn -0.22799 0.22152 0.94813
vn -0.45110 0.81090 0.37276
vn 0.06824 0.74658 -0.66178
vn 0.06010 0.66788 -0.74184
vn -0.02728 0.65989 -0.75087
vn 0.13908 0.63502 -0.75987
vn 0.11083 0.78745 -0.60634
vn 0.95325 0.28935 0.08710
vn 0.44433 0.55142 -0.70605
vn 0.32074 0.48209 -0.81530
vn 0.16243 -0.51801 0.83981
vn 0.22402 -0.42836 0.87540
vn 0.54852 -0.45894 0.69893
vn 0.53519 -0.23165 0.81235
vn 0.78767 0.14837 -0.59797
vn 0.29679 0.56295 -0.77136
vn 0.36271 0.56758 -0.73911
vn 0.51386 0.39992 -0.75896
vn 0.34081 0.38338 0.85841
vn 0.55004 0.81790 0.16879
vn 0.95494 -0.01263 0.29652
vn 0.43332 -0.10965 0.89454
vn 0.74165 0.42136 0.52193
vn 0.89205 0.40815 -0.19408
vn 0.88597 0.06863 -0.45863
vn 0.61922 0.25177 -0.74376
vn 0.61453 0.27659 -0.73882
vn 0.31303 -0.88314 -0.34941
vn -0.26586 -0.64582 0.71571
vn -0.07578 -0.62169 0.77959
vn 0.79863 -0.60157 -0.01723
vn 0.22801 0.92237 -0.31183
vn 0.44167 0.84078 -0.31309
vn -0.02492 0.99903 0.03625
vn 0.58718 0.80205 0.10922
vn 0.96273 0.21705 -0.16140
vn 0.69524 0.60669 -0.38545
vn 0.45452 0.88967 -0.04367
vn 0.66066 0.55147 0.50933
vn 0.31818 -0.03028 0.94755
vn 0.53519 -0.23165 0.81235
vn 0.79163 0.09915 0.60291
vn 0.93555 -0.15136 -0.31912
vn 0.87574 -0.47332 -0.09508
vn 0.93884 -0.14752 -0.31115
vn 0.86820 -0.45956 -0.18718
vn 0.69775 -0.71448 -0.05172
vn 0.69175 -0.71379 0.10950
vn 0.20887 -0.86741 0.45164
vn 0.42560 -0.73374 0.52960
vn 0.08221 -0.88303 0.46206
vn 0.11671 -0.99183 0.05142
vn -0.08939 -0.97145 0.21975
vn -0.29918 -0.95390 0.02396
vn 0.16263 -0.11788 0.97962
vn 0.14130 -0.24179 0.95998
vn 0.16187 -0.30333 0.93904
vn 0.18895 -0.32246 0.92753
vn 0.89922 -0.06029 -0.43332
vn 0.77818 -0.20084 -0.59506
vn 0.71455 -0.51470 -0.47381
vn 0.86793 -0.40204 -0.29166
vn 0.83197 -0.04781 -0.55276
vn 0.76650 -0.42030 -0.48562
vn 0.58215 -0.50807 -0.63479
vn 0.87525 -0.39995 -0.27198
vn 0.89091 -0.22831 -0.39262
vn 0.89672 -0.10031 -0.43108
vn -0.12495 0.95072 -0.28375
vn -0.20435 0.95680 -0.20681
vn -0.59666 0.80249 -0.00137
vn 0.04295 0.97574 -0.21467
vn -0.31863 0.61263 -0.72330
vn -0.37554 -0.40070 -0.83571
vn -0.09746 0.14419 -0.98474
vn 0.57745 0.03108 -0.81583
vn 0.15434 0.38688 -0.90912
vn 0.76605 0.40233 -0.50130
vn 0.64586 -0.74720 -0.15670
vn 0.83169 -0.51562 -0.20596
vn 0.86003 -0.46279 -0.21489
vn 0.66514 -0.74075 -0.09428
vn 0.86436 -0.25236 -0.43498
vn 0.78617 0.33478 -0.51949
vn 0.86978 0.17316 -0.46206
vn 0.85911 -0.41719 -0.29644
vn 0.72010 -0.67652 -0.15418
vn 0.78681 0.16451 -0.59486
vn 0.90871 -0.14628 -0.39097
vn 0.94145 -0.12850 -0.31171
vn 0.87981 0.19913 -0.43159
vn 0.75770 -0.62335 -0.19317
vn 0.75414 -0.63023 -0.18464
vn 0.73710 -0.66119 -0.13969
vn 0.95686 -0.11880 -0.26515
vn 0.91930 0.18563 -0.34702
vn 0.82666 -0.20446 -0.52424
vn 0.70626 -0.61047 -0.35851
vn 0.67802 0.03065 -0.73441
vn 0.55197 0.37203 -0.74627
vn 0.45632 0.25478 -0.85256
vn 0.76388 0.37939 -0.52207
vn 0.73383 0.26821 -0.62414
vn 0.75472 0.39449 -0.52420
vn 0.73090 0.29677 -0.61458
vn 0.86436 -0.25236 -0.43498
vn 0.61108 -0.72758 -0.31177
vn 0.10379 -0.99068 -0.08825
vn -0.07822 -0.05700 -0.99530
vn 0.73710 -0.66119 -0.13969
vn 0.21949 -0.97461 0.04422
vn 0.86978 0.17316 -0.46206
vn 0.78617 0.33478 -0.51949
vn 0.13588 0.91337 -0.38378
vn 0.51569 0.58914 -0.62207
vn 0.86702 0.20652 -0.45347
vn 0.84295 0.19001 -0.50332
vn 0.89773 0.14386 -0.41641
vn 0.96377 0.06805 -0.25792
vn 0.79685 0.43554 -0.41873
vn 0.78494 0.43645 -0.43975
vn 0.94747 -0.25024 -0.19918
vn 0.06190 -0.60994 -0.79002
vn 0.03978 -0.71350 -0.69953
vn -0.13927 -0.85411 -0.50110
vn 0.96273 0.21705 -0.16140
vn 0.58718 0.80205 0.10922
vn 0.62936 0.65629 0.41616
vn 0.97708 0.13416 0.16530
vn -0.02492 0.99903 0.03625
vn -0.04474 0.91603 0.39860
vn -0.10893 0.87273 0.47589
vn 0.60875 0.57700 0.54452
vn 0.95885 0.04530 0.28029
vn -0.59666 0.80249 -0.00137
vn -0.69943 0.70734 0.10230
vn -0.31863 0.61263 -0.72330
vn -0.91455 0.10818 -0.38974
vn -0.90089 0.07925 -0.42674
vn -0.72604 0.68023 0.10074
vn -0.37554 -0.40070 -0.83571
vn -0.48341 -0.55988 -0.67294
vn 0.58215 -0.50807 -0.63479
vn 0.21402 -0.75019 -0.62562
vn 0.24907 -0.76194 -0.59784
vn -0.45465 -0.54870 -0.70158
vn 0.58215 -0.50807 -0.63479
vn 0.87525 -0.39995 -0.27198
vn 0.85841 -0.45996 -0.22709
vn 0.21402 -0.75019 -0.62562
vn 0.85924 -0.48684 -0.15716
vn 0.24907 -0.76194 -0.59784
vn 0.85761 0.13556 -0.49612
vn 0.83328 0.00734 -0.55280
vn 0.78012 0.23848 -0.57840
vn -0.14333 0.85873 0.49198
vn 0.58104 0.54683 0.60280
vn -0.15027 0.85585 0.49491
vn 0.56861 0.54536 0.61584
vn 0.93152 0.01076 0.36354
vn 0.93763 0.02098 0.34699
vn -0.85849 0.09633 -0.50371
vn -0.72697 0.68358 0.06511
vn -0.84436 0.10969 -0.52443
vn -0.72615 0.68621 0.04258
vn 0.29264 -0.73432 -0.61248
vn -0.40827 -0.50698 -0.75914
vn 0.29248 -0.72417 -0.62453
vn -0.39060 -0.48852 -0.78024
vn 0.86428 -0.48951 -0.11581
vn 0.86585 -0.48748 -0.11256
vn 0.29264 -0.73432 -0.61248
vn 0.68049 0.26252 -0.68412
vn 0.92768 -0.09717 -0.36050
vn 0.99161 0.11369 -0.06146
vn 0.95086 0.30572 0.04889
vn 0.95049 0.21227 0.22698
vn 0.09356 -0.99180 -0.08711
vn -0.30087 -0.94425 0.13367
vn 0.97386 0.14744 -0.17281
vn 0.40890 0.61960 -0.66999
vn 0.88844 0.32500 0.32412
vn 0.55004 0.81790 0.16879
vn -0.44885 -0.28433 -0.84716
vn -0.79074 -0.21916 -0.57158
vn -0.81127 -0.19264 -0.55202
vn -0.41919 -0.24347 -0.87464
vn 0.87541 0.21041 -0.43519
vn 0.89495 0.23548 -0.37896
vn 0.13152 -0.37677 -0.91692
vn 0.50722 0.72953 -0.45882
vn 0.44850 0.87389 -0.18753
vn 0.64809 0.73017 -0.21640
vn 0.59429 0.68772 -0.41696
vn 0.66659 0.74413 -0.04402
vn 0.76236 0.62118 -0.18149
vn 0.90606 0.36251 -0.21827
vn 0.85151 0.47425 -0.22364
vn 0.66659 0.74413 -0.04402
vn 0.37751 0.91830 0.11916
vn 0.50399 0.82260 0.26329
vn 0.77846 0.62300 0.07664
vn 0.66712 0.66283 0.34000
vn 0.95327 0.25203 -0.16663
vn 0.87861 0.16706 -0.44738
vn 0.87851 0.43379 -0.20010
vn 0.94156 0.30402 -0.14507
vn 0.89992 -0.02164 -0.43552
vn 0.71624 0.57723 0.39219
vn 0.74336 0.55050 0.37995
vn 0.97329 0.18025 -0.14217
vn 0.97045 0.18551 -0.15432
vn 0.68834 -0.22181 -0.69065
vn 0.68184 -0.26934 -0.68012
vn 0.70252 -0.17127 -0.69075
vn 0.66646 -0.25518 -0.70051
vn 0.70653 -0.07589 -0.70360
vn 0.87861 0.16706 -0.44738
vn 0.86285 0.27638 -0.42321
vn 0.84005 0.46363 -0.28170
vn 0.87851 0.43379 -0.20010
vn 0.93612 0.22720 -0.26844
vn 0.74053 0.26888 -0.61589
vn 0.70653 -0.07589 -0.70360
vn 0.60105 -0.79827 0.03884
vn 0.67842 -0.72921 0.08938
vn 0.69735 -0.67460 0.24211
vn 0.69524 -0.48773 0.52799
vn 0.78149 -0.21261 0.58657
vn 0.48321 -0.49691 0.72082
vn 0.42560 -0.73374 0.52960
vn 0.41776 0.90826 -0.02345
vn 0.42012 0.90569 0.05681
vn 0.56981 -0.82128 0.02846
vn 0.57743 -0.81498 0.04881
vn 0.56963 -0.82149 0.02576
vn 0.57074 -0.79076 0.22125
vn 0.41641 -0.88476 -0.20928
vn 0.37163 -0.91785 0.13943
vn 0.05321 0.91869 -0.39137
vn 0.19169 -0.35695 0.91425
vn 0.31818 -0.03028 0.94755
vn 0.37163 -0.91785 0.13943
vn 0.37205 -0.88402 0.28302
vn 0.41498 -0.90821 0.05435
vn 0.37348 -0.90740 -0.19274
vn 0.65830 -0.72680 -0.19598
vn 0.34320 -0.93044 -0.12842
vn 0.61968 -0.67835 -0.39477
vn 0.73574 -0.28576 -0.61403
vn 0.51569 0.58914 -0.62207
vn 0.00103 0.84196 -0.53953
vn 0.02542 0.95955 -0.28039
vn 0.47625 0.43745 -0.76277
vn 0.46108 0.52694 -0.71396
vn 0.50254 0.56858 -0.65129
vn 0.93432 -0.02348 -0.35566
vn 0.93060 -0.13518 -0.34017
vn 0.91409 -0.06050 -0.40097
vn 0.92615 0.08852 -0.36663
vn 0.91505 -0.16095 -0.36984
vn 0.89786 -0.18642 -0.39886
vn 0.89039 -0.09723 -0.44469
vn 0.87391 -0.00705 -0.48603
vn 0.90298 0.04086 -0.42773
vn 0.86767 0.49100 0.07790
vn 0.69143 0.71424 0.10859
vn 0.41071 0.90151 0.13634
vn 0.87381 0.04091 0.48454
vn 0.78149 -0.21261 0.58657
vn 0.68782 0.68960 -0.22660
vn 0.40403 0.88001 -0.24970
vn 0.42024 0.87967 -0.22266
vn 0.68623 0.69024 -0.22948
vn 0.84613 0.49288 -0.20281
vn 0.83896 0.45754 -0.29464
vn 0.86972 0.47706 -0.12651
vn 0.96885 0.24418 -0.04121
vn 0.69728 0.68866 -0.19886
vn 0.40670 0.88571 -0.22386
vn 0.99486 -0.00049 0.10121
vn -0.29918 -0.95390 0.02396
vn -0.25984 -0.91857 -0.29785
vn -0.75281 -0.61352 0.23849
vn -0.79521 -0.49749 -0.34662
vn -0.11481 -0.87831 0.46411
vn -0.30087 -0.94425 0.13367
vn 0.63182 0.76527 0.12316
vn 0.61363 0.77537 0.14922
vn 0.63587 0.76588 0.09537
vn 0.66657 0.74183 0.07326
vn 0.70273 0.70640 0.08463
vn 0.70082 0.67553 0.22912
vn 0.56832 0.80414 0.17426
vn 0.23660 -0.96875 0.07444
vn 0.39510 -0.91859 -0.00904
vn 0.46353 -0.88582 -0.02137
vn 0.44918 -0.86721 -0.21491
vn 0.79629 -0.09414 0.59754
vn 0.54852 -0.45894 0.69893
vn 0.27362 0.52717 -0.80450
vn 0.07541 0.60805 -0.79031
vn -0.09353 0.64893 -0.75508
vn 0.19048 0.60605 -0.77229
vn 0.97329 0.18025 -0.14217
vn 0.74336 0.55050 0.37995
vn 0.85390 0.41832 -0.30962
vn 0.70252 -0.17127 -0.69075
vn 0.59228 0.55082 -0.58805
vn 0.95420 -0.09042 -0.28518
vn 0.61108 -0.72758 -0.31177
vn 0.96618 0.01801 -0.25726
vn 0.33061 -0.94291 0.04011
vn 0.35134 -0.93521 -0.04414
vn 0.75770 -0.62335 -0.19317
vn 0.70626 -0.61047 -0.35851
vn 0.27796 -0.96036 0.02122
vn 0.75414 -0.63023 -0.18464
vn 0.33268 0.92442 -0.18648
vn 0.37751 0.91830 0.11916
vn 0.36108 0.78379 -0.50526
vn 0.32012 0.65297 -0.68641
vn 0.83716 -0.49392 -0.23496
vn 0.92398 -0.19691 -0.32785
vn 0.94349 0.15115 -0.29493
vn -0.20213 -0.73219 0.65042
vn 0.35647 -0.83151 -0.42605
vn 0.59475 0.15327 -0.78916
vn 0.89205 0.40815 -0.19408
vn 0.79863 -0.60157 -0.01723
vn 0.95494 -0.01263 0.29652
vn -0.00028 -1.00000 -0.00041
vn -0.00028 -1.00000 -0.00041
vn -0.00028 -1.00000 -0.00041
vn -0.00028 -1.00000 -0.00041
vn -0.00028 -1.00000 -0.00041
vn -0.00028 -1.00000 -0.00041
vn -0.00028 -1.00000 -0.00041
vn -0.00028 -1.00000 -0.00041
vn -0.00028 -1.00000 -0.00041
vn -0.00000 -1.00000 0.00000
vn -0.00000 -1.00000 -0.00000
vn -0.00000 -1.00000 0.00000
vn -0.00000 -1.00000 0.00000
vn 0.00000 -1.00000 0.00000
vn 0.00000 -1.00000 0.00000
vn -0.00000 -1.00000 0.00000
vn -0.00000 -1.00000 0.00000
vn -0.00000 -1.00000 0.00000
vn -0.00028 -1.00000 -0.00041
vn -0.00028 -1.00000 -0.00041
vn -0.00028 -1.00000 -0.00041
vn -0.00028 -1.00000 -0.00041
vn 0.00000 -1.00000 0.00000
vn 0.00000 -1.00000 0.00000
vn 0.00000 -1.00000 -0.00000
vn 0.00000 -1.00000 -0.00000
f 1004/1004/1004 1017/1017/1017 1016/1016/1016
f 1004/1004/1004 1005/1005/1005 1006/1006/1006
f 1006/1006/1006 1007/1007/1007 1004/1004/1004
f 1006/1006/1006 1015/1015/1015 1014/1014/1014
f 1014/1014/1014 1007/1007/1007 1006/1006/1006
f 183/183/183 186/186/186 196/196/196
f 185/185/185 186/186/186 183/183/183
f 183/183/183 184/184/184 185/185/185
f 185/185/185 184/184/184 187/187/187
f 187/187/187 188/188/188 185/185/185
f 1008/1008/1008 1011/1011/1011 1019/1019/1019
f 1010/1010/1010 1011/1011/1011 1008/1008/1008
f 1008/1008/1008 1009/1009/1009 1010/1010/1010
f 1010/1010/1010 1009/1009/1009 1012/1012/1012
f 1012/1012/1012 1013/1013/1013 1010/1010/1010
f 1224/1224/1224 1225/1225/1225 1150/1150/1150
f 1224/1224/1224 1165/1165/1165 1168/1168/1168
f 1168/1168/1168 1226/1226/1226 1224/1224/1224
f 1224/1224/1224 1147/1147/1147 1146/1146/1146
f 1146/1146/1146 1165/1165/1165 1224/1224/1224
f 1150/1150/1150 1147/1147/1147 1224/1224/1224
f 1168/1168/1168 1165/1165/1165 1164/1164/1164
f 1164/1164/1164 1165/1165/1165 1146/1146/1146
f 1539/1539/1539 1540/1540/1540 1168/1168/1168
f 1168/1168/1168 1167/1167/1167 1539/1539/1539
f 1164/1164/1164 1167/1167/1167 1168/1168/1168
f 1164/1164/1164 1163/1163/1163 1166/1166/1166
f 1166/1166/1166 1167/1167/1167 1164/1164/1164
f 1146/1146/1146 1163/1163/1163 1164/1164/1164
f 1539/1539/1539 1167/1167/1167 1166/1166/1166
f 1539/1539/1539 1242/1242/1242 1241/1241/1241
f 1241/1241/1241 1540/1540/1540 1539/1539/1539
f 1166/1166/1166 1242/1242/1242 1539/1539/1539
f 1243/1243/1243 1242/1242/1242 1166/1166/1166
f 1241/1241/1241 1242/1242/1242 1243/1243/1243
f 1243/1243/1243 1244/1244/1244 1241/1241/1241
f 1243/1243/1243 1235/1235/1235 1234/1234/1234
f 1234/1234/1234 1244/1244/1244 1243/1243/1243
f 1166/1166/1166 1235/1235/1235 1243/1243/1243
f 1236/1236/1236 1235/1235/1235 1166/1166/1166
f 1234/1234/1234 1235/1235/1235 1236/1236/1236
f 1236/1236/1236 1237/1237/1237 1234/1234/1234
f 1236/1236/1236 1186/1186/1186 1190/1190/1190
f 345/345/345 342/342/342 409/409/409
f 409/409/409 408/408/408 410/410/410
f 410/410/410 411/411/411 409/409/409
f 409/409/409 328/328/328 333/333/333
f 333/333/333 408/408/408 409/409/409
f 686/686/686 408/408/408 333/333/333
f 410/410/410 408/408/408 686/686/686
f 686/686/686 687/687/687 410/410/410
f 333/333/333 336/336/336 686/686/686
f 686/686/686 466/466/466 465/465/465
f 465/465/465 687/687/687 686/686/686
f 686/686/686 336/336/336 341/341/341
f 341/341/341 466/466/466 686/686/686
f 398/398/398 334/334/334 333/333/333
f 333/333/333 383/383/383 398/398/398
f 382/382/382 383/383/383 333/333/333
f 333/333/333 332/332/332 382/382/382
f 335/335/335 336/336/336 333/333/333
f 333/333/333 334/334/334 335/335/335
f 327/327/327 332/332/332 333/333/333
f 333/333/333 328/328/328 327/327/327
f 341/341/341 336/336/336 335/335/335
f 464/464/464 466/466/466 341/341/341
f 341/341/341 462/462/462 464/464/464
f 460/460/460 462/462/462 341/341/341
f 341/341/341 387/387/387 460/460/460
f 386/386/386 387/387/387 341/341/341
f 341/341/341 340/340/340 386/386/386
f 335/335/335 340/340/340 341/341/341
f 464/464/464 463/463/463 465/465/465
f 465/465/465 466/466/466 464/464/464
f 464/464/464 462/462/462 461/461/461
f 461/461/461 463/463/463 464/464/464
f 461/461/461 462/462/462 460/460/460
f 1270/1270/1270 463/463/463 461/461/461
f 461/461/461 1269/1269/1269 1270/1270/1270
f 1268/1268/1268 1269/1269/1269 461/461/461
f 417/417/417 326/326/326 325/325/325
f 325/325/325 379/379/379 417/417/417
f 409/409/409 342/342/342 325/325/325
f 325/325/325 328/328/328 409/409/409
f 378/378/378 379/379/379 325/325/325
f 325/325/325 369/369/369 378/378/378
f 365/365/365 369/369/369 325/325/325
f 325/325/325 344/344/344 365/365/365
f 343/343/343 344/344/344 325/325/325
f 325/325/325 342/342/342 343/343/343
f 327/327/327 328/328/328 325/325/325
f 325/325/325 326/326/326 327/327/327
f 417/417/417 416/416/416 329/329/329
f 329/329/329 326/326/326 417/417/417
f 417/417/417 379/379/379 381/381/381
f 381/381/381 416/416/416 417/417/417
f 378/378/378 380/380/380 381/381/381
f 381/381/381 379/379/379 378/378/378
f 378/378/378 369/369/369 368/368/368
f 368/368/368 380/380/380 378/378/378
f 368/368/368 369/369/369 365/365/365
f 365/365/365 367/367/367 368/368/368
f 365/365/365 364/364/364 366/366/366
f 366/366/366 367/367/367 365/365/365
f 365/365/365 344/344/344 347/347/347
f 347/347/347 364/364/364 365/365/365
f 420/420/420 364/364/364 347/347/347
f 366/366/366 364/364/364 420/420/420
f 420/420/420 419/419/419 366/366/366
f 347/347/347 421/421/421 420/420/420
f 420/420/420 421/421/421 418/418/418
f 418/418/418 419/419/419 420/420/420
f 813/813/813 428/428/428 347/347/347
f 347/347/347 346/346/346 813/813/813
f 427/427/427 421/421/421 347/347/347
f 347/347/347 428/428/428 427/427/427
f 343/343/343 346/346/346 347/347/347
f 347/347/347 344/344/344 343/343/343
f 418/418/418 421/421/421 427/427/427
f 427/427/427 426/426/426 418/418/418
f 427/427/427 428/428/428 425/425/425
f 425/425/425 426/426/426 427/427/427
f 425/425/425 428/428/428 813/813/813
f 813/813/813 814/814/814 425/425/425
f 813/813/813 346/346/346 345/345/345
f 345/345/345 814/814/814 813/813/813
f 345/345/345 346/346/346 343/343/343
f 343/343/343 342/342/342 345/345/345
f 409/409/409 411/411/411 345/345/345
f 1051/1051/1051 1038/1038/1038 1037/1037/1037
f 1037/1037/1037 1052/1052/1052 1051/1051/1051
f 1039/1039/1039 1040/1040/1040 1037/1037/1037
f 1037/1037/1037 1038/1038/1038 1039/1039/1039
f 1051/1051/1051 1052/1052/1052 1049/1049/1049
f 1049/1049/1049 1050/1050/1050 1051/1051/1051
f 1047/1047/1047 1040/1040/1040 1039/1039/1039
f 1039/1039/1039 1048/1048/1048 1047/1047/1047
f 1077/1077/1077 1078/1078/1078 1047/1047/1047
f 1047/1047/1047 1048/1048/1048 1077/1077/1077
f 1077/1077/1077 1070/1070/1070 1069/1069/1069
f 1069/1069/1069 1078/1078/1078 1077/1077/1077
f 1069/1069/1069 1070/1070/1070 1071/1071/1071
f 1071/1071/1071 1072/1072/1072 1069/1069/1069
f 1071/1071/1071 1058/1058/1058 1057/1057/1057
f 236/236/236 239/239/239 250/250/250
f 238/238/238 239/239/239 236/236/236
f 236/236/236 237/237/237 238/238/238
f 238/238/238 237/237/237 240/240/240
f 240/240/240 241/241/241 238/238/238
f 230/230/230 229/229/229 216/216/216
f 216/216/216 219/219/219 230/230/230
f 218/218/218 219/219/219 216/216/216
f 216/216/216 217/217/217 218/218/218
f 230/230/230 231/231/231 228/228/228
f 228/228/228 229/229/229 230/230/230
f 218/218/218 217/217/217 220/220/220
f 220/220/220 221/221/221 218/218/218
f 257/257/257 221/221/221 220/220/220
f 220/220/220 256/256/256 257/257/257
f 257/257/257 256/256/256 248/248/248
f 248/248/248 251/251/251 257/257/257
f 250/250/250 251/251/251 248/248/248
f 248/248/248 249/249/249 250/250/250
f 250/250/250 249/249/249 236/236/236
f 1057/1057/1057 1072/1072/1072 1071/1071/1071
f 1057/1057/1057 1058/1058/1058 1059/1059/1059
f 1059/1059/1059 1060/1060/1060 1057/1057/1057
f 1059/1059/1059 1068/1068/1068 1067/1067/1067
f 1067/1067/1067 1060/1060/1060 1059/1059/1059
f 461/461/461 459/459/459 1268/1268/1268
f 460/460/460 459/459/459 461/461/461
f 460/460/460 387/387/387 389/389/389
f 389/389/389 459/459/459 460/460/460
f 1268/1268/1268 459/459/459 389/389/389
f 1268/1268/1268 1207/1207/1207 1158/1158/1158
f 1158/1158/1158 1269/1269/1269 1268/1268/1268
f 389/389/389 1207/1207/1207 1268/1268/1268
f 1270/1270/1270 1269/1269/1269 1158/1158/1158
f 1270/1270/1270 1271/1271/1271 465/465/465
f 465/465/465 463/463/463 1270/1270/1270
f 1158/1158/1158 1271/1271/1271 1270/1270/1270
f 465/465/465 1271/1271/1271 1454/1454/1454
f 1454/1454/1454 1271/1271/1271 1158/1158/1158
f 1158/1158/1158 1155/1155/1155 1454/1454/1454
f 1208/1208/1208 1159/1159/1159 1158/1158/1158
f 1158/1158/1158 1207/1207/1207 1208/1208/1208
f 1156/1156/1156 1155/1155/1155 1158/1158/1158
f 1158/1158/1158 1159/1159/1159 1156/1156/1156
f 1208/1208/1208 1207/1207/1207 389/389/389
f 1208/1208/1208 1209/1209/1209 1160/1160/1160
f 1160/1160/1160 1159/1159/1159 1208/1208/1208
f 389/389/389 1209/1209/1209 1208/1208/1208
f 1156/1156/1156 1159/1159/1159 1160/1160/1160
f 1160/1160/1160 1161/1161/1161 1156/1156/1156
f 1156/1156/1156 1161/1161/1161 1162/1162/1162
f 1162/1162/1162 1157/1157/1157 1156/1156/1156
f 1156/1156/1156 1157/1157/1157 1150/1150/1150
f 1150/1150/1150 1155/1155/1155 1156/1156/1156
f 1454/1454/1454 1155/1155/1155 1150/1150/1150
f 1454/1454/1454 1455/1455/1455 465/465/465
f 1454/1454/1454 1225/1225/1225 1227/1227/1227
f 1227/1227/1227 1455/1455/1455 1454/1454/1454
f 1150/1150/1150 1225/1225/1225 1454/1454/1454
f 1224/1224/1224 1226/1226/1226 1227/1227/1227
f 1227/1227/1227 1225/1225/1225 1224/1224/1224
f 1061/1061/1061 1064/1064/1064 1075/1075/1075
f 1063/1063/1063 1064/1064/1064 1061/1061/1061
f 1061/1061/1061 1062/1062/1062 1063/1063/1063
f 1063/1063/1063 1062/1062/1062 1065/1065/1065
f 1065/1065/1065 1066/1066/1066 1063/1063/1063
f 1150/1150/1150 1151/1151/1151 1148/1148/1148
f 1152/1152/1152 1151/1151/1151 1204/1204/1204
f 1204/1204/1204 1151/1151/1151 1150/1150/1150
f 1204/1204/1204 1206/1206/1206 1152/1152/1152
f 1204/1204/1204 1203/1203/1203 1205/1205/1205
f 1205/1205/1205 1206/1206/1206 1204/1204/1204
f 1150/1150/1150 1203/1203/1203 1204/1204/1204
f 1214/1214/1214 1203/1203/1203 1150/1150/1150
f 1150/1150/1150 1157/1157/1157 1214/1214/1214
f 1205/1205/1205 1203/1203/1203 1214/1214/1214
f 1214/1214/1214 1215/1215/1215 1205/1205/1205
f 1214/1214/1214 1157/1157/1157 1162/1162/1162
f 1162/1162/1162 1215/1215/1215 1214/1214/1214
f 226/226/226 227/227/227 224/224/224
f 233/233/233 227/227/227 226/226/226
f 226/226/226 232/232/232 233/233/233
f 233/233/233 232/232/232 234/234/234
f 234/234/234 235/235/235 233/233/233
f 173/173/173 174/174/174 172/172/172
f 180/180/180 174/174/174 173/173/173
f 173/173/173 179/179/179 180/180/180
f 180/180/180 179/179/179 181/181/181
f 181/181/181 182/182/182 180/180/180
f 1397/1397/1397 968/968/968 967/967/967
f 967/967/967 1398/1398/1398 1397/1397/1397
f 967/967/967 968/968/968 969/969/969
f 1397/1397/1397 1400/1400/1400 1132/1132/1132
f 1132/1132/1132 1131/1131/1131 1397/1397/1397
f 1397/1397/1397 1398/1398/1398 1399/1399/1399
f 1399/1399/1399 1400/1400/1400 1397/1397/1397
f 1397/1397/1397 1131/1131/1131 971/971/971
f 971/971/971 968/968/968 1397/1397/1397
f 969/969/969 968/968/968 971/971/971
f 1129/1129/1129 974/974/974 971/971/971
f 971/971/971 1131/1131/1131 1129/1129/1129
f 973/973/973 972/972/972 971/971/971
f 971/971/971 974/974/974 973/973/973
f 971/971/971 972/972/972 969/969/969
f 1129/1129/1129 1131/1131/1131 1132/1132/1132
f 1132/1132/1132 1130/1130/1130 1129/1129/1129
f 1129/1129/1129 1119/1119/1119 960/960/960
f 960/960/960 974/974/974 1129/1129/1129
f 1129/1129/1129 1130/1130/1130 1120/1120/1120
f 1120/1120/1120 1119/1119/1119 1129/1129/1129
f 973/973/973 974/974/974 960/960/960
f 1117/1117/1117 955/955/955 960/960/960
f 960/960/960 1119/1119/1119 1117/1117/1117
f 960/960/960 959/959/959 973/973/973
f 954/954/954 959/959/959 960/960/960
f 960/960/960 955/955/955 954/954/954
f 1117/1117/1117 1119/1119/1119 1120/1120/1120
f 259/259/259 258/258/258 222/222/222
f 222/222/222 225/225/225 259/259/259
f 224/224/224 225/225/225 222/222/222
f 222/222/222 223/223/223 224/224/224
f 259/259/259 255/255/255 254/254/254
f 254/254/254 258/258/258 259/259/259
f 254/254/254 255/255/255 253/253/253
f 253/253/253 252/252/252 254/254/254
f 253/253/253 247/247/247 246/246/246
f 246/246/246 252/252/252 253/253/253
f 246/246/246 247/247/247 244/244/244
f 244/244/244 243/243/243 246/246/246
f 244/244/244 245/245/245 242/242/242
f 242/242/242 243/243/243 244/244/244
f 224/224/224 223/223/223 226/226/226
f 1055/1055/1055 1054/1054/1054 1041/1041/1041
f 1041/1041/1041 1044/1044/1044 1055/1055/1055
f 1043/1043/1043 1044/1044/1044 1041/1041/1041
f 1041/1041/1041 1042/1042/1042 1043/1043/1043
f 1055/1055/1055 1056/1056/1056 1053/1053/1053
f 1053/1053/1053 1054/1054/1054 1055/1055/1055
f 1043/1043/1043 1042/1042/1042 1045/1045/1045
f 1045/1045/1045 1046/1046/1046 1043/1043/1043
f 1080/1080/1080 1046/1046/1046 1045/1045/1045
f 1045/1045/1045 1079/1079/1079 1080/1080/1080
f 1080/1080/1080 1079/1079/1079 1073/1073/1073
f 1073/1073/1073 1076/1076/1076 1080/1080/1080
f 1075/1075/1075 1076/1076/1076 1073/1073/1073
f 1073/1073/1073 1074/1074/1074 1075/1075/1075
f 1075/1075/1075 1074/1074/1074 1061/1061/1061
f 633/633/633 623/623/623 622/622/622
f 622/622/622 634/634/634 633/633/633
f 624/624/624 625/625/625 622/622/622
f 622/622/622 623/623/623 624/624/624
f 633/633/633 632/632/632 626/626/626
f 626/626/626 623/623/623 633/633/633
f 633/633/633 634/634/634 631/631/631
f 631/631/631 632/632/632 633/633/633
f 624/624/624 623/623/623 626/626/626
f 624/624/624 629/629/629 630/630/630
f 630/630/630 625/625/625 624/624/624
f 624/624/624 627/627/627 628/628/628
f 628/628/628 629/629/629 624/624/624
f 626/626/626 627/627/627 624/624/624
f 1414/1414/1414 629/629/629 628/628/628
f 792/792/792 1526/1526/1526 1527/1527/1527
f 794/794/794 795/795/795 792/792/792
f 792/792/792 793/793/793 794/794/794
f 1527/1527/1527 1526/1526/1526 1528/1528/1528
f 1528/1528/1528 1529/1529/1529 1527/1527/1527
f 1527/1527/1527 1529/1529/1529 796/796/796
f 796/796/796 793/793/793 1527/1527/1527
f 794/794/794 793/793/793 796/796/796
f 794/794/794 797/797/797 798/798/798
f 798/798/798 795/795/795 794/794/794
f 796/796/796 797/797/797 794/794/794
f 688/688/688 1456/1456/1456 1457/1457/1457
f 1457/1457/1457 689/689/689 688/688/688
f 1457/1457/1457 1458/1458/1458 692/692/692
f 692/692/692 689/689/689 1457/1457/1457
f 692/692/692 1458/1458/1458 1459/1459/1459
f 1459/1459/1459 694/694/694 692/692/692
f 1459/1459/1459 1461/1461/1461 696/696/696
f 696/696/696 694/694/694 1459/1459/1459
f 696/696/696 1461/1461/1461 1509/1509/1509
f 1509/1509/1509 769/769/769 696/696/696
f 1509/1509/1509 1510/1510/1510 770/770/770
f 770/770/770 769/769/769 1509/1509/1509
f 770/770/770 1510/1510/1510 1511/1511/1511
f 1511/1511/1511 773/773/773 770/770/770
f 198/198/198 197/197/197 161/161/161
f 161/161/161 164/164/164 198/198/198
f 163/163/163 164/164/164 161/161/161
f 161/161/161 162/162/162 163/163/163
f 198/198/198 194/194/194 193/193/193
f 193/193/193 197/197/197 198/198/198
f 193/193/193 194/194/194 191/191/191
f 191/191/191 190/190/190 193/193/193
f 191/191/191 192/192/192 189/189/189
f 189/189/189 190/190/190 191/191/191
f 163/163/163 162/162/162 165/165/165
f 165/165/165 166/166/166 163/163/163
f 172/172/172 166/166/166 165/165/165
f 165/165/165 171/171/171 172/172/172
f 172/172/172 171/171/171 173/173/173
f 313/313/313 100/100/100 99/99/99
f 774/774/774 437/437/437 101/101/101
f 101/101/101 317/317/317 774/774/774
f 435/435/435 102/102/102 101/101/101
f 101/101/101 437/437/437 435/435/435
f 313/313/313 317/317/317 101/101/101
f 313/313/313 315/315/315 316/316/316
f 316/316/316 317/317/317 313/313/313
f 313/313/313 312/312/312 314/314/314
f 314/314/314 315/315/315 313/313/313
f 99/99/99 312/312/312 313/313/313
f 774/774/774 317/317/317 316/316/316
f 316/316/316 775/775/775 774/774/774
f 774/774/774 775/775/775 438/438/438
f 438/438/438 437/437/437 774/774/774
f 435/435/435 437/437/437 438/438/438
f 438/438/438 439/439/439 435/435/435
f 681/681/681 312/312/312 99/99/99
f 99/99/99 111/111/111 681/681/681
f 106/106/106 111/111/111 99/99/99
f 99/99/99 107/107/107 106/106/106
f 314/314/314 312/312/312 681/681/681
f 681/681/681 683/683/683 314/314/314
f 681/681/681 680/680/680 682/682/682
f 682/682/682 683/683/683 681/681/681
f 681/681/681 111/111/111 110/110/110
f 110/110/110 680/680/680 681/681/681
f 110/110/110 111/111/111 106/106/106
f 1451/1451/1451 680/680/680 110/110/110
f 110/110/110 935/935/935 1451/1451/1451
f 933/933/933 935/935/935 110/110/110
f 110/110/110 109/109/109 933/933/933
f 106/106/106 109/109/109 110/110/110
f 682/682/682 680/680/680 1451/1451/1451
f 1451/1451/1451 1452/1452/1452 682/682/682
f 1451/1451/1451 1134/1134/1134 1138/1138/1138
f 1138/1138/1138 1452/1452/1452 1451/1451/1451
f 1451/1451/1451 935/935/935 930/930/930
f 930/930/930 1134/1134/1134 1451/1451/1451
f 1362/1362/1362 1361/1361/1361 1339/1339/1339
f 1339/1339/1339 1342/1342/1342 1362/1362/1362
f 1341/1341/1341 1342/1342/1342 1339/1339/1339
f 1339/1339/1339 1340/1340/1340 1341/1341/1341
f 1362/1362/1362 1364/1364/1364 1365/1365/1365
f 1365/1365/1365 1363/1363/1363 1362/1362/1362
f 1362/1362/1362 1342/1342/1342 1347/1347/1347
f 1347/1347/1347 1364/1364/1364 1362/1362/1362
f 1362/1362/1362 1363/1363/1363 1360/1360/1360
f 1360/1360/1360 1361/1361/1361 1362/1362/1362
f 1347/1347/1347 1342/1342/1342 1341/1341/1341
f 1383/1383/1383 1364/1364/1364 1347/1347/1347
f 1347/1347/1347 1374/1374/1374 1383/1383/1383
f 1370/1370/1370 1374/1374/1374 1347/1347/1347
f 1347/1347/1347 1346/1346/1346 1370/1370/1370
f 1190/1190/1190 1237/1237/1237 1236/1236/1236
f 1166/1166/1166 1186/1186/1186 1236/1236/1236
f 1190/1190/1190 1186/1186/1186 1185/1185/1185
f 1185/1185/1185 1186/1186/1186 1166/1166/1166
f 1185/1185/1185 1189/1189/1189 1190/1190/1190
f 1185/1185/1185 1187/1187/1187 1188/1188/1188
f 1188/1188/1188 1189/1189/1189 1185/1185/1185
f 1185/1185/1185 1163/1163/1163 1146/1146/1146
f 1146/1146/1146 1187/1187/1187 1185/1185/1185
f 1166/1166/1166 1163/1163/1163 1185/1185/1185
f 1188/1188/1188 1187/1187/1187 1200/1200/1200
f 1200/1200/1200 1187/1187/1187 1146/1146/1146
f 1200/1200/1200 1202/1202/1202 1188/1188/1188
f 1200/1200/1200 1199/1199/1199 1201/1201/1201
f 1201/1201/1201 1202/1202/1202 1200/1200/1200
f 1146/1146/1146 1199/1199/1199 1200/1200/1200
f 1232/1232/1232 1199/1199/1199 1146/1146/1146
f 1146/1146/1146 1149/1149/1149 1232/1232/1232
f 1148/1148/1148 1149/1149/1149 1146/1146/1146
f 1146/1146/1146 1147/1147/1147 1148/1148/1148
f 1201/1201/1201 1199/1199/1199 1232/1232/1232
f 1232/1232/1232 1233/1233/1233 1201/1201/1201
f 1232/1232/1232 1149/1149/1149 1154/1154/1154
f 1154/1154/1154 1233/1233/1233 1232/1232/1232
f 1154/1154/1154 1149/1149/1149 1148/1148/1148
f 1148/1148/1148 1153/1153/1153 1154/1154/1154
f 1148/1148/1148 1151/1151/1151 1152/1152/1152
f 1152/1152/1152 1153/1153/1153 1148/1148/1148
f 1148/1148/1148 1147/1147/1147 1150/1150/1150
f 119/119/119 120/120/120 24/24/24
f 24/24/24 23/23/23 119/119/119
f 18/18/18 23/23/23 24/24/24
f 24/24/24 19/19/19 18/18/18
f 119/119/119 121/121/121 122/122/122
f 122/122/122 123/123/123 119/119/119
f 119/119/119 23/23/23 22/22/22
f 22/22/22 121/121/121 119/119/119
f 22/22/22 23/23/23 18/18/18
f 18/18/18 21/21/21 22/22/22
f 18/18/18 17/17/17 20/20/20
f 20/20/20 21/21/21 18/18/18
f 125/125/125 123/123/123 122/122/122
f 122/122/122 127/127/127 125/125/125
f 1449/1449/1449 1448/1448/1448 945/945/945
f 570/570/570 548/548/548 547/547/547
f 547/547/547 571/571/571 570/570/570
f 549/549/549 550/550/550 547/547/547
f 547/547/547 548/548/548 549/549/549
f 570/570/570 573/573/573 551/551/551
f 551/551/551 548/548/548 570/570/570
f 570/570/570 569/569/569 572/572/572
f 572/572/572 573/573/573 570/570/570
f 570/570/570 571/571/571 568/568/568
f 568/568/568 569/569/569 570/570/570
f 549/549/549 548/548/548 551/551/551
f 549/549/549 554/554/554 555/555/555
f 555/555/555 550/550/550 549/549/549
f 549/549/549 552/552/552 553/553/553
f 553/553/553 554/554/554 549/549/549
f 673/673/673 118/118/118 16/16/16
f 16/16/16 26/26/26 673/673/673
f 117/117/117 17/17/17 16/16/16
f 16/16/16 118/118/118 117/117/117
f 25/25/25 26/26/26 16/16/16
f 16/16/16 19/19/19 25/25/25
f 18/18/18 19/19/19 16/16/16
f 16/16/16 17/17/17 18/18/18
f 673/673/673 661/661/661 39/39/39
f 39/39/39 118/118/118 673/673/673
f 673/673/673 672/672/672 658/658/658
f 658/658/658 661/661/661 673/673/673
f 673/673/673 26/26/26 30/30/30
f 30/30/30 672/672/672 673/673/673
f 117/117/117 118/118/118 39/39/39
f 524/524/524 525/525/525 522/522/522
f 1327/1327/1327 1322/1322/1322 524/524/524
f 524/524/524 534/534/534 1327/1327/1327
f 1321/1321/1321 525/525/525 524/524/524
f 524/524/524 1322/1322/1322 1321/1321/1321
f 1327/1327/1327 534/534/534 533/533/533
f 533/533/533 1328/1328/1328 1327/1327/1327
f 1327/1327/1327 1326/1326/1326 1319/1319/1319
f 1319/1319/1319 1322/1322/1322 1327/1327/1327
f 1327/1327/1327 1328/1328/1328 1325/1325/1325
f 1325/1325/1325 1326/1326/1326 1327/1327/1327
f 1321/1321/1321 1322/1322/1322 1319/1319/1319
f 1319/1319/1319 1320/1320/1320 1321/1321/1321
f 1321/1321/1321 1320/1320/1320 1323/1323/1323
f 1321/1321/1321 1324/1324/1324 526/526/526
f 526/526/526 525/525/525 1321/1321/1321
f 1323/1323/1323 1324/1324/1324 1321/1321/1321
f 1530/1530/1530 1324/1324/1324 1323/1323/1323
f 1323/1323/1323 1531/1531/1531 1530/1530/1530
f 526/526/526 1324/1324/1324 1530/1530/1530
f 1530/1530/1530 801/801/801 526/526/526
f 1530/1530/1530 1526/1526/1526 792/792/792
f 792/792/792 801/801/801 1530/1530/1530
f 1530/1530/1530 1531/1531/1531 1528/1528/1528
f 1528/1528/1528 1526/1526/1526 1530/1530/1530
f 800/800/800 527/527/527 526/526/526
f 526/526/526 801/801/801 800/800/800
f 800/800/800 801/801/801 792/792/792
f 792/792/792 795/795/795 800/800/800
f 800/800/800 799/799/799 528/528/528
f 528/528/528 527/527/527 800/800/800
f 800/800/800 795/795/795 798/798/798
f 798/798/798 799/799/799 800/800/800
f 1527/1527/1527 793/793/793 792/792/792
f 930/930/930 935/935/935 933/933/933
f 1133/1133/1133 1134/1134/1134 930/930/930
f 930/930/930 929/929/929 1133/1133/1133
f 936/936/936 925/925/925 930/930/930
f 930/930/930 932/932/932 936/936/936
f 933/933/933 932/932/932 930/930/930
f 924/924/924 929/929/929 930/930/930
f 930/930/930 925/925/925 924/924/924
f 1138/1138/1138 1134/1134/1134 1133/1133/1133
f 1133/1133/1133 1137/1137/1137 1138/1138/1138
f 1133/1133/1133 1135/1135/1135 1136/1136/1136
f 1136/1136/1136 1137/1137/1137 1133/1133/1133
f 1133/1133/1133 929/929/929 928/928/928
f 928/928/928 1135/1135/1135 1133/1133/1133
f 928/928/928 929/929/929 924/924/924
f 1512/1512/1512 1135/1135/1135 928/928/928
f 928/928/928 1255/1255/1255 1512/1512/1512
f 1252/1252/1252 1255/1255/1255 928/928/928
f 928/928/928 927/927/927 1252/1252/1252
f 103/103/103 729/729/729 734/734/734
f 734/734/734 98/98/98 103/103/103
f 435/435/435 436/436/436 103/103/103
f 103/103/103 102/102/102 435/435/435
f 97/97/97 102/102/102 103/103/103
f 103/103/103 98/98/98 97/97/97
f 440/440/440 436/436/436 435/435/435
f 1486/1486/1486 732/732/732 440/440/440
f 440/440/440 1251/1251/1251 1486/1486/1486
f 1252/1252/1252 1251/1251/1251 440/440/440
f 440/440/440 1253/1253/1253 1252/1252/1252
f 435/435/435 439/439/439 440/440/440
f 733/733/733 732/732/732 1486/1486/1486
f 1493/1493/1493 740/740/740 733/733/733
f 733/733/733 1485/1485/1485 1493/1493/1493
f 1486/1486/1486 1485/1485/1485 733/733/733
f 1493/1493/1493 1485/1485/1485 1484/1484/1484
f 1484/1484/1484 1492/1492/1492 1493/1493/1493
f 1493/1493/1493 1492/1492/1492 893/893/893
f 893/893/893 921/921/921 1493/1493/1493
f 1484/1484/1484 1485/1485/1485 1486/1486/1486
f 1490/1490/1490 1492/1492/1492 1484/1484/1484
f 1484/1484/1484 1488/1488/1488 1490/1490/1490
f 1489/1489/1489 1488/1488/1488 1484/1484/1484
f 1484/1484/1484 1487/1487/1487 1489/1489/1489
f 1486/1486/1486 1487/1487/1487 1484/1484/1484
f 893/893/893 1492/1492/1492 1490/1490/1490
f 1490/1490/1490 894/894/894 893/893/893
f 920/920/920 921/921/921 893/893/893
f 893/893/893 890/890/890 920/920/920
f 891/891/891 890/890/890 893/893/893
f 893/893/893 894/894/894 891/891/891
f 1490/1490/1490 1488/1488/1488 1113/1113/1113
f 1113/1113/1113 1491/1491/1491 1490/1490/1490
f 1490/1490/1490 1491/1491/1491 895/895/895
f 895/895/895 894/894/894 1490/1490/1490
f 20/20/20 116/116/116 764/764/764
f 764/764/764 765/765/765 754/754/754
f 754/754/754 752/752/752 764/764/764
f 44/44/44 765/765/765 764/764/764
f 1507/1507/1507 765/765/765 44/44/44
f 44/44/44 880/880/880 1507/1507/1507
f 754/754/754 765/765/765 1507/1507/1507
f 1507/1507/1507 1502/1502/1502 754/754/754
f 1507/1507/1507 941/941/941 865/865/865
f 865/865/865 1502/1502/1502 1507/1507/1507
f 1507/1507/1507 880/880/880 875/875/875
f 875/875/875 941/941/941 1507/1507/1507
f 1501/1501/1501 755/755/755 754/754/754
f 754/754/754 1502/1502/1502 1501/1501/1501
f 753/753/753 752/752/752 754/754/754
f 754/754/754 755/755/755 753/753/753
f 1501/1501/1501 1502/1502/1502 865/865/865
f 1501/1501/1501 1503/1503/1503 756/756/756
f 756/756/756 755/755/755 1501/1501/1501
f 1501/1501/1501 864/864/864 863/863/863
f 863/863/863 1503/1503/1503 1501/1501/1501
f 865/865/865 864/864/864 1501/1501/1501
f 753/753/753 755/755/755 756/756/756
f 753/753/753 757/757/757 22/22/22
f 22/22/22 21/21/21 753/753/753
f 756/756/756 757/757/757 753/753/753
f 753/753/753 21/21/21 20/20/20
f 20/20/20 752/752/752 753/753/753
f 488/488/488 698/698/698 695/695/695
f 695/695/695 694/694/694 696/696/696
f 696/696/696 697/697/697 695/695/695
f 692/692/692 694/694/694 695/695/695
f 810/810/810 698/698/698 488/488/488
f 810/810/810 811/811/811 446/446/446
f 446/446/446 445/445/445 810/810/810
f 810/810/810 491/491/491 496/496/496
f 496/496/496 811/811/811 810/810/810
f 488/488/488 491/491/491 810/810/810
f 768/768/768 489/489/489 488/488/488
f 488/488/488 697/697/697 768/768/768
f 490/490/490 491/491/491 488/488/488
f 488/488/488 489/489/489 490/490/490
f 768/768/768 697/697/697 696/696/696
f 768/768/768 771/771/771 492/492/492
f 492/492/492 489/489/489 768/768/768
f 768/768/768 769/769/769 770/770/770
f 770/770/770 771/771/771 768/768/768
f 696/696/696 769/769/769 768/768/768
f 490/490/490 489/489/489 492/492/492
f 490/490/490 495/495/495 496/496/496
f 496/496/496 491/491/491 490/490/490
f 490/490/490 493/493/493 494/494/494
f 494/494/494 495/495/495 490/490/490
f 492/492/492 493/493/493 490/490/490
f 772/772/772 702/702/702 492/492/492
f 492/492/492 771/771/771 772/772/772
f 145/145/145 303/303/303 302/302/302
f 302/302/302 303/303/303 300/300/300
f 300/300/300 301/301/301 302/302/302
f 749/749/749 751/751/751 145/145/145
f 145/145/145 144/144/144 749/749/749
f 306/306/306 303/303/303 145/145/145
f 145/145/145 307/307/307 306/306/306
f 300/300/300 303/303/303 306/306/306
f 306/306/306 305/305/305 300/300/300
f 306/306/306 307/307/307 304/304/304
f 304/304/304 305/305/305 306/306/306
f 750/750/750 751/751/751 749/749/749
f 749/749/749 748/748/748 750/750/750
f 372/372/372 371/371/371 322/322/322
f 322/322/322 374/374/374 372/372/372
f 372/372/372 373/373/373 370/370/370
f 370/370/370 371/371/371 372/372/372
f 370/370/370 373/373/373 816/816/816
f 816/816/816 818/818/818 370/370/370
f 816/816/816 815/815/815 817/817/817
f 817/817/817 818/818/818 816/816/816
f 595/595/595 374/374/374 322/322/322
f 322/322/322 319/319/319 595/595/595
f 320/320/320 319/319/319 322/322/322
f 322/322/322 323/323/323 320/320/320
f 595/595/595 537/537/537 473/473/473
f 473/473/473 576/576/576 595/595/595
f 320/320/320 323/323/323 324/324/324
f 324/324/324 321/321/321 320/320/320
f 690/690/690 443/443/443 324/324/324
f 324/324/324 691/691/691 690/690/690
f 441/441/441 321/321/321 324/324/324
f 324/324/324 443/443/443 441/441/441
f 690/690/690 693/693/693 444/444/444
f 444/444/444 443/443/443 690/690/690
f 690/690/690 689/689/689 692/692/692
f 692/692/692 693/693/693 690/690/690
f 690/690/690 691/691/691 688/688/688
f 688/688/688 689/689/689 690/690/690
f 441/441/441 443/443/443 444/444/444
f 441/441/441 445/445/445 446/446/446
f 446/446/446 442/442/442 441/441/441
f 444/444/444 445/445/445 441/441/441
f 810/810/810 445/445/445 444/444/444
f 444/444/444 698/698/698 810/810/810
f 695/695/695 698/698/698 444/444/444
f 444/444/444 693/693/693 695/695/695
f 695/695/695 693/693/693 692/692/692
f 695/695/695 697/697/697 488/488/488
f 630/630/630 629/629/629 1414/1414/1414
f 1414/1414/1414 1413/1413/1413 630/630/630
f 1414/1414/1414 1416/1416/1416 1417/1417/1417
f 1417/1417/1417 1415/1415/1415 1414/1414/1414
f 628/628/628 1416/1416/1416 1414/1414/1414
f 1414/1414/1414 1415/1415/1415 1412/1412/1412
f 1412/1412/1412 1413/1413/1413 1414/1414/1414
f 1422/1422/1422 1416/1416/1416 628/628/628
f 628/628/628 636/636/636 1422/1422/1422
f 635/635/635 636/636/636 628/628/628
f 628/628/628 627/627/627 635/635/635
f 635/635/635 627/627/627 626/626/626
f 635/635/635 639/639/639 640/640/640
f 640/640/640 636/636/636 635/635/635
f 635/635/635 637/637/637 638/638/638
f 638/638/638 639/639/639 635/635/635
f 626/626/626 637/637/637 635/635/635
f 1422/1422/1422 636/636/636 640/640/640
f 640/640/640 1423/1423/1423 1422/1422/1422
f 1422/1422/1422 1423/1423/1423 1424/1424/1424
f 1422/1422/1422 1425/1425/1425 1417/1417/1417
f 1417/1417/1417 1416/1416/1416 1422/1422/1422
f 1424/1424/1424 1425/1425/1425 1422/1422/1422
f 1426/1426/1426 1425/1425/1425 1424/1424/1424
f 1424/1424/1424 1428/1428/1428 1426/1426/1426
f 1417/1417/1417 1425/1425/1425 1426/1426/1426
f 1426/1426/1426 644/644/644 643/643/643
f 643/643/643 1427/1427/1427 1426/1426/1426
f 1426/1426/1426 1428/1428/1428 645/645/645
f 645/645/645 644/644/644 1426/1426/1426
f 1426/1426/1426 1427/1427/1427 1417/1417/1417
f 642/642/642 644/644/644 645/645/645
f 643/643/643 644/644/644 642/642/642
f 645/645/645 646/646/646 642/642/642
f 1445/1445/1445 668/668/668 94/94/94
f 94/94/94 919/919/919 1445/1445/1445
f 920/920/920 919/919/919 94/94/94
f 94/94/94 93/93/93 920/920/920
f 89/89/89 93/93/93 94/94/94
f 89/89/89 91/91/91 92/92/92
f 92/92/92 93/93/93 89/89/89
f 89/89/89 59/59/59 64/64/64
f 64/64/64 91/91/91 89/89/89
f 64/64/64 59/59/59 58/58/58
f 739/739/739 91/91/91 64/64/64
f 64/64/64 738/738/738 739/739/739
f 737/737/737 738/738/738 64/64/64
f 64/64/64 63/63/63 737/737/737
f 58/58/58 63/63/63 64/64/64
f 92/92/92 91/91/91 739/739/739
f 1493/1493/1493 921/921/921 92/92/92
f 92/92/92 740/740/740 1493/1493/1493
f 920/920/920 93/93/93 92/92/92
f 92/92/92 921/921/921 920/920/920
f 739/739/739 740/740/740 92/92/92
f 739/739/739 731/731/731 733/733/733
f 733/733/733 740/740/740 739/739/739
f 739/739/739 738/738/738 728/728/728
f 728/728/728 731/731/731 739/739/739
f 728/728/728 738/738/738 737/737/737
f 737/737/737 735/735/735 728/728/728
f 734/734/734 729/729/729 728/728/728
f 728/728/728 735/735/735 734/734/734
f 730/730/730 731/731/731 728/728/728
f 728/728/728 729/729/729 730/730/730
f 733/733/733 731/731/731 730/730/730
f 730/730/730 732/732/732 733/733/733
f 730/730/730 436/436/436 440/440/440
f 440/440/440 732/732/732 730/730/730
f 730/730/730 729/729/729 103/103/103
f 103/103/103 436/436/436 730/730/730
f 455/455/455 456/456/456 453/453/453
f 455/455/455 458/458/458 271/271/271
f 271/271/271 270/270/270 455/455/455
f 455/455/455 454/454/454 457/457/457
f 457/457/457 458/458/458 455/455/455
f 453/453/453 454/454/454 455/455/455
f 268/268/268 270/270/270 271/271/271
f 271/271/271 269/269/269 268/268/268
f 268/268/268 267/267/267 260/260/260
f 260/260/260 263/263/263 268/268/268
f 268/268/268 269/269/269 266/266/266
f 266/266/266 267/267/267 268/268/268
f 262/262/262 263/263/263 260/260/260
f 260/260/260 261/261/261 262/262/262
f 262/262/262 265/265/265 205/205/205
f 205/205/205 208/208/208 262/262/262
f 262/262/262 261/261/261 264/264/264
f 264/264/264 265/265/265 262/262/262
f 1266/1266/1266 1267/1267/1267 457/457/457
f 457/457/457 454/454/454 1266/1266/1266
f 1266/1266/1266 1092/1092/1092 1091/1091/1091
f 1091/1091/1091 1267/1267/1267 1266/1266/1266
f 1266/1266/1266 1265/1265/1265 1025/1025/1025
f 1025/1025/1025 1092/1092/1092 1266/1266/1266
f 1266/1266/1266 454/454/454 453/453/453
f 453/453/453 1265/1265/1265 1266/1266/1266
f 1089/1089/1089 1092/1092/1092 1025/1025/1025
f 1091/1091/1091 1092/1092/1092 1089/1089/1089
f 1089/1089/1089 1088/1088/1088 1091/1091/1091
f 1089/1089/1089 1082/1082/1082 1081/1081/1081
f 1081/1081/1081 1090/1090/1090 1089/1089/1089
f 1025/1025/1025 1082/1082/1082 1089/1089/1089
f 1089/1089/1089 1090/1090/1090 1087/1087/1087
f 1087/1087/1087 1088/1088/1088 1089/1089/1089
f 1508/1508/1508 1021/1021/1021 1025/1025/1025
f 1025/1025/1025 1265/1265/1265 1508/1508/1508
f 1020/1020/1020 1024/1024/1024 1025/1025/1025
f 737/737/737 63/63/63 62/62/62
f 62/62/62 736/736/736 737/737/737
f 62/62/62 63/63/63 58/58/58
f 741/741/741 736/736/736 62/62/62
f 62/62/62 288/288/288 741/741/741
f 289/289/289 288/288/288 62/62/62
f 62/62/62 61/61/61 289/289/289
f 58/58/58 61/61/61 62/62/62
f 58/58/58 57/57/57 60/60/60
f 60/60/60 61/61/61 58/58/58
f 289/289/289 61/61/61 60/60/60
f 60/60/60 88/88/88 289/289/289
f 87/87/87 88/88/88 60/60/60
f 60/60/60 70/70/70 87/87/87
f 67/67/67 70/70/70 60/60/60
f 958/958/958 1390/1390/1390 1388/1388/1388
f 973/973/973 959/959/959 958/958/958
f 958/958/958 975/975/975 973/973/973
f 1388/1388/1388 1390/1390/1390 851/851/851
f 851/851/851 1389/1389/1389 1388/1388/1388
f 1388/1388/1388 917/917/917 910/910/910
f 910/910/910 975/975/975 1388/1388/1388
f 1388/1388/1388 1389/1389/1389 903/903/903
f 903/903/903 917/917/917 1388/1388/1388
f 973/973/973 975/975/975 910/910/910
f 910/910/910 972/972/972 973/973/973
f 969/969/969 972/972/972 910/910/910
f 910/910/910 913/913/913 969/969/969
f 916/916/916 911/911/911 910/910/910
f 910/910/910 917/917/917 916/916/916
f 912/912/912 913/913/913 910/910/910
f 910/910/910 911/911/911 912/912/912
f 916/916/916 917/917/917 903/903/903
f 916/916/916 918/918/918 914/914/914
f 914/914/914 911/911/911 916/916/916
f 916/916/916 902/902/902 897/897/897
f 897/897/897 918/918/918 916/916/916
f 903/903/903 902/902/902 916/916/916
f 912/912/912 911/911/911 914/914/914
f 914/914/914 915/915/915 912/912/912
f 1109/1109/1109 1022/1022/1022 914/914/914
f 914/914/914 918/918/918 1109/1109/1109
f 1109/1109/1109 918/918/918 897/897/897
f 897/897/897 896/896/896 1109/1109/1109
f 1109/1109/1109 1110/1110/1110 1023/1023/1023
f 1023/1023/1023 1022/1022/1022 1109/1109/1109
f 900/900/900 892/892/892 897/897/897
f 897/897/897 902/902/902 900/900/900
f 891/891/891 896/896/896 897/897/897
f 1113/1113/1113 1488/1488/1488 1489/1489/1489
f 1494/1494/1494 1491/1491/1491 1113/1113/1113
f 1113/1113/1113 1111/1111/1111 1494/1494/1494
f 1489/1489/1489 1114/1114/1114 1113/1113/1113
f 1112/1112/1112 1111/1111/1111 1113/1113/1113
f 1113/1113/1113 1114/1114/1114 1112/1112/1112
f 895/895/895 1491/1491/1491 1494/1494/1494
f 1494/1494/1494 1110/1110/1110 895/895/895
f 1109/1109/1109 896/896/896 895/895/895
f 895/895/895 1110/1110/1110 1109/1109/1109
f 891/891/891 894/894/894 895/895/895
f 895/895/895 896/896/896 891/891/891
f 1494/1494/1494 1111/1111/1111 1031/1031/1031
f 1031/1031/1031 1030/1030/1030 1494/1494/1494
f 1494/1494/1494 1030/1030/1030 1023/1023/1023
f 1023/1023/1023 1110/1110/1110 1494/1494/1494
f 1031/1031/1031 1111/1111/1111 1112/1112/1112
f 1112/1112/1112 1036/1036/1036 1031/1031/1031
f 1034/1034/1034 1029/1029/1029 1031/1031/1031
f 1031/1031/1031 1036/1036/1036 1034/1034/1034
f 1028/1028/1028 1030/1030/1030 1031/1031/1031
f 1031/1031/1031 1029/1029/1029 1028/1028/1028
f 1023/1023/1023 1030/1030/1030 1028/1028/1028
f 1028/1028/1028 1024/1024/1024 1023/1023/1023
f 1028/1028/1028 1027/1027/1027 1025/1025/1025
f 1025/1025/1025 1024/1024/1024 1028/1028/1028
f 1028/1028/1028 1029/1029/1029 1026/1026/1026
f 1026/1026/1026 1027/1027/1027 1028/1028/1028
f 3/3/3 8/8/8 9/9/9
f 13/13/13 12/12/12 724/724/724
f 1481/1481/1481 856/856/856 13/13/13
f 13/13/13 725/725/725 1481/1481/1481
f 855/855/855 14/14/14 13/13/13
f 13/13/13 856/856/856 855/855/855
f 724/724/724 725/725/725 13/13/13
f 724/724/724 671/671/671 670/670/670
f 670/670/670 725/725/725 724/724/724
f 724/724/724 723/723/723 65/65/65
f 65/65/65 671/671/671 724/724/724
f 65/65/65 723/723/723 722/722/722
f 722/722/722 66/66/66 65/65/65
f 669/669/669 671/671/671 65/65/65
f 65/65/65 68/68/68 669/669/669
f 67/67/67 68/68/68 65/65/65
f 65/65/65 66/66/66 67/67/67
f 670/670/670 671/671/671 669/669/669
f 1481/1481/1481 725/725/725 670/670/670
f 670/670/670 1446/1446/1446 1481/1481/1481
f 1445/1445/1445 1446/1446/1446 670/670/670
f 670/670/670 668/668/668 1445/1445/1445
f 669/669/669 668/668/668 670/670/670
f 669/669/669 68/68/68 56/56/56
f 56/56/56 90/90/90 669/669/669
f 669/669/669 90/90/90 94/94/94
f 94/94/94 668/668/668 669/669/669
f 56/56/56 68/68/68 67/67/67
f 89/89/89 90/90/90 56/56/56
f 56/56/56 59/59/59 89/89/89
f 67/67/67 57/57/57 56/56/56
f 58/58/58 59/59/59 56/56/56
f 56/56/56 57/57/57 58/58/58
f 94/94/94 90/90/90 89/89/89
f 924/924/924 927/927/927 928/928/928
f 1136/1136/1136 1135/1135/1135 1512/1512/1512
f 1512/1512/1512 1513/1513/1513 1136/1136/1136
f 1512/1512/1512 1255/1255/1255 1254/1254/1254
f 1254/1254/1254 1513/1513/1513 1512/1512/1512
f 1254/1254/1254 1255/1255/1255 1252/1252/1252
f 1252/1252/1252 1253/1253/1253 1254/1254/1254
f 1252/1252/1252 927/927/927 926/926/926
f 926/926/926 1251/1251/1251 1252/1252/1252
f 926/926/926 927/927/927 924/924/924
f 1489/1489/1489 1487/1487/1487 926/926/926
f 926/926/926 923/923/923 1489/1489/1489
f 1486/1486/1486 1251/1251/1251 926/926/926
f 926/926/926 1487/1487/1487 1486/1486/1486
f 924/924/924 923/923/923 926/926/926
f 924/924/924 925/925/925 922/922/922
f 922/922/922 923/923/923 924/924/924
f 1489/1489/1489 923/923/923 922/922/922
f 922/922/922 1114/1114/1114 1489/1489/1489
f 1112/1112/1112 1114/1114/1114 922/922/922
f 922/922/922 937/937/937 1112/1112/1112
f 936/936/936 937/937/937 922/922/922
f 922/922/922 925/925/925 936/936/936
f 1112/1112/1112 937/937/937 939/939/939
f 939/939/939 1036/1036/1036 1112/1112/1112
f 939/939/939 937/937/937 936/936/936
f 936/936/936 938/938/938 939/939/939
f 936/936/936 932/932/932 931/931/931
f 931/931/931 938/938/938 936/936/936
f 1403/1403/1403 1035/1035/1035 939/939/939
f 939/939/939 938/938/938 1403/1403/1403
f 1034/1034/1034 1036/1036/1036 939/939/939
f 939/939/939 1035/1035/1035 1034/1034/1034
f 897/897/897 892/892/892 891/891/891
f 900/900/900 902/902/902 903/903/903
f 903/903/903 901/901/901 900/900/900
f 900/900/900 899/899/899 889/889/889
f 889/889/889 892/892/892 900/900/900
f 900/900/900 901/901/901 898/898/898
f 898/898/898 899/899/899 900/900/900
f 891/891/891 892/892/892 889/889/889
f 889/889/889 890/890/890 891/891/891
f 1445/1445/1445 919/919/919 889/889/889
f 889/889/889 899/899/899 1445/1445/1445
f 920/920/920 890/890/890 889/889/889
f 889/889/889 919/919/919 920/920/920
f 1445/1445/1445 899/899/899 898/898/898
f 898/898/898 1446/1446/1446 1445/1445/1445
f 1481/1481/1481 1446/1446/1446 898/898/898
f 898/898/898 1480/1480/1480 1481/1481/1481
f 1479/1479/1479 1480/1480/1480 898/898/898
f 898/898/898 901/901/901 1479/1479/1479
f 1479/1479/1479 901/901/901 903/903/903
f 903/903/903 1389/1389/1389 1479/1479/1479
f 1479/1479/1479 850/850/850 849/849/849
f 849/849/849 1480/1480/1480 1479/1479/1479
f 1479/1479/1479 1389/1389/1389 851/851/851
f 851/851/851 850/850/850 1479/1479/1479
f 1481/1481/1481 1480/1480/1480 849/849/849
f 849/849/849 856/856/856 1481/1481/1481
f 855/855/855 856/856/856 849/849/849
f 849/849/849 846/846/846 855/855/855
f 847/847/847 846/846/846 849/849/849
f 849/849/849 850/850/850 847/847/847
f 847/847/847 850/850/850 851/851/851
f 851/851/851 852/852/852 847/847/847
f 847/847/847 852/852/852 853/853/853
f 853/853/853 848/848/848 847/847/847
f 847/847/847 848/848/848 845/845/845
f 845/845/845 846/846/846 847/847/847
f 1504/1504/1504 759/759/759 756/756/756
f 756/756/756 1503/1503/1503 1504/1504/1504
f 758/758/758 757/757/757 756/756/756
f 756/756/756 759/759/759 758/758/758
f 1504/1504/1504 1503/1503/1503 863/863/863
f 1504/1504/1504 1505/1505/1505 760/760/760
f 760/760/760 759/759/759 1504/1504/1504
f 1504/1504/1504 948/948/948 947/947/947
f 947/947/947 1505/1505/1505 1504/1504/1504
f 863/863/863 948/948/948 1504/1504/1504
f 758/758/758 759/759/759 760/760/760
f 758/758/758 761/761/761 122/122/122
f 122/122/122 121/121/121 758/758/758
f 760/760/760 761/761/761 758/758/758
f 758/758/758 121/121/121 22/22/22
f 22/22/22 757/757/757 758/758/758
f 1506/1506/1506 763/763/763 760/760/760
f 760/760/760 1505/1505/1505 1506/1506/1506
f 762/762/762 761/761/761 760/760/760
f 760/760/760 763/763/763 762/762/762
f 1506/1506/1506 1505/1505/1505 947/947/947
f 1506/1506/1506 951/951/951 128/128/128
f 128/128/128 763/763/763 1506/1506/1506
f 947/947/947 951/951/951 1506/1506/1506
f 762/762/762 763/763/763 128/128/128
f 128/128/128 127/127/127 762/762/762
f 762/762/762 127/127/127 122/122/122
f 122/122/122 761/761/761 762/762/762
f 950/950/950 129/129/129 128/128/128
f 559/559/559 558/558/558 583/583/583
f 577/577/577 578/578/578 553/553/553
f 553/553/553 552/552/552 577/577/577
f 556/556/556 554/554/554 553/553/553
f 553/553/553 558/558/558 556/556/556
f 556/556/556 558/558/558 559/559/559
f 556/556/556 560/560/560 561/561/561
f 561/561/561 557/557/557 556/556/556
f 559/559/559 560/560/560 556/556/556
f 556/556/556 557/557/557 555/555/555
f 555/555/555 554/554/554 556/556/556
f 587/587/587 564/564/564 559/559/559
f 559/559/559 584/584/584 587/587/587
f 562/562/562 560/560/560 559/559/559
f 559/559/559 564/564/564 562/562/562
f 561/561/561 560/560/560 562/562/562
f 562/562/562 563/563/563 561/561/561
f 562/562/562 566/566/566 567/567/567
f 567/567/567 563/563/563 562/562/562
f 562/562/562 564/564/564 565/565/565
f 565/565/565 566/566/566 562/562/562
f 565/565/565 564/564/564 587/587/587
f 587/587/587 588/588/588 565/565/565
f 85/85/85 88/88/88 87/87/87
f 87/87/87 70/70/70 69/69/69
f 69/69/69 86/86/86 87/87/87
f 69/69/69 70/70/70 67/67/67
f 722/722/722 596/596/596 69/69/69
f 69/69/69 66/66/66 722/722/722
f 67/67/67 66/66/66 69/69/69
f 722/722/722 8/8/8 7/7/7
f 7/7/7 596/596/596 722/722/722
f 7/7/7 8/8/8 3/3/3
f 3/3/3 6/6/6 7/7/7
f 3/3/3 2/2/2 5/5/5
f 5/5/5 6/6/6 3/3/3
f 290/290/290 215/215/215 114/114/114
f 114/114/114 112/112/112 290/290/290
f 113/113/113 112/112/112 114/114/114
f 114/114/114 115/115/115 113/113/113
f 290/290/290 292/292/292 293/293/293
f 293/293/293 291/291/291 290/290/290
f 290/290/290 112/112/112 95/95/95
f 95/95/95 292/292/292 290/290/290
f 741/741/741 291/291/291 293/293/293
f 293/293/293 736/736/736 741/741/741
f 737/737/737 736/736/736 293/293/293
f 293/293/293 735/735/735 737/737/737
f 734/734/734 735/735/735 293/293/293
f 293/293/293 292/292/292 734/734/734
f 734/734/734 292/292/292 95/95/95
f 95/95/95 98/98/98 734/734/734
f 113/113/113 96/96/96 95/95/95
f 95/95/95 112/112/112 113/113/113
f 97/97/97 98/98/98 95/95/95
f 95/95/95 96/96/96 97/97/97
f 113/113/113 107/107/107 99/99/99
f 99/99/99 96/96/96 113/113/113
f 113/113/113 115/115/115 104/104/104
f 104/104/104 107/107/107 113/113/113
f 97/97/97 96/96/96 99/99/99
f 97/97/97 100/100/100 101/101/101
f 101/101/101 102/102/102 97/97/97
f 99/99/99 100/100/100 97/97/97
f 101/101/101 100/100/100 313/313/313
f 60/60/60 57/57/57 67/67/67
f 289/289/289 88/88/88 85/85/85
f 85/85/85 204/204/204 289/289/289
f 289/289/289 204/204/204 203/203/203
f 203/203/203 288/288/288 289/289/289
f 741/741/741 288/288/288 203/203/203
f 203/203/203 210/210/210 741/741/741
f 207/207/207 210/210/210 203/203/203
f 203/203/203 202/202/202 207/207/207
f 200/200/200 202/202/202 203/203/203
f 203/203/203 204/204/204 200/200/200
f 200/200/200 204/204/204 85/85/85
f 85/85/85 84/84/84 200/200/200
f 200/200/200 199/199/199 201/201/201
f 201/201/201 202/202/202 200/200/200
f 200/200/200 84/84/84 79/79/79
f 79/79/79 199/199/199 200/200/200
f 207/207/207 202/202/202 201/201/201
f 201/201/201 208/208/208 207/207/207
f 207/207/207 208/208/208 205/205/205
f 766/766/766 456/456/456 201/201/201
f 201/201/201 199/199/199 766/766/766
f 455/455/455 270/270/270 201/201/201
f 201/201/201 456/456/456 455/455/455
f 268/268/268 263/263/263 201/201/201
f 201/201/201 270/270/270 268/268/268
f 262/262/262 208/208/208 201/201/201
f 201/201/201 263/263/263 262/262/262
f 766/766/766 199/199/199 79/79/79
f 766/766/766 767/767/767 453/453/453
f 453/453/453 456/456/456 766/766/766
f 766/766/766 78/78/78 77/77/77
f 77/77/77 767/767/767 766/766/766
f 79/79/79 78/78/78 766/766/766
f 1025/1025/1025 1021/1021/1021 1020/1020/1020
f 1508/1508/1508 1265/1265/1265 453/453/453
f 1508/1508/1508 909/909/909 908/908/908
f 908/908/908 1021/1021/1021 1508/1508/1508
f 1508/1508/1508 767/767/767 77/77/77
f 77/77/77 909/909/909 1508/1508/1508
f 453/453/453 767/767/767 1508/1508/1508
f 1020/1020/1020 1021/1021/1021 908/908/908
f 1020/1020/1020 1022/1022/1022 1023/1023/1023
f 1023/1023/1023 1024/1024/1024 1020/1020/1020
f 1020/1020/1020 915/915/915 914/914/914
f 914/914/914 1022/1022/1022 1020/1020/1020
f 908/908/908 915/915/915 1020/1020/1020
f 912/912/912 915/915/915 908/908/908
f 908/908/908 905/905/905 912/912/912
f 906/906/906 905/905/905 908/908/908
f 908/908/908 909/909/909 906/906/906
f 906/906/906 909/909/909 77/77/77
f 906/906/906 76/76/76 75/75/75
f 75/75/75 907/907/907 906/906/906
f 77/77/77 76/76/76 906/906/906
f 906/906/906 907/907/907 904/904/904
f 904/904/904 905/905/905 906/906/906
f 912/912/912 905/905/905 904/904/904
f 1391/1391/1391 970/970/970 904/904/904
f 904/904/904 907/907/907 1391/1391/1391
f 969/969/969 913/913/913 904/904/904
f 904/904/904 970/970/970 969/969/969
f 904/904/904 913/913/913 912/912/912
f 1391/1391/1391 907/907/907 75/75/75
f 1391/1391/1391 602/602/602 601/601/601
f 601/601/601 1392/1392/1392 1391/1391/1391
f 75/75/75 602/602/602 1391/1391/1391
f 1391/1391/1391 1392/1392/1392 967/967/967
f 967/967/967 970/970/970 1391/1391/1391
f 969/969/969 970/970/970 967/967/967
f 600/600/600 599/599/599 601/601/601
f 600/600/600 602/602/602 75/75/75
f 75/75/75 72/72/72 600/600/600
f 601/601/601 602/602/602 600/600/600
f 73/73/73 72/72/72 75/75/75
f 75/75/75 76/76/76 73/73/73
f 73/73/73 78/78/78 79/79/79
f 79/79/79 74/74/74 73/73/73
f 73/73/73 76/76/76 77/77/77
f 77/77/77 78/78/78 73/73/73
f 82/82/82 74/74/74 79/79/79
f 79/79/79 84/84/84 82/82/82
f 82/82/82 84/84/84 85/85/85
f 85/85/85 83/83/83 82/82/82
f 87/87/87 83/83/83 85/85/85
f 1294/1294/1294 1297/1297/1297 1298/1298/1298
f 1294/1294/1294 1293/1293/1293 1296/1296/1296
f 1296/1296/1296 1297/1297/1297 1294/1294/1294
f 1294/1294/1294 1295/1295/1295 1292/1292/1292
f 1292/1292/1292 1293/1293/1293 1294/1294/1294
f 1292/1292/1292 1295/1295/1295 1509/1509/1509
f 1536/1536/1536 1293/1293/1293 1292/1292/1292
f 1292/1292/1292 1460/1460/1460 1536/1536/1536
f 1509/1509/1509 1461/1461/1461 1292/1292/1292
f 1459/1459/1459 1460/1460/1460 1292/1292/1292
f 1292/1292/1292 1461/1461/1461 1459/1459/1459
f 1296/1296/1296 1293/1293/1293 1536/1536/1536
f 1538/1538/1538 1525/1525/1525 1296/1296/1296
f 1296/1296/1296 1537/1537/1537 1538/1538/1538
f 1536/1536/1536 1537/1537/1537 1296/1296/1296
f 1523/1523/1523 1524/1524/1524 1296/1296/1296
f 1296/1296/1296 1525/1525/1525 1523/1523/1523
f 1536/1536/1536 1259/1259/1259 1258/1258/1258
f 1258/1258/1258 1537/1537/1537 1536/1536/1536
f 1536/1536/1536 1460/1460/1460 1260/1260/1260
f 1260/1260/1260 1259/1259/1259 1536/1536/1536
f 1260/1260/1260 1460/1460/1460 1459/1459/1459
f 1459/1459/1459 1458/1458/1458 1260/1260/1260
f 1457/1457/1457 1261/1261/1261 1260/1260/1260
f 1260/1260/1260 1458/1458/1458 1457/1457/1457
f 1257/1257/1257 1259/1259/1259 1260/1260/1260
f 1260/1260/1260 1261/1261/1261 1257/1257/1257
f 1258/1258/1258 1259/1259/1259 1257/1257/1257
f 1257/1257/1257 1261/1261/1261 1143/1143/1143
f 1143/1143/1143 1140/1140/1140 1257/1257/1257
f 1257/1257/1257 1256/1256/1256 1258/1258/1258
f 1257/1257/1257 1140/1140/1140 1139/1139/1139
f 1139/1139/1139 1256/1256/1256 1257/1257/1257
f 1143/1143/1143 1261/1261/1261 1457/1457/1457
f 1457/1457/1457 1456/1456/1456 1143/1143/1143
f 1141/1141/1141 1140/1140/1140 1143/1143/1143
f 1143/1143/1143 1144/1144/1144 1141/1141/1141
f 1139/1139/1139 1140/1140/1140 1141/1141/1141
f 1141/1141/1141 1144/1144/1144 1145/1145/1145
f 1145/1145/1145 1142/1142/1142 1141/1141/1141
f 1141/1141/1141 1142/1142/1142 1139/1139/1139
f 1387/1387/1387 1142/1142/1142 1145/1145/1145
f 1145/1145/1145 1198/1198/1198 1387/1387/1387
f 1193/1193/1193 1198/1198/1198 1145/1145/1145
f 1145/1145/1145 1194/1194/1194 1193/1193/1193
f 1139/1139/1139 1142/1142/1142 1387/1387/1387
f 1401/1401/1401 1256/1256/1256 1139/1139/1139
f 1139/1139/1139 1329/1329/1329 1401/1401/1401
f 1387/1387/1387 1331/1331/1331 1139/1139/1139
f 1330/1330/1330 1329/1329/1329 1139/1139/1139
f 1139/1139/1139 1331/1331/1331 1330/1330/1330
f 1387/1387/1387 1367/1367/1367 1276/1276/1276
f 1276/1276/1276 1331/1331/1331 1387/1387/1387
f 1387/1387/1387 1198/1198/1198 1197/1197/1197
f 1197/1197/1197 1367/1367/1367 1387/1387/1387
f 1197/1197/1197 1198/1198/1198 1193/1193/1193
f 1386/1386/1386 1368/1368/1368 1197/1197/1197
f 1197/1197/1197 1196/1196/1196 1386/1386/1386
f 1366/1366/1366 1367/1367/1367 1197/1197/1197
f 1197/1197/1197 1368/1368/1368 1366/1366/1366
f 1193/1193/1193 1196/1196/1196 1197/1197/1197
f 1276/1276/1276 1367/1367/1367 1366/1366/1366
f 1366/1366/1366 1368/1368/1368 1177/1177/1177
f 1177/1177/1177 1250/1250/1250 1366/1366/1366
f 1366/1366/1366 1281/1281/1281 1276/1276/1276
f 1366/1366/1366 1250/1250/1250 1249/1249/1249
f 1249/1249/1249 1281/1281/1281 1366/1366/1366
f 1177/1177/1177 1368/1368/1368 1386/1386/1386
f 1386/1386/1386 1240/1240/1240 1177/1177/1177
f 1246/1246/1246 1250/1250/1250 1177/1177/1177
f 1177/1177/1177 1176/1176/1176 1246/1246/1246
f 1239/1239/1239 1231/1231/1231 1177/1177/1177
f 1177/1177/1177 1240/1240/1240 1239/1239/1239
f 1230/1230/1230 1172/1172/1172 1177/1177/1177
f 1177/1177/1177 1231/1231/1231 1230/1230/1230
f 1171/1171/1171 1176/1176/1176 1177/1177/1177
f 1177/1177/1177 1172/1172/1172 1171/1171/1171
f 1249/1249/1249 1250/1250/1250 1246/1246/1246
f 1280/1280/1280 1281/1281/1281 1249/1249/1249
f 1249/1249/1249 1279/1279/1279 1280/1280/1280
f 1246/1246/1246 1248/1248/1248 1249/1249/1249
f 1276/1276/1276 1281/1281/1281 1280/1280/1280
f 1280/1280/1280 1277/1277/1277 1276/1276/1276
f 1280/1280/1280 1279/1279/1279 1278/1278/1278
f 1278/1278/1278 1277/1277/1277 1280/1280/1280
f 1274/1274/1274 1277/1277/1277 1278/1278/1278
f 1345/1345/1345 1344/1344/1344 1349/1349/1349
f 1341/1341/1341 1344/1344/1344 1345/1345/1345
f 1345/1345/1345 1346/1346/1346 1341/1341/1341
f 1352/1352/1352 1353/1353/1353 1349/1349/1349
f 1380/1380/1380 1375/1375/1375 1352/1352/1352
f 1352/1352/1352 1359/1359/1359 1380/1380/1380
f 1355/1355/1355 1359/1359/1359 1352/1352/1352
f 1352/1352/1352 1351/1351/1351 1355/1355/1355
f 1349/1349/1349 1351/1351/1351 1352/1352/1352
f 1349/1349/1349 1348/1348/1348 1350/1350/1350
f 1350/1350/1350 1351/1351/1351 1349/1349/1349
f 1349/1349/1349 1344/1344/1344 1343/1343/1343
f 1343/1343/1343 1348/1348/1348 1349/1349/1349
f 1343/1343/1343 1344/1344/1344 1341/1341/1341
f 1341/1341/1341 1340/1340/1340 1343/1343/1343
f 1355/1355/1355 1351/1351/1351 1350/1350/1350
f 1350/1350/1350 1354/1354/1354 1355/1355/1355
f 1355/1355/1355 1357/1357/1357 1358/1358/1358
f 1358/1358/1358 1359/1359/1359 1355/1355/1355
f 1355/1355/1355 1354/1354/1354 1356/1356/1356
f 1356/1356/1356 1357/1357/1357 1355/1355/1355
f 1380/1380/1380 1359/1359/1359 1358/1358/1358
f 1358/1358/1358 1379/1379/1379 1380/1380/1380
f 39/39/39 38/38/38 117/117/117
f 117/117/117 116/116/116 20/20/20
f 20/20/20 17/17/17 117/117/117
f 117/117/117 38/38/38 37/37/37
f 37/37/37 116/116/116 117/117/117
f 660/660/660 34/34/34 39/39/39
f 39/39/39 661/661/661 660/660/660
f 33/33/33 38/38/38 39/39/39
f 39/39/39 34/34/34 33/33/33
f 37/37/37 38/38/38 33/33/33
f 33/33/33 36/36/36 37/37/37
f 33/33/33 32/32/32 35/35/35
f 35/35/35 36/36/36 33/33/33
f 33/33/33 34/34/34 31/31/31
f 31/31/31 32/32/32 33/33/33
f 31/31/31 34/34/34 660/660/660
f 664/664/664 49/49/49 31/31/31
f 31/31/31 663/663/663 664/664/664
f 660/660/660 663/663/663 31/31/31
f 48/48/48 32/32/32 31/31/31
f 31/31/31 49/49/49 48/48/48
f 35/35/35 32/32/32 48/48/48
f 48/48/48 51/51/51 35/35/35
f 48/48/48 47/47/47 50/50/50
f 50/50/50 51/51/51 48/48/48
f 48/48/48 49/49/49 46/46/46
f 46/46/46 47/47/47 48/48/48
f 46/46/46 49/49/49 664/664/664
f 664/664/664 667/667/667 46/46/46
f 664/664/664 665/665/665 666/666/666
f 666/666/666 667/667/667 664/664/664
f 664/664/664 663/663/663 662/662/662
f 662/662/662 665/665/665 664/664/664
f 662/662/662 663/663/663 660/660/660
f 1026/1026/1026 1029/1029/1029 1034/1034/1034
f 1107/1107/1107 1085/1085/1085 1026/1026/1026
f 1026/1026/1026 1033/1033/1033 1107/1107/1107
f 1083/1083/1083 1027/1027/1027 1026/1026/1026
f 1026/1026/1026 1085/1085/1085 1083/1083/1083
f 1034/1034/1034 1033/1033/1033 1026/1026/1026
f 1025/1025/1025 1027/1027/1027 1083/1083/1083
f 1083/1083/1083 1085/1085/1085 1086/1086/1086
f 1086/1086/1086 1084/1084/1084 1083/1083/1083
f 1083/1083/1083 1082/1082/1082 1025/1025/1025
f 1083/1083/1083 1084/1084/1084 1081/1081/1081
f 1081/1081/1081 1082/1082/1082 1083/1083/1083
f 1086/1086/1086 1085/1085/1085 1107/1107/1107
f 1107/1107/1107 1108/1108/1108 1086/1086/1086
f 1107/1107/1107 1103/1103/1103 1102/1102/1102
f 1102/1102/1102 1108/1108/1108 1107/1107/1107
f 1107/1107/1107 1033/1033/1033 1032/1032/1032
f 1032/1032/1032 1103/1103/1103 1107/1107/1107
f 1032/1032/1032 1033/1033/1033 1034/1034/1034
f 1403/1403/1403 1106/1106/1106 1032/1032/1032
f 1032/1032/1032 1035/1035/1035 1403/1403/1403
f 1104/1104/1104 1103/1103/1103 1032/1032/1032
f 1032/1032/1032 1106/1106/1106 1104/1104/1104
f 1034/1034/1034 1035/1035/1035 1032/1032/1032
f 1102/1102/1102 1103/1103/1103 1104/1104/1104
f 1104/1104/1104 1105/1105/1105 1102/1102/1102
f 1104/1104/1104 1094/1094/1094 1093/1093/1093
f 1093/1093/1093 1105/1105/1105 1104/1104/1104
f 1104/1104/1104 1106/1106/1106 1097/1097/1097
f 10/10/10 11/11/11 1/1/1
f 1/1/1 4/4/4 10/10/10
f 3/3/3 4/4/4 1/1/1
f 1/1/1 2/2/2 3/3/3
f 10/10/10 14/14/14 15/15/15
f 15/15/15 11/11/11 10/10/10
f 10/10/10 12/12/12 13/13/13
f 13/13/13 14/14/14 10/10/10
f 10/10/10 4/4/4 9/9/9
f 9/9/9 12/12/12 10/10/10
f 9/9/9 4/4/4 3/3/3
f 724/724/724 12/12/12 9/9/9
f 9/9/9 723/723/723 724/724/724
f 722/722/722 723/723/723 9/9/9
f 9/9/9 8/8/8 722/722/722
f 1441/1441/1441 1444/1444/1444 662/662/662
f 662/662/662 1440/1440/1440 1441/1441/1441
f 1439/1439/1439 1440/1440/1440 662/662/662
f 662/662/662 659/659/659 1439/1439/1439
f 660/660/660 659/659/659 662/662/662
f 660/660/660 661/661/661 658/658/658
f 658/658/658 659/659/659 660/660/660
f 1439/1439/1439 659/659/659 658/658/658
f 1447/1447/1447 1438/1438/1438 658/658/658
f 658/658/658 672/672/672 1447/1447/1447
f 658/658/658 1438/1438/1438 1439/1439/1439
f 1439/1439/1439 870/870/870 869/869/869
f 869/869/869 1440/1440/1440 1439/1439/1439
f 1439/1439/1439 1438/1438/1438 873/873/873
f 873/873/873 870/870/870 1439/1439/1439
f 1441/1441/1441 1440/1440/1440 869/869/869
f 869/869/869 882/882/882 1441/1441/1441
f 883/883/883 882/882/882 869/869/869
f 869/869/869 872/872/872 883/883/883
f 871/871/871 872/872/872 869/869/869
f 869/869/869 870/870/870 871/871/871
f 871/871/871 870/870/870 873/873/873
f 871/871/871 876/876/876 877/877/877
f 877/877/877 872/872/872 871/871/871
f 871/871/871 874/874/874 875/875/875
f 875/875/875 876/876/876 871/871/871
f 873/873/873 874/874/874 871/871/871
f 883/883/883 872/872/872 877/877/877
f 883/883/883 885/885/885 886/886/886
f 886/886/886 884/884/884 883/883/883
f 877/877/877 885/885/885 883/883/883
f 883/883/883 884/884/884 881/881/881
f 881/881/881 882/882/882 883/883/883
f 1441/1441/1441 882/882/882 881/881/881
f 881/881/881 1442/1442/1442 1441/1441/1441
f 1441/1441/1441 1442/1442/1442 1443/1443/1443
f 1443/1443/1443 1444/1444/1444 1441/1441/1441
f 1472/1472/1472 1473/1473/1473 1470/1470/1470
f 1470/1470/1470 1471/1471/1471 1472/1472/1472
f 1472/1472/1472 1477/1477/1477 1478/1478/1478
f 1478/1478/1478 1473/1473/1473 1472/1472/1472
f 1472/1472/1472 1475/1475/1475 1476/1476/1476
f 1476/1476/1476 1477/1477/1477 1472/1472/1472
f 1472/1472/1472 1471/1471/1471 1474/1474/1474
f 1474/1474/1474 1475/1475/1475 1472/1472/1472
f 715/715/715 716/716/716 713/713/713
f 713/713/713 714/714/714 715/715/715
f 715/715/715 720/720/720 721/721/721
f 721/721/721 716/716/716 715/715/715
f 715/715/715 718/718/718 719/719/719
f 719/719/719 720/720/720 715/715/715
f 715/715/715 714/714/714 717/717/717
f 717/717/717 718/718/718 715/715/715
f 611/611/611 536/536/536 318/318/318
f 318/318/318 442/442/442 611/611/611
f 595/595/595 319/319/319 318/318/318
f 318/318/318 537/537/537 595/595/595
f 535/535/535 537/537/537 318/318/318
f 318/318/318 536/536/536 535/535/535
f 441/441/441 442/442/442 318/318/318
f 318/318/318 321/321/321 441/441/441
f 320/320/320 321/321/321 318/318/318
f 318/318/318 319/319/319 320/320/320
f 611/611/611 540/540/540 519/519/519
f 519/519/519 536/536/536 611/611/611
f 611/611/611 612/612/612 486/486/486
f 486/486/486 540/540/540 611/611/611
f 611/611/611 442/442/442 446/446/446
f 146/146/146 149/149/149 607/607/607
f 146/146/146 599/599/599 600/600/600
f 607/607/607 149/149/149 151/151/151
f 607/607/607 608/608/608 609/609/609
f 609/609/609 610/610/610 607/607/607
f 607/607/607 311/311/311 310/310/310
f 310/310/310 608/608/608 607/607/607
f 151/151/151 311/311/311 607/607/607
f 309/309/309 311/311/311 151/151/151
f 151/151/151 152/152/152 309/309/309
f 310/310/310 311/311/311 309/309/309
f 309/309/309 308/308/308 310/310/310
f 309/309/309 152/152/152 135/135/135
f 135/135/135 299/299/299 309/309/309
f 309/309/309 299/299/299 298/298/298
f 298/298/298 308/308/308 309/309/309
f 296/296/296 299/299/299 135/135/135
f 135/135/135 132/132/132 296/296/296
f 298/298/298 299/299/299 296/296/296
f 296/296/296 295/295/295 298/298/298
f 296/296/296 132/132/132 131/131/131
f 131/131/131 297/297/297 296/296/296
f 296/296/296 297/297/297 294/294/294
f 294/294/294 295/295/295 296/296/296
f 302/302/302 297/297/297 131/131/131
f 131/131/131 141/141/141 302/302/302
f 294/294/294 297/297/297 302/302/302
f 302/302/302 301/301/301 294/294/294
f 302/302/302 141/141/141 145/145/145
f 1403/1403/1403 938/938/938 931/931/931
f 931/931/931 1336/1336/1336 1403/1403/1403
f 933/933/933 934/934/934 931/931/931
f 931/931/931 932/932/932 933/933/933
f 933/933/933 109/109/109 108/108/108
f 108/108/108 934/934/934 933/933/933
f 108/108/108 109/109/109 106/106/106
f 543/543/543 546/546/546 108/108/108
f 108/108/108 105/105/105 543/543/543
f 106/106/106 105/105/105 108/108/108
f 106/106/106 107/107/107 104/104/104
f 104/104/104 105/105/105 106/106/106
f 543/543/543 105/105/105 104/104/104
f 104/104/104 544/544/544 543/543/543
f 1097/1097/1097 1094/1094/1094 1104/1104/1104
f 1097/1097/1097 1106/1106/1106 1403/1403/1403
f 1496/1496/1496 1498/1498/1498 1097/1097/1097
f 1097/1097/1097 1338/1338/1338 1496/1496/1496
f 1403/1403/1403 1336/1336/1336 1097/1097/1097
f 1337/1337/1337 1338/1338/1338 1097/1097/1097
f 1097/1097/1097 1336/1336/1336 1337/1337/1337
f 1095/1095/1095 1094/1094/1094 1097/1097/1097
f 1097/1097/1097 1098/1098/1098 1095/1095/1095
f 1093/1093/1093 1094/1094/1094 1095/1095/1095
f 1095/1095/1095 1096/1096/1096 1093/1093/1093
f 1095/1095/1095 1100/1100/1100 1101/1101/1101
f 1101/1101/1101 1096/1096/1096 1095/1095/1095
f 1095/1095/1095 1098/1098/1098 1099/1099/1099
f 1099/1099/1099 1100/1100/1100 1095/1095/1095
f 1337/1337/1337 546/546/546 545/545/545
f 545/545/545 1338/1338/1338 1337/1337/1337
f 1337/1337/1337 934/934/934 108/108/108
f 108/108/108 546/546/546 1337/1337/1337
f 1337/1337/1337 1336/1336/1336 931/931/931
f 931/931/931 934/934/934 1337/1337/1337
f 1496/1496/1496 1338/1338/1338 545/545/545
f 545/545/545 743/743/743 1496/1496/1496
f 1496/1496/1496 1495/1495/1495 1497/1497/1497
f 1497/1497/1497 1498/1498/1498 1496/1496/1496
f 1496/1496/1496 743/743/743 742/742/742
f 742/742/742 1495/1495/1495 1496/1496/1496
f 744/744/744 743/743/743 545/545/545
f 545/545/545 542/542/542 744/744/744
f 543/543/543 542/542/542 545/545/545
f 545/545/545 546/546/546 543/543/543
f 742/742/742 743/743/743 744/744/744
f 744/744/744 745/745/745 742/742/742
f 744/744/744 746/746/746 747/747/747
f 747/747/747 745/745/745 744/744/744
f 744/744/744 542/542/542 280/280/280
f 280/280/280 746/746/746 744/744/744
f 280/280/280 542/542/542 543/543/543
f 613/613/613 285/285/285 280/280/280
f 280/280/280 544/544/544 613/613/613
f 543/543/543 544/544/544 280/280/280
f 283/283/283 275/275/275 280/280/280
f 280/280/280 285/285/285 283/283/283
f 274/274/274 279/279/279 280/280/280
f 280/280/280 275/275/275 274/274/274
f 613/613/613 212/212/212 211/211/211
f 211/211/211 285/285/285 613/613/613
f 613/613/613 115/115/115 114/114/114
f 114/114/114 212/212/212 613/613/613
f 613/613/613 544/544/544 104/104/104
f 104/104/104 115/115/115 613/613/613
f 283/283/283 285/285/285 211/211/211
f 211/211/211 284/284/284 283/283/283
f 283/283/283 282/282/282 272/272/272
f 272/272/272 275/275/275 283/283/283
f 283/283/283 284/284/284 281/281/281
f 281/281/281 282/282/282 283/283/283
f 274/274/274 275/275/275 272/272/272
f 272/272/272 273/273/273 274/274/274
f 274/274/274 273/273/273 276/276/276
f 274/274/274 277/277/277 278/278/278
f 278/278/278 279/279/279 274/274/274
f 276/276/276 277/277/277 274/274/274
f 287/287/287 286/286/286 281/281/281
f 281/281/281 284/284/284 287/287/287
f 287/287/287 214/214/214 205/205/205
f 205/205/205 265/265/265 287/287/287
f 287/287/287 284/284/284 211/211/211
f 211/211/211 214/214/214 287/287/287
f 287/287/287 265/265/265 264/264/264
f 264/264/264 286/286/286 287/287/287
f 205/205/205 214/214/214 213/213/213
f 213/213/213 214/214/214 211/211/211
f 211/211/211 212/212/212 213/213/213
f 213/213/213 206/206/206 205/205/205
f 213/213/213 215/215/215 209/209/209
f 209/209/209 206/206/206 213/213/213
f 213/213/213 212/212/212 114/114/114
f 114/114/114 215/215/215 213/213/213
f 207/207/207 206/206/206 209/209/209
f 205/205/205 206/206/206 207/207/207
f 741/741/741 210/210/210 209/209/209
f 209/209/209 291/291/291 741/741/741
f 290/290/290 291/291/291 209/209/209
f 209/209/209 215/215/215 290/290/290
f 209/209/209 210/210/210 207/207/207
f 1499/1499/1499 1264/1264/1264 965/965/965
f 965/965/965 964/964/964 1499/1499/1499
f 1499/1499/1499 748/748/748 451/451/451
f 451/451/451 1264/1264/1264 1499/1499/1499
f 962/962/962 964/964/964 965/965/965
f 1262/1262/1262 966/966/966 965/965/965
f 965/965/965 1264/1264/1264 1262/1262/1262
f 965/965/965 966/966/966 962/962/962
f 1262/1262/1262 1264/1264/1264 451/451/451
f 1262/1262/1262 450/450/450 449/449/449
f 449/449/449 1263/1263/1263 1262/1262/1262
f 451/451/451 450/450/450 1262/1262/1262
f 1262/1262/1262 1263/1263/1263 956/956/956
f 956/956/956 966/966/966 1262/1262/1262
f 749/749/749 452/452/452 451/451/451
f 451/451/451 748/748/748 749/749/749
f 448/448/448 450/450/450 451/451/451
f 451/451/451 452/452/452 448/448/448
f 449/449/449 450/450/450 448/448/448
f 448/448/448 447/447/447 449/449/449
f 448/448/448 452/452/452 143/143/143
f 143/143/143 142/142/142 448/448/448
f 448/448/448 142/142/142 139/139/139
f 139/139/139 447/447/447 448/448/448
f 143/143/143 452/452/452 749/749/749
f 749/749/749 144/144/144 143/143/143
f 140/140/140 142/142/142 143/143/143
f 143/143/143 144/144/144 140/140/140
f 139/139/139 142/142/142 140/140/140
f 140/140/140 144/144/144 145/145/145
f 145/145/145 141/141/141 140/140/140
f 140/140/140 134/134/134 139/139/139
f 140/140/140 141/141/141 131/131/131
f 131/131/131 134/134/134 140/140/140
f 726/726/726 727/727/727 139/139/139
f 139/139/139 138/138/138 726/726/726
f 133/133/133 138/138/138 139/139/139
f 139/139/139 134/134/134 133/133/133
f 133/133/133 134/134/134 131/131/131
f 133/133/133 136/136/136 137/137/137
f 137/137/137 138/138/138 133/133/133
f 133/133/133 132/132/132 135/135/135
f 135/135/135 136/136/136 133/133/133
f 131/131/131 132/132/132 133/133/133
f 726/726/726 138/138/138 137/137/137
f 137/137/137 598/598/598 726/726/726
f 726/726/726 6/6/6 5/5/5
f 5/5/5 727/727/727 726/726/726
f 726/726/726 598/598/598 7/7/7
f 7/7/7 6/6/6 726/726/726
f 597/597/597 598/598/598 137/137/137
f 137/137/137 154/154/154 597/597/597
f 153/153/153 154/154/154 137/137/137
f 137/137/137 136/136/136 153/153/153
f 153/153/153 136/136/136 135/135/135
f 153/153/153 150/150/150 80/80/80
f 80/80/80 154/154/154 153/153/153
f 153/153/153 152/152/152 151/151/151
f 151/151/151 150/150/150 153/153/153
f 135/135/135 152/152/152 153/153/153
f 597/597/597 154/154/154 80/80/80
f 80/80/80 86/86/86 597/597/597
f 597/597/597 596/596/596 7/7/7
f 7/7/7 598/598/598 597/597/597
f 597/597/597 86/86/86 69/69/69
f 69/69/69 596/596/596 597/597/597
f 148/148/148 81/81/81 80/80/80
f 80/80/80 150/150/150 148/148/148
f 87/87/87 86/86/86 80/80/80
f 80/80/80 83/83/83 87/87/87
f 82/82/82 83/83/83 80/80/80
f 80/80/80 81/81/81 82/82/82
f 148/148/148 150/150/150 151/151/151
f 151/151/151 149/149/149 148/148/148
f 148/148/148 147/147/147 71/71/71
f 71/71/71 81/81/81 148/148/148
f 148/148/148 149/149/149 146/146/146
f 146/146/146 147/147/147 148/148/148
f 82/82/82 81/81/81 71/71/71
f 600/600/600 72/72/72 71/71/71
f 71/71/71 147/147/147 600/600/600
f 71/71/71 74/74/74 82/82/82
f 73/73/73 74/74/74 71/71/71
f 71/71/71 72/72/72 73/73/73
f 600/600/600 147/147/147 146/146/146
f 607/607/607 610/610/610 146/146/146
f 551/551/551 552/552/552 549/549/549
f 591/591/591 579/579/579 551/551/551
f 551/551/551 573/573/573 591/591/591
f 577/577/577 552/552/552 551/551/551
f 551/551/551 579/579/579 577/577/577
f 591/591/591 573/573/573 572/572/572
f 572/572/572 592/592/592 591/591/591
f 591/591/591 593/593/593 580/580/580
f 580/580/580 579/579/579 591/591/591
f 591/591/591 592/592/592 590/590/590
f 590/590/590 593/593/593 591/591/591
f 577/577/577 579/579/579 580/580/580
f 788/788/788 581/581/581 580/580/580
f 580/580/580 593/593/593 788/788/788
f 580/580/580 581/581/581 577/577/577
f 788/788/788 593/593/593 590/590/590
f 590/590/590 589/589/589 788/788/788
f 587/587/587 589/589/589 590/590/590
f 590/590/590 588/588/588 587/587/587
f 788/788/788 589/589/589 586/586/586
f 586/586/586 585/585/585 788/788/788
f 788/788/788 585/585/585 582/582/582
f 582/582/582 581/581/581 788/788/788
f 577/577/577 581/581/581 582/582/582
f 583/583/583 578/578/578 582/582/582
f 582/582/582 585/585/585 583/583/583
f 582/582/582 578/578/578 577/577/577
f 583/583/583 585/585/585 586/586/586
f 587/587/587 584/584/584 586/586/586
f 586/586/586 589/589/589 587/587/587
f 586/586/586 584/584/584 583/583/583
f 583/583/583 558/558/558 553/553/553
f 553/553/553 578/578/578 583/583/583
f 583/583/583 584/584/584 559/559/559
f 855/855/855 846/846/846 845/845/845
f 845/845/845 854/854/854 855/855/855
f 855/855/855 854/854/854 15/15/15
f 15/15/15 14/14/14 855/855/855
f 887/887/887 888/888/888 886/886/886
f 886/886/886 885/885/885 887/887/887
f 887/887/887 885/885/885 877/877/877
f 887/887/887 55/55/55 54/54/54
f 54/54/54 888/888/888 887/887/887
f 887/887/887 879/879/879 42/42/42
f 42/42/42 55/55/55 887/887/887
f 877/877/877 879/879/879 887/887/887
f 878/878/878 879/879/879 877/877/877
f 877/877/877 876/876/876 878/878/878
f 42/42/42 879/879/879 878/878/878
f 878/878/878 43/43/43 42/42/42
f 878/878/878 880/880/880 44/44/44
f 44/44/44 43/43/43 878/878/878
f 878/878/878 876/876/876 875/875/875
f 875/875/875 880/880/880 878/878/878
f 53/53/53 55/55/55 42/42/42
f 42/42/42 40/40/40 53/53/53
f 41/41/41 40/40/40 42/42/42
f 42/42/42 43/43/43 41/41/41
f 54/54/54 55/55/55 53/53/53
f 53/53/53 52/52/52 54/54/54
f 53/53/53 40/40/40 35/35/35
f 35/35/35 51/51/51 53/53/53
f 53/53/53 51/51/51 50/50/50
f 50/50/50 52/52/52 53/53/53
f 35/35/35 40/40/40 41/41/41
f 41/41/41 36/36/36 35/35/35
f 41/41/41 45/45/45 37/37/37
f 37/37/37 36/36/36 41/41/41
f 41/41/41 43/43/43 44/44/44
f 44/44/44 45/45/45 41/41/41
f 764/764/764 45/45/45 44/44/44
f 37/37/37 45/45/45 764/764/764
f 764/764/764 116/116/116 37/37/37
f 764/764/764 752/752/752 20/20/20
f 1120/1120/1120 1118/1118/1118 1117/1117/1117
f 1117/1117/1117 1116/1116/1116 952/952/952
f 952/952/952 955/955/955 1117/1117/1117
f 1117/1117/1117 1118/1118/1118 1115/1115/1115
f 1115/1115/1115 1116/1116/1116 1117/1117/1117
f 954/954/954 955/955/955 952/952/952
f 1123/1123/1123 961/961/961 952/952/952
f 952/952/952 1116/1116/1116 1123/1123/1123
f 962/962/962 953/953/953 952/952/952
f 952/952/952 961/961/961 962/962/962
f 952/952/952 953/953/953 954/954/954
f 1123/1123/1123 1116/1116/1116 1115/1115/1115
f 1115/1115/1115 1124/1124/1124 1123/1123/1123
f 1123/1123/1123 1122/1122/1122 963/963/963
f 963/963/963 961/961/961 1123/1123/1123
f 1123/1123/1123 1124/1124/1124 1121/1121/1121
f 1121/1121/1121 1122/1122/1122 1123/1123/1123
f 962/962/962 961/961/961 963/963/963
f 1499/1499/1499 964/964/964 963/963/963
f 963/963/963 1500/1500/1500 1499/1499/1499
f 1127/1127/1127 1126/1126/1126 963/963/963
f 963/963/963 1122/1122/1122 1127/1127/1127
f 963/963/963 964/964/964 962/962/962
f 1127/1127/1127 1122/1122/1122 1121/1121/1121
f 1121/1121/1121 1128/1128/1128 1127/1127/1127
f 1127/1127/1127 1128/1128/1128 1125/1125/1125
f 1125/1125/1125 1126/1126/1126 1127/1127/1127
f 1499/1499/1499 1500/1500/1500 750/750/750
f 750/750/750 748/748/748 1499/1499/1499
f 128/128/128 951/951/951 950/950/950
f 125/125/125 127/127/127 128/128/128
f 128/128/128 129/129/129 125/125/125
f 950/950/950 951/951/951 947/947/947
f 947/947/947 946/946/946 950/950/950
f 950/950/950 949/949/949 130/130/130
f 130/130/130 129/129/129 950/950/950
f 950/950/950 946/946/946 945/945/945
f 945/945/945 949/949/949 950/950/950
f 125/125/125 129/129/129 130/130/130
f 1450/1450/1450 678/678/678 130/130/130
f 130/130/130 949/949/949 1450/1450/1450
f 679/679/679 126/126/126 130/130/130
f 130/130/130 678/678/678 679/679/679
f 130/130/130 126/126/126 125/125/125
f 1450/1450/1450 949/949/949 945/945/945
f 1450/1450/1450 1448/1448/1448 674/674/674
f 674/674/674 678/678/678 1450/1450/1450
f 945/945/945 1448/1448/1448 1450/1450/1450
f 679/679/679 678/678/678 674/674/674
f 679/679/679 677/677/677 124/124/124
f 124/124/124 126/126/126 679/679/679
f 674/674/674 677/677/677 679/679/679
f 125/125/125 126/126/126 124/124/124
f 676/676/676 120/120/120 124/124/124
f 124/124/124 677/677/677 676/676/676
f 124/124/124 123/123/123 125/125/125
f 119/119/119 123/123/123 124/124/124
f 124/124/124 120/120/120 119/119/119
f 676/676/676 677/677/677 674/674/674
f 676/676/676 27/27/27 24/24/24
f 24/24/24 120/120/120 676/676/676
f 676/676/676 675/675/675 28/28/28
f 28/28/28 27/27/27 676/676/676
f 674/674/674 675/675/675 676/676/676
f 1449/1449/1449 675/675/675 674/674/674
f 674/674/674 1448/1448/1448 1449/1449/1449
f 28/28/28 675/675/675 1449/1449/1449
f 1449/1449/1449 868/868/868 28/28/28
f 867/867/867 29/29/29 28/28/28
f 28/28/28 868/868/868 867/867/867
f 25/25/25 27/27/27 28/28/28
f 28/28/28 29/29/29 25/25/25
f 24/24/24 27/27/27 25/25/25
f 25/25/25 29/29/29 30/30/30
f 30/30/30 26/26/26 25/25/25
f 25/25/25 19/19/19 24/24/24
f 30/30/30 29/29/29 867/867/867
f 1447/1447/1447 672/672/672 30/30/30
f 30/30/30 866/866/866 1447/1447/1447
f 867/867/867 866/866/866 30/30/30
f 1447/1447/1447 942/942/942 873/873/873
f 873/873/873 1438/1438/1438 1447/1447/1447
f 1447/1447/1447 866/866/866 857/857/857
f 857/857/857 942/942/942 1447/1447/1447
f 857/857/857 866/866/866 867/867/867
f 940/940/940 942/942/942 857/857/857
f 857/857/857 860/860/860 940/940/940
f 867/867/867 858/858/858 857/857/857
f 859/859/859 860/860/860 857/857/857
f 857/857/857 858/858/858 859/859/859
f 873/873/873 942/942/942 940/940/940
f 940/940/940 874/874/874 873/873/873
f 940/940/940 860/860/860 865/865/865
f 865/865/865 941/941/941 940/940/940
f 940/940/940 941/941/941 875/875/875
f 875/875/875 874/874/874 940/940/940
f 865/865/865 860/860/860 859/859/859
f 859/859/859 864/864/864 865/865/865
f 859/859/859 862/862/862 863/863/863
f 863/863/863 864/864/864 859/859/859
f 859/859/859 858/858/858 861/861/861
f 861/861/861 862/862/862 859/859/859
f 861/861/861 858/858/858 867/867/867
f 1449/1449/1449 943/943/943 861/861/861
f 861/861/861 868/868/868 1449/1449/1449
f 944/944/944 862/862/862 861/861/861
f 861/861/861 943/943/943 944/944/944
f 867/867/867 868/868/868 861/861/861
f 863/863/863 862/862/862 944/944/944
f 944/944/944 948/948/948 863/863/863
f 944/944/944 946/946/946 947/947/947
f 947/947/947 948/948/948 944/944/944
f 944/944/944 943/943/943 945/945/945
f 945/945/945 946/946/946 944/944/944
f 945/945/945 943/943/943 1449/1449/1449
f 484/484/484 483/483/483 486/486/486
f 486/486/486 487/487/487 484/484/484
f 619/619/619 618/618/618 812/812/812
f 812/812/812 790/790/790 619/619/619
f 789/789/789 655/655/655 619/619/619
f 619/619/619 790/790/790 789/789/789
f 653/653/653 620/620/620 619/619/619
f 619/619/619 655/655/655 653/653/653
f 812/812/812 811/811/811 496/496/496
f 496/496/496 790/790/790 812/812/812
f 812/812/812 612/612/612 446/446/446
f 446/446/446 811/811/811 812/812/812
f 789/789/789 790/790/790 496/496/496
f 496/496/496 791/791/791 789/789/789
f 789/789/789 791/791/791 503/503/503
f 503/503/503 502/502/502 789/789/789
f 789/789/789 502/502/502 501/501/501
f 501/501/501 655/655/655 789/789/789
f 653/653/653 655/655/655 501/501/501
f 657/657/657 654/654/654 501/501/501
f 501/501/501 498/498/498 657/657/657
f 501/501/501 654/654/654 653/653/653
f 499/499/499 498/498/498 501/501/501
f 501/501/501 502/502/502 499/499/499
f 499/499/499 502/502/502 503/503/503
f 503/503/503 504/504/504 499/499/499
f 499/499/499 504/504/504 505/505/505
f 505/505/505 500/500/500 499/499/499
f 499/499/499 500/500/500 497/497/497
f 497/497/497 498/498/498 499/499/499
f 657/657/657 498/498/498 497/497/497
f 497/497/497 511/511/511 657/657/657
f 510/510/510 511/511/511 497/497/497
f 621/621/621 802/802/802 803/803/803
f 614/614/614 807/807/807 808/808/808
f 808/808/808 711/711/711 614/614/614
f 709/709/709 615/615/615 614/614/614
f 614/614/614 711/711/711 709/709/709
f 616/616/616 617/617/617 614/614/614
f 614/614/614 615/615/615 616/616/616
f 621/621/621 617/617/617 616/616/616
f 653/653/653 652/652/652 621/621/621
f 621/621/621 620/620/620 653/653/653
f 616/616/616 620/620/620 621/621/621
f 616/616/616 618/618/618 619/619/619
f 619/619/619 620/620/620 616/616/616
f 616/616/616 615/615/615 486/486/486
f 486/486/486 618/618/618 616/616/616
f 486/486/486 615/615/615 709/709/709
f 812/812/812 618/618/618 486/486/486
f 486/486/486 612/612/612 812/812/812
f 709/709/709 487/487/487 486/486/486
f 1538/1538/1538 1411/1411/1411 1410/1410/1410
f 1410/1410/1410 1525/1525/1525 1538/1538/1538
f 1538/1538/1538 1537/1537/1537 1258/1258/1258
f 1258/1258/1258 1402/1402/1402 1538/1538/1538
f 1410/1410/1410 1411/1411/1411 1406/1406/1406
f 1523/1523/1523 1525/1525/1525 1410/1410/1410
f 1410/1410/1410 1435/1435/1435 1523/1523/1523
f 1433/1433/1433 1435/1435/1435 1410/1410/1410
f 1410/1410/1410 1409/1409/1409 1433/1433/1433
f 1406/1406/1406 1409/1409/1409 1410/1410/1410
f 1406/1406/1406 1405/1405/1405 1408/1408/1408
f 1408/1408/1408 1409/1409/1409 1406/1406/1406
f 1406/1406/1406 1407/1407/1407 1404/1404/1404
f 1404/1404/1404 1405/1405/1405 1406/1406/1406
f 1433/1433/1433 1409/1409/1409 1408/1408/1408
f 1532/1532/1532 1533/1533/1533 1408/1408/1408
f 1408/1408/1408 1405/1405/1405 1532/1532/1532
f 1408/1408/1408 1434/1434/1434 1433/1433/1433
f 1532/1532/1532 1405/1405/1405 1404/1404/1404
f 1532/1532/1532 805/805/805 804/804/804
f 804/804/804 1533/1533/1533 1532/1532/1532
f 1532/1532/1532 1534/1534/1534 806/806/806
f 806/806/806 805/805/805 1532/1532/1532
f 1404/1404/1404 1534/1534/1534 1532/1532/1532
f 1535/1535/1535 1534/1534/1534 1404/1404/1404
f 1404/1404/1404 1469/1469/1469 1535/1535/1535
f 1468/1468/1468 1469/1469/1469 1404/1404/1404
f 1404/1404/1404 1407/1407/1407 1468/1468/1468
f 806/806/806 1534/1534/1534 1535/1535/1535
f 1535/1535/1535 809/809/809 806/806/806
f 808/808/808 807/807/807 806/806/806
f 806/806/806 809/809/809 808/808/808
f 803/803/803 805/805/805 806/806/806
f 806/806/806 807/807/807 803/803/803
f 804/804/804 805/805/805 803/803/803
f 803/803/803 802/802/802 804/804/804
f 803/803/803 807/807/807 614/614/614
f 614/614/614 617/617/617 803/803/803
f 803/803/803 617/617/617 621/621/621
f 446/446/446 612/612/612 611/611/611
f 535/535/535 536/536/536 519/519/519
f 535/535/535 518/518/518 473/473/473
f 473/473/473 537/537/537 535/535/535
f 519/519/519 518/518/518 535/535/535
f 516/516/516 518/518/518 519/519/519
f 473/473/473 518/518/518 516/516/516
f 519/519/519 517/517/517 516/516/516
f 516/516/516 470/470/470 473/473/473
f 516/516/516 517/517/517 467/467/467
f 467/467/467 470/470/470 516/516/516
f 538/538/538 517/517/517 519/519/519
f 519/519/519 540/540/540 538/538/538
f 467/467/467 517/517/517 538/538/538
f 538/538/538 540/540/540 486/486/486
f 486/486/486 539/539/539 538/538/538
f 538/538/538 539/539/539 467/467/467
f 541/541/541 468/468/468 467/467/467
f 467/467/467 539/539/539 541/541/541
f 469/469/469 470/470/470 467/467/467
f 467/467/467 468/468/468 469/469/469
f 473/473/473 470/470/470 469/469/469
f 469/469/469 472/472/472 473/473/473
f 469/469/469 468/468/468 471/471/471
f 471/471/471 472/472/472 469/469/469
f 471/471/471 468/468/468 541/541/541
f 541/541/541 483/483/483 471/471/471
f 541/541/541 539/539/539 486/486/486
f 486/486/486 483/483/483 541/541/541
f 484/484/484 485/485/485 471/471/471
f 471/471/471 483/483/483 484/484/484
f 475/475/475 472/472/472 471/471/471
f 471/471/471 476/476/476 475/475/475
f 473/473/473 472/472/472 475/475/475
f 1341/1341/1341 1346/1346/1346 1347/1347/1347
f 1365/1365/1365 1364/1364/1364 1383/1383/1383
f 1383/1383/1383 1385/1385/1385 1365/1365/1365
f 1383/1383/1383 1384/1384/1384 1381/1381/1381
f 1381/1381/1381 1385/1385/1385 1383/1383/1383
f 1383/1383/1383 1374/1374/1374 1373/1373/1373
f 1373/1373/1373 1384/1384/1384 1383/1383/1383
f 1373/1373/1373 1374/1374/1374 1370/1370/1370
f 1522/1522/1522 1384/1384/1384 1373/1373/1373
f 1373/1373/1373 1372/1372/1372 1522/1522/1522
f 1370/1370/1370 1372/1372/1372 1373/1373/1373
f 1381/1381/1381 1384/1384/1384 1522/1522/1522
f 1522/1522/1522 1382/1382/1382 1381/1381/1381
f 1380/1380/1380 1379/1379/1379 1381/1381/1381
f 1381/1381/1381 1382/1382/1382 1380/1380/1380
f 1522/1522/1522 1378/1378/1378 1377/1377/1377
f 1377/1377/1377 1382/1382/1382 1522/1522/1522
f 1522/1522/1522 1372/1372/1372 1371/1371/1371
f 1371/1371/1371 1378/1378/1378 1522/1522/1522
f 1371/1371/1371 1372/1372/1372 1370/1370/1370
f 1376/1376/1376 1378/1378/1378 1371/1371/1371
f 1371/1371/1371 1369/1369/1369 1376/1376/1376
f 1370/1370/1370 1369/1369/1369 1371/1371/1371
f 1377/1377/1377 1378/1378/1378 1376/1376/1376
f 1380/1380/1380 1382/1382/1382 1377/1377/1377
f 1377/1377/1377 1375/1375/1375 1380/1380/1380
f 1376/1376/1376 1375/1375/1375 1377/1377/1377
f 1376/1376/1376 1369/1369/1369 1345/1345/1345
f 1345/1345/1345 1353/1353/1353 1376/1376/1376
f 1376/1376/1376 1353/1353/1353 1352/1352/1352
f 1352/1352/1352 1375/1375/1375 1376/1376/1376
f 1345/1345/1345 1369/1369/1369 1370/1370/1370
f 1370/1370/1370 1346/1346/1346 1345/1345/1345
f 1349/1349/1349 1353/1353/1353 1345/1345/1345
f 1482/1482/1482 957/957/957 956/956/956
f 956/956/956 1483/1483/1483 1482/1482/1482
f 962/962/962 966/966/966 956/956/956
f 956/956/956 953/953/953 962/962/962
f 954/954/954 953/953/953 956/956/956
f 956/956/956 957/957/957 954/954/954
f 1482/1482/1482 1483/1483/1483 853/853/853
f 853/853/853 852/852/852 1482/1482/1482
f 1482/1482/1482 1390/1390/1390 958/958/958
f 958/958/958 957/957/957 1482/1482/1482
f 1482/1482/1482 852/852/852 851/851/851
f 851/851/851 1390/1390/1390 1482/1482/1482
f 954/954/954 957/957/957 958/958/958
f 958/958/958 959/959/959 954/954/954
f 1388/1388/1388 975/975/975 958/958/958
f 1276/1276/1276 1277/1277/1277 1274/1274/1274
f 1335/1335/1335 1275/1275/1275 1278/1278/1278
f 1278/1278/1278 1289/1289/1289 1335/1335/1335
f 1288/1288/1288 1289/1289/1289 1278/1278/1278
f 1278/1278/1278 1287/1287/1287 1288/1288/1288
f 1278/1278/1278 1275/1275/1275 1274/1274/1274
f 1274/1274/1274 1273/1273/1273 1276/1276/1276
f 1274/1274/1274 1275/1275/1275 1272/1272/1272
f 1272/1272/1272 1273/1273/1273 1274/1274/1274
f 1272/1272/1272 1275/1275/1275 1335/1335/1335
f 1335/1335/1335 1332/1332/1332 1272/1272/1272
f 1333/1333/1333 1315/1315/1315 1272/1272/1272
f 1272/1272/1272 1332/1332/1332 1333/1333/1333
f 1316/1316/1316 1273/1273/1273 1272/1272/1272
f 1272/1272/1272 1315/1315/1315 1316/1316/1316
f 1335/1335/1335 1289/1289/1289 1291/1291/1291
f 1291/1291/1291 1332/1332/1332 1335/1335/1335
f 1291/1291/1291 1289/1289/1289 1288/1288/1288
f 1538/1538/1538 1402/1402/1402 1291/1291/1291
f 1291/1291/1291 1411/1411/1411 1538/1538/1538
f 1468/1468/1468 1407/1407/1407 1291/1291/1291
f 1291/1291/1291 1290/1290/1290 1468/1468/1468
f 1406/1406/1406 1411/1411/1411 1291/1291/1291
f 1291/1291/1291 1407/1407/1407 1406/1406/1406
f 1401/1401/1401 1334/1334/1334 1291/1291/1291
f 1291/1291/1291 1402/1402/1402 1401/1401/1401
f 1333/1333/1333 1332/1332/1332 1291/1291/1291
f 1291/1291/1291 1334/1334/1334 1333/1333/1333
f 1288/1288/1288 1290/1290/1290 1291/1291/1291
f 1401/1401/1401 1402/1402/1402 1258/1258/1258
f 1258/1258/1258 1256/1256/1256 1401/1401/1401
f 1401/1401/1401 1329/1329/1329 1317/1317/1317
f 1317/1317/1317 1334/1334/1334 1401/1401/1401
f 1317/1317/1317 1329/1329/1329 1330/1330/1330
f 1333/1333/1333 1334/1334/1334 1317/1317/1317
f 1317/1317/1317 1315/1315/1315 1333/1333/1333
f 1330/1330/1330 1318/1318/1318 1317/1317/1317
f 1316/1316/1316 1315/1315/1315 1317/1317/1317
f 1317/1317/1317 1318/1318/1318 1316/1316/1316
f 1330/1330/1330 1331/1331/1331 1276/1276/1276
f 1276/1276/1276 1318/1318/1318 1330/1330/1330
f 1316/1316/1316 1318/1318/1318 1276/1276/1276
f 1276/1276/1276 1273/1273/1273 1316/1316/1316
f 386/386/386 388/388/388 389/389/389
f 389/389/389 387/387/387 386/386/386
f 386/386/386 340/340/340 339/339/339
f 339/339/339 388/388/388 386/386/386
f 339/339/339 340/340/340 335/335/335
f 335/335/335 338/338/338 339/339/339
f 335/335/335 334/334/334 337/337/337
f 337/337/337 338/338/338 335/335/335
f 337/337/337 334/334/334 398/398/398
f 398/398/398 397/397/397 337/337/337
f 398/398/398 383/383/383 385/385/385
f 385/385/385 397/397/397 398/398/398
f 385/385/385 383/383/383 382/382/382
f 382/382/382 384/384/384 385/385/385
f 382/382/382 332/332/332 331/331/331
f 994/994/994 993/993/993 980/980/980
f 980/980/980 983/983/983 994/994/994
f 982/982/982 983/983/983 980/980/980
f 980/980/980 981/981/981 982/982/982
f 994/994/994 995/995/995 992/992/992
f 992/992/992 993/993/993 994/994/994
f 992/992/992 995/995/995 1002/1002/1002
f 1002/1002/1002 1001/1001/1001 992/992/992
f 1002/1002/1002 1003/1003/1003 1000/1000/1000
f 1000/1000/1000 1001/1001/1001 1002/1002/1002
f 982/982/982 981/981/981 984/984/984
f 984/984/984 985/985/985 982/982/982
f 1019/1019/1019 985/985/985 984/984/984
f 984/984/984 1018/1018/1018 1019/1019/1019
f 1019/1019/1019 1018/1018/1018 1008/1008/1008
f 475/475/475 474/474/474 473/473/473
f 475/475/475 476/476/476 432/432/432
f 432/432/432 474/474/474 475/475/475
f 473/473/473 474/474/474 574/574/574
f 574/574/574 474/474/474 432/432/432
f 432/432/432 431/431/431 574/574/574
f 429/429/429 431/431/431 432/432/432
f 432/432/432 433/433/433 429/429/429
f 574/574/574 576/576/576 473/473/473
f 574/574/574 575/575/575 375/375/375
f 375/375/375 576/576/576 574/574/574
f 574/574/574 431/431/431 352/352/352
f 352/352/352 575/575/575 574/574/574
f 352/352/352 431/431/431 429/429/429
f 594/594/594 575/575/575 352/352/352
f 352/352/352 422/422/422 594/594/594
f 429/429/429 353/353/353 352/352/352
f 423/423/423 422/422/422 352/352/352
f 352/352/352 413/413/413 423/423/423
f 414/414/414 413/413/413 352/352/352
f 352/352/352 349/349/349 414/414/414
f 350/350/350 349/349/349 352/352/352
f 352/352/352 353/353/353 350/350/350
f 375/375/375 575/575/575 594/594/594
f 595/595/595 576/576/576 375/375/375
f 375/375/375 374/374/374 595/595/595
f 594/594/594 376/376/376 375/375/375
f 372/372/372 374/374/374 375/375/375
f 375/375/375 376/376/376 372/372/372
f 594/594/594 422/422/422 377/377/377
f 377/377/377 376/376/376 594/594/594
f 372/372/372 376/376/376 377/377/377
f 816/816/816 373/373/373 377/377/377
f 377/377/377 815/815/815 816/816/816
f 423/423/423 424/424/424 377/377/377
f 377/377/377 422/422/422 423/423/423
f 377/377/377 373/373/373 372/372/372
f 1517/1517/1517 1219/1219/1219 1210/1210/1210
f 1210/1210/1210 1213/1213/1213 1517/1517/1517
f 1212/1212/1212 1213/1213/1213 1210/1210/1210
f 1210/1210/1210 1211/1211/1211 1212/1212/1212
f 1517/1517/1517 780/780/780 403/403/403
f 403/403/403 1219/1219/1219 1517/1517/1517
f 1517/1517/1517 1213/1213/1213 394/394/394
f 394/394/394 780/780/780 1517/1517/1517
f 394/394/394 1213/1213/1213 1212/1212/1212
f 1212/1212/1212 395/395/395 394/394/394
f 1212/1212/1212 1211/1211/1211 396/396/396
f 396/396/396 395/395/395 1212/1212/1212
f 779/779/779 780/780/780 394/394/394
f 394/394/394 391/391/391 779/779/779
f 392/392/392 391/391/391 394/394/394
f 990/990/990 977/977/977 976/976/976
f 976/976/976 991/991/991 990/990/990
f 978/978/978 979/979/979 976/976/976
f 976/976/976 977/977/977 978/978/978
f 990/990/990 991/991/991 988/988/988
f 988/988/988 989/989/989 990/990/990
f 998/998/998 989/989/989 988/988/988
f 988/988/988 999/999/999 998/998/998
f 998/998/998 999/999/999 996/996/996
f 996/996/996 997/997/997 998/998/998
f 986/986/986 979/979/979 978/978/978
f 978/978/978 987/987/987 986/986/986
f 1016/1016/1016 1017/1017/1017 986/986/986
f 986/986/986 987/987/987 1016/1016/1016
f 1016/1016/1016 1005/1005/1005 1004/1004/1004
f 331/331/331 384/384/384 382/382/382
f 331/331/331 332/332/332 327/327/327
f 327/327/327 330/330/330 331/331/331
f 327/327/327 326/326/326 329/329/329
f 329/329/329 330/330/330 327/327/327
f 169/169/169 168/168/168 155/155/155
f 155/155/155 158/158/158 169/169/169
f 157/157/157 158/158/158 155/155/155
f 155/155/155 156/156/156 157/157/157
f 169/169/169 170/170/170 167/167/167
f 167/167/167 168/168/168 169/169/169
f 167/167/167 170/170/170 177/177/177
f 177/177/177 176/176/176 167/167/167
f 177/177/177 178/178/178 175/175/175
f 175/175/175 176/176/176 177/177/177
f 157/157/157 156/156/156 159/159/159
f 159/159/159 160/160/160 157/157/157
f 196/196/196 160/160/160 159/159/159
f 159/159/159 195/195/195 196/196/196
f 196/196/196 195/195/195 183/183/183
f 1178/1178/1178 1181/1181/1181 1222/1222/1222
f 1222/1222/1222 1221/1221/1221 1178/1178/1178
f 1222/1222/1222 1223/1223/1223 1173/1173/1173
f 1173/1173/1173 1221/1221/1221 1222/1222/1222
f 1173/1173/1173 1223/1223/1223 1514/1514/1514
f 1514/1514/1514 1174/1174/1174 1173/1173/1173
f 1171/1171/1171 1170/1170/1170 1173/1173/1173
f 1173/1173/1173 1174/1174/1174 1171/1171/1171
f 1171/1171/1171 1172/1172/1172 1169/1169/1169
f 1169/1169/1169 1170/1170/1170 1171/1171/1171
f 1169/1169/1169 1172/1172/1172 1230/1230/1230
f 1394/1394/1394 1396/1396/1396 1169/1169/1169
f 1169/1169/1169 1229/1229/1229 1394/1394/1394
f 1230/1230/1230 1229/1229/1229 1169/1169/1169
f 1230/1230/1230 1231/1231/1231 1228/1228/1228
f 1228/1228/1228 1229/1229/1229 1230/1230/1230
f 1394/1394/1394 1229/1229/1229 1228/1228/1228
f 1394/1394/1394 1393/1393/1393 1395/1395/1395
f 1395/1395/1395 1396/1396/1396 1394/1394/1394
f 1228/1228/1228 1393/1393/1393 1394/1394/1394
f 1239/1239/1239 1238/1238/1238 1228/1228/1228
f 1228/1228/1228 1231/1231/1231 1239/1239/1239
f 1239/1239/1239 1240/1240/1240 1195/1195/1195
f 1195/1195/1195 1238/1238/1238 1239/1239/1239
f 1195/1195/1195 1240/1240/1240 1386/1386/1386
f 1541/1541/1541 1542/1542/1542 1195/1195/1195
f 1195/1195/1195 1192/1192/1192 1541/1541/1541
f 1386/1386/1386 1196/1196/1196 1195/1195/1195
f 1193/1193/1193 1192/1192/1192 1195/1195/1195
f 1195/1195/1195 1196/1196/1196 1193/1193/1193
f 1541/1541/1541 1543/1543/1543 1544/1544/1544
f 1544/1544/1544 1542/1542/1542 1541/1541/1541
f 1541/1541/1541 1192/1192/1192 1191/1191/1191
f 1191/1191/1191 1543/1543/1543 1541/1541/1541
f 1191/1191/1191 1192/1192/1192 1193/1193/1193
f 1193/1193/1193 1194/1194/1194 1191/1191/1191
f 1535/1535/1535 1465/1465/1465 705/705/705
f 705/705/705 809/809/809 1535/1535/1535
f 1466/1466/1466 706/706/706 705/705/705
f 705/705/705 1465/1465/1465 1466/1466/1466
f 705/705/705 706/706/706 707/707/707
f 707/707/707 706/706/706 482/482/482
f 482/482/482 481/481/481 707/707/707
f 482/482/482 706/706/706 1466/1466/1466
f 1466/1466/1466 1285/1285/1285 482/482/482
f 1466/1466/1466 1465/1465/1465 1286/1286/1286
f 1286/1286/1286 1285/1285/1285 1466/1466/1466
f 1286/1286/1286 1465/1465/1465 1535/1535/1535
f 1535/1535/1535 1467/1467/1467 1286/1286/1286
f 1468/1468/1468 1290/1290/1290 1286/1286/1286
f 1286/1286/1286 1467/1467/1467 1468/1468/1468
f 1288/1288/1288 1287/1287/1287 1286/1286/1286
f 1286/1286/1286 1290/1290/1290 1288/1288/1288
f 1283/1283/1283 1285/1285/1285 1286/1286/1286
f 1286/1286/1286 1284/1284/1284 1283/1283/1283
f 1469/1469/1469 1467/1467/1467 1535/1535/1535
f 1468/1468/1468 1467/1467/1467 1469/1469/1469
f 1283/1283/1283 1284/1284/1284 1247/1247/1247
f 1283/1283/1283 1282/1282/1282 482/482/482
f 482/482/482 1285/1285/1285 1283/1283/1283
f 1247/1247/1247 1282/1282/1282 1283/1283/1283
f 1453/1453/1453 1282/1282/1282 1247/1247/1247
f 1247/1247/1247 1245/1245/1245 1453/1453/1453
f 1246/1246/1246 1245/1245/1245 1247/1247/1247
f 1247/1247/1247 1248/1248/1248 1246/1246/1246
f 482/482/482 1282/1282/1282 1453/1453/1453
f 1453/1453/1453 684/684/684 482/482/482
f 685/685/685 479/479/479 482/482/482
f 354/354/354 355/355/355 350/350/350
f 778/778/778 399/399/399 363/363/363
f 363/363/363 362/362/362 778/778/778
f 778/778/778 362/362/362 361/361/361
f 361/361/361 777/777/777 778/778/778
f 776/776/776 777/777/777 361/361/361
f 361/361/361 405/405/405 776/776/776
f 776/776/776 405/405/405 356/356/356
f 356/356/356 355/355/355 776/776/776
f 350/350/350 355/355/355 356/356/356
f 356/356/356 351/351/351 350/350/350
f 350/350/350 351/351/351 348/348/348
f 348/348/348 349/349/349 350/350/350
f 406/406/406 407/407/407 356/356/356
f 356/356/356 405/405/405 406/406/406
f 406/406/406 405/405/405 361/361/361
f 406/406/406 358/358/358 357/357/357
f 357/357/357 407/407/407 406/406/406
f 361/361/361 358/358/358 406/406/406
f 359/359/359 358/358/358 361/361/361
f 361/361/361 362/362/362 359/359/359
f 357/357/357 358/358/358 359/359/359
f 359/359/359 360/360/360 357/357/357
f 359/359/359 362/362/362 363/363/363
f 363/363/363 360/360/360 359/359/359
f 414/414/414 349/349/349 348/348/348
f 348/348/348 415/415/415 414/414/414
f 414/414/414 415/415/415 412/412/412
f 412/412/412 413/413/413 414/414/414
f 603/603/603 415/415/415 348/348/348
f 348/348/348 605/605/605 603/603/603
f 412/412/412 415/415/415 603/603/603
f 603/603/603 604/604/604 412/412/412
f 423/423/423 413/413/413 412/412/412
f 412/412/412 424/424/424 423/423/423
f 603/603/603 605/605/605 606/606/606
f 606/606/606 604/604/604 603/603/603
f 482/482/482 684/684/684 685/685/685
f 478/478/478 481/481/481 482/482/482
f 482/482/482 479/479/479 478/478/478
f 1453/1453/1453 1220/1220/1220 403/403/403
f 403/403/403 684/684/684 1453/1453/1453
f 1453/1453/1453 1245/1245/1245 1175/1175/1175
f 1175/1175/1175 1220/1220/1220 1453/1453/1453
f 1175/1175/1175 1245/1245/1245 1246/1246/1246
f 1246/1246/1246 1176/1176/1176 1175/1175/1175
f 1175/1175/1175 1176/1176/1176 1171/1171/1171
f 1516/1516/1516 1218/1218/1218 1175/1175/1175
f 1175/1175/1175 1515/1515/1515 1516/1516/1516
f 1514/1514/1514 1515/1515/1515 1175/1175/1175
f 1175/1175/1175 1174/1174/1174 1514/1514/1514
f 1217/1217/1217 1220/1220/1220 1175/1175/1175
f 1175/1175/1175 1218/1218/1218 1217/1217/1217
f 1171/1171/1171 1174/1174/1174 1175/1175/1175
f 403/403/403 1220/1220/1220 1217/1217/1217
f 1217/1217/1217 1219/1219/1219 403/403/403
f 1217/1217/1217 1216/1216/1216 1210/1210/1210
f 1210/1210/1210 1219/1219/1219 1217/1217/1217
f 1217/1217/1217 1218/1218/1218 1182/1182/1182
f 1182/1182/1182 1216/1216/1216 1217/1217/1217
f 1182/1182/1182 1218/1218/1218 1516/1516/1516
f 1516/1516/1516 1183/1183/1183 1182/1182/1182
f 1180/1180/1180 1179/1179/1179 1182/1182/1182
f 1182/1182/1182 1183/1183/1183 1180/1180/1180
f 1516/1516/1516 1515/1515/1515 1184/1184/1184
f 1184/1184/1184 1183/1183/1183 1516/1516/1516
f 1180/1180/1180 1183/1183/1183 1184/1184/1184
f 1184/1184/1184 1181/1181/1181 1180/1180/1180
f 1180/1180/1180 1181/1181/1181 1178/1178/1178
f 1178/1178/1178 1179/1179/1179 1180/1180/1180
f 1514/1514/1514 1223/1223/1223 1184/1184/1184
f 1184/1184/1184 1515/1515/1515 1514/1514/1514
f 1222/1222/1222 1181/1181/1181 1184/1184/1184
f 1184/1184/1184 1223/1223/1223 1222/1222/1222
f 394/394/394 395/395/395 392/392/392
f 403/403/403 780/780/780 779/779/779
f 779/779/779 404/404/404 403/403/403
f 779/779/779 391/391/391 390/390/390
f 390/390/390 404/404/404 779/779/779
f 390/390/390 391/391/391 392/392/392
f 392/392/392 395/395/395 396/396/396
f 396/396/396 393/393/393 392/392/392
f 392/392/392 393/393/393 390/390/390
f 400/400/400 404/404/404 390/390/390
f 390/390/390 401/401/401 400/400/400
f 403/403/403 404/404/404 400/400/400
f 400/400/400 402/402/402 403/403/403
f 400/400/400 399/399/399 354/354/354
f 354/354/354 402/402/402 400/400/400
f 400/400/400 401/401/401 363/363/363
f 363/363/363 399/399/399 400/400/400
f 685/685/685 402/402/402 354/354/354
f 403/403/403 402/402/402 685/685/685
f 685/685/685 684/684/684 403/403/403
f 685/685/685 430/430/430 434/434/434
f 434/434/434 479/479/479 685/685/685
f 354/354/354 430/430/430 685/685/685
f 434/434/434 430/430/430 429/429/429
f 429/429/429 430/430/430 354/354/354
f 478/478/478 479/479/479 434/434/434
f 434/434/434 477/477/477 478/478/478
f 429/429/429 433/433/433 434/434/434
f 354/354/354 353/353/353 429/429/429
f 778/778/778 777/777/777 354/354/354
f 354/354/354 399/399/399 778/778/778
f 776/776/776 355/355/355 354/354/354
f 354/354/354 777/777/777 776/776/776
f 350/350/350 353/353/353 354/354/354
f 701/701/701 493/493/493 492/492/492
f 492/492/492 702/702/702 701/701/701
f 772/772/772 771/771/771 770/770/770
f 772/772/772 773/773/773 699/699/699
f 699/699/699 702/702/702 772/772/772
f 770/770/770 773/773/773 772/772/772
f 701/701/701 702/702/702 699/699/699
f 1511/1511/1511 1462/1462/1462 699/699/699
f 699/699/699 773/773/773 1511/1511/1511
f 1463/1463/1463 700/700/700 699/699/699
f 699/699/699 1462/1462/1462 1463/1463/1463
f 699/699/699 700/700/700 701/701/701
f 701/701/701 704/704/704 494/494/494
f 494/494/494 493/493/493 701/701/701
f 701/701/701 700/700/700 703/703/703
f 703/703/703 704/704/704 701/701/701
f 1463/1463/1463 1464/1464/1464 703/703/703
f 703/703/703 700/700/700 1463/1463/1463
f 1463/1463/1463 1299/1299/1299 1298/1298/1298
f 1298/1298/1298 1464/1464/1464 1463/1463/1463
f 1463/1463/1463 1462/1462/1462 1300/1300/1300
f 1300/1300/1300 1299/1299/1299 1463/1463/1463
f 1300/1300/1300 1462/1462/1462 1511/1511/1511
f 1511/1511/1511 1510/1510/1510 1300/1300/1300
f 1509/1509/1509 1295/1295/1295 1300/1300/1300
f 1300/1300/1300 1510/1510/1510 1509/1509/1509
f 1294/1294/1294 1299/1299/1299 1300/1300/1300
f 1300/1300/1300 1295/1295/1295 1294/1294/1294
f 1298/1298/1298 1299/1299/1299 1294/1294/1294
f 1547/1547/1547 1548/1548/1548 1545/1545/1545
f 1545/1545/1545 1546/1546/1546 1547/1547/1547
f 1547/1547/1547 1552/1552/1552 1553/1553/1553
f 1553/1553/1553 1548/1548/1548 1547/1547/1547
f 1547/1547/1547 1550/1550/1550 1551/1551/1551
f 1551/1551/1551 1552/1552/1552 1547/1547/1547
f 1547/1547/1547 1546/1546/1546 1549/1549/1549
f 1549/1549/1549 1550/1550/1550 1547/1547/1547
f 1563/1563/1563 1550/1550/1550 1549/1549/1549
f 1549/1549/1549 1565/1565/1565 1563/1563/1563
f 1551/1551/1551 1550/1550/1550 1563/1563/1563
f 1563/1563/1563 1564/1564/1564 1551/1551/1551
f 1563/1563/1563 1565/1565/1565 1566/1566/1566
f 1566/1566/1566 1564/1564/1564 1563/1563/1563
f 821/821/821 822/822/822 819/819/819
f 819/819/819 820/820/820 821/821/821
f 821/821/821 826/826/826 827/827/827
f 827/827/827 822/822/822 821/821/821
f 821/821/821 824/824/824 825/825/825
f 825/825/825 826/826/826 821/821/821
f 821/821/821 820/820/820 823/823/823
f 823/823/823 824/824/824 821/821/821
f 827/827/827 826/826/826 838/838/838
f 838/838/838 826/826/826 825/825/825
f 838/838/838 840/840/840 827/827/827
f 838/838/838 837/837/837 839/839/839
f 839/839/839 840/840/840 838/838/838
f 825/825/825 837/837/837 838/838/838
f 830/830/830 831/831/831 828/828/828
f 828/828/828 829/829/829 830/830/830
f 830/830/830 835/835/835 836/836/836
f 836/836/836 831/831/831 830/830/830
f 830/830/830 833/833/833 834/834/834
f 834/834/834 835/835/835 830/830/830
f 830/830/830 829/829/829 832/832/832
f 832/832/832 833/833/833 830/830/830
f 836/836/836 835/835/835 842/842/842
f 842/842/842 835/835/835 834/834/834
f 842/842/842 844/844/844 836/836/836
f 842/842/842 841/841/841 843/843/843
f 843/843/843 844/844/844 842/842/842
f 834/834/834 841/841/841 842/842/842
f 1556/1556/1556 1557/1557/1557 1554/1554/1554
f 1554/1554/1554 1555/1555/1555 1556/1556/1556
f 1556/1556/1556 1561/1561/1561 1562/1562/1562
f 1562/1562/1562 1557/1557/1557 1556/1556/1556
f 1556/1556/1556 1559/1559/1559 1560/1560/1560
f 1560/1560/1560 1561/1561/1561 1556/1556/1556
f 1556/1556/1556 1555/1555/1555 1558/1558/1558
f 1558/1558/1558 1559/1559/1559 1556/1556/1556
f 1567/1567/1567 1559/1559/1559 1558/1558/1558
f 1558/1558/1558 1569/1569/1569 1567/1567/1567
f 1560/1560/1560 1559/1559/1559 1567/1567/1567
f 1567/1567/1567 1568/1568/1568 1560/1560/1560
f 1567/1567/1567 1569/1569/1569 1570/1570/1570
f 1570/1570/1570 1568/1568/1568 1567/1567/1567
f 709/709/709 711/711/711 712/712/712
f 712/712/712 710/710/710 709/709/709
f 484/484/484 487/487/487 480/480/480
f 480/480/480 485/485/485 484/484/484
f 808/808/808 708/708/708 480/480/480
f 480/480/480 710/710/710 808/808/808
f 709/709/709 710/710/710 480/480/480
f 480/480/480 487/487/487 709/709/709
f 707/707/707 481/481/481 480/480/480
f 480/480/480 708/708/708 707/707/707
f 478/478/478 477/477/477 480/480/480
f 480/480/480 481/481/481 478/478/478
f 808/808/808 710/710/710 712/712/712
f 712/712/712 711/711/711 808/808/808
f 808/808/808 809/809/809 705/705/705
f 705/705/705 708/708/708 808/808/808
f 707/707/707 708/708/708 705/705/705
f 531/531/531 521/521/521 520/520/520
f 520/520/520 532/532/532 531/531/531
f 522/522/522 523/523/523 520/520/520
f 520/520/520 521/521/521 522/522/522
f 531/531/531 534/534/534 524/524/524
f 524/524/524 521/521/521 531/531/531
f 531/531/531 530/530/530 533/533/533
f 533/533/533 534/534/534 531/531/531
f 531/531/531 532/532/532 529/529/529
f 529/529/529 530/530/530 531/531/531
f 522/522/522 521/521/521 524/524/524
f 522/522/522 527/527/527 528/528/528
f 528/528/528 523/523/523 522/522/522
f 522/522/522 525/525/525 526/526/526
f 526/526/526 527/527/527 522/522/522
f 1301/1301/1301 1302/1302/1302 1303/1303/1303
f 1523/1523/1523 1308/1308/1308 1307/1307/1307
f 1307/1307/1307 1524/1524/1524 1523/1523/1523
f 1310/1310/1310 1311/1311/1311 1305/1305/1305
f 1305/1305/1305 1302/1302/1302 1310/1310/1310
f 1310/1310/1310 1302/1302/1302 1301/1301/1301
f 1301/1301/1301 1312/1312/1312 1310/1310/1310
f 657/657/657 656/656/656 651/651/651
f 651/651/651 654/654/654 657/657/657
f 653/653/653 654/654/654 651/651/651
f 651/651/651 652/652/652 653/653/653
f 497/497/497 509/509/509 510/510/510
f 507/507/507 509/509/509 497/497/497
f 497/497/497 500/500/500 507/507/507
f 507/507/507 500/500/500 505/505/505
f 505/505/505 506/506/506 507/507/507
f 507/507/507 506/506/506 508/508/508
f 508/508/508 509/509/509 507/507/507
f 510/510/510 509/509/509 508/508/508
f 1314/1314/1314 512/512/512 508/508/508
f 508/508/508 1312/1312/1312 1314/1314/1314
f 1310/1310/1310 1312/1312/1312 508/508/508
f 508/508/508 1311/1311/1311 1310/1310/1310
f 508/508/508 512/512/512 510/510/510
f 1314/1314/1314 514/514/514 513/513/513
f 513/513/513 512/512/512 1314/1314/1314
f 1314/1314/1314 1313/1313/1313 515/515/515
f 515/515/515 514/514/514 1314/1314/1314
f 1314/1314/1314 1312/1312/1312 1301/1301/1301
f 1301/1301/1301 1313/1313/1313 1314/1314/1314
f 510/510/510 512/512/512 513/513/513
f 513/513/513 514/514/514 510/510/510
f 510/510/510 514/514/514 515/515/515
f 515/515/515 511/511/511 510/510/510
f 1436/1436/1436 1437/1437/1437 515/515/515
f 515/515/515 1313/1313/1313 1436/1436/1436
f 657/657/657 511/511/511 515/515/515
f 515/515/515 656/656/656 657/657/657
f 1436/1436/1436 1313/1313/1313 1301/1301/1301
f 1436/1436/1436 1432/1432/1432 1431/1431/1431
f 1431/1431/1431 1437/1437/1437 1436/1436/1436
f 1436/1436/1436 1304/1304/1304 1309/1309/1309
f 1309/1309/1309 1432/1432/1432 1436/1436/1436
f 1301/1301/1301 1304/1304/1304 1436/1436/1436
f 1433/1433/1433 1432/1432/1432 1309/1309/1309
f 1431/1431/1431 1432/1432/1432 1433/1433/1433
f 1433/1433/1433 1434/1434/1434 1431/1431/1431
f 1309/1309/1309 1435/1435/1435 1433/1433/1433
f 1523/1523/1523 1435/1435/1435 1309/1309/1309
f 1309/1309/1309 1308/1308/1308 1523/1523/1523
f 1303/1303/1303 1308/1308/1308 1309/1309/1309
f 1309/1309/1309 1304/1304/1304 1303/1303/1303
f 1303/1303/1303 1304/1304/1304 1301/1301/1301
f 1303/1303/1303 1306/1306/1306 1307/1307/1307
f 1307/1307/1307 1308/1308/1308 1303/1303/1303
f 1303/1303/1303 1302/1302/1302 1305/1305/1305
f 1305/1305/1305 1306/1306/1306 1303/1303/1303
f 783/783/783 784/784/784 781/781/781
f 781/781/781 782/782/782 783/783/783
f 783/783/783 786/786/786 787/787/787
f 787/787/787 784/784/784 783/783/783
f 783/783/783 782/782/782 785/785/785
f 785/785/785 786/786/786 783/783/783
f 1520/1520/1520 786/786/786 785/785/785
f 787/787/787 786/786/786 1520/1520/1520
f 1520/1520/1520 1519/1519/1519 787/787/787
f 785/785/785 1521/1521/1521 1520/1520/1520
f 1520/1520/1520 1521/1521/1521 1518/1518/1518
f 1518/1518/1518 1519/1519/1519 1520/1520/1520
f 642/642/642 646/646/646 638/638/638
f 638/638/638 637/637/637 642/642/642
f 642/642/642 641/641/641 643/643/643
f 642/642/642 637/637/637 626/626/626
f 626/626/626 641/641/641 642/642/642
f 648/648/648 641/641/641 626/626/626
f 626/626/626 632/632/632 648/648/648
f 643/643/643 641/641/641 648/648/648
f 648/648/648 650/650/650 643/643/643
f 648/648/648 647/647/647 649/649/649
f 649/649/649 650/650/650 648/648/648
f 648/648/648 632/632/632 631/631/631
f 631/631/631 647/647/647 648/648/648
f 1429/1429/1429 650/650/650 649/649/649
f 643/643/643 650/650/650 1429/1429/1429
f 649/649/649 1430/1430/1430 1429/1429/1429
f 1429/1429/1429 1427/1427/1427 643/643/643
f 1429/1429/1429 1421/1421/1421 1417/1417/1417
f 1417/1417/1417 1427/1427/1427 1429/1429/1429
f 1429/1429/1429 1430/1430/1430 1418/1418/1418
f 1418/1418/1418 1421/1421/1421 1429/1429/1429
f 1420/1420/1420 1421/1421/1421 1418/1418/1418
f 1418/1418/1418 1419/1419/1419 1420/1420/1420
f 1417/1417/1417 1421/1421/1421 1420/1420/1420
f 1420/1420/1420 1415/1415/1415 1417/1417/1417
f 1420/1420/1420 1419/1419/1419 1412/1412/1412
f 1412/1412/1412 1415/1415/1415 1420/1420/1420
