# ptero_battle reconstructed from live game memory
v -0.72193 0.12086 7.78611
v -0.38836 0.32020 8.82668
v -0.23375 0.08181 8.57075
v -0.35286 -0.10244 7.75680
v 0.00000 0.48912 9.65794
v 0.00000 0.08015 8.73858
v 0.00000 -0.18067 7.80054
v -0.80643 1.08555 9.84968
v -1.04327 1.36517 8.03844
v -0.39635 1.46281 7.99166
v -0.28876 1.24492 9.51056
v -1.35129 1.54408 6.18317
v -0.52101 1.69315 6.01255
v 0.00000 1.79301 6.01403
v 0.00000 1.53165 7.99301
v 0.00000 1.28551 9.53250
v -0.34427 0.76814 9.74479
v -0.18967 0.85506 10.23940
v 0.00000 0.79208 10.32345
v -0.80643 1.08555 9.84968
v -0.23709 1.01745 10.32226
v 0.00000 0.98731 10.48976
v 0.00000 0.98731 10.48976
v -0.23709 1.01745 10.32226
v -0.18967 1.12493 10.23940
v 0.00000 1.12942 10.32345
v -0.00000 2.01981 -2.51949
v -0.94382 1.83747 -2.51842
v -0.87674 1.70767 -3.72532
v -0.00000 1.84849 -3.73295
v -2.10339 1.65463 -2.63256
v -1.91054 1.54191 -4.07583
v -0.84858 1.55682 -4.35968
v -0.00000 1.61893 -4.59488
v -1.94478 -0.40608 -12.69110
v -1.07044 -1.35514 -12.59883
v -1.17995 -1.70616 -13.57292
v -1.99174 -0.83302 -13.67017
v 0.00000 -1.70062 -12.54480
v 0.00000 -2.09422 -13.53372
v 0.00000 -2.32863 -14.65668
v -1.18534 -1.93263 -14.65029
v -1.99379 -1.07232 -14.61341
v -1.07783 -0.20024 -18.32912
v -0.63396 -1.48414 -22.04640
v -0.33239 -1.25882 -22.12297
v -0.56898 0.20986 -18.42764
v -0.29374 -2.35401 -24.64533
v 0.00000 -2.58448 -25.57708
v 0.00000 -1.16313 -22.13812
v 0.00000 0.39306 -18.44981
v -0.95053 -0.18879 -11.09288
v -0.53767 -0.54709 -11.07471
v -0.80584 -0.92020 -11.77136
v -1.38120 -0.32832 -11.79520
v 0.00000 -0.66197 -11.05865
v 0.00000 -1.15124 -11.73276
v -0.95053 -0.18879 -11.09288
v -1.11379 0.42661 -11.08312
v -0.91148 0.33189 -10.52112
v -0.74965 -0.13604 -10.50966
v -1.01298 1.06317 -11.04933
v -0.84543 0.84713 -10.52021
v -0.79177 0.64915 -9.66712
v -0.85735 0.20545 -9.67691
v -0.70859 -0.19672 -9.67331
v -0.92004 -0.64837 -6.62676
v -0.51810 -0.97491 -6.64687
v -0.42190 -0.63490 -8.21212
v -0.75740 -0.39749 -8.21162
v -0.00000 -1.09070 -6.65914
v 0.00000 -0.71016 -8.20986
v 0.00000 -0.47642 -9.65232
v -0.39540 -0.41400 -9.66080
v -0.00000 1.06308 -6.56397
v -0.57155 0.86857 -6.57885
v -0.49822 0.85118 -8.14964
v 0.00000 1.02083 -8.13173
v -0.98686 0.42394 -6.60289
v -0.85280 0.47217 -8.18040
v -0.79177 0.64915 -9.66712
v -0.46195 0.99103 -9.63948
v 0.00000 1.13651 -9.62120
v -1.21545 -0.19030 5.20234
v -0.63246 -0.58964 5.01466
v -0.84901 -1.28047 2.60198
v -1.55900 -0.69852 2.56183
v 0.00000 -0.73062 5.01666
v 0.00000 -1.50866 2.59057
v -0.00000 -2.19547 -0.06328
v -1.01436 -1.88797 -0.03273
v -2.00110 -1.11956 -0.17991
v -0.67127 1.85048 3.90308
v 0.00000 1.99471 3.90460
v -1.59012 1.66901 3.91834
v -1.62736 1.68358 1.70561
v -0.81335 1.92752 1.69541
v 0.00000 2.11017 1.69687
v -1.35045 0.04308 6.11700
v -1.13982 -0.00983 6.64409
v -0.88048 -0.09084 6.64574
v -1.59425 0.16289 6.92423
v -1.12358 0.12032 7.17634
v -1.01680 -1.96601 -2.33638
v -1.84730 -1.26329 -2.30660
v -0.00000 -2.28296 -2.38653
v -0.00000 -1.99585 -4.24465
v -0.89939 -1.72233 -4.18755
v -1.69849 -0.98804 -4.17290
v -0.91344 1.91697 -0.57830
v 0.00000 2.11278 -0.57702
v -1.99913 1.70854 -0.54817
v -1.83099 0.70763 -12.30709
v -1.49560 0.52316 -11.71232
v -1.43620 2.01600 -11.91524
v -1.29358 1.29432 -11.56416
v -1.01298 1.06317 -11.04933
v -1.11379 0.42661 -11.08312
v 0.00000 6.14966 -7.28456
v -0.34527 5.94271 -7.74263
v -0.27621 6.00951 -8.05188
v 0.00000 6.15387 -7.84554
v -0.62834 5.13198 -9.00607
v -0.43040 5.40833 -9.17667
v 0.00000 5.58266 -9.17740
v -46.69900 1.15320 3.32600
v -48.65689 0.84021 4.43369
v -46.75120 1.07960 3.16353
v -7.66359 1.42303 8.58947
v -10.08919 1.63940 7.57313
v -9.23418 2.00130 5.41649
v -5.11465 1.59856 6.65344
v -8.14206 2.28719 1.91764
v -4.83221 1.85145 4.03537
v -20.85424 2.05442 4.64328
v -20.61413 2.31572 3.38189
v -14.72476 2.21311 4.50950
v -15.11596 1.99584 5.76564
v -20.29507 2.61255 0.77006
v -13.86901 2.53055 1.49681
v -4.69158 1.97365 1.80536
v -49.21897 0.67877 5.14198
v -48.58275 0.87425 4.80733
v -48.64096 0.78703 5.15625
v -46.54286 1.13005 4.10052
v -46.54148 1.05585 4.55748
v -46.62490 0.96797 4.81540
v -4.26154 1.90004 -3.16797
v -4.05173 1.86790 -4.19775
v -6.98920 2.20942 -4.12648
v -4.58834 1.99548 -0.73277
v -7.37898 2.30581 -1.35129
v -2.41893 1.30535 8.62101
v -0.77788 1.34281 -4.81787
v -0.65064 1.09670 -5.47585
v -0.00000 1.27700 -5.46581
v -1.66523 1.07158 -4.61352
v -1.15226 0.61219 -5.47745
v -19.95341 2.52084 -6.21537
v -12.64928 2.36427 -5.28688
v -12.60520 2.46373 -5.32648
v -20.05340 2.69768 -6.01998
v -7.00268 2.01133 -4.66456
v -6.96832 2.10616 -4.78134
v -12.69159 2.58340 -4.47388
v -20.46777 2.70275 -5.77798
v -5.41262 1.05293 10.47409
v -0.47642 -0.26161 6.65218
v 0.00000 -0.36944 6.65661
v -0.91564 0.48346 8.08699
v -0.61842 0.63518 8.92858
v -1.29797 0.69683 8.31921
v -0.98132 0.87479 9.04500
v -3.03272 0.90165 -0.28723
v -2.81987 0.94591 2.06801
v -1.99094 0.13459 2.39571
v -2.34068 -0.02188 0.08723
v -2.45323 0.87830 5.14887
v -1.66310 0.31815 4.72859
v -1.91450 0.44541 6.45618
v -1.54381 0.30011 5.79106
v -3.27386 0.77671 7.45076
v -2.68719 0.40085 8.04772
v -3.78650 0.47052 10.12794
v -3.41845 0.25720 10.07621
v -3.13840 0.09984 10.10202
v -2.45456 0.19287 8.37131
v -2.23309 0.38497 8.71356
v -1.52243 0.41441 7.71978
v -2.86655 0.28305 10.19921
v -2.61673 0.63979 10.46985
v -1.95048 0.70655 9.04708
v -3.77369 0.60876 12.44433
v -3.82272 0.34397 12.09741
v -3.30084 0.58468 13.85703
v -3.76225 0.45682 13.70858
v -3.84588 0.30102 13.56453
v -3.64315 0.11857 11.87835
v -3.33053 0.00067 11.85594
v -3.67158 0.09556 13.44055
v -3.30032 -0.05970 13.66963
v -3.01792 0.13977 11.87835
v -2.83277 0.37753 12.09741
v -2.93033 0.10147 13.43689
v -2.75500 0.20616 13.44316
v -3.30084 0.58468 13.85703
v -2.87634 0.48716 14.41713
v -3.06553 0.50013 14.58390
v -3.33605 0.55271 14.57292
v -2.58852 0.18410 14.83920
v -2.97010 0.19601 14.77184
v -3.37225 0.23578 15.03279
v -3.78697 0.49379 14.45845
v -4.04182 0.31728 14.30109
v -3.76225 0.45682 13.70858
v -4.14951 0.19475 14.91091
v -4.40326 0.06087 14.85396
v -4.51569 -0.10143 14.77212
v -4.18551 0.08117 14.17326
v -3.84588 0.30102 13.56453
v -3.84588 0.30102 13.56453
v -4.18551 0.08117 14.17326
v -4.02148 -0.10283 14.10190
v -3.67158 0.09556 13.44055
v -4.51569 -0.10143 14.77212
v -4.37879 -0.25008 14.72906
v -4.11100 -0.35433 14.70360
v -3.75878 -0.23949 14.12400
v -3.30032 -0.05970 13.66963
v -2.91877 -0.23826 14.10279
v -2.63166 -0.10042 14.08726
v -2.93033 0.10147 13.43689
v -2.66796 -0.35179 14.66539
v -2.37085 -0.24654 14.70728
v -2.21770 -0.09869 14.75439
v -2.45904 0.08307 14.16128
v -2.75500 0.20616 13.44316
v -4.11826 -0.04970 15.19889
v -4.47350 -0.41417 15.92788
v -4.55579 -0.33005 15.84262
v -3.95872 -0.27602 15.29560
v -4.43748 -0.52839 15.95997
v -4.67462 -0.72084 16.45675
v -4.69571 -0.67989 16.44522
v -4.73986 -0.63120 16.43061
v -4.67498 -0.36028 15.77864
v -4.73970 -0.44756 15.73610
v -4.79727 -0.67062 16.41397
v -4.83109 -0.69859 16.40969
v -4.65860 -0.53458 15.71518
v -4.53122 -0.59149 15.74743
v -4.73970 -0.44756 15.73610
v -4.83109 -0.69859 16.40969
v -4.79787 -0.74116 16.40555
v -4.73306 -0.76354 16.41552
v -3.95872 -0.27602 15.29560
v -4.09776 -0.37784 15.08498
v -4.45711 -0.58846 15.86442
v -4.43748 -0.52839 15.95997
v -4.69244 -0.73709 16.44207
v -4.67462 -0.72084 16.45675
v -2.32760 0.05680 14.81298
v -2.15011 -0.36376 15.75148
v -2.27593 -0.33668 15.79949
v -2.21770 -0.09869 14.75439
v -2.08854 -0.44606 15.72509
v -2.05581 -0.68561 16.37039
v -2.09526 -0.66264 16.38684
v -2.14627 -0.63255 16.40655
v -2.86324 -0.26684 15.25165
v -2.66814 -0.05147 15.13710
v -2.37563 -0.41592 15.88812
v -2.42683 -0.52430 15.93006
v -2.19633 -0.69105 16.44459
v -2.22245 -0.72157 16.46444
v -2.71910 -0.37160 15.04344
v -2.40714 -0.58464 15.83794
v -2.32318 -0.58976 15.72422
v -2.86324 -0.26684 15.25165
v -2.42683 -0.52430 15.93006
v -2.22245 -0.72157 16.46444
v -2.20747 -0.73189 16.41850
v -2.16922 -0.75512 16.36985
v -2.18161 -0.53248 15.70130
v -2.08854 -0.44606 15.72509
v -2.09841 -0.73054 16.36614
v -2.05581 -0.68561 16.37039
v -3.10445 -0.05077 15.27998
v -3.29219 -0.46261 16.18115
v -3.43735 -0.39023 16.16554
v -3.22563 -0.59028 16.18428
v -3.36931 -0.81792 16.82516
v -3.40647 -0.77985 16.82207
v -3.47234 -0.72036 16.81398
v -3.40846 -0.45996 14.82225
v -3.70558 -0.43578 15.19747
v -3.60662 -0.68375 16.13121
v -3.45651 -0.71721 16.07216
v -3.67812 -0.59501 16.20275
v -3.58949 -0.81973 16.83274
v -3.55442 -0.87139 16.82558
v -3.48329 -0.88929 16.81550
v -3.13340 -0.43018 15.17264
v -3.30495 -0.68059 16.11890
v -3.22563 -0.59028 16.18428
v -3.40329 -0.84250 16.81961
v -3.36931 -0.81792 16.82516
v -3.75353 0.20233 14.81929
v -3.84092 0.02015 14.95213
v -3.69150 -0.05472 15.30904
v -2.91527 0.01881 14.90028
v -3.83651 -0.31767 14.79688
v -3.74635 -0.30933 14.57858
v -3.03725 -0.30737 14.55230
v -2.97034 -0.31238 14.76197
v -3.61755 0.50612 14.61839
v -2.60739 0.31472 14.27375
v -2.90046 0.46325 13.70174
v -2.75500 0.20616 13.44316
v -2.45904 0.08307 14.16128
v -3.60643 -0.33356 14.27654
v -3.35231 -0.33113 14.20907
v -3.11388 -0.33293 14.25898
v -3.30084 0.58468 13.85703
v -2.85913 0.64945 12.37408
v -2.90046 0.46325 13.70174
v -3.21501 1.14639 10.21993
v -3.30084 0.58468 13.85703
v -4.23318 0.83933 12.07076
v -2.32978 0.92825 11.50868
v -46.68108 0.99901 3.32735
v -46.75120 1.07960 3.16353
v -48.65689 0.84021 4.43369
v -7.66359 1.42303 8.58947
v -5.21454 1.11215 6.67625
v -9.18172 1.56985 5.37243
v -10.08919 1.63940 7.57313
v -5.41262 1.05293 10.47409
v -4.75328 1.30408 4.14252
v -8.21246 1.68662 2.16023
v -20.85424 2.05442 4.64328
v -15.11596 1.99584 5.76564
v -14.72366 1.92014 4.53178
v -20.63604 2.00516 3.40080
v -10.08919 1.63940 7.57313
v -9.18172 1.56985 5.37243
v -8.21246 1.68662 2.16023
v -13.85933 1.97940 1.52476
v -20.31579 2.06679 0.78585
v -4.72082 1.46248 1.54306
v -4.53780 1.44866 -0.64420
v -7.41831 1.79967 -1.36321
v -7.81012 1.75908 0.69859
v -49.21897 0.67877 5.14198
v -48.64096 0.78703 5.15625
v -48.50827 0.75079 4.77203
v -46.62490 0.96797 4.81540
v -46.54148 0.96451 4.55748
v -46.53979 0.97419 4.10075
v -4.23318 0.83933 12.07076
v -2.32978 0.92825 11.50868
v -1.13947 0.34027 7.51625
v -1.76702 -1.32885 -17.26776
v -0.95143 -2.41569 -17.72089
v -0.54194 -3.72353 -21.18616
v -0.81291 -3.39076 -20.96886
v 0.00000 -2.77946 -17.85106
v 0.00000 -3.93559 -21.27223
v 0.00000 -5.09262 -24.37894
v -0.14932 -5.03609 -24.35964
v -0.37206 -4.54598 -23.44112
v -0.79370 2.23602 -11.18122
v -0.91968 1.64520 -11.39215
v 0.00000 1.97092 -10.94247
v -0.63361 1.48497 -10.99545
v -0.92012 0.01374 -8.20105
v -0.85280 0.47217 -8.18040
v -0.98686 0.42394 -6.60289
v -1.08966 -0.13189 -6.61547
v -0.41742 -0.38155 -10.49310
v 0.00000 -0.44870 -10.48354
v 0.00000 -0.66197 -11.05865
v -0.53767 -0.54709 -11.07471
v -3.10771 0.48113 -1.70759
v -3.15794 0.77118 -1.28204
v -2.52569 0.07743 -0.90206
v -2.43837 -0.32038 -1.25476
v -2.30519 -0.42295 -2.41789
v -2.87776 0.34444 -2.54614
v -2.13112 -0.26291 -3.64658
v -2.65233 0.49871 -3.52280
v -1.63892 1.83472 -13.55677
v -1.32209 2.19166 -14.09262
v -0.74845 2.38195 -14.05055
v -0.83572 2.44823 -13.48021
v -1.16669 2.09880 -14.57646
v -0.65494 2.17415 -14.57304
v 0.00000 2.52068 -14.56283
v 0.00000 2.70685 -14.03822
v 0.00000 2.88937 -13.47206
v -1.25361 0.92470 -15.57026
v -1.71134 -0.09593 -16.00761
v -1.56185 -0.02236 -16.54803
v -1.19024 0.52603 -16.53465
v -1.46643 -0.69776 -18.12222
v -1.90170 -0.14950 -15.29842
v -1.89734 -1.12633 -15.58208
v -1.59733 0.66925 -15.00970
v -1.77372 0.75803 -14.44233
v -2.04847 -0.07537 -14.52832
v -1.81246 1.11751 -13.94930
v -2.06720 0.23415 -13.80514
v -2.00127 0.65574 -13.19545
v -1.53171 1.90967 -12.80708
v -1.89406 1.06608 -12.76578
v -1.63892 1.83472 -13.55677
v -1.52469 1.77874 -13.94798
v -1.40523 1.92749 -14.16950
v -1.32209 2.19166 -14.09262
v -1.39861 1.71417 -14.11388
v -1.31357 1.79399 -14.26379
v -1.40523 1.92749 -14.16950
v -1.52469 1.77874 -13.94798
v -1.19252 1.73612 -14.49829
v -1.25120 1.86002 -14.54588
v -1.16669 2.09880 -14.57646
v -1.25120 1.86002 -14.54588
v -1.20248 1.55081 -14.88436
v -1.11756 1.71964 -15.03724
v -1.15421 1.55699 -14.67679
v -1.20248 1.55081 -14.88436
v -1.16555 1.35868 -14.73339
v -1.22654 1.21372 -15.02028
v -1.25361 0.92470 -15.57026
v -1.22654 1.21372 -15.02028
v -1.43095 1.06259 -14.78894
v -1.59733 0.66925 -15.00970
v -1.33356 1.24324 -14.60218
v -1.43095 1.06259 -14.78894
v -1.46154 1.26549 -14.38637
v -1.59390 1.12769 -14.40275
v -1.77372 0.75803 -14.44233
v -1.59390 1.12769 -14.40275
v -1.63370 1.43927 -14.07408
v -1.81246 1.11751 -13.94930
v -1.49292 1.48023 -14.18918
v -1.63370 1.43927 -14.07408
v -4.26029 1.56062 -3.86065
v -4.28036 1.25061 -3.39543
v -2.74884 1.07427 -3.87562
v -7.07052 1.91844 -3.94442
v -7.09504 1.65682 -3.32092
v -7.14420 1.26117 -2.90641
v -4.34052 0.74842 -2.81650
v -4.42541 0.84715 -2.02558
v -4.47846 1.22412 -1.59935
v -7.24548 1.63930 -2.28579
v -1.94918 0.65351 -4.12784
v -1.98779 0.90930 -4.06220
v -1.66523 1.07158 -4.61352
v -1.92113 0.12710 -4.19592
v -1.65444 -0.01308 -4.64696
v -0.70522 -1.36468 -5.46487
v -1.22048 -0.85937 -5.42092
v -0.00000 -1.55884 -5.50313
v -1.35585 -0.12012 -5.44213
v -1.15226 0.61219 -5.47745
v -0.94236 1.64217 -14.96562
v -1.12719 1.88962 -14.42211
v -1.39137 1.53351 -14.28741
v -1.16228 1.24477 -14.85662
v -1.12658 2.13707 -13.87860
v -1.44692 1.82225 -13.71820
v -1.58182 1.50743 -13.55780
v -1.48201 1.17740 -14.15270
v -1.38219 0.84737 -14.74761
v 0.00000 -2.40042 -15.87084
v -1.13753 -1.99393 -15.78760
v -0.89533 -2.00773 -21.62769
v -0.87388 -1.77734 -21.87727
v -0.41144 -2.59443 -24.45727
v -0.23896 -2.73770 -25.51135
v 0.00000 4.73506 -8.90112
v 0.00000 3.41811 -10.09203
v -0.61675 3.49667 -10.22197
v -0.43040 4.82739 -8.98844
v -0.92512 3.77509 -10.44290
v -0.37206 -4.54598 -23.44112
v -0.14932 -4.91066 -24.23024
v -0.54194 -3.24072 -20.66121
v -0.81291 -3.39076 -20.96886
v 0.00000 -4.90447 -24.18483
v 0.00000 -3.21139 -20.48480
v 0.00000 -1.26316 -16.89370
v -0.80242 -1.30788 -17.15736
v -1.76702 -1.32885 -17.26776
v 0.00000 -2.01469 -21.13373
v -0.54149 -2.04462 -21.30977
v 0.00000 -2.80340 -25.32271
v -0.14940 -2.81137 -25.36723
v -0.41144 -2.59443 -24.45727
v -0.89533 -2.00773 -21.62769
v 0.00000 5.67752 -7.72398
v -0.27621 5.62843 -7.95463
v 0.00000 3.66968 -11.94966
v 0.00000 4.61725 -10.63793
v -0.61675 4.29610 -10.58590
v -0.77542 3.22321 -11.92240
v 0.00000 1.97092 -10.94247
v 0.00000 1.39639 -10.48447
v -0.49405 1.23460 -10.49966
v -0.63361 1.48497 -10.99545
v -0.84543 0.84713 -10.52021
v -1.01298 1.06317 -11.04933
v 0.00000 1.31897 -16.56474
v -0.63982 1.05748 -16.54993
v 0.00000 1.85638 -15.70060
v -0.63019 1.45258 -15.69817
v -19.95341 2.52084 -6.21537
v -12.69067 2.19424 -4.60690
v -12.64928 2.36427 -5.28688
v -7.00268 2.01133 -4.66456
v -12.74497 1.86257 -4.19590
v -7.14420 1.26117 -2.90641
v -7.09504 1.65682 -3.32092
v -3.95889 1.59904 -4.49284
v -7.00268 2.01133 -4.66456
v -3.59385 -0.46577 16.19347
v -3.67812 -0.59501 16.20275
v -3.54188 -0.76929 16.82152
v -3.58949 -0.81973 16.83274
v -20.46777 2.70275 -5.77798
v -21.14720 2.78472 -6.30616
v -20.68897 2.83839 -6.58754
v -21.69936 2.57875 -6.47529
v -21.35776 2.61607 -6.77389
v -20.95158 2.58798 -7.16573
v -19.98728 2.47826 -7.31166
v -19.95341 2.52084 -6.21537
v -20.05340 2.69768 -6.01998
v -20.18289 2.76213 -6.65225
v -20.05363 2.22020 -7.23172
v -20.07726 2.33556 -6.36667
v -19.95341 2.52084 -6.21537
v -19.98728 2.47826 -7.31166
v -20.46818 2.39212 -5.78084
v -21.71608 2.30319 -6.54786
v -21.81391 2.40569 -6.51803
v -21.14962 2.52587 -5.89842
v -21.10943 2.38167 -6.07360
v -21.69936 2.57875 -6.47529
v -20.26551 2.34140 -7.61178
v -20.27317 2.08889 -8.29053
v -20.13657 2.01159 -8.25519
v -20.57147 2.26808 -7.62830
v -20.42015 2.06573 -8.31173
v -20.38500 1.64096 -8.71060
v -20.13657 2.01159 -8.25519
v -20.57147 2.26808 -7.62830
v -20.25552 2.11177 -7.59844
v -20.31380 1.92221 -8.29053
v -20.42015 2.06573 -8.31173
v -20.38500 1.64096 -8.71060
v -20.38500 1.64096 -8.71060
v -21.52236 2.27714 -7.16725
v -21.70027 2.50165 -6.92111
v -22.14381 2.20933 -7.42365
v -22.07998 2.07119 -7.51817
v -22.25020 2.13095 -7.26611
v -22.56578 1.73191 -7.79929
v -21.69028 2.16378 -6.90777
v -22.14381 1.97709 -7.42365
v -22.25020 2.13095 -7.26611
v -21.52236 2.27714 -7.16725
v -22.07998 2.07119 -7.51817
v -22.56578 1.73191 -7.79929
v -22.56578 1.73191 -7.79929
v -21.29861 2.36058 -7.27248
v -21.47209 2.03096 -8.03983
v -21.32538 2.09664 -8.09060
v -21.57240 1.52771 -8.57718
v -20.86079 2.14335 -7.04997
v -20.73564 2.16436 -7.46833
v -21.18077 1.93211 -8.12755
v -21.27715 1.90303 -8.02669
v -21.18172 2.02765 -8.18962
v -21.57240 1.52771 -8.57718
v -21.25060 2.16956 -7.20847
v -21.41307 1.93476 -8.00771
v -21.47209 2.03096 -8.03983
v -20.40005 2.53543 -7.23282
v -20.78366 2.35539 -7.53234
v -20.38338 2.18314 -7.26802
v -21.30886 2.26788 -6.71345
v -20.95762 2.70180 -5.84070
v -21.14962 2.52587 -5.89842
v -20.29535 2.19800 -6.74367
v -20.59972 2.25359 -6.51666
v -20.88609 2.31117 -6.31026
v -21.18172 2.02765 -8.18962
v -20.46818 2.39212 -5.78084
v -12.86357 2.09411 -2.96090
v -12.81148 2.06678 -3.78650
v -7.41831 1.79967 -1.36321
v -7.24548 1.63930 -2.28579
v -3.87076 1.73039 -4.59750
v -1.96338 1.41594 -4.58200
v -3.95889 1.59904 -4.49284
v -46.56280 1.17492 3.62250
v -0.99569 1.41417 -4.58217
v -13.00762 2.66477 -2.11543
v -20.34399 2.73153 -2.03256
v -13.26378 2.04338 -0.86754
v -7.81012 1.75908 0.69859
v -20.36183 2.11603 -1.98613
v -28.39974 1.88785 -3.13885
v -28.10618 1.84581 -1.38207
v -35.90436 1.49481 -1.02011
v -35.69782 1.46504 0.18082
v -35.59116 1.44366 1.73448
v -27.95560 1.81564 0.88631
v -35.94192 1.81670 -1.02402
v -36.16181 1.64778 -1.42107
v -28.77051 2.10380 -3.71891
v -28.45277 2.34227 -3.14450
v -21.14962 2.52587 -5.89842
v -20.95762 2.70180 -5.84070
v -35.77221 1.42912 3.89790
v -35.67937 1.59203 3.19268
v -28.08014 2.02509 3.00101
v -28.21119 1.79511 4.01993
v -35.59742 1.76907 1.73383
v -27.96444 2.27502 0.88537
v -28.77051 2.10380 -3.71891
v -36.16181 1.64778 -1.42107
v -21.14962 2.52587 -5.89842
v -35.67938 1.40568 3.19268
v -28.08014 1.76201 3.00101
v -35.77221 1.42912 3.89790
v -28.21119 1.79511 4.01993
v -35.72286 1.83492 0.17821
v -28.14153 2.36799 -1.38583
v -42.07021 1.19306 2.01583
v -41.99492 1.17797 2.93761
v -42.21135 1.21408 1.31129
v -46.55052 0.99361 3.62342
v -42.23786 1.44129 1.30884
v -42.37604 1.32205 1.06091
v -41.99934 1.40767 2.93720
v -42.05719 1.28270 3.83609
v -42.12271 1.16771 4.27950
v -42.37604 1.32205 1.06091
v -42.12271 1.16771 4.27950
v -42.05719 1.15116 3.83609
v -42.08789 1.45415 2.01419
v -0.84655 2.74010 -12.82900
v 0.00000 3.15202 -12.83512
v -1.11756 1.71964 -15.03724
v -0.62537 1.90330 -15.08073
v 0.00000 2.24707 -15.07513
v 0.00000 -5.09262 -24.37894
v -0.00000 -5.47317 -25.41663
v -0.14932 -5.03609 -24.35964
v 0.00000 -4.90447 -24.18483
v -0.14932 -4.91066 -24.23024
v -0.37206 -4.54598 -23.44112
v -4.83109 -0.69859 16.40969
v -4.88367 -0.69978 16.88939
v -4.79787 -0.74116 16.40555
v -4.73986 -0.63120 16.43061
v -4.79727 -0.67062 16.41397
v -4.67462 -0.72084 16.45675
v -4.69571 -0.67989 16.44522
v -4.73306 -0.76354 16.41552
v -4.69244 -0.73709 16.44207
v -2.14627 -0.63255 16.40655
v -2.04429 -0.70950 16.88928
v -2.19633 -0.69105 16.44459
v -2.05581 -0.68561 16.37039
v -2.09526 -0.66264 16.38684
v -2.16922 -0.75512 16.36985
v -2.09841 -0.73054 16.36614
v -2.22245 -0.72157 16.46444
v -2.20747 -0.73189 16.41850
v -3.47234 -0.72036 16.81398
v -3.50142 -0.78443 17.33730
v -3.54188 -0.76929 16.82152
v -3.36931 -0.81792 16.82516
v -3.40647 -0.77985 16.82207
v -3.48329 -0.88929 16.81550
v -3.40329 -0.84250 16.81961
v -3.58949 -0.81973 16.83274
v -3.55442 -0.87139 16.82558
v -0.29374 -2.35401 -24.64533
v -0.23896 -2.73770 -25.51135
v 0.00000 -3.05447 -26.72265
v 0.00000 -2.58448 -25.57708
v -0.41144 -2.59443 -24.45727
v -0.14940 -2.81137 -25.36723
v 0.00000 -2.80340 -25.32271
v 0.72193 0.12086 7.78611
v 0.35286 -0.10244 7.75680
v 0.23375 0.08181 8.57075
v 0.38836 0.32020 8.82668
v 0.80643 1.08556 9.84968
v 0.28876 1.24492 9.51056
v 0.39636 1.46281 7.99166
v 1.04328 1.36517 8.03844
v 1.35129 1.54407 6.18317
v 0.52101 1.69315 6.01255
v 0.18967 0.85506 10.23940
v 0.34427 0.76814 9.74479
v 0.80643 1.08556 9.84968
v 0.23709 1.01744 10.32226
v 0.18967 1.12493 10.23940
v 0.23709 1.01744 10.32226
v 0.87674 1.70767 -3.72532
v 0.94382 1.83747 -2.51842
v 2.10339 1.65463 -2.63256
v 1.91054 1.54191 -4.07584
v 0.84858 1.55682 -4.35968
v 1.94478 -0.40608 -12.69110
v 1.99174 -0.83302 -13.67017
v 1.17996 -1.70616 -13.57292
v 1.07044 -1.35514 -12.59883
v 1.18534 -1.93263 -14.65029
v 1.99379 -1.07232 -14.61341
v 1.07784 -0.20024 -18.32912
v 0.56899 0.20986 -18.42764
v 0.33240 -1.25882 -22.12297
v 0.63397 -1.48414 -22.04640
v 0.29375 -2.35401 -24.64533
v 0.95053 -0.18879 -11.09288
v 1.38120 -0.32832 -11.79520
v 0.80584 -0.92020 -11.77136
v 0.53767 -0.54709 -11.07471
v 0.95053 -0.18879 -11.09288
v 0.74965 -0.13604 -10.50966
v 0.91148 0.33189 -10.52112
v 1.11380 0.42661 -11.08312
v 1.01298 1.06317 -11.04933
v 0.84543 0.84713 -10.52021
v 0.79177 0.64915 -9.66712
v 0.85735 0.20545 -9.67691
v 0.70859 -0.19672 -9.67331
v 0.92004 -0.64837 -6.62675
v 0.75740 -0.39749 -8.21162
v 0.42190 -0.63490 -8.21212
v 0.51810 -0.97491 -6.64687
v 0.39540 -0.41400 -9.66080
v 0.49822 0.85118 -8.14964
v 0.57155 0.86857 -6.57885
v 0.98686 0.42394 -6.60289
v 0.85280 0.47217 -8.18040
v 0.79177 0.64915 -9.66712
v 0.46195 0.99103 -9.63948
v 1.21545 -0.19030 5.20234
v 1.55900 -0.69852 2.56182
v 0.84902 -1.28047 2.60198
v 0.63246 -0.58964 5.01466
v 1.01436 -1.88797 -0.03273
v 2.00110 -1.11957 -0.17991
v 0.67127 1.85048 3.90308
v 1.59012 1.66901 3.91834
v 1.62736 1.68358 1.70561
v 0.81335 1.92752 1.69541
v 0.88048 -0.09084 6.64574
v 1.13982 -0.00983 6.64409
v 1.35045 0.04308 6.11699
v 1.59424 0.16289 6.92423
v 1.12358 0.12032 7.17634
v 1.84730 -1.26329 -2.30661
v 1.01680 -1.96601 -2.33638
v 0.89939 -1.72233 -4.18755
v 1.69849 -0.98804 -4.17290
v 0.91344 1.91697 -0.57830
v 1.99913 1.70854 -0.54817
v 1.49560 0.52316 -11.71232
v 1.83099 0.70763 -12.30709
v 1.43620 2.01600 -11.91524
v 1.29358 1.29432 -11.56416
v 1.01298 1.06317 -11.04933
v 1.11380 0.42661 -11.08312
v 0.27621 6.00951 -8.05188
v 0.34527 5.94271 -7.74263
v 0.62834 5.13198 -9.00607
v 0.43040 5.40833 -9.17667
v 46.69901 1.15319 3.32599
v 46.75122 1.07960 3.16352
v 48.65691 0.84021 4.43368
v 7.66359 1.42303 8.58947
v 5.11465 1.59856 6.65344
v 9.23418 2.00130 5.41648
v 10.08919 1.63940 7.57312
v 8.14206 2.28718 1.91763
v 4.83221 1.85145 4.03537
v 20.85425 2.05442 4.64328
v 15.11596 1.99584 5.76564
v 14.72477 2.21311 4.50949
v 20.61413 2.31572 3.38188
v 20.29508 2.61255 0.77006
v 13.86901 2.53055 1.49680
v 4.69158 1.97365 1.80536
v 49.21898 0.67876 5.14197
v 48.64097 0.78703 5.15624
v 48.58277 0.87425 4.80732
v 46.54288 1.13004 4.10050
v 46.54149 1.05585 4.55746
v 46.62491 0.96797 4.81539
v 4.05173 1.86790 -4.19775
v 4.26154 1.90004 -3.16797
v 6.98920 2.20942 -4.12648
v 4.58834 1.99548 -0.73277
v 7.37898 2.30581 -1.35129
v 2.41893 1.30534 8.62100
v 0.65064 1.09670 -5.47585
v 0.77788 1.34281 -4.81787
v 1.66523 1.07158 -4.61352
v 1.15226 0.61219 -5.47745
v 19.95342 2.52083 -6.21538
v 20.05341 2.69767 -6.01999
v 12.60521 2.46373 -5.32648
v 12.64929 2.36427 -5.28689
v 7.00268 2.01133 -4.66456
v 6.96832 2.10615 -4.78134
v 12.69159 2.58340 -4.47388
v 20.46777 2.70275 -5.77798
v 5.41263 1.05288 10.47408
v 0.47642 -0.26161 6.65218
v 0.61842 0.63518 8.92858
v 0.91564 0.48346 8.08699
v 1.29797 0.69683 8.31921
v 0.98132 0.87480 9.04500
v 3.03272 0.90165 -0.28723
v 2.34068 -0.02188 0.08723
v 1.99094 0.13459 2.39571
v 2.81987 0.94591 2.06801
v 2.45323 0.87830 5.14887
v 1.66311 0.31815 4.72859
v 1.54381 0.30011 5.79106
v 1.91449 0.44541 6.45619
v 2.68717 0.40083 8.04772
v 3.27384 0.77667 7.45076
v 3.78648 0.47048 10.12794
v 3.41843 0.25717 10.07621
v 3.13837 0.09982 10.10202
v 2.45454 0.19286 8.37132
v 1.52242 0.41441 7.71978
v 2.23307 0.38496 8.71356
v 2.86654 0.28304 10.19922
v 2.61672 0.63978 10.46986
v 1.95047 0.70656 9.04709
v 3.82271 0.34394 12.09741
v 3.77369 0.60873 12.44433
v 3.30085 0.58469 13.85703
v 3.76225 0.45681 13.70858
v 3.84588 0.30102 13.56453
v 3.33051 0.00066 11.85595
v 3.64314 0.11855 11.87835
v 3.67157 0.09555 13.44056
v 3.30032 -0.05970 13.66963
v 2.83277 0.37753 12.09742
v 3.01791 0.13976 11.87836
v 2.93033 0.10147 13.43690
v 2.75500 0.20617 13.44317
v 3.30085 0.58469 13.85703
v 3.33605 0.55271 14.57291
v 3.06553 0.50013 14.58390
v 2.87634 0.48716 14.41713
v 2.58853 0.18410 14.83920
v 2.97010 0.19601 14.77184
v 3.37225 0.23578 15.03279
v 3.76225 0.45681 13.70858
v 4.04182 0.31728 14.30109
v 3.78698 0.49379 14.45845
v 4.14952 0.19475 14.91091
v 4.40327 0.06087 14.85396
v 4.51570 -0.10143 14.77212
v 4.18551 0.08118 14.17326
v 3.84588 0.30102 13.56453
v 3.84588 0.30102 13.56453
v 3.67157 0.09555 13.44056
v 4.02149 -0.10283 14.10190
v 4.18551 0.08118 14.17326
v 4.51570 -0.10143 14.77212
v 4.37879 -0.25007 14.72906
v 4.11100 -0.35433 14.70360
v 3.75878 -0.23949 14.12400
v 3.30032 -0.05970 13.66963
v 2.93033 0.10147 13.43690
v 2.63166 -0.10042 14.08726
v 2.91877 -0.23825 14.10279
v 2.66796 -0.35178 14.66539
v 2.37085 -0.24654 14.70728
v 2.21770 -0.09868 14.75439
v 2.45904 0.08307 14.16128
v 2.75500 0.20617 13.44317
v 4.55579 -0.33005 15.84262
v 4.47350 -0.41417 15.92788
v 4.11826 -0.04970 15.19889
v 3.95872 -0.27602 15.29560
v 4.43748 -0.52839 15.95996
v 4.67462 -0.72084 16.45675
v 4.69571 -0.67989 16.44522
v 4.73986 -0.63120 16.43061
v 4.73970 -0.44756 15.73610
v 4.67498 -0.36028 15.77864
v 4.79727 -0.67062 16.41397
v 4.83109 -0.69858 16.40969
v 4.53122 -0.59149 15.74743
v 4.65860 -0.53458 15.71518
v 4.73970 -0.44756 15.73610
v 4.83109 -0.69858 16.40969
v 4.79787 -0.74116 16.40555
v 4.73306 -0.76354 16.41552
v 3.95872 -0.27602 15.29560
v 4.43748 -0.52839 15.95996
v 4.45712 -0.58846 15.86442
v 4.09777 -0.37784 15.08498
v 4.69244 -0.73709 16.44207
v 4.67462 -0.72084 16.45675
v 2.27593 -0.33667 15.79949
v 2.15011 -0.36375 15.75148
v 2.32760 0.05680 14.81298
v 2.21770 -0.09868 14.75439
v 2.08854 -0.44606 15.72509
v 2.05581 -0.68561 16.37039
v 2.09526 -0.66264 16.38683
v 2.14627 -0.63254 16.40655
v 2.86324 -0.26684 15.25165
v 2.42683 -0.52430 15.93005
v 2.37563 -0.41592 15.88812
v 2.66815 -0.05147 15.13710
v 2.19633 -0.69105 16.44459
v 2.22245 -0.72157 16.46444
v 2.32319 -0.58976 15.72421
v 2.40714 -0.58464 15.83794
v 2.71910 -0.37160 15.04344
v 2.86324 -0.26684 15.25165
v 2.42683 -0.52430 15.93005
v 2.22245 -0.72157 16.46444
v 2.20747 -0.73189 16.41850
v 2.16922 -0.75512 16.36985
v 2.08854 -0.44606 15.72509
v 2.18161 -0.53248 15.70130
v 2.09841 -0.73053 16.36614
v 2.05581 -0.68561 16.37039
v 3.43736 -0.39023 16.16554
v 3.29219 -0.46261 16.18115
v 3.10445 -0.05077 15.27998
v 3.22563 -0.59028 16.18428
v 3.36931 -0.81792 16.82516
v 3.40647 -0.77985 16.82207
v 3.47235 -0.72036 16.81398
v 3.40846 -0.45996 14.82225
v 3.45651 -0.71720 16.07216
v 3.60662 -0.68375 16.13121
v 3.70558 -0.43578 15.19747
v 3.67812 -0.59501 16.20275
v 3.58949 -0.81973 16.83274
v 3.55442 -0.87139 16.82558
v 3.48329 -0.88929 16.81549
v 3.22563 -0.59028 16.18428
v 3.30496 -0.68059 16.11890
v 3.13340 -0.43018 15.17264
v 3.40329 -0.84250 16.81961
v 3.36931 -0.81792 16.82516
v 3.84092 0.02015 14.95213
v 3.75353 0.20234 14.81929
v 3.69150 -0.05471 15.30904
v 2.91527 0.01881 14.90028
v 3.83651 -0.31767 14.79688
v 3.74635 -0.30932 14.57858
v 2.97034 -0.31238 14.76196
v 3.03725 -0.30737 14.55230
v 3.61755 0.50612 14.61839
v 2.60739 0.31472 14.27375
v 2.90046 0.46325 13.70175
v 2.75500 0.20617 13.44317
v 2.45904 0.08307 14.16128
v 3.35231 -0.33113 14.20906
v 3.60643 -0.33356 14.27654
v 3.11388 -0.33293 14.25898
v 3.30085 0.58469 13.85703
v 2.90046 0.46325 13.70175
v 2.85913 0.64946 12.37408
v 3.21502 1.14636 10.21993
v 3.30085 0.58469 13.85703
v 2.32978 0.92827 11.50868
v 4.23318 0.83929 12.07075
v 46.68109 0.99900 3.32734
v 48.65691 0.84021 4.43368
v 46.75122 1.07960 3.16352
v 7.66359 1.42303 8.58947
v 10.08919 1.63940 7.57312
v 9.18173 1.56985 5.37243
v 5.21455 1.11215 6.67625
v 5.41263 1.05288 10.47408
v 8.21246 1.68662 2.16023
v 4.75328 1.30408 4.14252
v 20.85425 2.05442 4.64328
v 20.63604 2.00516 3.40080
v 14.72367 1.92014 4.53178
v 15.11596 1.99584 5.76564
v 10.08919 1.63940 7.57312
v 9.18173 1.56985 5.37243
v 8.21246 1.68662 2.16023
v 13.85934 1.97940 1.52476
v 20.31580 2.06679 0.78585
v 4.72082 1.46248 1.54306
v 4.53780 1.44866 -0.64420
v 7.41831 1.79967 -1.36322
v 7.81013 1.75908 0.69859
v 49.21898 0.67876 5.14197
v 48.50829 0.75078 4.77202
v 48.64097 0.78703 5.15624
v 46.62491 0.96797 4.81539
v 46.54149 0.96451 4.55746
v 46.53981 0.97419 4.10073
v 4.23318 0.83929 12.07075
v 2.32978 0.92827 11.50868
v 1.13948 0.34027 7.51625
v 1.76702 -1.32885 -17.26776
v 0.81292 -3.39076 -20.96886
v 0.54194 -3.72353 -21.18616
v 0.95144 -2.41569 -17.72089
v 0.14932 -5.03609 -24.35964
v 0.37206 -4.54598 -23.44112
v 0.91968 1.64520 -11.39215
v 0.79370 2.23602 -11.18122
v 0.63361 1.48497 -10.99545
v 0.92012 0.01374 -8.20105
v 0.85280 0.47217 -8.18040
v 0.98686 0.42394 -6.60289
v 1.08966 -0.13189 -6.61548
v 0.41743 -0.38155 -10.49310
v 0.53767 -0.54709 -11.07471
v 3.10771 0.48113 -1.70759
v 2.43837 -0.32038 -1.25476
v 2.52569 0.07743 -0.90206
v 3.15794 0.77118 -1.28204
v 2.87776 0.34444 -2.54614
v 2.30519 -0.42295 -2.41789
v 2.13112 -0.26291 -3.64658
v 2.65233 0.49871 -3.52280
v 1.63893 1.83472 -13.55677
v 0.83572 2.44823 -13.48021
v 0.74845 2.38195 -14.05055
v 1.32209 2.19166 -14.09262
v 1.16669 2.09880 -14.57646
v 0.65494 2.17415 -14.57304
v 1.25362 0.92470 -15.57026
v 1.19024 0.52603 -16.53465
v 1.56185 -0.02236 -16.54803
v 1.71135 -0.09593 -16.00761
v 1.46643 -0.69776 -18.12222
v 1.89734 -1.12633 -15.58208
v 1.90170 -0.14950 -15.29842
v 1.59733 0.66925 -15.00970
v 1.77372 0.75803 -14.44233
v 2.04847 -0.07537 -14.52832
v 2.06720 0.23415 -13.80514
v 1.81247 1.11751 -13.94930
v 2.00127 0.65574 -13.19545
v 1.89406 1.06608 -12.76578
v 1.53171 1.90967 -12.80708
v 1.63893 1.83472 -13.55677
v 1.32209 2.19166 -14.09262
v 1.40524 1.92749 -14.16950
v 1.52469 1.77874 -13.94798
v 1.39861 1.71417 -14.11388
v 1.52469 1.77874 -13.94798
v 1.40524 1.92749 -14.16950
v 1.31358 1.79399 -14.26379
v 1.19252 1.73612 -14.49829
v 1.25120 1.86002 -14.54588
v 1.16669 2.09880 -14.57646
v 1.25120 1.86002 -14.54588
v 1.11756 1.71964 -15.03724
v 1.20248 1.55081 -14.88436
v 1.20248 1.55081 -14.88436
v 1.15422 1.55699 -14.67679
v 1.16555 1.35868 -14.73339
v 1.22654 1.21372 -15.02028
v 1.25362 0.92470 -15.57026
v 1.22654 1.21372 -15.02028
v 1.59733 0.66925 -15.00970
v 1.43095 1.06259 -14.78894
v 1.43095 1.06259 -14.78894
v 1.33356 1.24324 -14.60218
v 1.46154 1.26549 -14.38637
v 1.59390 1.12769 -14.40275
v 1.77372 0.75803 -14.44233
v 1.59390 1.12769 -14.40275
v 1.81247 1.11751 -13.94930
v 1.63370 1.43927 -14.07408
v 1.63370 1.43927 -14.07408
v 1.49292 1.48023 -14.18918
v 4.26029 1.56062 -3.86065
v 2.74884 1.07427 -3.87562
v 4.28036 1.25061 -3.39543
v 7.07051 1.91844 -3.94443
v 7.09504 1.65682 -3.32092
v 7.14420 1.26117 -2.90641
v 4.34052 0.74842 -2.81650
v 4.42541 0.84715 -2.02559
v 4.47846 1.22412 -1.59935
v 7.24548 1.63930 -2.28579
v 1.98779 0.90929 -4.06220
v 1.94918 0.65351 -4.12784
v 1.66523 1.07158 -4.61352
v 1.92112 0.12710 -4.19592
v 1.65443 -0.01308 -4.64696
v 1.22048 -0.85937 -5.42092
v 0.70521 -1.36468 -5.46487
v 1.35585 -0.12012 -5.44213
v 1.15226 0.61219 -5.47745
v 0.94236 1.64217 -14.96562
v 1.16228 1.24477 -14.85662
v 1.39137 1.53351 -14.28741
v 1.12720 1.88962 -14.42211
v 1.12658 2.13707 -13.87860
v 1.44693 1.82225 -13.71820
v 1.58183 1.50743 -13.55780
v 1.48201 1.17740 -14.15270
v 1.38219 0.84737 -14.74761
v 1.13753 -1.99393 -15.78760
v 0.87389 -1.77734 -21.87727
v 0.89534 -2.00773 -21.62769
v 0.41145 -2.59443 -24.45727
v 0.23896 -2.73770 -25.51135
v 0.43040 4.82739 -8.98844
v 0.61675 3.49667 -10.22197
v 0.92513 3.77509 -10.44290
v 0.37206 -4.54598 -23.44112
v 0.81292 -3.39076 -20.96886
v 0.54194 -3.24072 -20.66121
v 0.14932 -4.91066 -24.23024
v 0.80243 -1.30788 -17.15736
v 1.76702 -1.32885 -17.26776
v 0.54149 -2.04462 -21.30977
v 0.14940 -2.81137 -25.36723
v 0.41145 -2.59443 -24.45727
v 0.89534 -2.00773 -21.62769
v 0.27621 5.62843 -7.95463
v 0.77542 3.22321 -11.92240
v 0.61675 4.29610 -10.58590
v 0.63361 1.48497 -10.99545
v 0.49405 1.23460 -10.49966
v 0.84543 0.84713 -10.52021
v 1.01298 1.06317 -11.04933
v 0.63982 1.05748 -16.54993
v 0.63019 1.45258 -15.69817
v 19.95342 2.52083 -6.21538
v 12.64929 2.36427 -5.28689
v 12.69067 2.19424 -4.60691
v 7.00268 2.01133 -4.66456
v 12.74498 1.86256 -4.19591
v 7.14420 1.26117 -2.90641
v 7.09504 1.65682 -3.32092
v 3.95889 1.59904 -4.49284
v 7.00268 2.01133 -4.66456
v 3.67812 -0.59501 16.20275
v 3.59385 -0.46577 16.19346
v 3.54188 -0.76929 16.82152
v 3.58949 -0.81973 16.83274
v 20.46777 2.70275 -5.77798
v 20.68898 2.83839 -6.58754
v 21.14721 2.78472 -6.30616
v 21.69937 2.57874 -6.47530
v 21.35777 2.61607 -6.77390
v 20.95159 2.58798 -7.16574
v 19.98729 2.47825 -7.31167
v 20.18290 2.76213 -6.65225
v 20.05341 2.69767 -6.01999
v 19.95342 2.52083 -6.21538
v 20.05364 2.22020 -7.23173
v 19.98729 2.47825 -7.31167
v 19.95342 2.52083 -6.21538
v 20.07727 2.33556 -6.36667
v 20.46819 2.39212 -5.78084
v 21.71609 2.30319 -6.54787
v 21.10944 2.38167 -6.07360
v 21.14963 2.52586 -5.89842
v 21.81392 2.40569 -6.51803
v 21.69937 2.57874 -6.47530
v 20.13658 2.01159 -8.25519
v 20.27318 2.08889 -8.29053
v 20.26552 2.34140 -7.61178
v 20.57148 2.26808 -7.62831
v 20.42016 2.06573 -8.31173
v 20.38501 1.64096 -8.71060
v 20.13658 2.01159 -8.25519
v 20.57148 2.26808 -7.62831
v 20.42016 2.06573 -8.31173
v 20.31381 1.92221 -8.29053
v 20.25553 2.11177 -7.59844
v 20.38501 1.64096 -8.71060
v 20.38501 1.64096 -8.71060
v 21.52237 2.27714 -7.16726
v 22.07999 2.07119 -7.51818
v 22.14382 2.20932 -7.42365
v 21.70028 2.50165 -6.92111
v 22.25021 2.13095 -7.26612
v 22.56579 1.73191 -7.79930
v 22.25021 2.13095 -7.26612
v 22.14382 1.97709 -7.42365
v 21.69029 2.16378 -6.90777
v 21.52237 2.27714 -7.16726
v 22.07999 2.07119 -7.51818
v 22.56579 1.73191 -7.79930
v 22.56579 1.73191 -7.79930
v 21.32539 2.09664 -8.09060
v 21.47210 2.03096 -8.03983
v 21.29862 2.36058 -7.27249
v 21.57241 1.52771 -8.57718
v 20.86080 2.14335 -7.04998
v 21.27715 1.90303 -8.02670
v 21.18078 1.93210 -8.12755
v 20.73565 2.16436 -7.46834
v 21.18173 2.02765 -8.18963
v 21.57241 1.52771 -8.57718
v 21.47210 2.03096 -8.03983
v 21.41308 1.93476 -8.00772
v 21.25060 2.16956 -7.20848
v 20.40006 2.53543 -7.23282
v 20.78367 2.35538 -7.53234
v 20.38339 2.18314 -7.26803
v 21.30887 2.26788 -6.71345
v 21.14963 2.52586 -5.89842
v 20.95763 2.70180 -5.84070
v 20.59973 2.25359 -6.51667
v 20.29536 2.19800 -6.74368
v 20.88610 2.31117 -6.31026
v 21.18173 2.02765 -8.18963
v 20.46819 2.39212 -5.78084
v 12.81149 2.06678 -3.78651
v 12.86357 2.09411 -2.96090
v 7.41831 1.79967 -1.36322
v 7.24548 1.63930 -2.28579
v 1.96338 1.41594 -4.58200
v 3.87075 1.73039 -4.59750
v 3.95889 1.59904 -4.49284
v 46.56281 1.17492 3.62249
v 0.99569 1.41417 -4.58217
v 13.00762 2.66477 -2.11544
v 20.34400 2.73153 -2.03256
v 7.81013 1.75908 0.69859
v 13.26379 2.04338 -0.86755
v 20.36184 2.11603 -1.98614
v 28.39975 1.88784 -3.13885
v 28.10619 1.84581 -1.38207
v 35.90437 1.49481 -1.02011
v 35.69784 1.46504 0.18081
v 35.59118 1.44366 1.73447
v 27.95561 1.81564 0.88631
v 35.94193 1.81670 -1.02402
v 28.45278 2.34227 -3.14450
v 28.77052 2.10380 -3.71892
v 36.16182 1.64778 -1.42108
v 21.14963 2.52586 -5.89842
v 20.95763 2.70180 -5.84070
v 35.77222 1.42912 3.89789
v 28.21120 1.79510 4.01993
v 28.08014 2.02509 3.00100
v 35.67938 1.59202 3.19267
v 35.59743 1.76906 1.73382
v 27.96444 2.27502 0.88537
v 36.16182 1.64778 -1.42108
v 28.77052 2.10380 -3.71892
v 21.14963 2.52586 -5.89842
v 28.08015 1.76201 3.00100
v 35.67939 1.40568 3.19267
v 35.77222 1.42912 3.89789
v 28.21120 1.79510 4.01993
v 28.14154 2.36799 -1.38584
v 35.72288 1.83492 0.17820
v 41.99493 1.17797 2.93760
v 42.07022 1.19306 2.01581
v 42.21136 1.21407 1.31128
v 46.55054 0.99360 3.62341
v 42.37605 1.32205 1.06090
v 42.23788 1.44129 1.30883
v 42.05720 1.28269 3.83608
v 41.99935 1.40766 2.93719
v 42.12272 1.16770 4.27949
v 42.37605 1.32205 1.06090
v 42.05720 1.15116 3.83608
v 42.12272 1.16770 4.27949
v 42.08790 1.45415 2.01418
v 0.84656 2.74010 -12.82900
v 0.62538 1.90330 -15.08073
v 1.11756 1.71964 -15.03724
v 0.14932 -5.03609 -24.35964
v 0.14932 -4.91066 -24.23024
v 0.37206 -4.54598 -23.44112
v 4.83109 -0.69858 16.40969
v 4.79787 -0.74116 16.40555
v 4.88367 -0.69978 16.88939
v 4.73986 -0.63120 16.43061
v 4.79727 -0.67062 16.41397
v 4.67462 -0.72084 16.45675
v 4.69571 -0.67989 16.44522
v 4.73306 -0.76354 16.41552
v 4.69244 -0.73709 16.44207
v 2.14627 -0.63254 16.40655
v 2.19633 -0.69105 16.44459
v 2.04429 -0.70950 16.88928
v 2.05581 -0.68561 16.37039
v 2.09526 -0.66264 16.38683
v 2.16922 -0.75512 16.36985
v 2.09841 -0.73053 16.36614
v 2.22245 -0.72157 16.46444
v 2.20747 -0.73189 16.41850
v 3.47235 -0.72036 16.81398
v 3.54188 -0.76929 16.82152
v 3.50142 -0.78443 17.33730
v 3.36931 -0.81792 16.82516
v 3.40647 -0.77985 16.82207
v 3.48329 -0.88929 16.81549
v 3.40329 -0.84250 16.81961
v 3.58949 -0.81973 16.83274
v 3.55442 -0.87139 16.82558
v 0.29375 -2.35401 -24.64533
v 0.23896 -2.73770 -25.51135
v 0.41145 -2.59443 -24.45727
v 0.14940 -2.81137 -25.36723
vt 0.102075 0.638546
vt 0.099600 0.664462
vt 0.089400 0.657221
vt 0.087208 0.636502
vt 0.095145 0.691480
vt 0.084402 0.665288
vt 0.073658 0.639097
vt 0.936192 0.080556
vt 0.926892 0.112602
vt 0.955928 0.109874
vt 0.961526 0.081501
vt 0.916275 0.145660
vt 0.950699 0.146149
vt 0.985151 0.141478
vt 0.985151 0.105247
vt 0.985151 0.069016
vt 0.113077 0.687726
vt 0.111803 0.700195
vt 0.102253 0.704708
vt 0.130903 0.691168
vt 0.120132 0.704553
vt 0.109360 0.717937
vt 0.985151 0.050100
vt 0.960672 0.065328
vt 0.968832 0.066557
vt 0.985151 0.059558
vt 0.985151 0.303527
vt 0.933383 0.297327
vt 0.933934 0.319268
vt 0.985151 0.323597
vt 0.885647 0.297711
vt 0.887756 0.322049
vt 0.931643 0.331680
vt 0.985151 0.343667
vt 0.612517 0.785959
vt 0.597999 0.746465
vt 0.554962 0.752005
vt 0.567971 0.787938
vt 0.590917 0.709861
vt 0.543424 0.719240
vt 0.495931 0.728619
vt 0.510379 0.764633
vt 0.528042 0.797164
vt 0.404648 0.910372
vt 0.241552 0.933274
vt 0.242521 0.948258
vt 0.407932 0.936698
vt 0.037286 0.963449
vt 0.037353 0.964275
vt 0.244467 0.962407
vt 0.451560 0.960263
vt 0.676659 0.758011
vt 0.674254 0.751205
vt 0.637109 0.747252
vt 0.647254 0.771515
vt 0.671849 0.744398
vt 0.631383 0.727129
vt 0.124085 0.167429
vt 0.148087 0.169249
vt 0.143509 0.182115
vt 0.125599 0.180786
vt 0.172089 0.171070
vt 0.163193 0.183717
vt 0.154296 0.196365
vt 0.137782 0.202802
vt 0.122075 0.201480
vt 0.105229 0.276319
vt 0.087504 0.274403
vt 0.099507 0.236225
vt 0.113646 0.237416
vt 0.072167 0.277671
vt 0.086352 0.235294
vt 0.100538 0.192917
vt 0.108711 0.200685
vt 0.985152 0.376142
vt 0.952396 0.380842
vt 0.955532 0.410908
vt 0.985152 0.410230
vt 0.922422 0.377338
vt 0.925912 0.411586
vt 0.929402 0.445835
vt 0.956462 0.439116
vt 0.985152 0.444319
vt 0.106089 0.573586
vt 0.082574 0.567054
vt 0.071461 0.505381
vt 0.099935 0.507019
vt 0.067918 0.576025
vt 0.044748 0.502811
vt 0.021578 0.429596
vt 0.061575 0.438226
vt 0.099617 0.438237
vt 0.944495 0.184797
vt 0.985151 0.182652
vt 0.905772 0.185601
vt 0.900044 0.224676
vt 0.938787 0.224480
vt 0.985151 0.223825
vt 0.120067 0.597556
vt 0.111924 0.610405
vt 0.100559 0.609576
vt 0.133046 0.618222
vt 0.116092 0.624312
vt 0.061451 0.380230
vt 0.097145 0.384112
vt 0.026199 0.374978
vt 0.030821 0.320359
vt 0.067613 0.334215
vt 0.105174 0.337487
vt 0.935041 0.263860
vt 0.985151 0.263676
vt 0.889813 0.262634
vt 0.647735 0.822961
vt 0.666238 0.804056
vt 0.686655 0.868244
vt 0.686170 0.832053
vt 0.701842 0.815534
vt 0.689250 0.786773
vt 0.992191 0.938821
vt 0.916021 0.941755
vt 0.905681 0.950676
vt 0.926525 0.953954
vt 0.853570 0.934775
vt 0.852333 0.949662
vt 0.860860 0.969087
vt 0.135002 0.105135
vt 0.091382 0.090772
vt 0.138852 0.125281
vt 0.793709 0.086759
vt 0.740063 0.088942
vt 0.760368 0.143441
vt 0.841569 0.122297
vt 0.769005 0.202840
vt 0.850941 0.171392
vt 0.567607 0.103424
vt 0.551290 0.141246
vt 0.651056 0.134742
vt 0.650329 0.091929
vt 0.546053 0.189183
vt 0.660610 0.194925
vt 0.862429 0.221095
vt 0.039293 0.056288
vt 0.087870 0.065626
vt 0.073925 0.058675
vt 0.128313 0.073636
vt 0.127584 0.066469
vt 0.108558 0.061062
vt 0.845977 0.301373
vt 0.849419 0.322183
vt 0.795565 0.316292
vt 0.854349 0.258588
vt 0.779630 0.267600
vt 0.892675 0.100862
vt 0.936569 0.344496
vt 0.946478 0.358981
vt 0.985152 0.359904
vt 0.893189 0.338778
vt 0.907805 0.358058
vt 0.534638 0.341655
vt 0.666740 0.338684
vt 0.675005 0.330970
vt 0.529364 0.335734
vt 0.802942 0.333479
vt 0.782690 0.331872
vt 0.673460 0.312522
vt 0.524090 0.329814
vt 0.837009 0.064954
vt 0.086377 0.608604
vt 0.070788 0.607561
vt 0.116863 0.647871
vt 0.114458 0.668059
vt 0.131719 0.654091
vt 0.129702 0.671301
vt 0.171800 0.444691
vt 0.168706 0.501359
vt 0.131929 0.506792
vt 0.135071 0.451042
vt 0.163755 0.574692
vt 0.131987 0.563408
vt 0.146699 0.606029
vt 0.131965 0.589691
vt 0.178602 0.629392
vt 0.163474 0.643559
vt 0.189940 0.689487
vt 0.175512 0.689868
vt 0.168551 0.691780
vt 0.154868 0.651994
vt 0.149653 0.661136
vt 0.133773 0.638849
vt 0.162250 0.694320
vt 0.156120 0.700456
vt 0.145745 0.669969
vt 0.184214 0.744897
vt 0.180152 0.737464
vt 0.182820 0.783251
vt 0.178754 0.779205
vt 0.174689 0.775159
vt 0.176034 0.732544
vt 0.170603 0.731893
vt 0.170799 0.773403
vt 0.166909 0.771647
vt 0.164963 0.732022
vt 0.159874 0.736183
vt 0.162736 0.771985
vt 0.158563 0.772322
vt 0.803815 0.817936
vt 0.820985 0.804139
vt 0.812337 0.797212
vt 0.800775 0.798698
vt 0.831966 0.783819
vt 0.815824 0.788283
vt 0.797742 0.777830
vt 0.781811 0.805565
vt 0.771391 0.813678
vt 0.789992 0.828956
vt 0.764812 0.786223
vt 0.754116 0.789746
vt 0.742104 0.803796
vt 0.759137 0.821887
vt 0.776169 0.839977
vt 0.911095 0.788216
vt 0.898661 0.777640
vt 0.908853 0.777955
vt 0.922307 0.789057
vt 0.886226 0.767065
vt 0.896288 0.761868
vt 0.904853 0.761838
vt 0.917166 0.776645
vt 0.933519 0.789898
vt 0.943922 0.774955
vt 0.953082 0.774603
vt 0.944479 0.787176
vt 0.950820 0.758983
vt 0.960189 0.757042
vt 0.971702 0.759974
vt 0.963571 0.772214
vt 0.955440 0.784454
vt 0.765225 0.772959
vt 0.747648 0.740962
vt 0.744395 0.745155
vt 0.771864 0.774654
vt 0.750077 0.736351
vt 0.728289 0.698048
vt 0.727626 0.698096
vt 0.726963 0.698145
vt 0.739491 0.748510
vt 0.733761 0.751447
vt 0.726191 0.698621
vt 0.725419 0.699097
vt 0.885499 0.735813
vt 0.889489 0.734593
vt 0.880582 0.735954
vt 0.874937 0.704843
vt 0.875599 0.704774
vt 0.876261 0.704705
vt 0.908575 0.749320
vt 0.904543 0.751433
vt 0.891621 0.731212
vt 0.892825 0.726751
vt 0.876668 0.704443
vt 0.877075 0.704182
vt 0.843237 0.784067
vt 0.847826 0.740566
vt 0.842277 0.738831
vt 0.857334 0.794292
vt 0.853869 0.741325
vt 0.850404 0.688358
vt 0.849579 0.688134
vt 0.848754 0.687911
vt 0.820086 0.772955
vt 0.827593 0.770505
vt 0.837717 0.735146
vt 0.833652 0.730486
vt 0.847986 0.687964
vt 0.847218 0.688018
vt 0.948469 0.748842
vt 0.956868 0.726400
vt 0.959756 0.729265
vt 0.944322 0.747712
vt 0.954810 0.722222
vt 0.965297 0.696733
vt 0.965741 0.696902
vt 0.966185 0.697071
vt 0.964302 0.729506
vt 0.969678 0.728435
vt 0.966920 0.696984
vt 0.967655 0.696896
vt 0.808428 0.765568
vt 0.797479 0.725100
vt 0.791305 0.726341
vt 0.803339 0.722885
vt 0.786593 0.672816
vt 0.785721 0.672723
vt 0.784850 0.672629
vt 0.926969 0.756716
vt 0.916800 0.747317
vt 0.918158 0.721663
vt 0.923046 0.722864
vt 0.913193 0.719023
vt 0.917810 0.688726
vt 0.918497 0.688805
vt 0.919184 0.688885
vt 0.935045 0.746448
vt 0.927776 0.721184
vt 0.932428 0.718065
vt 0.919859 0.688651
vt 0.920533 0.688417
vt 0.782083 0.788966
vt 0.777909 0.783218
vt 0.783167 0.766376
vt 0.817761 0.782218
vt 0.913404 0.758561
vt 0.916690 0.764253
vt 0.939292 0.763054
vt 0.941018 0.757173
vt 0.788560 0.797645
vt 0.832977 0.809708
vt 0.819882 0.826420
vt 0.835949 0.834905
vt 0.846641 0.814598
vt 0.921719 0.772087
vt 0.929930 0.773236
vt 0.937417 0.771235
vt 0.149834 0.777794
vt 0.154630 0.741157
vt 0.154198 0.775058
vt 0.872781 0.063095
vt 0.877921 0.012060
vt 0.856827 0.033118
vt 0.907056 0.046308
vt 0.873230 0.574485
vt 0.901982 0.523223
vt 0.911101 0.590946
vt 0.251131 0.681639
vt 0.213754 0.613116
vt 0.262521 0.578074
vt 0.301046 0.667939
vt 0.209266 0.713318
vt 0.209252 0.551893
vt 0.267201 0.534275
vt 0.478063 0.629646
vt 0.393774 0.656453
vt 0.380742 0.587741
vt 0.483653 0.575959
vt 0.295454 0.668867
vt 0.263123 0.567099
vt 0.271772 0.539821
vt 0.369149 0.510330
vt 0.479742 0.512047
vt 0.211530 0.487377
vt 0.211873 0.431491
vt 0.245535 0.398904
vt 0.252632 0.468154
vt 0.928991 0.649945
vt 0.899679 0.643250
vt 0.893861 0.625781
vt 0.870367 0.636555
vt 0.858201 0.625756
vt 0.861076 0.612817
vt 0.195010 0.743512
vt 0.143620 0.727528
vt 0.121208 0.633837
vt 0.452064 0.836028
vt 0.386341 0.807150
vt 0.232136 0.824486
vt 0.246495 0.838055
vt 0.394534 0.782977
vt 0.217778 0.810916
vt 0.041022 0.838854
vt 0.040974 0.839468
vt 0.040925 0.840083
vt 0.718078 0.862168
vt 0.699158 0.842682
vt 0.718188 0.846574
vt 0.710015 0.831054
vt 0.129758 0.239129
vt 0.146856 0.241102
vt 0.139416 0.285839
vt 0.124485 0.278089
vt 0.111236 0.180001
vt 0.098648 0.179489
vt 0.096759 0.166061
vt 0.110422 0.166745
vt 0.171255 0.406707
vt 0.174729 0.419491
vt 0.144697 0.427361
vt 0.135166 0.415594
vt 0.133722 0.385253
vt 0.168365 0.384701
vt 0.138083 0.353971
vt 0.171926 0.359158
vt 0.624813 0.889479
vt 0.609856 0.915794
vt 0.616634 0.935879
vt 0.640025 0.925763
vt 0.589193 0.923454
vt 0.593463 0.942953
vt 0.598743 0.966620
vt 0.623578 0.961271
vt 0.648414 0.955922
vt 0.529337 0.894136
vt 0.493901 0.862647
vt 0.474912 0.877619
vt 0.485342 0.901988
vt 0.403345 0.883759
vt 0.519817 0.844879
vt 0.490626 0.814704
vt 0.546359 0.868777
vt 0.570041 0.859765
vt 0.550533 0.831627
vt 0.596065 0.865470
vt 0.583923 0.830203
vt 0.614867 0.836174
vt 0.652686 0.880575
vt 0.638248 0.845108
vt 0.624813 0.889479
vt 0.609170 0.893757
vt 0.603412 0.906322
vt 0.609856 0.915794
vt 0.601436 0.894661
vt 0.597135 0.902156
vt 0.603412 0.906322
vt 0.609170 0.893757
vt 0.586853 0.905049
vt 0.587403 0.912192
vt 0.589193 0.923454
vt 0.587403 0.912192
vt 0.568175 0.905458
vt 0.563865 0.916708
vt 0.576400 0.900721
vt 0.568175 0.905458
vt 0.570335 0.892508
vt 0.556314 0.892461
vt 0.529337 0.894136
vt 0.556314 0.892461
vt 0.562410 0.879544
vt 0.546359 0.868777
vt 0.573214 0.883744
vt 0.562410 0.879544
vt 0.582074 0.879584
vt 0.578756 0.873320
vt 0.570041 0.859765
vt 0.578756 0.873320
vt 0.597647 0.880408
vt 0.596065 0.865470
vt 0.593949 0.885180
vt 0.597647 0.880408
vt 0.213713 0.349343
vt 0.214267 0.361451
vt 0.185211 0.347669
vt 0.251587 0.354157
vt 0.246907 0.369579
vt 0.245659 0.380314
vt 0.202446 0.379206
vt 0.208346 0.394236
vt 0.211937 0.406219
vt 0.246073 0.395229
vt 0.163442 0.341800
vt 0.171485 0.342948
vt 0.165267 0.326888
vt 0.145970 0.339380
vt 0.134960 0.326553
vt 0.076585 0.303002
vt 0.101736 0.305914
vt 0.051494 0.299015
vt 0.127009 0.306677
vt 0.152341 0.306364
vt 0.870233 0.903891
vt 0.922282 0.903358
vt 0.922851 0.859329
vt 0.870343 0.859499
vt 0.974332 0.902825
vt 0.975359 0.859160
vt 0.976387 0.815495
vt 0.923420 0.815301
vt 0.870453 0.815106
vt 0.445232 0.755798
vt 0.466630 0.785107
vt 0.244510 0.899132
vt 0.242542 0.916621
vt 0.036957 0.962235
vt 0.037121 0.962842
vt 0.850469 0.917268
vt 0.784328 0.881921
vt 0.777523 0.893475
vt 0.848551 0.922066
vt 0.774440 0.909575
vt 0.289421 0.866680
vt 0.289635 0.865977
vt 0.154786 0.882633
vt 0.156215 0.901020
vt 0.289849 0.865275
vt 0.153356 0.864246
vt 0.016863 0.863216
vt 0.087344 0.891146
vt 0.023009 0.935360
vt 0.153286 0.865003
vt 0.154719 0.883374
vt 0.289708 0.866790
vt 0.289502 0.867460
vt 0.289296 0.868130
vt 0.156153 0.901745
vt 0.921330 0.928044
vt 0.902218 0.933403
vt 0.712899 0.959918
vt 0.786880 0.964503
vt 0.778799 0.934766
vt 0.708976 0.919807
vt 0.985152 0.465335
vt 0.985152 0.454827
vt 0.955762 0.455402
vt 0.954246 0.465727
vt 0.926372 0.455977
vt 0.923341 0.466120
vt 0.501234 0.968593
vt 0.493785 0.933504
vt 0.550908 0.976922
vt 0.535223 0.935867
vt 0.462104 0.326949
vt 0.331507 0.351369
vt 0.357135 0.336710
vt 0.243082 0.347087
vt 0.346348 0.358492
vt 0.246650 0.378800
vt 0.241845 0.371941
vt 0.208716 0.336680
vt 0.245383 0.337344
vt 0.784506 0.725635
vt 0.777394 0.723955
vt 0.783887 0.672943
vt 0.782924 0.673257
vt 0.803815 0.817936
vt 0.823071 0.802739
vt 0.800768 0.799948
vt 0.854610 0.795491
vt 0.824217 0.786672
vt 0.797750 0.778616
vt 0.743600 0.804214
vt 0.784717 0.828754
vt 0.787755 0.837717
vt 0.778952 0.806222
vt 0.899117 0.757056
vt 0.908977 0.770770
vt 0.913607 0.778918
vt 0.886226 0.767065
vt 0.934383 0.788565
vt 0.959294 0.757072
vt 0.965054 0.757235
vt 0.959930 0.772992
vt 0.948999 0.773636
vt 0.971702 0.759974
vt 0.757327 0.777627
vt 0.742561 0.744683
vt 0.734689 0.752389
vt 0.771864 0.774654
vt 0.750433 0.736977
vt 0.727390 0.699932
vt 0.882292 0.741421
vt 0.908575 0.749320
vt 0.896523 0.746789
vt 0.887122 0.732424
vt 0.893083 0.727120
vt 0.878331 0.721316
vt 0.877590 0.704920
vt 0.820086 0.772955
vt 0.835497 0.772217
vt 0.842933 0.736940
vt 0.833430 0.731181
vt 0.852435 0.742700
vt 0.849389 0.689783
vt 0.953581 0.747623
vt 0.960213 0.725964
vt 0.967426 0.734597
vt 0.944322 0.747712
vt 0.954638 0.722639
vt 0.966943 0.694348
vt 0.967565 0.705554
vt 0.810120 0.766078
vt 0.800609 0.724725
vt 0.791404 0.727165
vt 0.784144 0.674525
vt 0.926611 0.755924
vt 0.915075 0.746190
vt 0.918150 0.722104
vt 0.923095 0.723305
vt 0.913127 0.719457
vt 0.919870 0.689438
vt 0.936141 0.746277
vt 0.927883 0.721612
vt 0.932592 0.718473
vt 0.772542 0.790297
vt 0.781514 0.767509
vt 0.906509 0.753614
vt 0.944966 0.758864
vt 0.819882 0.826420
vt 0.835949 0.834905
vt 0.914823 0.767140
vt 0.929275 0.771721
vt 0.941693 0.770125
vt 0.780917 0.725556
vt 0.470477 0.341399
vt 0.352418 0.391658
vt 0.350423 0.366223
vt 0.243784 0.401938
vt 0.239371 0.393479
vt 0.843580 0.331859
vt 0.886064 0.333605
vt 0.846015 0.337246
vt 0.133003 0.088761
vt 0.921457 0.336557
vt 0.670686 0.266592
vt 0.538736 0.245160
vt 0.359814 0.445958
vt 0.250592 0.468924
vt 0.478038 0.442929
vt 0.608061 0.438033
vt 0.603589 0.482862
vt 0.726158 0.502735
vt 0.720146 0.535388
vt 0.716657 0.572289
vt 0.602223 0.537296
vt 0.288700 0.189664
vt 0.279543 0.202361
vt 0.394151 0.266374
vt 0.401285 0.248966
vt 0.512053 0.335082
vt 0.518071 0.332448
vt 0.291956 0.079545
vt 0.300588 0.101044
vt 0.424508 0.124712
vt 0.429781 0.091485
vt 0.297170 0.126144
vt 0.418123 0.162507
vt 0.621946 0.413391
vt 0.744377 0.484232
vt 0.499980 0.332608
vt 0.716163 0.605163
vt 0.602970 0.586593
vt 0.731486 0.636999
vt 0.604774 0.633323
vt 0.292716 0.159793
vt 0.409515 0.209436
vt 0.806543 0.570673
vt 0.802050 0.595767
vt 0.814125 0.544255
vt 0.864291 0.595055
vt 0.200704 0.141519
vt 0.203476 0.160800
vt 0.200062 0.095542
vt 0.200134 0.080835
vt 0.200257 0.070304
vt 0.830806 0.506418
vt 0.800926 0.636777
vt 0.800702 0.617190
vt 0.200093 0.118600
vt 0.666762 0.918606
vt 0.680656 0.957920
vt 0.563865 0.916708
vt 0.567387 0.940983
vt 0.574826 0.971771
vt 0.038996 0.966283
vt 0.039630 0.963180
vt 0.040675 0.964583
vt 0.039098 0.960276
vt 0.040726 0.961579
vt 0.042354 0.962883
vt 0.798649 0.798873
vt 0.797792 0.782213
vt 0.808179 0.788888
vt 0.776312 0.783334
vt 0.787480 0.791103
vt 0.798497 0.767742
vt 0.787405 0.775538
vt 0.817708 0.778903
vt 0.808103 0.773322
vt 0.800125 0.799713
vt 0.799135 0.782943
vt 0.808856 0.790445
vt 0.776819 0.782525
vt 0.788472 0.791119
vt 0.802009 0.768355
vt 0.789414 0.775440
vt 0.817587 0.781178
vt 0.809798 0.774767
vt 0.798349 0.798415
vt 0.797369 0.781990
vt 0.808364 0.789330
vt 0.775126 0.782695
vt 0.786737 0.790555
vt 0.797620 0.766604
vt 0.786373 0.774650
vt 0.818379 0.780245
vt 0.808000 0.773425
vt 0.040330 0.965324
vt 0.038656 0.965212
vt 0.038867 0.963198
vt 0.041290 0.963481
vt 0.036982 0.965100
vt 0.036629 0.963593
vt 0.036275 0.962087
vt 0.102075 0.638546
vt 0.087208 0.636502
vt 0.089400 0.657221
vt 0.099600 0.664462
vt 0.936192 0.080556
vt 0.961526 0.081501
vt 0.955928 0.109874
vt 0.926892 0.112602
vt 0.916275 0.145660
vt 0.950699 0.146149
vt 0.111803 0.700195
vt 0.113077 0.687726
vt 0.130903 0.691168
vt 0.120132 0.704553
vt 0.968832 0.066557
vt 0.960672 0.065328
vt 0.933934 0.319268
vt 0.933383 0.297327
vt 0.885647 0.297711
vt 0.887756 0.322049
vt 0.931643 0.331680
vt 0.612517 0.785959
vt 0.567971 0.787938
vt 0.554962 0.752005
vt 0.597999 0.746465
vt 0.510379 0.764633
vt 0.528042 0.797164
vt 0.404648 0.910372
vt 0.407932 0.936698
vt 0.242521 0.948258
vt 0.241552 0.933274
vt 0.037286 0.963449
vt 0.676659 0.758011
vt 0.647254 0.771515
vt 0.637109 0.747252
vt 0.674254 0.751205
vt 0.124085 0.167429
vt 0.125599 0.180786
vt 0.143509 0.182115
vt 0.148087 0.169249
vt 0.172089 0.171070
vt 0.163193 0.183717
vt 0.154296 0.196365
vt 0.137782 0.202802
vt 0.122075 0.201480
vt 0.105229 0.276319
vt 0.113646 0.237416
vt 0.099507 0.236225
vt 0.087504 0.274403
vt 0.108711 0.200685
vt 0.955532 0.410908
vt 0.952396 0.380842
vt 0.922422 0.377338
vt 0.925912 0.411586
vt 0.929402 0.445835
vt 0.956462 0.439116
vt 0.106089 0.573586
vt 0.099935 0.507019
vt 0.071461 0.505381
vt 0.082574 0.567054
vt 0.061575 0.438226
vt 0.099617 0.438237
vt 0.944495 0.184797
vt 0.905772 0.185601
vt 0.900044 0.224676
vt 0.938787 0.224480
vt 0.100559 0.609576
vt 0.111924 0.610405
vt 0.120067 0.597556
vt 0.133046 0.618222
vt 0.116092 0.624312
vt 0.097145 0.384112
vt 0.061451 0.380230
vt 0.067613 0.334215
vt 0.105174 0.337487
vt 0.935041 0.263860
vt 0.889813 0.262634
vt 0.666238 0.804056
vt 0.647735 0.822961
vt 0.686655 0.868244
vt 0.686170 0.832053
vt 0.701842 0.815534
vt 0.689250 0.786773
vt 0.905681 0.950676
vt 0.916021 0.941755
vt 0.853570 0.934775
vt 0.852333 0.949662
vt 0.135002 0.105135
vt 0.138852 0.125281
vt 0.091382 0.090772
vt 0.793709 0.086759
vt 0.841569 0.122297
vt 0.760368 0.143441
vt 0.740063 0.088942
vt 0.769005 0.202840
vt 0.850941 0.171392
vt 0.567607 0.103424
vt 0.650329 0.091929
vt 0.651056 0.134742
vt 0.551290 0.141246
vt 0.546053 0.189183
vt 0.660610 0.194925
vt 0.862429 0.221095
vt 0.039293 0.056288
vt 0.073925 0.058675
vt 0.087870 0.065626
vt 0.128313 0.073636
vt 0.127584 0.066469
vt 0.108558 0.061062
vt 0.849419 0.322183
vt 0.845977 0.301373
vt 0.795565 0.316292
vt 0.854349 0.258588
vt 0.779630 0.267600
vt 0.892675 0.100862
vt 0.946478 0.358981
vt 0.936569 0.344496
vt 0.893189 0.338778
vt 0.907805 0.358058
vt 0.534638 0.341655
vt 0.529364 0.335734
vt 0.675005 0.330970
vt 0.666740 0.338684
vt 0.802942 0.333479
vt 0.782690 0.331872
vt 0.673460 0.312522
vt 0.524090 0.329814
vt 0.837009 0.064954
vt 0.086377 0.608604
vt 0.114458 0.668059
vt 0.116863 0.647871
vt 0.131719 0.654091
vt 0.129702 0.671301
vt 0.171800 0.444691
vt 0.135071 0.451042
vt 0.131929 0.506792
vt 0.168706 0.501359
vt 0.163755 0.574692
vt 0.131987 0.563408
vt 0.131965 0.589691
vt 0.146699 0.606029
vt 0.163474 0.643559
vt 0.178602 0.629392
vt 0.189940 0.689487
vt 0.175512 0.689868
vt 0.168551 0.691780
vt 0.154868 0.651994
vt 0.133773 0.638849
vt 0.149653 0.661136
vt 0.162250 0.694320
vt 0.144678 0.695495
vt 0.141057 0.677477
vt 0.180152 0.737464
vt 0.184214 0.744897
vt 0.182820 0.783251
vt 0.178754 0.779205
vt 0.174689 0.775159
vt 0.170603 0.731893
vt 0.176034 0.732544
vt 0.170799 0.773403
vt 0.166909 0.771647
vt 0.159874 0.736183
vt 0.164963 0.732022
vt 0.162736 0.771985
vt 0.158563 0.772322
vt 0.803815 0.817936
vt 0.800775 0.798698
vt 0.812337 0.797212
vt 0.820985 0.804139
vt 0.831966 0.783819
vt 0.815824 0.788283
vt 0.797742 0.777830
vt 0.789992 0.828956
vt 0.771391 0.813678
vt 0.781811 0.805565
vt 0.764812 0.786223
vt 0.754116 0.789746
vt 0.742104 0.803796
vt 0.759137 0.821887
vt 0.776169 0.839977
vt 0.911095 0.788216
vt 0.922307 0.789057
vt 0.908853 0.777955
vt 0.898661 0.777640
vt 0.886226 0.767065
vt 0.896288 0.761868
vt 0.904853 0.761838
vt 0.917166 0.776645
vt 0.933519 0.789898
vt 0.944479 0.787176
vt 0.953082 0.774603
vt 0.943922 0.774955
vt 0.950820 0.758983
vt 0.960189 0.757042
vt 0.971702 0.759974
vt 0.963571 0.772214
vt 0.955440 0.784454
vt 0.744395 0.745155
vt 0.747648 0.740962
vt 0.765225 0.772959
vt 0.771864 0.774654
vt 0.750077 0.736351
vt 0.728289 0.698048
vt 0.727626 0.698096
vt 0.726963 0.698145
vt 0.733761 0.751447
vt 0.739491 0.748510
vt 0.726191 0.698621
vt 0.725419 0.699097
vt 0.889489 0.734593
vt 0.885499 0.735813
vt 0.880582 0.735954
vt 0.874937 0.704843
vt 0.875599 0.704774
vt 0.876261 0.704705
vt 0.908575 0.749320
vt 0.892825 0.726751
vt 0.891621 0.731212
vt 0.904543 0.751433
vt 0.876668 0.704443
vt 0.877075 0.704182
vt 0.842277 0.738831
vt 0.847826 0.740566
vt 0.843237 0.784067
vt 0.857334 0.794292
vt 0.853869 0.741325
vt 0.850404 0.688358
vt 0.849579 0.688134
vt 0.848754 0.687911
vt 0.820086 0.772955
vt 0.833652 0.730486
vt 0.837717 0.735146
vt 0.827593 0.770505
vt 0.847986 0.687964
vt 0.847218 0.688018
vt 0.959756 0.729265
vt 0.956868 0.726400
vt 0.948469 0.748842
vt 0.944322 0.747712
vt 0.954810 0.722222
vt 0.965297 0.696733
vt 0.965741 0.696902
vt 0.966185 0.697071
vt 0.969678 0.728435
vt 0.964302 0.729506
vt 0.966920 0.696984
vt 0.967655 0.696896
vt 0.791305 0.726341
vt 0.797479 0.725100
vt 0.808428 0.765568
vt 0.803339 0.722885
vt 0.786593 0.672816
vt 0.785721 0.672723
vt 0.784850 0.672629
vt 0.926969 0.756716
vt 0.923046 0.722864
vt 0.918158 0.721663
vt 0.916800 0.747317
vt 0.913193 0.719023
vt 0.917810 0.688726
vt 0.918497 0.688805
vt 0.919184 0.688885
vt 0.932428 0.718065
vt 0.927776 0.721184
vt 0.935045 0.746448
vt 0.919859 0.688651
vt 0.920533 0.688417
vt 0.777909 0.783218
vt 0.782083 0.788966
vt 0.783167 0.766376
vt 0.817761 0.782218
vt 0.913404 0.758561
vt 0.916690 0.764253
vt 0.941018 0.757173
vt 0.939292 0.763054
vt 0.788560 0.797645
vt 0.832977 0.809708
vt 0.819882 0.826420
vt 0.835949 0.834905
vt 0.846641 0.814598
vt 0.929930 0.773236
vt 0.921719 0.772087
vt 0.937417 0.771235
vt 0.149834 0.777794
vt 0.154198 0.775058
vt 0.154630 0.741157
vt 0.872781 0.063095
vt 0.877921 0.012060
vt 0.907056 0.046308
vt 0.856827 0.033118
vt 0.873230 0.574485
vt 0.911101 0.590946
vt 0.901982 0.523223
vt 0.251131 0.681639
vt 0.301046 0.667939
vt 0.262521 0.578074
vt 0.213754 0.613116
vt 0.209266 0.713318
vt 0.267201 0.534275
vt 0.209252 0.551893
vt 0.478063 0.629646
vt 0.483653 0.575959
vt 0.380742 0.587741
vt 0.393774 0.656453
vt 0.295454 0.668867
vt 0.263123 0.567099
vt 0.271772 0.539821
vt 0.369149 0.510330
vt 0.479742 0.512047
vt 0.211530 0.487377
vt 0.211873 0.431491
vt 0.245535 0.398904
vt 0.252632 0.468154
vt 0.928991 0.649945
vt 0.893861 0.625781
vt 0.899679 0.643250
vt 0.870367 0.636555
vt 0.858201 0.625756
vt 0.861076 0.612817
vt 0.195010 0.743512
vt 0.143620 0.727528
vt 0.121208 0.633837
vt 0.452064 0.836028
vt 0.246495 0.838055
vt 0.232136 0.824486
vt 0.386341 0.807150
vt 0.040974 0.839468
vt 0.040925 0.840083
vt 0.699158 0.842682
vt 0.718078 0.862168
vt 0.710015 0.831054
vt 0.129758 0.239129
vt 0.146856 0.241102
vt 0.139416 0.285839
vt 0.124485 0.278089
vt 0.111236 0.180001
vt 0.110422 0.166745
vt 0.171255 0.406707
vt 0.135166 0.415594
vt 0.144697 0.427361
vt 0.174729 0.419491
vt 0.168365 0.384701
vt 0.133722 0.385253
vt 0.138083 0.353971
vt 0.171926 0.359158
vt 0.624813 0.889479
vt 0.640025 0.925763
vt 0.616634 0.935879
vt 0.609856 0.915794
vt 0.589193 0.923454
vt 0.593463 0.942953
vt 0.529337 0.894136
vt 0.485342 0.901988
vt 0.474912 0.877619
vt 0.493901 0.862647
vt 0.403345 0.883759
vt 0.490626 0.814704
vt 0.519817 0.844879
vt 0.546359 0.868777
vt 0.570041 0.859765
vt 0.550533 0.831627
vt 0.583923 0.830203
vt 0.596065 0.865470
vt 0.614867 0.836174
vt 0.638248 0.845108
vt 0.652686 0.880575
vt 0.624813 0.889479
vt 0.609856 0.915794
vt 0.603412 0.906322
vt 0.609170 0.893757
vt 0.601436 0.894661
vt 0.609170 0.893757
vt 0.603412 0.906322
vt 0.597135 0.902156
vt 0.586853 0.905049
vt 0.587403 0.912192
vt 0.589193 0.923454
vt 0.587403 0.912192
vt 0.563865 0.916708
vt 0.568175 0.905458
vt 0.568175 0.905458
vt 0.576400 0.900721
vt 0.570335 0.892508
vt 0.556314 0.892461
vt 0.529337 0.894136
vt 0.556314 0.892461
vt 0.546359 0.868777
vt 0.562410 0.879544
vt 0.562410 0.879544
vt 0.573214 0.883744
vt 0.582074 0.879584
vt 0.578756 0.873320
vt 0.570041 0.859765
vt 0.578756 0.873320
vt 0.596065 0.865470
vt 0.597647 0.880408
vt 0.597647 0.880408
vt 0.593949 0.885180
vt 0.213713 0.349343
vt 0.185211 0.347669
vt 0.214267 0.361451
vt 0.251587 0.354157
vt 0.246907 0.369579
vt 0.245659 0.380314
vt 0.202446 0.379206
vt 0.208346 0.394236
vt 0.211937 0.406219
vt 0.246073 0.395229
vt 0.171485 0.342948
vt 0.163442 0.341800
vt 0.165267 0.326888
vt 0.145970 0.339380
vt 0.134960 0.326553
vt 0.101736 0.305914
vt 0.076585 0.303002
vt 0.127009 0.306677
vt 0.152341 0.306364
vt 0.870233 0.903891
vt 0.870343 0.859499
vt 0.922851 0.859329
vt 0.922282 0.903358
vt 0.974332 0.902825
vt 0.975359 0.859160
vt 0.976387 0.815495
vt 0.923420 0.815301
vt 0.870453 0.815106
vt 0.466630 0.785107
vt 0.242542 0.916621
vt 0.244510 0.899132
vt 0.036957 0.962235
vt 0.037121 0.962842
vt 0.848551 0.922066
vt 0.777523 0.893475
vt 0.774440 0.909575
vt 0.289421 0.866680
vt 0.156215 0.901020
vt 0.154786 0.882633
vt 0.289635 0.865977
vt 0.087344 0.891146
vt 0.023009 0.935360
vt 0.154719 0.883374
vt 0.289502 0.867460
vt 0.289296 0.868130
vt 0.156153 0.901745
vt 0.902218 0.933403
vt 0.708976 0.919807
vt 0.778799 0.934766
vt 0.954246 0.465727
vt 0.955762 0.455402
vt 0.926372 0.455977
vt 0.923341 0.466120
vt 0.493785 0.933504
vt 0.535223 0.935867
vt 0.462104 0.326949
vt 0.357135 0.336710
vt 0.331507 0.351369
vt 0.243082 0.347087
vt 0.346348 0.358492
vt 0.246650 0.378800
vt 0.241845 0.371941
vt 0.208716 0.336680
vt 0.245383 0.337344
vt 0.777394 0.723955
vt 0.784506 0.725635
vt 0.783887 0.672943
vt 0.782924 0.673257
vt 0.803815 0.817936
vt 0.800768 0.799948
vt 0.823071 0.802739
vt 0.854610 0.795491
vt 0.824217 0.786672
vt 0.797750 0.778616
vt 0.743600 0.804214
vt 0.778952 0.806222
vt 0.787755 0.837717
vt 0.784717 0.828754
vt 0.899117 0.757056
vt 0.886226 0.767065
vt 0.913607 0.778918
vt 0.908977 0.770770
vt 0.934383 0.788565
vt 0.959294 0.757072
vt 0.948999 0.773636
vt 0.959930 0.772992
vt 0.965054 0.757235
vt 0.971702 0.759974
vt 0.734689 0.752389
vt 0.742561 0.744683
vt 0.757327 0.777627
vt 0.771864 0.774654
vt 0.750433 0.736977
vt 0.727390 0.699932
vt 0.882292 0.741421
vt 0.908575 0.749320
vt 0.893083 0.727120
vt 0.887122 0.732424
vt 0.896523 0.746789
vt 0.878331 0.721316
vt 0.877590 0.704920
vt 0.820086 0.772955
vt 0.833430 0.731181
vt 0.842933 0.736940
vt 0.835497 0.772217
vt 0.852435 0.742700
vt 0.849389 0.689783
vt 0.967426 0.734597
vt 0.960213 0.725964
vt 0.953581 0.747623
vt 0.944322 0.747712
vt 0.954638 0.722639
vt 0.966943 0.694348
vt 0.967565 0.705554
vt 0.791404 0.727165
vt 0.800609 0.724725
vt 0.810120 0.766078
vt 0.784144 0.674525
vt 0.926611 0.755924
vt 0.923095 0.723305
vt 0.918150 0.722104
vt 0.915075 0.746190
vt 0.913127 0.719457
vt 0.919870 0.689438
vt 0.932592 0.718473
vt 0.927883 0.721612
vt 0.936141 0.746277
vt 0.772542 0.790297
vt 0.781514 0.767509
vt 0.906509 0.753614
vt 0.944966 0.758864
vt 0.835949 0.834905
vt 0.819882 0.826420
vt 0.929275 0.771721
vt 0.914823 0.767140
vt 0.941693 0.770125
vt 0.780917 0.725556
vt 0.470477 0.341399
vt 0.350423 0.366223
vt 0.352418 0.391658
vt 0.243784 0.401938
vt 0.239371 0.393479
vt 0.886064 0.333605
vt 0.843580 0.331859
vt 0.846015 0.337246
vt 0.133003 0.088761
vt 0.921457 0.336557
vt 0.670686 0.266592
vt 0.538736 0.245160
vt 0.250592 0.468924
vt 0.359814 0.445958
vt 0.478038 0.442929
vt 0.608061 0.438033
vt 0.603589 0.482862
vt 0.726158 0.502735
vt 0.720146 0.535388
vt 0.716657 0.572289
vt 0.602223 0.537296
vt 0.288700 0.189664
vt 0.401285 0.248966
vt 0.394151 0.266374
vt 0.279543 0.202361
vt 0.512053 0.335082
vt 0.518071 0.332448
vt 0.291956 0.079545
vt 0.429781 0.091485
vt 0.424508 0.124712
vt 0.300588 0.101044
vt 0.297170 0.126144
vt 0.418123 0.162507
vt 0.744377 0.484232
vt 0.621946 0.413391
vt 0.499980 0.332608
vt 0.602970 0.586593
vt 0.716163 0.605163
vt 0.731486 0.636999
vt 0.604774 0.633323
vt 0.409515 0.209436
vt 0.292716 0.159793
vt 0.802050 0.595767
vt 0.806543 0.570673
vt 0.814125 0.544255
vt 0.864291 0.595055
vt 0.203476 0.160800
vt 0.200704 0.141519
vt 0.200134 0.080835
vt 0.200062 0.095542
vt 0.200257 0.070304
vt 0.830806 0.506418
vt 0.800702 0.617190
vt 0.800926 0.636777
vt 0.200093 0.118600
vt 0.666762 0.918606
vt 0.567387 0.940983
vt 0.563865 0.916708
vt 0.040675 0.964583
vt 0.040726 0.961579
vt 0.042354 0.962883
vt 0.798649 0.798873
vt 0.808179 0.788888
vt 0.797792 0.782213
vt 0.776312 0.783334
vt 0.787480 0.791103
vt 0.798497 0.767742
vt 0.787405 0.775538
vt 0.817708 0.778903
vt 0.808103 0.773322
vt 0.800125 0.799713
vt 0.808856 0.790445
vt 0.799135 0.782943
vt 0.776819 0.782525
vt 0.788472 0.791119
vt 0.802009 0.768355
vt 0.789414 0.775440
vt 0.817587 0.781178
vt 0.809798 0.774767
vt 0.798349 0.798415
vt 0.808364 0.789330
vt 0.797369 0.781990
vt 0.775126 0.782695
vt 0.786737 0.790555
vt 0.797620 0.766604
vt 0.786373 0.774650
vt 0.818379 0.780245
vt 0.808000 0.773425
vt 0.040330 0.965324
vt 0.038656 0.965212
vt 0.036982 0.965100
vt 0.036629 0.963593
vn -0.53063 -0.79248 0.30067
vn -0.61919 -0.68848 0.37762
vn -0.39163 -0.86285 0.31955
vn -0.36774 -0.90481 0.21470
vn -0.00000 -0.90228 0.43116
vn -0.00000 -0.94141 0.33727
vn -0.00000 -0.97685 0.21391
vn -0.50749 0.17020 0.84468
vn -0.06445 0.98894 0.13361
vn -0.16247 0.97666 0.14050
vn -0.16872 0.97143 0.16692
vn -0.06677 0.99326 0.09477
vn -0.17125 0.97962 0.10500
vn 0.00000 0.99389 0.11042
vn -0.00000 0.98952 0.14442
vn 0.00000 0.98515 0.17168
vn -0.52220 -0.79672 0.30420
vn -0.52950 -0.68078 0.50612
vn -0.00000 -0.80020 0.59973
vn -0.50749 0.17020 0.84468
vn -0.59737 0.10116 0.79556
vn 0.00000 0.12217 0.99251
vn 0.00000 0.12217 0.99251
vn -0.59737 0.10116 0.79556
vn -0.26679 0.86514 0.42469
vn 0.00000 0.90223 0.43125
vn 0.00000 0.99630 -0.08595
vn -0.16865 0.98273 -0.07618
vn -0.14098 0.97538 -0.16960
vn 0.00000 0.98001 -0.19895
vn -0.01415 0.99875 -0.04803
vn 0.01948 0.97227 -0.23304
vn -0.13493 0.92807 -0.34710
vn -0.00000 0.93375 -0.35792
vn -0.89847 -0.28239 0.33618
vn -0.50759 -0.74417 0.43424
vn -0.53099 -0.80576 0.26230
vn -0.91362 -0.37713 0.15191
vn 0.00000 -0.88654 0.46266
vn 0.00000 -0.95755 0.28828
vn 0.00000 -0.99175 0.12819
vn -0.53569 -0.83844 0.10025
vn -0.92600 -0.37752 0.00219
vn -0.72736 0.61660 -0.30125
vn -0.72451 0.61985 -0.30146
vn -0.46532 0.81198 -0.35238
vn -0.47187 0.80275 -0.36459
vn -0.67143 0.66921 -0.31832
vn -0.00000 0.92136 -0.38872
vn 0.00000 0.92277 -0.38536
vn 0.00000 0.91243 -0.40924
vn -0.76854 -0.47384 0.42992
vn -0.41099 -0.79785 0.44104
vn -0.44664 -0.71825 0.53351
vn -0.75478 -0.39360 0.52478
vn -0.00000 -0.89400 0.44807
vn -0.00000 -0.81889 0.57396
vn -0.76854 -0.47384 0.42992
vn -0.90440 -0.06352 0.42193
vn -0.97584 -0.09154 0.19836
vn -0.79743 -0.58229 0.15827
vn -0.80132 0.32749 0.50063
vn -0.87507 0.39074 0.28561
vn -0.89983 0.42800 0.08435
vn -0.99456 -0.10410 -0.00382
vn -0.79193 -0.60780 -0.05849
vn -0.81233 -0.53567 -0.23060
vn -0.42619 -0.85996 -0.28077
vn -0.38941 -0.90296 -0.18171
vn -0.77972 -0.60958 -0.14300
vn -0.00000 -0.95516 -0.29610
vn 0.00000 -0.97994 -0.19931
vn -0.00000 -0.99543 -0.09555
vn -0.36904 -0.92535 -0.08679
vn 0.00000 0.99296 -0.11846
vn -0.53578 0.83550 -0.12195
vn -0.53917 0.84206 0.01546
vn 0.00000 0.99968 0.02526
vn -0.87762 0.45898 -0.13831
vn -0.90016 0.43488 -0.02423
vn -0.89983 0.42800 0.08435
vn -0.52650 0.83511 0.15934
vn 0.00000 0.98276 0.18487
vn -0.63472 -0.75475 0.16578
vn -0.35563 -0.90010 0.25168
vn -0.42460 -0.86895 0.25424
vn -0.77279 -0.59683 0.21585
vn -0.00000 -0.96624 0.25763
vn -0.00000 -0.96055 0.27809
vn -0.00000 -0.98982 0.14231
vn -0.46091 -0.87797 0.12932
vn -0.81840 -0.56469 0.10648
vn -0.20731 0.97628 0.06244
vn 0.00000 0.99728 0.07372
vn -0.06841 0.99705 0.03491
vn -0.07563 0.99687 0.02318
vn -0.25299 0.96706 0.02832
vn 0.00000 0.99964 0.02699
vn -0.62095 -0.78355 0.02154
vn -0.34083 -0.92529 0.16633
vn -0.34022 -0.92290 0.18030
vn -0.25257 -0.96285 0.09559
vn -0.38947 -0.85090 0.35253
vn -0.48119 -0.87439 -0.06251
vn -0.77010 -0.63241 -0.08362
vn -0.00000 -0.99833 -0.05772
vn 0.00000 -0.97151 -0.23701
vn -0.49068 -0.84188 -0.22465
vn -0.83558 -0.46031 -0.29988
vn -0.20557 0.97859 -0.01024
vn 0.00000 0.99973 -0.02334
vn -0.03876 0.99924 -0.00322
vn -0.92834 0.06886 0.36531
vn -0.85203 -0.02427 0.52293
vn -0.91794 0.21809 0.33139
vn -0.75131 0.23829 0.61543
vn -0.80132 0.32749 0.50063
vn -0.90440 -0.06352 0.42193
vn -0.00000 0.37139 0.92848
vn -0.92605 0.08578 0.36752
vn -0.58647 0.79054 -0.17638
vn -0.00000 0.97805 -0.20838
vn -0.97979 0.01549 0.19943
vn -0.62732 0.68741 -0.36597
vn 0.00000 0.86987 -0.49328
vn -0.17675 0.97180 -0.15608
vn -0.63790 -0.01259 -0.77002
vn -0.49506 -0.00606 -0.86884
vn -0.46842 -0.03545 0.88279
vn -0.34196 -0.05910 0.93785
vn 0.03325 0.98995 0.13746
vn 0.03478 0.99209 0.12058
vn 0.06405 0.99588 0.06412
vn 0.06575 0.99585 0.06291
vn -0.12938 -0.07696 0.98860
vn -0.02939 0.98774 0.15335
vn 0.00362 0.99003 0.14078
vn -0.26712 -0.05207 0.96225
vn -0.01974 0.99690 0.07614
vn 0.02050 0.99688 0.07624
vn 0.09348 0.99496 0.03637
vn -0.96165 -0.08320 0.26134
vn -0.13656 0.98367 0.11727
vn 0.07716 -0.03564 0.99638
vn -0.04732 0.99198 0.11722
vn -0.03379 0.97042 0.23904
vn 0.15514 -0.09925 0.98289
vn 0.11732 0.99298 -0.01520
vn 0.13050 0.98383 -0.12264
vn 0.09669 0.99115 -0.09096
vn 0.10829 0.99410 -0.00601
vn 0.08666 0.99624 0.00155
vn 0.02321 0.99278 0.11765
vn -0.27835 0.85203 -0.44336
vn -0.42948 0.84033 -0.33074
vn 0.00000 0.96010 -0.27966
vn -0.63915 -0.06235 -0.76655
vn -0.78461 0.45380 -0.42243
vn 0.57482 -0.75594 -0.31327
vn 0.04422 -0.76476 -0.64279
vn 0.10484 0.66557 -0.73894
vn 0.39885 0.90481 -0.14914
vn -0.04308 -0.87275 -0.48626
vn 0.09878 0.25732 -0.96127
vn 0.04966 0.99547 -0.08105
vn 0.00627 0.99964 0.02602
vn -0.85364 0.10076 0.51103
vn -0.33479 -0.92286 0.19040
vn -0.00000 -0.98197 0.18902
vn -0.48931 -0.79710 0.35384
vn -0.54176 -0.76643 0.34507
vn 0.00125 -0.93981 0.34168
vn -0.14067 -0.94802 0.28543
vn -0.58287 -0.80426 0.11588
vn -0.50799 -0.85980 0.05177
vn -0.80254 -0.57747 0.14987
vn -0.88313 -0.44720 0.14177
vn -0.37912 -0.92429 -0.04409
vn -0.68027 -0.72498 0.10786
vn -0.44855 -0.88001 -0.15617
vn -0.66427 -0.74693 -0.02893
vn -0.26275 -0.95347 -0.14787
vn -0.42589 -0.87907 -0.21412
vn -0.55187 -0.83045 -0.07608
vn -0.49107 -0.85197 -0.18165
vn 0.03357 -0.99791 -0.05526
vn -0.00110 -0.99981 -0.01942
vn 0.49375 -0.83346 0.24809
vn 0.20569 -0.92723 0.31294
vn 0.65709 -0.74642 0.10527
vn 0.67222 -0.72852 0.13183
vn 0.33378 -0.91519 0.22586
vn -0.99569 0.01593 0.09138
vn -0.97471 -0.22182 -0.02699
vn 0.02361 0.99674 0.07717
vn -0.60902 0.79306 0.01255
vn -0.97350 -0.02905 -0.22683
vn -0.57260 -0.81731 -0.06431
vn 0.02813 -0.99865 -0.04361
vn -0.57351 -0.77894 -0.25366
vn 0.00184 -0.93975 -0.34185
vn 0.60509 -0.79553 -0.03175
vn 0.95970 -0.28093 -0.00679
vn 0.39331 -0.88927 -0.23347
vn 0.96319 -0.14558 -0.22598
vn 0.02361 0.99674 0.07717
vn 0.40324 0.90917 0.10390
vn 0.21534 0.85555 0.47081
vn 0.03159 0.94643 0.32137
vn 0.11737 0.85043 0.51283
vn 0.18418 0.58615 0.78899
vn 0.03078 0.81949 0.57227
vn -0.39305 0.91836 0.04615
vn -0.63203 0.76649 -0.11413
vn -0.60902 0.79306 0.01255
vn -0.10729 0.85806 0.50222
vn -0.66077 0.74974 0.03559
vn -0.93841 0.04511 -0.34257
vn -0.88371 0.09615 -0.45805
vn -0.97350 -0.02905 -0.22683
vn -0.97350 -0.02905 -0.22683
vn -0.88371 0.09615 -0.45805
vn -0.54854 -0.65983 -0.51353
vn -0.57351 -0.77894 -0.25366
vn -0.93841 0.04511 -0.34257
vn -0.55895 -0.71248 -0.42420
vn -0.06433 -0.97707 -0.20296
vn -0.26766 -0.84956 -0.45454
vn 0.00184 -0.93975 -0.34185
vn 0.25858 -0.86862 -0.42266
vn 0.50220 -0.74555 -0.43812
vn 0.39331 -0.88927 -0.23347
vn 0.06218 -0.98019 -0.18805
vn 0.54161 -0.75785 -0.36376
vn 0.96666 -0.00901 -0.25590
vn 0.92817 0.04168 -0.36982
vn 0.96319 -0.14558 -0.22598
vn 0.43590 0.67077 0.60005
vn 0.53129 0.62528 0.57163
vn -0.06392 0.88914 0.45315
vn -0.14625 -0.31841 0.93660
vn 0.87449 -0.12582 0.46844
vn 0.89596 -0.15709 0.41543
vn 0.66967 0.59247 0.44779
vn -0.01219 0.92406 0.38204
vn -0.63961 0.74397 0.19344
vn -0.98275 -0.01093 -0.18461
vn -0.61278 0.78452 0.09506
vn -0.99209 0.06728 -0.10601
vn -0.54543 -0.76009 -0.35323
vn -0.02855 -0.96898 -0.24549
vn -0.98275 -0.01093 -0.18461
vn -0.99209 0.06728 -0.10601
vn -0.56818 -0.80094 -0.18887
vn 0.06064 -0.99338 -0.09757
vn -0.14625 -0.31841 0.93660
vn 0.38059 -0.92458 0.01766
vn 0.54286 -0.83945 0.02516
vn 0.87449 -0.12582 0.46844
vn 0.53167 -0.83309 0.15263
vn 0.89596 -0.15709 0.41543
vn 0.65231 0.74874 0.11782
vn 0.60754 0.75127 0.25784
vn 0.05042 0.89381 0.44561
vn 0.96666 -0.00901 -0.25590
vn 0.99169 -0.06087 -0.11331
vn 0.99865 0.04429 -0.02714
vn 0.54828 0.81877 0.17032
vn 0.00806 0.92796 0.37260
vn 0.17641 -0.29811 0.93809
vn -0.38212 0.74099 0.55219
vn -0.45292 0.72151 0.52372
vn -0.89654 -0.02372 0.44234
vn -0.56269 0.73168 0.38474
vn -0.91732 -0.07999 0.39002
vn -0.38532 -0.92278 0.00244
vn -0.54959 -0.83541 -0.00556
vn 0.02492 -0.97026 -0.24077
vn 0.17641 -0.29811 0.93809
vn -0.89654 -0.02372 0.44234
vn -0.91732 -0.07999 0.39002
vn -0.43784 -0.89653 0.06731
vn -0.04419 -0.99219 -0.11662
vn 0.52328 -0.79249 -0.31326
vn 0.99169 -0.06087 -0.11331
vn 0.53677 -0.82757 -0.16435
vn 0.99865 0.04429 -0.02714
vn 0.54654 0.72097 0.42601
vn 0.58882 0.67599 0.44309
vn 0.01520 0.88285 0.46940
vn 0.95989 -0.13967 0.24313
vn 0.96804 -0.10873 0.22598
vn 0.64805 0.70470 0.28884
vn 0.03760 0.92600 0.37565
vn -0.00049 -0.98609 -0.16623
vn -0.44417 -0.88279 -0.15294
vn -0.54607 -0.82320 -0.15539
vn -0.00290 -0.97690 -0.21367
vn -0.97843 -0.05012 0.20040
vn -0.98552 0.04482 0.16352
vn -0.57435 -0.81852 0.01249
vn 0.09174 -0.99290 -0.07577
vn 0.42747 -0.89537 -0.12481
vn 0.51913 -0.84639 -0.11890
vn 0.95989 -0.13967 0.24313
vn 0.54255 -0.83909 0.03968
vn 0.96804 -0.10873 0.22598
vn -0.12221 0.60383 0.78769
vn -0.09073 0.75445 0.65006
vn -0.50780 0.76568 0.39482
vn 0.14313 0.75620 0.63849
vn -0.08453 -0.99515 -0.05038
vn -0.09159 -0.99560 -0.01964
vn 0.10135 -0.99485 0.00189
vn 0.07865 -0.99632 -0.03400
vn -0.16624 0.87658 0.45163
vn 0.63879 0.76707 -0.05965
vn 0.61663 0.78683 0.02567
vn 0.96319 -0.14558 -0.22598
vn 0.92817 0.04168 -0.36982
vn -0.11648 -0.96441 -0.23739
vn -0.00962 -0.94364 -0.33083
vn 0.11037 -0.96968 -0.21804
vn 0.02361 0.99674 0.07717
vn 0.99203 -0.02391 0.12374
vn 0.61663 0.78683 0.02567
vn 0.01132 0.99047 0.13725
vn 0.02361 0.99674 0.07717
vn -0.84870 0.20326 0.48826
vn 0.84574 0.25214 0.47027
vn -0.04132 -0.97606 -0.21355
vn -0.49506 -0.00606 -0.86884
vn -0.63790 -0.01259 -0.77002
vn -0.46842 -0.03545 0.88279
vn -0.15474 -0.98573 -0.06626
vn -0.08086 -0.99621 -0.03194
vn -0.34196 -0.05910 0.93785
vn -0.85364 0.10076 0.51103
vn -0.10602 -0.99155 -0.07470
vn -0.05896 -0.99682 -0.05358
vn -0.12938 -0.07696 0.98860
vn -0.26712 -0.05207 0.96225
vn -0.03912 -0.99923 -0.00044
vn 0.00826 -0.99992 0.00916
vn -0.34196 -0.05910 0.93785
vn -0.08086 -0.99621 -0.03194
vn -0.05896 -0.99682 -0.05358
vn -0.02913 -0.99909 -0.03102
vn 0.01177 -0.99970 -0.02139
vn -0.17434 -0.98436 -0.02548
vn -0.25376 -0.96249 0.09603
vn -0.10346 -0.99317 0.05390
vn -0.06030 -0.99701 -0.04835
vn -0.96165 -0.08320 0.26134
vn 0.07716 -0.03564 0.99638
vn 0.07777 -0.99641 -0.03339
vn 0.15514 -0.09925 0.98289
vn 0.07592 -0.99707 0.00915
vn 0.05828 -0.99789 -0.02876
vn -0.84870 0.20326 0.48826
vn 0.84574 0.25214 0.47027
vn -0.32148 -0.85221 0.41279
vn -0.96718 -0.21034 -0.14255
vn -0.56905 -0.80279 0.17805
vn -0.51996 -0.81286 0.26249
vn -0.90591 0.26497 -0.33033
vn -0.00000 -0.96744 0.25309
vn -0.00000 -0.94235 0.33464
vn -0.00000 -0.93767 0.34753
vn -0.52897 -0.80673 0.26341
vn -0.91412 0.27779 -0.29534
vn -0.54418 -0.32706 0.77259
vn -0.62168 0.25756 0.73971
vn 0.00000 0.14098 0.99001
vn -0.59568 0.57850 0.55722
vn -0.99157 -0.09751 -0.08530
vn -0.90016 0.43488 -0.02423
vn -0.87762 0.45898 -0.13831
vn -0.98407 -0.06265 -0.16636
vn -0.39819 -0.90519 0.14855
vn -0.00000 -0.98708 0.16021
vn -0.00000 -0.89400 0.44807
vn -0.41099 -0.79785 0.44104
vn -0.59602 -0.76828 0.23347
vn -0.59815 -0.74670 0.29094
vn -0.85208 -0.48401 0.19926
vn -0.85524 -0.50806 0.10219
vn -0.83119 -0.54146 -0.12627
vn -0.54237 -0.82920 -0.13513
vn -0.84879 -0.39070 -0.35624
vn -0.60197 -0.51074 -0.61382
vn -0.81504 0.57888 -0.02470
vn -0.31844 0.94576 0.06433
vn -0.38349 0.89953 -0.20924
vn -0.50914 0.81675 -0.27148
vn -0.21948 0.86854 -0.44438
vn -0.27687 0.85844 -0.43176
vn 0.00000 0.90055 -0.43476
vn -0.00000 0.94719 -0.32068
vn 0.00000 0.94537 -0.32599
vn -0.72555 0.58101 -0.36878
vn -0.90466 0.37236 -0.20723
vn -0.86980 0.43522 -0.23247
vn -0.73134 0.61352 -0.29790
vn -0.89941 0.37042 -0.23205
vn -0.94551 0.24787 -0.21113
vn -0.93851 -0.34118 -0.05288
vn -0.84292 0.42823 -0.32575
vn -0.91411 0.32923 -0.23665
vn -0.97960 0.14221 -0.14202
vn -0.95584 0.25056 -0.15362
vn -0.99227 0.11575 -0.04485
vn -0.98723 0.15141 0.04957
vn -0.85160 0.52188 0.04928
vn -0.96434 0.23086 0.12946
vn -0.88712 0.35183 -0.29871
vn -0.89032 0.33539 -0.30798
vn -0.88635 0.31808 -0.33646
vn -0.87477 0.36731 -0.31600
vn -0.76507 0.14748 -0.62683
vn -0.84879 -0.25606 -0.46258
vn -0.84794 -0.29755 -0.43870
vn -0.76042 0.14294 -0.63351
vn -0.90875 -0.41398 -0.05288
vn -0.89891 -0.43713 -0.02968
vn -0.89320 0.27972 -0.35206
vn -0.88313 0.26278 -0.38862
vn -0.95373 0.21379 -0.21143
vn -0.93697 0.25546 -0.23838
vn -0.95033 -0.21259 0.22732
vn -0.95489 -0.20151 0.21813
vn -0.93059 0.36593 -0.00987
vn -0.93185 0.36254 0.01491
vn -0.90693 0.37623 -0.18957
vn -0.92649 0.34999 -0.13831
vn -0.79437 0.51416 -0.32343
vn -0.80596 0.50979 -0.30090
vn -0.62506 0.69808 -0.34927
vn -0.65402 0.68600 -0.31884
vn -0.59951 0.61642 -0.51050
vn -0.59202 0.62859 -0.50437
vn -0.81053 0.43515 -0.39202
vn -0.78186 0.42879 -0.45258
vn -0.84887 0.38869 -0.35826
vn -0.87668 0.36598 -0.31223
vn -0.63788 0.46289 -0.61551
vn -0.60908 0.48839 -0.62489
vn -0.18955 -0.92460 -0.33042
vn -0.20408 -0.75820 -0.61926
vn -0.29809 -0.73744 -0.60607
vn -0.07817 -0.94242 -0.32516
vn -0.04472 -0.83471 -0.54887
vn -0.16422 -0.98340 -0.07715
vn -0.25948 -0.94082 -0.21801
vn -0.29285 -0.88397 0.36446
vn -0.30348 -0.87851 0.36894
vn -0.18749 -0.92964 0.31719
vn -0.77378 0.04311 -0.63199
vn -0.60646 -0.37212 -0.70267
vn -0.63915 -0.06235 -0.76655
vn -0.82619 -0.11628 -0.55126
vn -0.90615 -0.07423 -0.41640
vn -0.46916 -0.81982 -0.32830
vn -0.83713 -0.43985 -0.32518
vn 0.00000 -0.93607 -0.35181
vn -0.94650 -0.01902 -0.32216
vn -0.78461 0.45380 -0.42243
vn -0.80216 0.36495 -0.47260
vn -0.81103 0.46982 -0.34856
vn -0.87004 0.34642 -0.35074
vn -0.81354 0.31637 -0.48792
vn -0.78261 0.54594 -0.29911
vn -0.84987 0.43186 -0.30201
vn -0.94655 0.21623 -0.23935
vn -0.95776 0.15124 -0.24460
vn -0.89777 0.23700 -0.37127
vn 0.00000 -0.99229 0.12393
vn -0.56070 -0.82558 0.06351
vn -0.75199 -0.65887 -0.02002
vn -0.93767 0.25678 -0.23417
vn -0.75191 -0.65925 0.00476
vn -0.95301 0.19812 -0.22916
vn -0.00000 -0.72112 0.69281
vn 0.00000 -0.59180 0.80609
vn -0.51037 -0.49790 0.70116
vn -0.52564 -0.58617 0.61653
vn -0.97676 0.05538 0.20704
vn -0.91412 0.27779 -0.29534
vn 0.01973 0.90536 -0.42418
vn 0.05387 0.89193 -0.44895
vn -0.90591 0.26497 -0.33033
vn 0.00000 0.90890 -0.41701
vn 0.00000 0.89468 -0.44670
vn 0.00000 -0.34666 -0.93799
vn 0.21531 -0.33238 -0.91824
vn -0.96718 -0.21034 -0.14255
vn -0.00000 -0.98371 0.17978
vn -0.08828 -0.98216 0.16604
vn -0.00000 -0.98324 0.18233
vn -0.14207 -0.97601 0.16496
vn -0.75191 -0.65925 0.00476
vn -0.75199 -0.65887 -0.02002
vn -0.00000 -0.73388 0.67927
vn -0.52930 -0.61080 0.58886
vn 0.00000 0.84718 -0.53130
vn -0.00000 0.82258 -0.56865
vn -0.66115 0.62886 -0.40917
vn -0.68146 0.63887 -0.35701
vn 0.00000 0.14098 0.99001
vn 0.00000 0.82598 0.56370
vn -0.54762 0.72879 0.41108
vn -0.59568 0.57850 0.55722
vn -0.87507 0.39074 0.28561
vn -0.80132 0.32749 0.50063
vn 0.00000 0.87439 -0.48522
vn -0.52014 0.76673 -0.37628
vn 0.00000 0.85582 -0.51727
vn -0.56572 0.71229 -0.41545
vn 0.57482 -0.75594 -0.31327
vn 0.02815 -0.90240 -0.42999
vn 0.04422 -0.76476 -0.64279
vn -0.04308 -0.87275 -0.48626
vn -0.06712 -0.99019 -0.12259
vn -0.16422 -0.98340 -0.07715
vn -0.04472 -0.83471 -0.54887
vn -0.15276 -0.84160 -0.51804
vn -0.04308 -0.87275 -0.48626
vn -0.55010 0.72944 0.40659
vn -0.97843 -0.05012 0.20040
vn -0.61344 0.75291 0.23837
vn -0.98552 0.04482 0.16352
vn 0.00627 0.99964 0.02602
vn -0.20842 0.97797 -0.01163
vn -0.01155 0.99405 -0.10830
vn -0.57635 0.79358 0.19505
vn -0.26845 0.88610 -0.37784
vn -0.15098 0.90591 -0.39563
vn 0.66418 0.68748 -0.29368
vn 0.57482 -0.75594 -0.31327
vn 0.39885 0.90481 -0.14914
vn 0.20111 0.96139 -0.18782
vn 0.53285 -0.83749 0.12117
vn 0.49381 -0.83735 0.23450
vn 0.57482 -0.75594 -0.31327
vn 0.66418 0.68748 -0.29368
vn 0.01435 -0.99853 0.05236
vn -0.23198 -0.87109 0.43288
vn -0.74782 -0.15847 0.64471
vn -0.73427 -0.47447 0.48551
vn -0.18612 -0.89476 0.40592
vn -0.57635 0.79358 0.19505
vn -0.10703 0.90581 -0.40995
vn 0.10977 0.85140 -0.51290
vn 0.95111 -0.24771 -0.18445
vn -0.17949 -0.03836 -0.98301
vn -0.90070 0.29818 -0.31596
vn 0.08907 -0.16897 -0.98159
vn 0.95111 -0.24771 -0.18445
vn -0.17949 -0.03836 -0.98301
vn -0.19917 -0.95794 0.20658
vn -0.24218 -0.91515 0.32224
vn -0.90070 0.29818 -0.31596
vn 0.08907 -0.16897 -0.98159
vn 0.08907 -0.16897 -0.98159
vn -0.21873 -0.35939 -0.90719
vn -0.12473 0.89932 -0.41913
vn -0.24375 0.84676 -0.47284
vn 0.55217 -0.09682 -0.82809
vn -0.86449 -0.05852 0.49924
vn -0.20188 -0.29199 -0.93487
vn 0.22376 -0.96716 0.12058
vn 0.21593 -0.96504 0.14859
vn -0.86449 -0.05852 0.49924
vn -0.21873 -0.35939 -0.90719
vn 0.55217 -0.09682 -0.82809
vn -0.20188 -0.29199 -0.93487
vn -0.20188 -0.29199 -0.93487
vn -0.45076 0.81790 -0.35757
vn -0.81776 0.54812 -0.17560
vn -0.27437 0.80484 -0.52626
vn -0.21556 -0.89454 -0.39157
vn 0.02377 -0.98663 0.16122
vn 0.30800 -0.94735 -0.08750
vn 0.61421 -0.77868 -0.12811
vn 0.16235 -0.92856 0.33378
vn 0.37495 0.57577 -0.72657
vn -0.21556 -0.89454 -0.39157
vn -0.24614 -0.93874 0.24121
vn -0.44880 -0.80626 0.38539
vn -0.81776 0.54812 -0.17560
vn 0.00803 0.88168 -0.47178
vn 0.08085 0.84541 -0.52797
vn 0.02584 -0.99956 -0.01476
vn -0.03612 -0.98823 0.14864
vn -0.32848 0.93580 0.12799
vn -0.73427 -0.47447 0.48551
vn 0.11852 -0.98399 0.13307
vn -0.03780 -0.97816 0.20441
vn -0.06180 -0.97725 0.20287
vn 0.37495 0.57577 -0.72657
vn 0.01435 -0.99853 0.05236
vn -0.04634 -0.99893 -0.00083
vn -0.11667 -0.97532 0.18743
vn -0.10346 -0.99317 0.05390
vn -0.18749 -0.92964 0.31719
vn 0.06791 0.43652 -0.89713
vn 0.05734 0.64971 -0.75801
vn -0.15276 -0.84160 -0.51804
vn -0.08627 0.99557 0.03747
vn -0.15718 0.80624 -0.57033
vn 0.03522 0.99935 0.00717
vn -0.02373 0.99963 0.01301
vn -0.02694 -0.99890 -0.03844
vn -0.06030 -0.99701 -0.04835
vn 0.01974 -0.99891 -0.04232
vn 0.00517 -0.98745 -0.15785
vn 0.03987 -0.99894 -0.02283
vn -0.01224 -0.98305 -0.18293
vn 0.04046 -0.99889 -0.02403
vn 0.04192 -0.99891 -0.02075
vn 0.03954 -0.99903 -0.01947
vn -0.11709 0.97980 -0.16210
vn -0.33330 -0.01132 -0.94275
vn -0.29837 0.19820 -0.93364
vn -0.09358 0.98739 -0.12768
vn -0.73427 -0.47447 0.48551
vn -0.32848 0.93580 0.12799
vn 0.03034 -0.09285 0.99522
vn -0.04122 0.98471 0.16927
vn -0.04930 0.98558 0.16189
vn -0.04624 -0.09071 0.99480
vn -0.04842 0.99521 0.08494
vn -0.04985 0.99556 0.07981
vn -0.29837 0.19820 -0.93364
vn -0.33330 -0.01132 -0.94275
vn -0.73427 -0.47447 0.48551
vn 0.04384 -0.99901 0.00786
vn 0.03957 -0.99918 0.00886
vn 0.03034 -0.09285 0.99522
vn -0.04624 -0.09071 0.99480
vn -0.05960 0.99799 0.02170
vn -0.05658 0.99810 0.02421
vn 0.03433 -0.99899 -0.02902
vn 0.03793 -0.99901 -0.02338
vn -0.03276 -0.98107 -0.19087
vn 0.06259 -0.99709 -0.04358
vn -0.13146 0.97618 -0.17261
vn -0.40038 -0.01150 -0.91628
vn -0.03729 0.99474 0.09537
vn -0.02198 0.97963 0.19959
vn 0.09312 -0.09980 0.99064
vn -0.40038 -0.01150 -0.91628
vn 0.09312 -0.09980 0.99064
vn 0.04165 -0.99911 0.00703
vn -0.05405 0.99823 0.02484
vn -0.60585 0.74933 -0.26729
vn 0.00000 0.89585 -0.44435
vn -0.30253 0.64443 -0.70227
vn -0.39305 0.74754 -0.53544
vn 0.00000 0.86554 -0.50083
vn -0.00000 -0.93767 0.34753
vn 0.00000 0.59188 -0.80603
vn -0.52897 -0.80673 0.26341
vn 0.00000 0.90890 -0.41701
vn 0.01973 0.90536 -0.42418
vn -0.91412 0.27779 -0.29534
vn -0.99209 0.06728 -0.10601
vn 0.04935 -0.40227 0.91419
vn -0.56818 -0.80094 -0.18887
vn -0.01219 0.92406 0.38204
vn -0.61278 0.78452 0.09506
vn 0.89596 -0.15709 0.41543
vn 0.66967 0.59247 0.44779
vn 0.06064 -0.99338 -0.09757
vn 0.53167 -0.83309 0.15263
vn 0.00806 0.92796 0.37260
vn 0.20240 -0.39477 0.89621
vn -0.56269 0.73168 0.38474
vn 0.99865 0.04429 -0.02714
vn 0.54828 0.81877 0.17032
vn -0.04419 -0.99219 -0.11662
vn 0.53677 -0.82757 -0.16435
vn -0.91732 -0.07999 0.39002
vn -0.43784 -0.89653 0.06731
vn 0.03760 0.92600 0.37565
vn 0.08356 -0.19859 0.97652
vn -0.61344 0.75291 0.23837
vn 0.96804 -0.10873 0.22598
vn 0.64805 0.70470 0.28884
vn 0.09174 -0.99290 -0.07577
vn 0.54255 -0.83909 0.03968
vn -0.98552 0.04482 0.16352
vn -0.57435 -0.81852 0.01249
vn -0.67143 0.66921 -0.31832
vn -0.95301 0.19812 -0.22916
vn -0.00000 -0.86465 -0.50237
vn -0.00000 0.92136 -0.38872
vn -0.75191 -0.65925 0.00476
vn -0.14207 -0.97601 0.16496
vn -0.00000 -0.98324 0.18233
vn 0.53063 -0.79248 0.30067
vn 0.36774 -0.90481 0.21470
vn 0.39163 -0.86285 0.31955
vn 0.61919 -0.68848 0.37762
vn 0.50750 0.17022 0.84467
vn 0.16871 0.97143 0.16691
vn 0.16247 0.97666 0.14049
vn 0.06445 0.98894 0.13360
vn 0.06677 0.99326 0.09477
vn 0.17125 0.97962 0.10500
vn 0.52950 -0.68078 0.50612
vn 0.52221 -0.79672 0.30420
vn 0.50750 0.17022 0.84467
vn 0.59736 0.10115 0.79556
vn 0.26679 0.86514 0.42469
vn 0.59736 0.10115 0.79556
vn 0.14098 0.97538 -0.16960
vn 0.16865 0.98273 -0.07618
vn 0.01415 0.99875 -0.04803
vn -0.01948 0.97227 -0.23304
vn 0.13493 0.92807 -0.34710
vn 0.89847 -0.28239 0.33618
vn 0.91362 -0.37713 0.15191
vn 0.53099 -0.80576 0.26230
vn 0.50759 -0.74417 0.43424
vn 0.53569 -0.83844 0.10025
vn 0.92600 -0.37752 0.00219
vn 0.72736 0.61660 -0.30125
vn 0.47187 0.80275 -0.36459
vn 0.46532 0.81198 -0.35238
vn 0.72451 0.61985 -0.30146
vn 0.67143 0.66921 -0.31832
vn 0.76854 -0.47384 0.42992
vn 0.75478 -0.39360 0.52478
vn 0.44664 -0.71825 0.53351
vn 0.41099 -0.79785 0.44104
vn 0.76854 -0.47384 0.42992
vn 0.79743 -0.58229 0.15827
vn 0.97584 -0.09154 0.19836
vn 0.90440 -0.06352 0.42193
vn 0.80132 0.32749 0.50063
vn 0.87507 0.39074 0.28561
vn 0.89983 0.42800 0.08435
vn 0.99456 -0.10410 -0.00382
vn 0.79193 -0.60780 -0.05849
vn 0.81233 -0.53567 -0.23060
vn 0.77972 -0.60958 -0.14300
vn 0.38941 -0.90296 -0.18171
vn 0.42619 -0.85996 -0.28077
vn 0.36904 -0.92535 -0.08679
vn 0.53917 0.84206 0.01546
vn 0.53578 0.83550 -0.12194
vn 0.87762 0.45898 -0.13831
vn 0.90016 0.43488 -0.02423
vn 0.89983 0.42800 0.08435
vn 0.52650 0.83511 0.15934
vn 0.63472 -0.75475 0.16578
vn 0.77279 -0.59683 0.21585
vn 0.42460 -0.86895 0.25424
vn 0.35563 -0.90010 0.25168
vn 0.46091 -0.87797 0.12932
vn 0.81840 -0.56469 0.10648
vn 0.20731 0.97628 0.06244
vn 0.06841 0.99705 0.03491
vn 0.07563 0.99687 0.02318
vn 0.25299 0.96706 0.02832
vn 0.34022 -0.92290 0.18030
vn 0.34083 -0.92529 0.16633
vn 0.62095 -0.78355 0.02155
vn 0.25256 -0.96285 0.09560
vn 0.38947 -0.85090 0.35253
vn 0.77010 -0.63241 -0.08362
vn 0.48119 -0.87439 -0.06251
vn 0.49068 -0.84188 -0.22465
vn 0.83557 -0.46031 -0.29988
vn 0.20557 0.97859 -0.01024
vn 0.03876 0.99924 -0.00322
vn 0.85203 -0.02427 0.52293
vn 0.92834 0.06886 0.36531
vn 0.91794 0.21809 0.33139
vn 0.75131 0.23829 0.61543
vn 0.80132 0.32749 0.50063
vn 0.90440 -0.06352 0.42193
vn 0.58647 0.79054 -0.17638
vn 0.92605 0.08579 0.36752
vn 0.97979 0.01549 0.19943
vn 0.62731 0.68741 -0.36597
vn 0.17675 0.97180 -0.15608
vn 0.49506 -0.00606 -0.86884
vn 0.63790 -0.01259 -0.77002
vn 0.46842 -0.03545 0.88279
vn -0.03478 0.99209 0.12059
vn -0.03325 0.98995 0.13746
vn 0.34196 -0.05910 0.93785
vn -0.06405 0.99588 0.06412
vn -0.06575 0.99585 0.06291
vn 0.12938 -0.07696 0.98860
vn 0.26712 -0.05206 0.96225
vn -0.00362 0.99003 0.14078
vn 0.02939 0.98774 0.15335
vn 0.01974 0.99690 0.07614
vn -0.02050 0.99688 0.07624
vn -0.09348 0.99496 0.03637
vn 0.96165 -0.08320 0.26135
vn -0.07716 -0.03564 0.99638
vn 0.13656 0.98367 0.11727
vn 0.04732 0.99198 0.11722
vn 0.03379 0.97042 0.23904
vn -0.15514 -0.09925 0.98289
vn -0.13050 0.98383 -0.12264
vn -0.11732 0.99298 -0.01520
vn -0.09669 0.99115 -0.09096
vn -0.10829 0.99410 -0.00601
vn -0.08666 0.99624 0.00155
vn -0.02321 0.99278 0.11765
vn 0.42948 0.84033 -0.33074
vn 0.27835 0.85203 -0.44336
vn 0.63915 -0.06235 -0.76655
vn 0.78461 0.45380 -0.42243
vn -0.57482 -0.75594 -0.31328
vn -0.39885 0.90481 -0.14914
vn -0.10484 0.66557 -0.73894
vn -0.04422 -0.76476 -0.64280
vn 0.04308 -0.87275 -0.48627
vn -0.09878 0.25732 -0.96126
vn -0.04966 0.99547 -0.08105
vn -0.00627 0.99964 0.02602
vn 0.85364 0.10075 0.51103
vn 0.33479 -0.92286 0.19040
vn 0.54177 -0.76643 0.34507
vn 0.48932 -0.79710 0.35384
vn -0.00125 -0.93981 0.34169
vn 0.14067 -0.94802 0.28544
vn 0.58287 -0.80426 0.11588
vn 0.88313 -0.44720 0.14177
vn 0.80254 -0.57747 0.14987
vn 0.50799 -0.85980 0.05176
vn 0.37912 -0.92430 -0.04409
vn 0.68027 -0.72498 0.10786
vn 0.66427 -0.74693 -0.02893
vn 0.44855 -0.88001 -0.15617
vn 0.42587 -0.87908 -0.21412
vn 0.26274 -0.95347 -0.14788
vn 0.55185 -0.83046 -0.07608
vn 0.49105 -0.85199 -0.18165
vn -0.03359 -0.99791 -0.05525
vn 0.00108 -0.99981 -0.01942
vn -0.20570 -0.92723 0.31294
vn -0.49377 -0.83345 0.24810
vn -0.65711 -0.74640 0.10528
vn -0.67224 -0.72850 0.13183
vn -0.33379 -0.91519 0.22586
vn 0.97471 -0.22185 -0.02699
vn 0.99569 0.01591 0.09137
vn -0.02360 0.99674 0.07717
vn 0.60903 0.79305 0.01253
vn 0.97350 -0.02906 -0.22684
vn -0.02816 -0.99865 -0.04360
vn 0.57258 -0.81732 -0.06431
vn 0.57350 -0.77894 -0.25366
vn -0.00185 -0.93975 -0.34185
vn -0.95971 -0.28091 -0.00678
vn -0.60511 -0.79551 -0.03174
vn -0.39332 -0.88926 -0.23347
vn -0.96319 -0.14557 -0.22598
vn -0.02360 0.99674 0.07717
vn -0.03159 0.94643 0.32137
vn -0.21534 0.85555 0.47081
vn -0.40324 0.90917 0.10390
vn -0.11737 0.85043 0.51283
vn -0.18418 0.58615 0.78899
vn -0.03078 0.81949 0.57227
vn 0.60903 0.79305 0.01253
vn 0.63203 0.76649 -0.11413
vn 0.39305 0.91836 0.04615
vn 0.10729 0.85806 0.50222
vn 0.66077 0.74974 0.03559
vn 0.93841 0.04511 -0.34257
vn 0.88371 0.09615 -0.45805
vn 0.97350 -0.02906 -0.22684
vn 0.97350 -0.02906 -0.22684
vn 0.57350 -0.77894 -0.25366
vn 0.54854 -0.65984 -0.51353
vn 0.88371 0.09615 -0.45805
vn 0.93841 0.04511 -0.34257
vn 0.55895 -0.71248 -0.42420
vn 0.06433 -0.97707 -0.20296
vn 0.26766 -0.84956 -0.45454
vn -0.00185 -0.93975 -0.34185
vn -0.39332 -0.88926 -0.23347
vn -0.50220 -0.74555 -0.43812
vn -0.25858 -0.86862 -0.42266
vn -0.06218 -0.98019 -0.18805
vn -0.54161 -0.75785 -0.36376
vn -0.96666 -0.00901 -0.25590
vn -0.92817 0.04168 -0.36981
vn -0.96319 -0.14557 -0.22598
vn 0.06392 0.88914 0.45315
vn -0.53129 0.62528 0.57163
vn -0.43590 0.67076 0.60005
vn 0.14625 -0.31841 0.93660
vn -0.87449 -0.12582 0.46844
vn -0.89596 -0.15709 0.41543
vn -0.66967 0.59247 0.44779
vn 0.01218 0.92406 0.38204
vn 0.98275 -0.01093 -0.18461
vn 0.63961 0.74397 0.19344
vn 0.61278 0.78452 0.09506
vn 0.99209 0.06728 -0.10601
vn 0.02855 -0.96898 -0.24549
vn 0.54543 -0.76009 -0.35323
vn 0.98275 -0.01093 -0.18461
vn 0.99209 0.06728 -0.10601
vn 0.56818 -0.80093 -0.18887
vn -0.06064 -0.99338 -0.09757
vn 0.14625 -0.31841 0.93660
vn -0.87449 -0.12582 0.46844
vn -0.54286 -0.83944 0.02516
vn -0.38059 -0.92458 0.01766
vn -0.53167 -0.83309 0.15263
vn -0.89596 -0.15709 0.41543
vn -0.05042 0.89381 0.44561
vn -0.60754 0.75127 0.25784
vn -0.65231 0.74874 0.11782
vn -0.96666 -0.00901 -0.25590
vn -0.99169 -0.06087 -0.11331
vn -0.99865 0.04429 -0.02714
vn -0.54828 0.81877 0.17032
vn -0.00806 0.92796 0.37260
vn -0.17641 -0.29811 0.93809
vn 0.89654 -0.02372 0.44234
vn 0.45292 0.72151 0.52372
vn 0.38212 0.74099 0.55219
vn 0.56269 0.73168 0.38474
vn 0.91732 -0.07998 0.39002
vn -0.02492 -0.97026 -0.24077
vn 0.54959 -0.83541 -0.00556
vn 0.38532 -0.92278 0.00244
vn -0.17641 -0.29811 0.93809
vn 0.89654 -0.02372 0.44234
vn 0.91732 -0.07998 0.39002
vn 0.43784 -0.89653 0.06731
vn 0.04419 -0.99219 -0.11663
vn -0.99169 -0.06087 -0.11331
vn -0.52328 -0.79249 -0.31326
vn -0.53677 -0.82757 -0.16435
vn -0.99865 0.04429 -0.02714
vn -0.01520 0.88285 0.46940
vn -0.58882 0.67599 0.44309
vn -0.54654 0.72097 0.42602
vn -0.95989 -0.13967 0.24313
vn -0.96804 -0.10873 0.22598
vn -0.64805 0.70470 0.28884
vn -0.03760 0.92600 0.37565
vn 0.00049 -0.98609 -0.16623
vn 0.00290 -0.97690 -0.21367
vn 0.54607 -0.82320 -0.15539
vn 0.44417 -0.88279 -0.15294
vn 0.97843 -0.05012 0.20040
vn 0.98552 0.04482 0.16352
vn 0.57435 -0.81852 0.01249
vn -0.09174 -0.99290 -0.07577
vn -0.95989 -0.13967 0.24313
vn -0.51913 -0.84639 -0.11890
vn -0.42747 -0.89537 -0.12481
vn -0.54255 -0.83909 0.03968
vn -0.96804 -0.10873 0.22598
vn 0.09073 0.75445 0.65006
vn 0.12221 0.60383 0.78769
vn 0.50780 0.76567 0.39482
vn -0.14313 0.75620 0.63849
vn 0.08453 -0.99515 -0.05038
vn 0.09159 -0.99560 -0.01964
vn -0.07865 -0.99632 -0.03400
vn -0.10135 -0.99485 0.00189
vn 0.16624 0.87658 0.45163
vn -0.63879 0.76707 -0.05965
vn -0.61662 0.78684 0.02567
vn -0.96319 -0.14557 -0.22598
vn -0.92817 0.04168 -0.36981
vn 0.00962 -0.94364 -0.33083
vn 0.11648 -0.96441 -0.23739
vn -0.11037 -0.96968 -0.21804
vn -0.02360 0.99674 0.07717
vn -0.61662 0.78684 0.02567
vn -0.99203 -0.02389 0.12375
vn -0.01131 0.99047 0.13725
vn -0.02360 0.99674 0.07717
vn -0.84573 0.25217 0.47027
vn 0.84870 0.20324 0.48826
vn 0.04132 -0.97606 -0.21355
vn 0.63790 -0.01259 -0.77002
vn 0.49506 -0.00606 -0.86884
vn 0.46842 -0.03545 0.88279
vn 0.34196 -0.05910 0.93785
vn 0.08086 -0.99621 -0.03194
vn 0.15475 -0.98573 -0.06626
vn 0.85364 0.10075 0.51103
vn 0.05896 -0.99682 -0.05358
vn 0.10602 -0.99155 -0.07470
vn 0.12938 -0.07696 0.98860
vn -0.00826 -0.99992 0.00916
vn 0.03912 -0.99923 -0.00044
vn 0.26712 -0.05206 0.96225
vn 0.34196 -0.05910 0.93785
vn 0.08086 -0.99621 -0.03194
vn 0.05896 -0.99682 -0.05358
vn 0.02913 -0.99909 -0.03102
vn -0.01177 -0.99970 -0.02139
vn 0.17434 -0.98436 -0.02548
vn 0.25376 -0.96249 0.09603
vn 0.10346 -0.99317 0.05390
vn 0.06030 -0.99701 -0.04835
vn 0.96165 -0.08320 0.26135
vn -0.07777 -0.99641 -0.03339
vn -0.07716 -0.03564 0.99638
vn -0.15514 -0.09925 0.98289
vn -0.07592 -0.99707 0.00915
vn -0.05828 -0.99789 -0.02876
vn 0.84870 0.20324 0.48826
vn -0.84573 0.25217 0.47027
vn 0.32148 -0.85221 0.41279
vn 0.96718 -0.21034 -0.14255
vn 0.90591 0.26497 -0.33033
vn 0.51996 -0.81286 0.26249
vn 0.56905 -0.80279 0.17805
vn 0.52897 -0.80673 0.26341
vn 0.91412 0.27779 -0.29534
vn 0.62168 0.25756 0.73971
vn 0.54418 -0.32706 0.77259
vn 0.59568 0.57850 0.55722
vn 0.99157 -0.09751 -0.08530
vn 0.90016 0.43488 -0.02423
vn 0.87762 0.45898 -0.13831
vn 0.98407 -0.06265 -0.16636
vn 0.39819 -0.90519 0.14855
vn 0.41099 -0.79785 0.44104
vn 0.59602 -0.76828 0.23347
vn 0.85524 -0.50806 0.10219
vn 0.85208 -0.48401 0.19926
vn 0.59815 -0.74670 0.29094
vn 0.54237 -0.82920 -0.13513
vn 0.83119 -0.54146 -0.12627
vn 0.84879 -0.39070 -0.35624
vn 0.60197 -0.51074 -0.61382
vn 0.81504 0.57888 -0.02470
vn 0.50914 0.81675 -0.27148
vn 0.38349 0.89953 -0.20924
vn 0.31844 0.94576 0.06433
vn 0.21948 0.86854 -0.44438
vn 0.27687 0.85844 -0.43176
vn 0.72555 0.58101 -0.36878
vn 0.73134 0.61352 -0.29790
vn 0.86980 0.43522 -0.23247
vn 0.90466 0.37236 -0.20723
vn 0.89941 0.37042 -0.23205
vn 0.93851 -0.34118 -0.05288
vn 0.94551 0.24787 -0.21113
vn 0.84292 0.42823 -0.32575
vn 0.91411 0.32923 -0.23665
vn 0.97960 0.14221 -0.14202
vn 0.99227 0.11575 -0.04485
vn 0.95584 0.25056 -0.15362
vn 0.98723 0.15141 0.04957
vn 0.96434 0.23086 0.12946
vn 0.85160 0.52188 0.04928
vn 0.88712 0.35183 -0.29871
vn 0.87477 0.36731 -0.31600
vn 0.88635 0.31808 -0.33646
vn 0.89032 0.33539 -0.30798
vn 0.76507 0.14748 -0.62683
vn 0.76042 0.14294 -0.63351
vn 0.84794 -0.29755 -0.43870
vn 0.84879 -0.25606 -0.46258
vn 0.90875 -0.41398 -0.05288
vn 0.89891 -0.43713 -0.02968
vn 0.89320 0.27972 -0.35206
vn 0.88313 0.26278 -0.38862
vn 0.93697 0.25546 -0.23838
vn 0.95373 0.21379 -0.21142
vn 0.95489 -0.20151 0.21813
vn 0.95033 -0.21259 0.22732
vn 0.93059 0.36593 -0.00987
vn 0.93185 0.36254 0.01491
vn 0.90693 0.37623 -0.18957
vn 0.92649 0.34999 -0.13831
vn 0.80596 0.50979 -0.30090
vn 0.79437 0.51416 -0.32343
vn 0.65402 0.68600 -0.31884
vn 0.62506 0.69808 -0.34927
vn 0.59951 0.61642 -0.51050
vn 0.59202 0.62859 -0.50437
vn 0.81053 0.43515 -0.39202
vn 0.78186 0.42879 -0.45258
vn 0.87668 0.36598 -0.31223
vn 0.84887 0.38869 -0.35826
vn 0.60908 0.48839 -0.62489
vn 0.63788 0.46289 -0.61551
vn 0.18955 -0.92460 -0.33042
vn 0.29809 -0.73744 -0.60607
vn 0.20408 -0.75820 -0.61926
vn 0.07817 -0.94242 -0.32516
vn 0.04472 -0.83471 -0.54887
vn 0.16422 -0.98340 -0.07715
vn 0.25948 -0.94082 -0.21801
vn 0.29285 -0.88397 0.36446
vn 0.30348 -0.87851 0.36894
vn 0.18749 -0.92964 0.31719
vn 0.60646 -0.37212 -0.70267
vn 0.77378 0.04311 -0.63199
vn 0.63915 -0.06235 -0.76655
vn 0.82619 -0.11628 -0.55126
vn 0.90615 -0.07423 -0.41640
vn 0.83713 -0.43985 -0.32518
vn 0.46916 -0.81982 -0.32830
vn 0.94650 -0.01902 -0.32216
vn 0.78461 0.45380 -0.42243
vn 0.80216 0.36495 -0.47260
vn 0.81354 0.31637 -0.48792
vn 0.87004 0.34642 -0.35074
vn 0.81104 0.46982 -0.34856
vn 0.78261 0.54594 -0.29911
vn 0.84987 0.43186 -0.30201
vn 0.94655 0.21623 -0.23935
vn 0.95776 0.15124 -0.24460
vn 0.89777 0.23700 -0.37127
vn 0.56070 -0.82558 0.06351
vn 0.93767 0.25678 -0.23417
vn 0.75199 -0.65887 -0.02002
vn 0.75191 -0.65925 0.00476
vn 0.95301 0.19812 -0.22916
vn 0.52564 -0.58617 0.61653
vn 0.51037 -0.49790 0.70116
vn 0.97676 0.05538 0.20704
vn 0.91412 0.27779 -0.29534
vn 0.90591 0.26497 -0.33033
vn -0.05387 0.89193 -0.44895
vn -0.01973 0.90536 -0.42418
vn -0.21531 -0.33238 -0.91824
vn 0.96718 -0.21034 -0.14255
vn 0.08828 -0.98216 0.16604
vn 0.14207 -0.97601 0.16496
vn 0.75191 -0.65925 0.00476
vn 0.75199 -0.65887 -0.02002
vn 0.52930 -0.61080 0.58886
vn 0.68146 0.63887 -0.35701
vn 0.66115 0.62886 -0.40917
vn 0.59568 0.57850 0.55722
vn 0.54762 0.72879 0.41108
vn 0.87507 0.39074 0.28561
vn 0.80132 0.32749 0.50063
vn 0.52014 0.76673 -0.37628
vn 0.56572 0.71229 -0.41545
vn -0.57482 -0.75594 -0.31328
vn -0.04422 -0.76476 -0.64280
vn -0.02815 -0.90240 -0.42999
vn 0.04308 -0.87275 -0.48627
vn 0.06712 -0.99019 -0.12259
vn 0.16422 -0.98340 -0.07715
vn 0.04472 -0.83471 -0.54887
vn 0.15276 -0.84160 -0.51804
vn 0.04308 -0.87275 -0.48627
vn 0.97843 -0.05012 0.20040
vn 0.55010 0.72944 0.40659
vn 0.61344 0.75291 0.23837
vn 0.98552 0.04482 0.16352
vn -0.00627 0.99964 0.02602
vn 0.01155 0.99405 -0.10830
vn 0.20842 0.97797 -0.01163
vn 0.57635 0.79358 0.19505
vn 0.26845 0.88610 -0.37784
vn 0.15098 0.90591 -0.39563
vn -0.66417 0.68748 -0.29368
vn -0.20111 0.96139 -0.18782
vn -0.39885 0.90481 -0.14914
vn -0.57482 -0.75594 -0.31328
vn -0.53285 -0.83749 0.12117
vn -0.66417 0.68748 -0.29368
vn -0.57482 -0.75594 -0.31328
vn -0.49381 -0.83735 0.23450
vn -0.01435 -0.99853 0.05236
vn 0.23198 -0.87109 0.43288
vn 0.18612 -0.89476 0.40592
vn 0.73427 -0.47447 0.48551
vn 0.74782 -0.15847 0.64471
vn 0.57635 0.79358 0.19505
vn -0.95111 -0.24771 -0.18445
vn -0.10977 0.85140 -0.51290
vn 0.10703 0.90581 -0.40995
vn 0.17949 -0.03836 -0.98301
vn 0.90070 0.29818 -0.31596
vn -0.08907 -0.16897 -0.98159
vn -0.95111 -0.24771 -0.18445
vn 0.17949 -0.03836 -0.98301
vn 0.90070 0.29818 -0.31596
vn 0.24218 -0.91515 0.32224
vn 0.19917 -0.95794 0.20658
vn -0.08907 -0.16897 -0.98159
vn -0.08907 -0.16897 -0.98159
vn 0.21873 -0.35939 -0.90719
vn -0.55217 -0.09682 -0.82809
vn 0.24375 0.84676 -0.47284
vn 0.12473 0.89932 -0.41913
vn 0.86449 -0.05852 0.49924
vn 0.20188 -0.29199 -0.93487
vn 0.86449 -0.05852 0.49924
vn -0.21593 -0.96504 0.14859
vn -0.22376 -0.96716 0.12058
vn 0.21873 -0.35939 -0.90719
vn -0.55217 -0.09682 -0.82809
vn 0.20188 -0.29199 -0.93487
vn 0.20188 -0.29199 -0.93487
vn 0.27437 0.80484 -0.52626
vn 0.81776 0.54812 -0.17560
vn 0.45076 0.81790 -0.35757
vn 0.21556 -0.89454 -0.39157
vn -0.02377 -0.98663 0.16122
vn -0.16235 -0.92856 0.33378
vn -0.61421 -0.77868 -0.12811
vn -0.30800 -0.94735 -0.08750
vn -0.37495 0.57577 -0.72657
vn 0.21556 -0.89454 -0.39157
vn 0.81776 0.54812 -0.17560
vn 0.44880 -0.80626 0.38539
vn 0.24614 -0.93874 0.24121
vn -0.00803 0.88168 -0.47178
vn -0.08085 0.84541 -0.52797
vn -0.02584 -0.99956 -0.01476
vn 0.03612 -0.98823 0.14864
vn 0.73427 -0.47447 0.48551
vn 0.32848 0.93580 0.12799
vn 0.03780 -0.97816 0.20441
vn -0.11852 -0.98399 0.13307
vn 0.06180 -0.97725 0.20287
vn -0.37495 0.57577 -0.72657
vn -0.01435 -0.99853 0.05236
vn 0.11667 -0.97532 0.18743
vn 0.04634 -0.99893 -0.00083
vn 0.10346 -0.99317 0.05390
vn 0.18749 -0.92964 0.31719
vn -0.05734 0.64971 -0.75801
vn -0.06791 0.43652 -0.89713
vn 0.15276 -0.84160 -0.51804
vn 0.08627 0.99557 0.03747
vn 0.15718 0.80624 -0.57033
vn -0.03522 0.99935 0.00717
vn 0.02373 0.99963 0.01301
vn 0.06030 -0.99701 -0.04835
vn 0.02694 -0.99890 -0.03844
vn -0.01974 -0.99891 -0.04232
vn -0.00517 -0.98745 -0.15785
vn -0.03987 -0.99894 -0.02283
vn 0.01224 -0.98305 -0.18293
vn -0.04046 -0.99889 -0.02403
vn -0.04192 -0.99891 -0.02075
vn -0.03954 -0.99903 -0.01947
vn 0.11709 0.97980 -0.16210
vn 0.09358 0.98739 -0.12768
vn 0.29837 0.19820 -0.93364
vn 0.33330 -0.01132 -0.94275
vn 0.73427 -0.47447 0.48551
vn 0.32848 0.93580 0.12799
vn -0.03033 -0.09285 0.99522
vn 0.04624 -0.09071 0.99480
vn 0.04930 0.98558 0.16189
vn 0.04122 0.98471 0.16927
vn 0.04842 0.99521 0.08494
vn 0.04985 0.99556 0.07981
vn 0.33330 -0.01132 -0.94275
vn 0.29837 0.19820 -0.93364
vn 0.73427 -0.47447 0.48551
vn -0.03957 -0.99918 0.00886
vn -0.04384 -0.99901 0.00786
vn -0.03033 -0.09285 0.99522
vn 0.04624 -0.09071 0.99480
vn 0.05658 0.99810 0.02421
vn 0.05960 0.99799 0.02170
vn -0.03793 -0.99901 -0.02338
vn -0.03433 -0.99899 -0.02902
vn 0.03276 -0.98107 -0.19087
vn -0.06259 -0.99709 -0.04358
vn 0.40038 -0.01150 -0.91628
vn 0.13146 0.97618 -0.17261
vn 0.02198 0.97963 0.19959
vn 0.03729 0.99474 0.09537
vn -0.09312 -0.09980 0.99064
vn 0.40038 -0.01150 -0.91628
vn -0.04165 -0.99911 0.00703
vn -0.09312 -0.09980 0.99064
vn 0.05405 0.99823 0.02484
vn 0.60585 0.74933 -0.26729
vn 0.39305 0.74754 -0.53544
vn 0.30253 0.64443 -0.70227
vn 0.52897 -0.80673 0.26341
vn -0.01973 0.90536 -0.42418
vn 0.91412 0.27779 -0.29534
vn 0.99209 0.06728 -0.10601
vn 0.56818 -0.80093 -0.18887
vn -0.04935 -0.40227 0.91419
vn 0.01218 0.92406 0.38204
vn 0.61278 0.78452 0.09506
vn -0.89596 -0.15709 0.41543
vn -0.66967 0.59247 0.44779
vn -0.06064 -0.99338 -0.09757
vn -0.53167 -0.83309 0.15263
vn -0.00806 0.92796 0.37260
vn 0.56269 0.73168 0.38474
vn -0.20240 -0.39477 0.89621
vn -0.99865 0.04429 -0.02714
vn -0.54828 0.81877 0.17032
vn 0.04419 -0.99219 -0.11663
vn -0.53677 -0.82757 -0.16435
vn 0.91732 -0.07998 0.39002
vn 0.43784 -0.89653 0.06731
vn -0.03760 0.92600 0.37565
vn 0.61344 0.75291 0.23837
vn -0.08355 -0.19859 0.97651
vn -0.96804 -0.10873 0.22598
vn -0.64805 0.70470 0.28884
vn -0.09174 -0.99290 -0.07577
vn -0.54255 -0.83909 0.03968
vn 0.98552 0.04482 0.16352
vn 0.57435 -0.81852 0.01249
vn 0.67143 0.66921 -0.31832
vn 0.95301 0.19812 -0.22916
vn 0.75191 -0.65925 0.00476
vn 0.14207 -0.97601 0.16496
f 1133/1133/1133 1132/1132/1132 786/786/786
f 786/786/786 1134/1134/1134 1133/1133/1133
f 485/485/485 487/487/487 123/123/123
f 123/123/123 486/486/486 485/485/485
f 485/485/485 372/372/372 115/115/115
f 115/115/115 487/487/487 485/485/485
f 373/373/373 116/116/116 115/115/115
f 115/115/115 372/372/372 373/373/373
f 373/373/373 375/375/375 117/117/117
f 117/117/117 116/116/116 373/373/373
f 54/54/54 53/53/53 56/56/56
f 56/56/56 57/57/57 54/54/54
f 39/39/39 57/57/57 735/735/735
f 735/735/735 57/57/57 56/56/56
f 56/56/56 736/736/736 735/735/735
f 735/735/735 734/734/734 722/722/722
f 722/722/722 725/725/725 735/735/735
f 735/735/735 725/725/725 39/39/39
f 735/735/735 736/736/736 733/733/733
f 733/733/733 734/734/734 735/735/735
f 778/778/778 734/734/734 733/733/733
f 722/722/722 734/734/734 778/778/778
f 733/733/733 783/783/783 778/778/778
f 778/778/778 783/783/783 782/782/782
f 782/782/782 781/781/781 778/778/778
f 778/778/778 781/781/781 780/780/780
f 780/780/780 779/779/779 778/778/778
f 778/778/778 779/779/779 722/722/722
f 1029/1029/1029 781/781/781 782/782/782
f 782/782/782 1031/1031/1031 1029/1029/1029
f 780/780/780 781/781/781 1029/1029/1029
f 1029/1029/1029 1031/1031/1031 374/374/374
f 374/374/374 1030/1030/1030 1029/1029/1029
f 1029/1029/1029 1030/1030/1030 780/780/780
f 1133/1133/1133 1030/1030/1030 374/374/374
f 374/374/374 484/484/484 1133/1133/1133
f 485/485/485 484/484/484 374/374/374
f 374/374/374 372/372/372 485/485/485
f 373/373/373 372/372/372 374/374/374
f 374/374/374 375/375/375 373/373/373
f 780/780/780 1030/1030/1030 1133/1133/1133
f 235/235/235 236/236/236 231/231/231
f 231/231/231 236/236/236 237/237/237
f 237/237/237 232/232/232 231/231/231
f 231/231/231 232/232/232 229/229/229
f 229/229/229 230/230/230 231/231/231
f 323/323/323 230/230/230 229/229/229
f 229/229/229 322/322/322 323/323/323
f 1233/1233/1233 1228/1228/1228 1177/1177/1177
f 1177/1177/1177 1180/1180/1180 1233/1233/1233
f 1197/1197/1197 1177/1177/1177 1228/1228/1228
f 1196/1196/1196 1193/1193/1193 1177/1177/1177
f 1177/1177/1177 1197/1197/1197 1196/1196/1196
f 1178/1178/1178 1177/1177/1177 1193/1193/1193
f 1179/1179/1179 1180/1180/1180 1177/1177/1177
f 1177/1177/1177 1178/1178/1178 1179/1179/1179
f 1233/1233/1233 1232/1232/1232 1217/1217/1217
f 1217/1217/1217 1228/1228/1228 1233/1233/1233
f 1233/1233/1233 1180/1180/1180 1181/1181/1181
f 1181/1181/1181 1232/1232/1232 1233/1233/1233
f 1181/1181/1181 1180/1180/1180 1179/1179/1179
f 1181/1181/1181 1184/1184/1184 1183/1183/1183
f 1234/1234/1234 1232/1232/1232 1181/1181/1181
f 1181/1181/1181 1183/1183/1183 1234/1234/1234
f 1217/1217/1217 1232/1232/1232 1234/1234/1234
f 1234/1234/1234 1229/1229/1229 1217/1217/1217
f 1234/1234/1234 1183/1183/1183 1182/1182/1182
f 1182/1182/1182 1229/1229/1229 1234/1234/1234
f 1182/1182/1182 1183/1183/1183 1184/1184/1184
f 1186/1186/1186 1185/1185/1185 1184/1184/1184
f 1184/1184/1184 1185/1185/1185 1182/1182/1182
f 1182/1182/1182 1208/1208/1208 1229/1229/1229
f 597/597/597 542/542/542 593/593/593
f 542/542/542 597/597/597 543/543/543
f 560/560/560 593/593/593 542/542/542
f 561/561/561 560/560/560 542/542/542
f 542/542/542 558/558/558 561/561/561
f 545/545/545 558/558/558 542/542/542
f 544/544/544 545/545/545 542/542/542
f 542/542/542 543/543/543 544/544/544
f 597/597/597 593/593/593 582/582/582
f 582/582/582 598/598/598 597/597/597
f 597/597/597 598/598/598 546/546/546
f 546/546/546 543/543/543 597/597/597
f 546/546/546 544/544/544 543/543/543
f 546/546/546 550/550/550 549/549/549
f 599/599/599 550/550/550 546/546/546
f 546/546/546 598/598/598 599/599/599
f 599/599/599 598/598/598 582/582/582
f 582/582/582 594/594/594 599/599/599
f 599/599/599 594/594/594 547/547/547
f 547/547/547 550/550/550 599/599/599
f 549/549/549 550/550/550 547/547/547
f 551/551/551 549/549/549 548/548/548
f 547/547/547 548/548/548 549/549/549
f 547/547/547 594/594/594 571/571/571
f 507/507/507 487/487/487 115/115/115
f 507/507/507 124/124/124 123/123/123
f 123/123/123 487/487/487 507/507/507
f 507/507/507 506/506/506 125/125/125
f 125/125/125 124/124/124 507/507/507
f 125/125/125 506/506/506 1147/1147/1147
f 1147/1147/1147 787/787/787 125/125/125
f 784/784/784 122/122/122 125/125/125
f 125/125/125 787/787/787 784/784/784
f 121/121/121 124/124/124 125/125/125
f 125/125/125 122/122/122 121/121/121
f 1147/1147/1147 1134/1134/1134 786/786/786
f 786/786/786 787/787/787 1147/1147/1147
f 784/784/784 787/787/787 786/786/786
f 786/786/786 785/785/785 784/784/784
f 784/784/784 785/785/785 119/119/119
f 119/119/119 122/122/122 784/784/784
f 121/121/121 122/122/122 119/119/119
f 121/121/121 120/120/120 123/123/123
f 123/123/123 124/124/124 121/121/121
f 119/119/119 120/120/120 121/121/121
f 1145/1145/1145 503/503/503 119/119/119
f 119/119/119 785/785/785 1145/1145/1145
f 504/504/504 120/120/120 119/119/119
f 119/119/119 503/503/503 504/504/504
f 1145/1145/1145 785/785/785 786/786/786
f 786/786/786 1132/1132/1132 1145/1145/1145
f 1145/1145/1145 1132/1132/1132 483/483/483
f 483/483/483 503/503/503 1145/1145/1145
f 504/504/504 503/503/503 483/483/483
f 504/504/504 486/486/486 123/123/123
f 123/123/123 120/120/120 504/504/504
f 483/483/483 486/486/486 504/504/504
f 1133/1133/1133 484/484/484 483/483/483
f 483/483/483 1132/1132/1132 1133/1133/1133
f 485/485/485 486/486/486 483/483/483
f 483/483/483 484/484/484 485/485/485
f 415/415/415 113/113/113 35/35/35
f 35/35/35 413/413/413 415/415/415
f 412/412/412 413/413/413 35/35/35
f 35/35/35 38/38/38 412/412/412
f 114/114/114 55/55/55 35/35/35
f 35/35/35 113/113/113 114/114/114
f 54/54/54 36/36/36 35/35/35
f 35/35/35 55/55/55 54/54/54
f 37/37/37 38/38/38 35/35/35
f 35/35/35 36/36/36 37/37/37
f 415/415/415 414/414/414 115/115/115
f 115/115/115 113/113/113 415/415/415
f 415/415/415 413/413/413 392/392/392
f 392/392/392 414/414/414 415/415/415
f 114/114/114 113/113/113 115/115/115
f 114/114/114 118/118/118 52/52/52
f 52/52/52 55/55/55 114/114/114
f 114/114/114 116/116/116 117/117/117
f 117/117/117 118/118/118 114/114/114
f 115/115/115 116/116/116 114/114/114
f 54/54/54 55/55/55 52/52/52
f 52/52/52 53/53/53 54/54/54
f 54/54/54 57/57/57 39/39/39
f 39/39/39 36/36/36 54/54/54
f 883/883/883 884/884/884 881/881/881
f 881/881/881 882/882/882 883/883/883
f 883/883/883 882/882/882 889/889/889
f 889/889/889 888/888/888 883/883/883
f 883/883/883 888/888/888 887/887/887
f 887/887/887 886/886/886 883/883/883
f 883/883/883 886/886/886 885/885/885
f 885/885/885 884/884/884 883/883/883
f 983/983/983 981/981/981 889/889/889
f 889/889/889 892/892/892 983/983/983
f 982/982/982 888/888/888 889/889/889
f 889/889/889 981/981/981 982/982/982
f 891/891/891 892/892/892 889/889/889
f 889/889/889 890/890/890 891/891/891
f 887/887/887 888/888/888 982/982/982
f 982/982/982 981/981/981 955/955/955
f 955/955/955 973/973/973 982/982/982
f 982/982/982 973/973/973 887/887/887
f 955/955/955 981/981/981 983/983/983
f 983/983/983 975/975/975 955/955/955
f 974/974/974 965/965/965 955/955/955
f 955/955/955 975/975/975 974/974/974
f 972/972/972 973/973/973 955/955/955
f 955/955/955 958/958/958 972/972/972
f 284/284/284 234/234/234 233/233/233
f 233/233/233 278/278/278 284/284/284
f 277/277/277 278/278/278 233/233/233
f 231/231/231 230/230/230 233/233/233
f 233/233/233 234/234/234 231/231/231
f 277/277/277 282/282/282 283/283/283
f 283/283/283 278/278/278 277/277/277
f 277/277/277 280/280/280 281/281/281
f 281/281/281 282/282/282 277/277/277
f 284/284/284 278/278/278 283/283/283
f 283/283/283 286/286/286 284/284/284
f 284/284/284 286/286/286 287/287/287
f 287/287/287 285/285/285 284/284/284
f 284/284/284 285/285/285 235/235/235
f 235/235/235 234/234/234 284/284/284
f 231/231/231 234/234/234 235/235/235
f 1151/1151/1151 1150/1150/1150 1149/1149/1149
f 1149/1149/1149 1150/1150/1150 755/755/755
f 755/755/755 756/756/756 1149/1149/1149
f 359/359/359 646/646/646 356/356/356
f 654/654/654 644/644/644 359/359/359
f 359/359/359 358/358/358 654/654/654
f 359/359/359 356/356/356 358/358/358
f 354/354/354 356/356/356 333/333/333
f 356/356/356 355/355/355 357/357/357
f 357/357/357 358/358/358 356/356/356
f 354/354/354 355/355/355 356/356/356
f 654/654/654 358/358/358 357/357/357
f 357/357/357 653/653/653 654/654/654
f 654/654/654 653/653/653 639/639/639
f 639/639/639 637/637/637 654/654/654
f 638/638/638 637/637/637 639/639/639
f 639/639/639 640/640/640 638/638/638
f 638/638/638 344/344/344 349/349/349
f 349/349/349 621/621/621 638/638/638
f 223/223/223 224/224/224 221/221/221
f 221/221/221 222/222/222 223/223/223
f 223/223/223 228/228/228 229/229/229
f 229/229/229 224/224/224 223/223/223
f 223/223/223 226/226/226 227/227/227
f 227/227/227 228/228/228 223/223/223
f 223/223/223 222/222/222 225/225/225
f 225/225/225 226/226/226 223/223/223
f 321/321/321 228/228/228 227/227/227
f 229/229/229 228/228/228 321/321/321
f 321/321/321 313/313/313 295/295/295
f 295/295/295 322/322/322 321/321/321
f 227/227/227 313/313/313 321/321/321
f 321/321/321 322/322/322 229/229/229
f 312/312/312 313/313/313 227/227/227
f 295/295/295 313/313/313 312/312/312
f 227/227/227 257/257/257 312/312/312
f 312/312/312 296/296/296 295/295/295
f 312/312/312 257/257/257 256/256/256
f 256/256/256 296/296/296 312/312/312
f 258/258/258 257/257/257 227/227/227
f 227/227/227 251/251/251 258/258/258
f 250/250/250 251/251/251 227/227/227
f 227/227/227 226/226/226 250/250/250
f 261/261/261 259/259/259 258/258/258
f 258/258/258 260/260/260 261/261/261
f 258/258/258 251/251/251 255/255/255
f 255/255/255 260/260/260 258/258/258
f 255/255/255 251/251/251 250/250/250
f 250/250/250 254/254/254 255/255/255
f 250/250/250 252/252/252 253/253/253
f 253/253/253 254/254/254 250/250/250
f 250/250/250 226/226/226 225/225/225
f 225/225/225 252/252/252 250/250/250
f 1279/1279/1279 1280/1280/1280 1253/1253/1253
f 1253/1253/1253 1254/1254/1254 1279/1279/1279
f 1252/1252/1252 1254/1254/1254 1253/1253/1253
f 1009/1009/1009 1256/1256/1256 1252/1252/1252
f 1252/1252/1252 1256/1256/1256 1255/1255/1255
f 1255/1255/1255 1254/1254/1254 1252/1252/1252
f 1279/1279/1279 1254/1254/1254 1255/1255/1255
f 1288/1288/1288 1278/1278/1278 1255/1255/1255
f 1255/1255/1255 1273/1273/1273 1288/1288/1288
f 1255/1255/1255 1278/1278/1278 1279/1279/1279
f 1272/1272/1272 1273/1273/1273 1255/1255/1255
f 1255/1255/1255 1256/1256/1256 1272/1272/1272
f 1279/1279/1279 1278/1278/1278 1019/1019/1019
f 1019/1019/1019 1281/1281/1281 1279/1279/1279
f 1279/1279/1279 1281/1281/1281 991/991/991
f 991/991/991 1280/1280/1280 1279/1279/1279
f 1287/1287/1287 1280/1280/1280 991/991/991
f 1015/1015/1015 992/992/992 991/991/991
f 991/991/991 1281/1281/1281 1015/1015/1015
f 991/991/991 993/993/993 1287/1287/1287
f 991/991/991 992/992/992 993/993/993
f 1019/1019/1019 1015/1015/1015 1281/1281/1281
f 1288/1288/1288 1018/1018/1018 1019/1019/1019
f 1019/1019/1019 1278/1278/1278 1288/1288/1288
f 1019/1019/1019 1018/1018/1018 1015/1015/1015
f 1014/1014/1014 992/992/992 1015/1015/1015
f 1015/1015/1015 1018/1018/1018 1017/1017/1017
f 1017/1017/1017 1016/1016/1016 1015/1015/1015
f 1014/1014/1014 1015/1015/1015 1016/1016/1016
f 1017/1017/1017 1018/1018/1018 1288/1288/1288
f 1288/1288/1288 1273/1273/1273 1274/1274/1274
f 1274/1274/1274 1289/1289/1289 1288/1288/1288
f 1288/1288/1288 1289/1289/1289 1017/1017/1017
f 1274/1274/1274 1273/1273/1273 1272/1272/1272
f 1272/1272/1272 1275/1275/1275 1274/1274/1274
f 1272/1272/1272 1256/1256/1256 1009/1009/1009
f 1009/1009/1009 1002/1002/1002 1272/1272/1272
f 964/964/964 956/956/956 955/955/955
f 955/955/955 965/965/965 964/964/964
f 957/957/957 958/958/958 955/955/955
f 955/955/955 956/956/956 957/957/957
f 983/983/983 892/892/892 893/893/893
f 893/893/893 975/975/975 983/983/983
f 974/974/974 975/975/975 893/893/893
f 974/974/974 938/938/938 939/939/939
f 939/939/939 965/965/965 974/974/974
f 893/893/893 938/938/938 974/974/974
f 964/964/964 965/965/965 939/939/939
f 939/939/939 963/963/963 964/964/964
f 937/937/937 940/940/940 939/939/939
f 939/939/939 938/938/938 937/937/937
f 937/937/937 938/938/938 893/893/893
f 937/937/937 936/936/936 943/943/943
f 943/943/943 942/942/942 937/937/937
f 937/937/937 942/942/942 941/941/941
f 941/941/941 940/940/940 937/937/937
f 893/893/893 936/936/936 937/937/937
f 943/943/943 936/936/936 945/945/945
f 945/945/945 936/936/936 893/893/893
f 945/945/945 946/946/946 943/943/943
f 945/945/945 944/944/944 947/947/947
f 947/947/947 946/946/946 945/945/945
f 893/893/893 894/894/894 945/945/945
f 945/945/945 894/894/894 895/895/895
f 895/895/895 944/944/944 945/945/945
f 891/891/891 896/896/896 895/895/895
f 895/895/895 894/894/894 891/891/891
f 891/891/891 894/894/894 893/893/893
f 851/851/851 1021/1021/1021 986/986/986
f 851/851/851 986/986/986 862/862/862
f 984/984/984 986/986/986 1021/1021/1021
f 986/986/986 985/985/985 865/865/865
f 865/865/865 862/862/862 986/986/986
f 984/984/984 985/985/985 986/986/986
f 893/893/893 892/892/892 891/891/891
f 891/891/891 890/890/890 897/897/897
f 897/897/897 896/896/896 891/891/891
f 964/964/964 963/963/963 967/967/967
f 967/967/967 966/966/966 964/964/964
f 964/964/964 966/966/966 962/962/962
f 962/962/962 956/956/956 964/964/964
f 957/957/957 956/956/956 962/962/962
f 962/962/962 961/961/961 957/957/957
f 957/957/957 961/961/961 960/960/960
f 960/960/960 959/959/959 957/957/957
f 957/957/957 959/959/959 916/916/916
f 916/916/916 958/958/958 957/957/957
f 972/972/972 958/958/958 916/916/916
f 916/916/916 919/919/919 972/972/972
f 918/918/918 919/919/919 916/916/916
f 916/916/916 917/917/917 918/918/918
f 972/972/972 919/919/919 887/887/887
f 887/887/887 973/973/973 972/972/972
f 887/887/887 919/919/919 918/918/918
f 918/918/918 910/910/910 887/887/887
f 911/911/911 886/886/886 887/887/887
f 887/887/887 910/910/910 911/911/911
f 918/918/918 917/917/917 921/921/921
f 921/921/921 920/920/920 918/918/918
f 918/918/918 920/920/920 915/915/915
f 915/915/915 910/910/910 918/918/918
f 911/911/911 910/910/910 915/915/915
f 915/915/915 914/914/914 911/911/911
f 911/911/911 914/914/914 913/913/913
f 913/913/913 912/912/912 911/911/911
f 911/911/911 912/912/912 885/885/885
f 885/885/885 886/886/886 911/911/911
f 547/547/547 573/573/573 548/548/548
f 572/572/572 573/573/573 547/547/547
f 547/547/547 571/571/571 572/572/572
f 574/574/574 571/571/571 594/594/594
f 574/574/574 594/594/594 588/588/588
f 582/582/582 588/588/588 594/594/594
f 572/572/572 571/571/571 574/574/574
f 573/573/573 572/572/572 577/577/577
f 576/576/576 572/572/572 575/575/575
f 574/574/574 575/575/575 572/572/572
f 551/551/551 548/548/548 573/573/573
f 582/582/582 593/593/593 583/583/583
f 589/589/589 588/588/588 582/582/582
f 582/582/582 585/585/585 589/589/589
f 584/584/584 585/585/585 582/582/582
f 582/582/582 583/583/583 584/584/584
f 574/574/574 588/588/588 589/589/589
f 587/587/587 590/590/590 589/589/589
f 587/587/587 589/589/589 585/585/585
f 589/589/589 590/590/590 574/574/574
f 585/585/585 584/584/584 587/587/587
f 587/587/587 584/584/584 586/586/586
f 584/584/584 583/583/583 559/559/559
f 559/559/559 586/586/586 584/584/584
f 559/559/559 583/583/583 593/593/593
f 559/559/559 593/593/593 560/560/560
f 561/561/561 562/562/562 559/559/559
f 559/559/559 560/560/560 561/561/561
f 564/564/564 562/562/562 561/561/561
f 563/563/563 561/561/561 558/558/558
f 1182/1182/1182 1185/1185/1185 1206/1206/1206
f 1207/1207/1207 1208/1208/1208 1182/1182/1182
f 1182/1182/1182 1206/1206/1206 1207/1207/1207
f 1209/1209/1209 1229/1229/1229 1208/1208/1208
f 1209/1209/1209 1225/1225/1225 1229/1229/1229
f 1217/1217/1217 1229/1229/1229 1225/1225/1225
f 1209/1209/1209 1208/1208/1208 1207/1207/1207
f 1206/1206/1206 1212/1212/1212 1207/1207/1207
f 1211/1211/1211 1210/1210/1210 1207/1207/1207
f 1207/1207/1207 1210/1210/1210 1209/1209/1209
f 1186/1186/1186 1206/1206/1206 1185/1185/1185
f 1217/1217/1217 1220/1220/1220 1228/1228/1228
f 1224/1224/1224 1218/1218/1218 1217/1217/1217
f 1217/1217/1217 1225/1225/1225 1224/1224/1224
f 1219/1219/1219 1220/1220/1220 1217/1217/1217
f 1217/1217/1217 1218/1218/1218 1219/1219/1219
f 1224/1224/1224 1225/1225/1225 1209/1209/1209
f 1222/1222/1222 1224/1224/1224 1223/1223/1223
f 1222/1222/1222 1218/1218/1218 1224/1224/1224
f 1209/1209/1209 1223/1223/1223 1224/1224/1224
f 1218/1218/1218 1222/1222/1222 1219/1219/1219
f 1222/1222/1222 1221/1221/1221 1219/1219/1219
f 1219/1219/1219 1221/1221/1221 1194/1194/1194
f 1194/1194/1194 1220/1220/1220 1219/1219/1219
f 1194/1194/1194 1228/1228/1228 1220/1220/1220
f 1194/1194/1194 1197/1197/1197 1228/1228/1228
f 1196/1196/1196 1197/1197/1197 1194/1194/1194
f 1194/1194/1194 1195/1195/1195 1196/1196/1196
f 1199/1199/1199 1196/1196/1196 1195/1195/1195
f 1198/1198/1198 1193/1193/1193 1196/1196/1196
f 977/977/977 978/978/978 866/866/866
f 866/866/866 869/869/869 977/977/977
f 976/976/976 867/867/867 866/866/866
f 866/866/866 875/875/875 976/976/976
f 874/874/874 875/875/875 866/866/866
f 866/866/866 873/873/873 874/874/874
f 868/868/868 869/869/869 866/866/866
f 866/866/866 867/867/867 868/868/868
f 977/977/977 924/924/924 925/925/925
f 925/925/925 980/980/980 977/977/977
f 977/977/977 980/980/980 979/979/979
f 979/979/979 978/978/978 977/977/977
f 977/977/977 869/869/869 870/870/870
f 870/870/870 924/924/924 977/977/977
f 925/925/925 924/924/924 923/923/923
f 923/923/923 924/924/924 870/870/870
f 923/923/923 926/926/926 925/925/925
f 923/923/923 922/922/922 929/929/929
f 929/929/929 928/928/928 923/923/923
f 923/923/923 928/928/928 927/927/927
f 927/927/927 926/926/926 923/923/923
f 870/870/870 922/922/922 923/923/923
f 929/929/929 922/922/922 932/932/932
f 932/932/932 922/922/922 870/870/870
f 347/347/347 614/614/614 613/613/613
f 613/613/613 615/615/615 349/349/349
f 349/349/349 348/348/348 613/613/613
f 349/349/349 615/615/615 617/617/617
f 616/616/616 617/617/617 615/615/615
f 618/618/618 616/616/616 634/634/634
f 617/617/617 616/616/616 618/618/618
f 634/634/634 635/635/635 618/618/618
f 652/652/652 645/645/645 618/618/618
f 618/618/618 635/635/635 652/652/652
f 643/643/643 619/619/619 618/618/618
f 618/618/618 645/645/645 643/643/643
f 618/618/618 619/619/619 617/617/617
f 617/617/617 621/621/621 349/349/349
f 617/617/617 619/619/619 620/620/620
f 620/620/620 621/621/621 617/617/617
f 620/620/620 619/619/619 643/643/643
f 654/654/654 637/637/637 620/620/620
f 620/620/620 644/644/644 654/654/654
f 643/643/643 644/644/644 620/620/620
f 638/638/638 621/621/621 620/620/620
f 620/620/620 637/637/637 638/638/638
f 643/643/643 646/646/646 359/359/359
f 359/359/359 644/644/644 643/643/643
f 643/643/643 645/645/645 331/331/331
f 331/331/331 646/646/646 643/643/643
f 331/331/331 645/645/645 652/652/652
f 356/356/356 646/646/646 331/331/331
f 331/331/331 333/333/333 356/356/356
f 652/652/652 332/332/332 331/331/331
f 331/331/331 332/332/332 333/333/333
f 1036/1036/1036 750/750/750 745/745/745
f 1036/1036/1036 738/738/738 737/737/737
f 737/737/737 1037/1037/1037 1036/1036/1036
f 1036/1036/1036 1037/1037/1037 382/382/382
f 382/382/382 381/381/381 1036/1036/1036
f 745/745/745 738/738/738 1036/1036/1036
f 380/380/380 381/381/381 382/382/382
f 382/382/382 383/383/383 380/380/380
f 380/380/380 383/383/383 58/58/58
f 58/58/58 61/61/61 380/380/380
f 380/380/380 61/61/61 66/66/66
f 66/66/66 74/74/74 380/380/380
f 69/69/69 74/74/74 66/66/66
f 376/376/376 70/70/70 66/66/66
f 66/66/66 65/65/65 376/376/376
f 66/66/66 70/70/70 69/69/69
f 60/60/60 65/65/65 66/66/66
f 66/66/66 61/61/61 60/60/60
f 60/60/60 61/61/61 58/58/58
f 58/58/58 59/59/59 60/60/60
f 60/60/60 63/63/63 64/64/64
f 64/64/64 65/65/65 60/60/60
f 60/60/60 59/59/59 62/62/62
f 184/184/184 193/193/193 194/194/194
f 186/186/186 185/185/185 198/198/198
f 198/198/198 200/200/200 201/201/201
f 201/201/201 199/199/199 198/198/198
f 198/198/198 194/194/194 197/197/197
f 197/197/197 200/200/200 198/198/198
f 198/198/198 199/199/199 186/186/186
f 202/202/202 190/190/190 186/186/186
f 186/186/186 199/199/199 202/202/202
f 202/202/202 199/199/199 201/201/201
f 201/201/201 204/204/204 202/202/202
f 202/202/202 204/204/204 205/205/205
f 205/205/205 203/203/203 202/202/202
f 202/202/202 203/203/203 191/191/191
f 191/191/191 190/190/190 202/202/202
f 325/325/325 203/203/203 205/205/205
f 205/205/205 326/326/326 325/325/325
f 191/191/191 203/203/203 325/325/325
f 191/191/191 325/325/325 361/361/361
f 324/324/324 361/361/361 325/325/325
f 812/812/812 814/814/814 813/813/813
f 813/813/813 811/811/811 812/812/812
f 812/812/812 811/811/811 810/810/810
f 638/638/638 640/640/640 341/341/341
f 341/341/341 344/344/344 638/638/638
f 349/349/349 344/344/344 343/343/343
f 343/343/343 344/344/344 341/341/341
f 343/343/343 348/348/348 349/349/349
f 343/343/343 346/346/346 347/347/347
f 347/347/347 348/348/348 343/343/343
f 343/343/343 342/342/342 345/345/345
f 345/345/345 346/346/346 343/343/343
f 341/341/341 342/342/342 343/343/343
f 1272/1272/1272 1002/1002/1002 1001/1001/1001
f 1001/1001/1001 1275/1275/1275 1272/1272/1272
f 1003/1003/1003 1002/1002/1002 1009/1009/1009
f 1009/1009/1009 1008/1008/1008 1003/1003/1003
f 1001/1001/1001 1002/1002/1002 1003/1003/1003
f 1003/1003/1003 1004/1004/1004 1001/1001/1001
f 1003/1003/1003 1008/1008/1008 1007/1007/1007
f 1007/1007/1007 1006/1006/1006 1003/1003/1003
f 1003/1003/1003 1006/1006/1006 1005/1005/1005
f 1005/1005/1005 1004/1004/1004 1003/1003/1003
f 1102/1102/1102 1160/1160/1160 1156/1156/1156
f 1157/1157/1157 1102/1102/1102 1156/1156/1156
f 1156/1156/1156 1160/1160/1160 1159/1159/1159
f 1159/1159/1159 1158/1158/1158 1156/1156/1156
f 1154/1154/1154 1156/1156/1156 1158/1158/1158
f 1156/1156/1156 1155/1155/1155 1157/1157/1157
f 1154/1154/1154 1155/1155/1155 1156/1156/1156
f 1237/1237/1237 1158/1158/1158 1159/1159/1159
f 1159/1159/1159 1240/1240/1240 1237/1237/1237
f 1154/1154/1154 1158/1158/1158 1237/1237/1237
f 1237/1237/1237 1236/1236/1236 1154/1154/1154
f 1237/1237/1237 1240/1240/1240 1239/1239/1239
f 1239/1239/1239 1238/1238/1238 1237/1237/1237
f 1236/1236/1236 1237/1237/1237 1238/1238/1238
f 1270/1270/1270 1271/1271/1271 1236/1236/1236
f 1236/1236/1236 1251/1251/1251 1270/1270/1270
f 1251/1251/1251 1236/1236/1236 1250/1250/1250
f 1249/1249/1249 1250/1250/1250 1236/1236/1236
f 1236/1236/1236 1238/1238/1238 1249/1249/1249
f 1249/1249/1249 1238/1238/1238 1239/1239/1239
f 1239/1239/1239 1248/1248/1248 1249/1249/1249
f 1249/1249/1249 1248/1248/1248 1007/1007/1007
f 1007/1007/1007 1008/1008/1008 1249/1249/1249
f 1249/1249/1249 1008/1008/1008 1009/1009/1009
f 1009/1009/1009 1250/1250/1250 1249/1249/1249
f 1252/1252/1252 1250/1250/1250 1009/1009/1009
f 1250/1250/1250 1252/1252/1252 1251/1251/1251
f 1270/1270/1270 1251/1251/1251 1253/1253/1253
f 1253/1253/1253 1251/1251/1251 1252/1252/1252
f 1253/1253/1253 1269/1269/1269 1270/1270/1270
f 1287/1287/1287 1269/1269/1269 1253/1253/1253
f 1253/1253/1253 1280/1280/1280 1287/1287/1287
f 987/987/987 815/815/815 792/792/792
f 792/792/792 828/828/828 987/987/987
f 792/792/792 791/791/791 828/828/828
f 709/709/709 792/792/792 815/815/815
f 796/796/796 792/792/792 709/709/709
f 709/709/709 764/764/764 796/796/796
f 796/796/796 764/764/764 765/765/765
f 765/765/765 803/803/803 796/796/796
f 813/813/813 803/803/803 765/765/765
f 765/765/765 777/777/777 813/813/813
f 776/776/776 777/777/777 765/765/765
f 765/765/765 766/766/766 776/776/776
f 763/763/763 766/766/766 765/765/765
f 765/765/765 764/764/764 763/763/763
f 763/763/763 764/764/764 709/709/709
f 763/763/763 94/94/94 98/98/98
f 98/98/98 766/766/766 763/763/763
f 709/709/709 710/710/710 763/763/763
f 763/763/763 710/710/710 14/14/14
f 14/14/14 94/94/94 763/763/763
f 776/776/776 766/766/766 98/98/98
f 98/98/98 111/111/111 776/776/776
f 110/110/110 111/111/111 98/98/98
f 98/98/98 97/97/97 110/110/110
f 93/93/93 97/97/97 98/98/98
f 98/98/98 94/94/94 93/93/93
f 93/93/93 94/94/94 14/14/14
f 93/93/93 95/95/95 96/96/96
f 96/96/96 97/97/97 93/93/93
f 93/93/93 13/13/13 12/12/12
f 12/12/12 95/95/95 93/93/93
f 14/14/14 13/13/13 93/93/93
f 110/110/110 97/97/97 96/96/96
f 96/96/96 112/112/112 110/110/110
f 134/134/134 141/141/141 96/96/96
f 96/96/96 95/95/95 134/134/134
f 134/134/134 95/95/95 12/12/12
f 12/12/12 9/9/9 153/153/153
f 10/10/10 9/9/9 12/12/12
f 642/642/642 641/641/641 622/622/622
f 622/622/622 625/625/625 642/642/642
f 624/624/624 625/625/625 622/622/622
f 622/622/622 623/623/623 624/624/624
f 612/612/612 642/642/642 625/625/625
f 625/625/625 166/166/166 612/612/612
f 166/166/166 625/625/625 624/624/624
f 624/624/624 627/627/627 166/166/166
f 626/626/626 627/627/627 624/624/624
f 611/611/611 612/612/612 166/166/166
f 166/166/166 165/165/165 611/611/611
f 161/161/161 165/165/165 166/166/166
f 166/166/166 162/162/162 161/161/161
f 611/611/611 152/152/152 133/133/133
f 611/611/611 165/165/165 150/150/150
f 150/150/150 152/152/152 611/611/611
f 150/150/150 165/165/165 161/161/161
f 606/606/606 149/149/149 150/150/150
f 150/150/150 164/164/164 606/606/606
f 161/161/161 164/164/164 150/150/150
f 151/151/151 152/152/152 150/150/150
f 150/150/150 148/148/148 151/151/151
f 150/150/150 149/149/149 148/148/148
f 133/133/133 152/152/152 151/151/151
f 151/151/151 141/141/141 133/133/133
f 133/133/133 141/141/141 134/134/134
f 151/151/151 148/148/148 31/31/31
f 31/31/31 112/112/112 151/151/151
f 151/151/151 112/112/112 96/96/96
f 96/96/96 141/141/141 151/151/151
f 31/31/31 148/148/148 149/149/149
f 149/149/149 32/32/32 31/31/31
f 448/448/448 526/526/526 527/527/527
f 527/527/527 451/451/451 448/448/448
f 451/451/451 520/520/520 525/525/525
f 520/520/520 451/451/451 522/522/522
f 520/520/520 523/523/523 524/524/524
f 524/524/524 525/525/525 520/520/520
f 519/519/519 523/523/523 520/520/520
f 522/522/522 521/521/521 520/520/520
f 519/519/519 520/520/520 521/521/521
f 603/603/603 523/523/523 519/519/519
f 524/524/524 523/523/523 603/603/603
f 603/603/603 605/605/605 524/524/524
f 519/519/519 601/601/601 603/603/603
f 603/603/603 602/602/602 604/604/604
f 604/604/604 605/605/605 603/603/603
f 601/601/601 602/602/602 603/603/603
f 634/634/634 616/616/616 601/601/601
f 601/601/601 636/636/636 634/634/634
f 615/615/615 601/601/601 616/616/616
f 613/613/613 602/602/602 601/601/601
f 601/601/601 615/615/615 613/613/613
f 604/604/604 602/602/602 613/613/613
f 613/613/613 614/614/614 604/604/604
f 613/613/613 348/348/348 347/347/347
f 256/256/256 257/257/257 258/258/258
f 297/297/297 296/296/296 256/256/256
f 256/256/256 299/299/299 297/297/297
f 258/258/258 259/259/259 256/256/256
f 295/295/295 296/296/296 297/297/297
f 323/323/323 322/322/322 295/295/295
f 295/295/295 314/314/314 323/323/323
f 315/315/315 314/314/314 295/295/295
f 295/295/295 303/303/303 315/315/315
f 304/304/304 303/303/303 295/295/295
f 295/295/295 298/298/298 304/304/304
f 297/297/297 298/298/298 295/295/295
f 297/297/297 301/301/301 302/302/302
f 302/302/302 298/298/298 297/297/297
f 297/297/297 299/299/299 300/300/300
f 300/300/300 301/301/301 297/297/297
f 304/304/304 298/298/298 302/302/302
f 302/302/302 306/306/306 304/304/304
f 304/304/304 306/306/306 307/307/307
f 307/307/307 305/305/305 304/304/304
f 304/304/304 305/305/305 279/279/279
f 279/279/279 303/303/303 304/304/304
f 315/315/315 303/303/303 279/279/279
f 279/279/279 276/276/276 315/315/315
f 277/277/277 276/276/276 279/279/279
f 279/279/279 280/280/280 277/277/277
f 315/315/315 276/276/276 233/233/233
f 233/233/233 314/314/314 315/315/315
f 233/233/233 276/276/276 277/277/277
f 323/323/323 314/314/314 233/233/233
f 233/233/233 230/230/230 323/323/323
f 753/753/753 819/819/819 816/816/816
f 816/816/816 752/752/752 753/753/753
f 751/751/751 754/754/754 753/753/753
f 753/753/753 752/752/752 751/751/751
f 816/816/816 156/156/156 75/75/75
f 75/75/75 752/752/752 816/816/816
f 816/816/816 817/817/817 34/34/34
f 34/34/34 156/156/156 816/816/816
f 751/751/751 752/752/752 75/75/75
f 751/751/751 78/78/78 83/83/83
f 83/83/83 756/756/756 751/751/751
f 751/751/751 756/756/756 755/755/755
f 755/755/755 754/754/754 751/751/751
f 75/75/75 78/78/78 751/751/751
f 155/155/155 76/76/76 75/75/75
f 75/75/75 156/156/156 155/155/155
f 77/77/77 78/78/78 75/75/75
f 75/75/75 76/76/76 77/77/77
f 155/155/155 156/156/156 34/34/34
f 155/155/155 158/158/158 79/79/79
f 79/79/79 76/76/76 155/155/155
f 155/155/155 154/154/154 157/157/157
f 157/157/157 158/158/158 155/155/155
f 34/34/34 154/154/154 155/155/155
f 110/110/110 112/112/112 31/31/31
f 31/31/31 28/28/28 110/110/110
f 29/29/29 28/28/28 31/31/31
f 31/31/31 32/32/32 29/29/29
f 32/32/32 149/149/149 606/606/606
f 610/610/610 33/33/33 32/32/32
f 32/32/32 607/607/607 610/610/610
f 606/606/606 607/607/607 32/32/32
f 33/33/33 29/29/29 32/32/32
f 29/29/29 33/33/33 34/34/34
f 34/34/34 30/30/30 29/29/29
f 29/29/29 30/30/30 27/27/27
f 27/27/27 28/28/28 29/29/29
f 110/110/110 28/28/28 27/27/27
f 776/776/776 111/111/111 27/27/27
f 27/27/27 718/718/718 776/776/776
f 717/717/717 718/718/718 27/27/27
f 27/27/27 30/30/30 717/717/717
f 27/27/27 111/111/111 110/110/110
f 717/717/717 30/30/30 34/34/34
f 34/34/34 721/721/721 717/717/717
f 721/721/721 720/720/720 717/717/717
f 717/717/717 720/720/720 719/719/719
f 719/719/719 718/718/718 717/717/717
f 776/776/776 718/718/718 719/719/719
f 813/813/813 777/777/777 719/719/719
f 719/719/719 811/811/811 813/813/813
f 810/810/810 811/811/811 719/719/719
f 719/719/719 720/720/720 810/810/810
f 719/719/719 777/777/777 776/776/776
f 1245/1245/1245 1241/1241/1241 720/720/720
f 720/720/720 721/721/721 1245/1245/1245
f 1242/1242/1242 810/810/810 720/720/720
f 720/720/720 1241/1241/1241 1242/1242/1242
f 1245/1245/1245 721/721/721 34/34/34
f 1245/1245/1245 817/817/817 818/818/818
f 818/818/818 1241/1241/1241 1245/1245/1245
f 770/770/770 769/769/769 768/768/768
f 849/849/849 852/852/852 851/851/851
f 851/851/851 850/850/850 849/849/849
f 849/849/849 850/850/850 846/846/846
f 846/846/846 847/847/847 849/849/849
f 842/842/842 847/847/847 846/846/846
f 863/863/863 858/858/858 846/846/846
f 846/846/846 850/850/850 863/863/863
f 859/859/859 845/845/845 846/846/846
f 846/846/846 858/858/858 859/859/859
f 846/846/846 845/845/845 842/842/842
f 863/863/863 850/850/850 851/851/851
f 863/863/863 862/862/862 865/865/865
f 865/865/865 864/864/864 863/863/863
f 863/863/863 864/864/864 861/861/861
f 861/861/861 858/858/858 863/863/863
f 851/851/851 862/862/862 863/863/863
f 859/859/859 858/858/858 861/861/861
f 861/861/861 860/860/860 859/859/859
f 859/859/859 860/860/860 857/857/857
f 857/857/857 853/853/853 859/859/859
f 859/859/859 853/853/853 844/844/844
f 844/844/844 845/845/845 859/859/859
f 842/842/842 845/845/845 844/844/844
f 844/844/844 843/843/843 842/842/842
f 842/842/842 843/843/843 838/838/838
f 838/838/838 841/841/841 842/842/842
f 1020/1020/1020 998/998/998 844/844/844
f 844/844/844 854/854/854 1020/1020/1020
f 844/844/844 997/997/997 843/843/843
f 844/844/844 998/998/998 997/997/997
f 844/844/844 853/853/853 854/854/854
f 1290/1290/1290 1244/1244/1244 807/807/807
f 807/807/807 1285/1285/1285 1290/1290/1290
f 788/788/788 1244/1244/1244 1290/1290/1290
f 1290/1290/1290 1283/1283/1283 788/788/788
f 1282/1282/1282 789/789/789 788/788/788
f 788/788/788 1283/1283/1283 1282/1282/1282
f 788/788/788 789/789/789 790/790/790
f 799/799/799 800/800/800 797/797/797
f 797/797/797 798/798/798 799/799/799
f 799/799/799 798/798/798 794/794/794
f 794/794/794 793/793/793 799/799/799
f 799/799/799 793/793/793 795/795/795
f 795/795/795 802/802/802 799/799/799
f 793/793/793 794/794/794 791/791/791
f 795/795/795 793/793/793 792/792/792
f 791/791/791 792/792/792 793/793/793
f 813/813/813 814/814/814 795/795/795
f 795/795/795 803/803/803 813/813/813
f 795/795/795 796/796/796 803/803/803
f 792/792/792 796/796/796 795/795/795
f 249/249/249 247/247/247 246/246/246
f 246/246/246 247/247/247 218/218/218
f 218/218/218 217/217/217 246/246/246
f 214/214/214 217/217/217 218/218/218
f 218/218/218 219/219/219 214/214/214
f 214/214/214 219/219/219 220/220/220
f 220/220/220 215/215/215 214/214/214
f 1058/1058/1058 1057/1057/1057 727/727/727
f 727/727/727 1061/1061/1061 1058/1058/1058
f 1058/1058/1058 1061/1061/1061 1060/1060/1060
f 1060/1060/1060 1059/1059/1059 1058/1058/1058
f 1023/1023/1023 1057/1057/1057 1058/1058/1058
f 727/727/727 1057/1057/1057 1127/1127/1127
f 1127/1127/1127 1057/1057/1057 1023/1023/1023
f 1127/1127/1127 726/726/726 727/727/727
f 1062/1062/1062 1061/1061/1061 727/727/727
f 727/727/727 723/723/723 1062/1062/1062
f 724/724/724 723/723/723 727/727/727
f 727/727/727 726/726/726 724/724/724
f 1060/1060/1060 1061/1061/1061 1062/1062/1062
f 1062/1062/1062 1063/1063/1063 1060/1060/1060
f 1062/1062/1062 723/723/723 722/722/722
f 722/722/722 1064/1064/1064 1062/1062/1062
f 722/722/722 723/723/723 724/724/724
f 1065/1065/1065 1064/1064/1064 722/722/722
f 722/722/722 779/779/779 1065/1065/1065
f 724/724/724 725/725/725 722/722/722
f 724/724/724 726/726/726 41/41/41
f 41/41/41 40/40/40 724/724/724
f 724/724/724 40/40/40 39/39/39
f 39/39/39 725/725/725 724/724/724
f 41/41/41 726/726/726 1127/1127/1127
f 1127/1127/1127 477/477/477 41/41/41
f 478/478/478 42/42/42 41/41/41
f 41/41/41 477/477/477 478/478/478
f 37/37/37 40/40/40 41/41/41
f 41/41/41 42/42/42 37/37/37
f 39/39/39 40/40/40 37/37/37
f 37/37/37 36/36/36 39/39/39
f 12/12/12 13/13/13 10/10/10
f 10/10/10 13/13/13 14/14/14
f 10/10/10 15/15/15 16/16/16
f 16/16/16 11/11/11 10/10/10
f 14/14/14 15/15/15 10/10/10
f 707/707/707 15/15/15 14/14/14
f 14/14/14 710/710/710 707/707/707
f 16/16/16 15/15/15 707/707/707
f 707/707/707 706/706/706 16/16/16
f 707/707/707 710/710/710 709/709/709
f 709/709/709 708/708/708 707/707/707
f 707/707/707 708/708/708 705/705/705
f 705/705/705 706/706/706 707/707/707
f 715/715/715 26/26/26 16/16/16
f 16/16/16 706/706/706 715/715/715
f 8/8/8 330/330/330 327/327/327
f 8/8/8 327/327/327 153/153/153
f 8/8/8 153/153/153 9/9/9
f 25/25/25 24/24/24 8/8/8
f 8/8/8 11/11/11 25/25/25
f 10/10/10 11/11/11 8/8/8
f 8/8/8 9/9/9 10/10/10
f 329/329/329 327/327/327 330/330/330
f 328/328/328 329/329/329 330/330/330
f 167/167/167 327/327/327 329/329/329
f 327/327/327 167/167/167 132/132/132
f 132/132/132 167/167/167 129/129/129
f 132/132/132 153/153/153 327/327/327
f 153/153/153 132/132/132 12/12/12
f 12/12/12 132/132/132 134/134/134
f 132/132/132 131/131/131 133/133/133
f 133/133/133 134/134/134 132/132/132
f 131/131/131 132/132/132 129/129/129
f 129/129/129 130/130/130 131/131/131
f 137/137/137 131/131/131 130/130/130
f 133/133/133 131/131/131 137/137/137
f 130/130/130 138/138/138 137/137/137
f 137/137/137 140/140/140 133/133/133
f 137/137/137 136/136/136 139/139/139
f 532/532/532 541/541/541 540/540/540
f 532/532/532 595/595/595 533/533/533
f 532/532/532 534/534/534 541/541/541
f 532/532/532 533/533/533 534/534/534
f 541/541/541 534/534/534 537/537/537
f 537/537/537 591/591/591 541/541/541
f 538/538/538 541/541/541 591/591/591
f 540/540/540 541/541/541 538/538/538
f 538/538/538 539/539/539 540/540/540
f 538/538/538 591/591/591 552/552/552
f 553/553/553 554/554/554 538/538/538
f 538/538/538 552/552/552 553/553/553
f 555/555/555 552/552/552 591/591/591
f 555/555/555 591/591/591 592/592/592
f 537/537/537 592/592/592 591/591/591
f 553/553/553 552/552/552 555/555/555
f 554/554/554 553/553/553 557/557/557
f 557/557/557 553/553/553 556/556/556
f 555/555/555 556/556/556 553/553/553
f 555/555/555 592/592/592 600/600/600
f 600/600/600 592/592/592 537/537/537
f 581/581/581 600/600/600 580/580/580
f 537/537/537 580/580/580 600/600/600
f 580/580/580 579/579/579 581/581/581
f 739/739/739 740/740/740 737/737/737
f 737/737/737 738/738/738 739/739/739
f 739/739/739 738/738/738 745/745/745
f 745/745/745 744/744/744 739/739/739
f 739/739/739 744/744/744 743/743/743
f 743/743/743 742/742/742 739/739/739
f 739/739/739 742/742/742 741/741/741
f 741/741/741 740/740/740 739/739/739
f 1032/1032/1032 744/744/744 745/745/745
f 745/745/745 747/747/747 1032/1032/1032
f 743/743/743 744/744/744 1032/1032/1032
f 1032/1032/1032 1033/1033/1033 743/743/743
f 1032/1032/1032 747/747/747 746/746/746
f 746/746/746 1035/1035/1035 1032/1032/1032
f 1032/1032/1032 1035/1035/1035 1034/1034/1034
f 1034/1034/1034 1033/1033/1033 1032/1032/1032
f 1116/1116/1116 1035/1035/1035 746/746/746
f 746/746/746 1114/1114/1114 1116/1116/1116
f 1034/1034/1034 1035/1035/1035 1116/1116/1116
f 1116/1116/1116 1117/1117/1117 1034/1034/1034
f 1116/1116/1116 1113/1113/1113 1111/1111/1111
f 1111/1111/1111 1117/1117/1117 1116/1116/1116
f 1116/1116/1116 1114/1114/1114 775/775/775
f 775/775/775 1113/1113/1113 1116/1116/1116
f 139/139/139 140/140/140 137/137/137
f 137/137/137 138/138/138 135/135/135
f 135/135/135 136/136/136 137/137/137
f 611/611/611 140/140/140 139/139/139
f 133/133/133 140/140/140 611/611/611
f 642/642/642 612/612/612 139/139/139
f 139/139/139 633/633/633 642/642/642
f 630/630/630 633/633/633 139/139/139
f 139/139/139 136/136/136 630/630/630
f 139/139/139 612/612/612 611/611/611
f 630/630/630 136/136/136 135/135/135
f 135/135/135 631/631/631 630/630/630
f 630/630/630 629/629/629 632/632/632
f 632/632/632 633/633/633 630/630/630
f 630/630/630 631/631/631 628/628/628
f 628/628/628 629/629/629 630/630/630
f 642/642/642 633/633/633 632/632/632
f 655/655/655 641/641/641 632/632/632
f 632/632/632 649/649/649 655/655/655
f 650/650/650 649/649/649 632/632/632
f 632/632/632 629/629/629 650/650/650
f 632/632/632 641/641/641 642/642/642
f 650/650/650 629/629/629 628/628/628
f 628/628/628 651/651/651 650/650/650
f 650/650/650 651/651/651 147/147/147
f 147/147/147 146/146/146 650/650/650
f 650/650/650 146/146/146 145/145/145
f 145/145/145 649/649/649 650/650/650
f 655/655/655 649/649/649 145/145/145
f 145/145/145 609/609/609 655/655/655
f 145/145/145 143/143/143 609/609/609
f 1246/1246/1246 826/826/826 827/827/827
f 812/812/812 826/826/826 1246/1246/1246
f 1247/1247/1247 827/827/827 1258/1258/1258
f 1259/1259/1259 1258/1258/1258 827/827/827
f 827/827/827 1262/1262/1262 1259/1259/1259
f 827/827/827 1247/1247/1247 1246/1246/1246
f 1246/1246/1246 1247/1247/1247 801/801/801
f 801/801/801 802/802/802 1246/1246/1246
f 1246/1246/1246 802/802/802 795/795/795
f 795/795/795 814/814/814 1246/1246/1246
f 1246/1246/1246 814/814/814 812/812/812
f 801/801/801 1247/1247/1247 1276/1276/1276
f 1258/1258/1258 1276/1276/1276 1247/1247/1247
f 1276/1276/1276 1258/1258/1258 1257/1257/1257
f 1257/1257/1257 1258/1258/1258 1259/1259/1259
f 1261/1261/1261 1259/1259/1259 1262/1262/1262
f 1259/1259/1259 1260/1260/1260 1257/1257/1257
f 317/317/317 207/207/207 206/206/206
f 206/206/206 318/318/318 317/317/317
f 316/316/316 213/213/213 206/206/206
f 206/206/206 209/209/209 316/316/316
f 214/214/214 215/215/215 206/206/206
f 206/206/206 213/213/213 214/214/214
f 208/208/208 209/209/209 206/206/206
f 206/206/206 207/207/207 208/208/208
f 317/317/317 320/320/320 265/265/265
f 265/265/265 262/262/262 317/317/317
f 317/317/317 318/318/318 319/319/319
f 319/319/319 320/320/320 317/317/317
f 317/317/317 262/262/262 210/210/210
f 210/210/210 207/207/207 317/317/317
f 208/208/208 207/207/207 210/210/210
f 208/208/208 211/211/211 212/212/212
f 212/212/212 209/209/209 208/208/208
f 210/210/210 211/211/211 208/208/208
f 311/311/311 211/211/211 210/210/210
f 212/212/212 211/211/211 311/311/311
f 210/210/210 271/271/271 311/311/311
f 311/311/311 288/288/288 212/212/212
f 311/311/311 271/271/271 270/270/270
f 270/270/270 288/288/288 311/311/311
f 5/5/5 6/6/6 3/3/3
f 3/3/3 2/2/2 5/5/5
f 768/768/768 767/767/767 701/701/701
f 701/701/701 771/771/771 768/768/768
f 100/100/100 101/101/101 84/84/84
f 100/100/100 99/99/99 102/102/102
f 102/102/102 103/103/103 100/100/100
f 84/84/84 99/99/99 100/100/100
f 181/181/181 99/99/99 84/84/84
f 84/84/84 179/179/179 181/181/181
f 176/176/176 179/179/179 84/84/84
f 84/84/84 87/87/87 176/176/176
f 102/102/102 99/99/99 181/181/181
f 183/183/183 187/187/187 102/102/102
f 102/102/102 180/180/180 183/183/183
f 181/181/181 180/180/180 102/102/102
f 181/181/181 179/179/179 178/178/178
f 178/178/178 180/180/180 181/181/181
f 178/178/178 179/179/179 176/176/176
f 335/335/335 182/182/182 178/178/178
f 178/178/178 339/339/339 335/335/335
f 350/350/350 339/339/339 178/178/178
f 178/178/178 175/175/175 350/350/350
f 183/183/183 180/180/180 178/178/178
f 178/178/178 182/182/182 183/183/183
f 176/176/176 175/175/175 178/178/178
f 183/183/183 185/185/185 186/186/186
f 186/186/186 187/187/187 183/183/183
f 183/183/183 182/182/182 184/184/184
f 184/184/184 185/185/185 183/183/183
f 184/184/184 182/182/182 335/335/335
f 360/360/360 193/193/193 184/184/184
f 184/184/184 338/338/338 360/360/360
f 184/184/184 335/335/335 338/338/338
f 198/198/198 185/185/185 184/184/184
f 184/184/184 194/194/194 198/198/198
f 62/62/62 63/63/63 60/60/60
f 376/376/376 65/65/65 64/64/64
f 64/64/64 377/377/377 376/376/376
f 376/376/376 377/377/377 378/378/378
f 376/376/376 379/379/379 67/67/67
f 67/67/67 70/70/70 376/376/376
f 378/378/378 379/379/379 376/376/376
f 69/69/69 70/70/70 67/67/67
f 466/466/466 464/464/464 67/67/67
f 67/67/67 379/379/379 466/466/466
f 463/463/463 68/68/68 67/67/67
f 67/67/67 464/464/464 463/463/463
f 67/67/67 68/68/68 69/69/69
f 466/466/466 379/379/379 378/378/378
f 378/378/378 467/467/467 466/466/466
f 1107/1107/1107 1011/1011/1011 1012/1012/1012
f 1012/1012/1012 1108/1108/1108 1107/1107/1107
f 1107/1107/1107 1108/1108/1108 1104/1104/1104
f 1104/1104/1104 1106/1106/1106 1107/1107/1107
f 1104/1104/1104 1105/1105/1105 1106/1106/1106
f 1101/1101/1101 1105/1105/1105 1104/1104/1104
f 1104/1104/1104 1103/1103/1103 1101/1101/1101
f 1101/1101/1101 1100/1100/1100 1045/1045/1045
f 1045/1045/1045 1105/1105/1105 1101/1101/1101
f 1101/1101/1101 1103/1103/1103 1102/1102/1102
f 1102/1102/1102 1099/1099/1099 1101/1101/1101
f 1099/1099/1099 1100/1100/1100 1101/1101/1101
f 1045/1045/1045 1100/1100/1100 1109/1109/1109
f 1109/1109/1109 1110/1110/1110 1045/1045/1045
f 1099/1099/1099 1102/1102/1102 1162/1162/1162
f 1162/1162/1162 1161/1161/1161 1099/1099/1099
f 1290/1290/1290 1277/1277/1277 1257/1257/1257
f 1257/1257/1257 1283/1283/1283 1290/1290/1290
f 1282/1282/1282 1283/1283/1283 1257/1257/1257
f 1257/1257/1257 1260/1260/1260 1282/1282/1282
f 1257/1257/1257 1277/1277/1277 1276/1276/1276
f 1276/1276/1276 1268/1268/1268 801/801/801
f 1276/1276/1276 1277/1277/1277 1267/1267/1267
f 1267/1267/1267 1268/1268/1268 1276/1276/1276
f 1267/1267/1267 1277/1277/1277 1290/1290/1290
f 1290/1290/1290 1285/1285/1285 1267/1267/1267
f 1284/1284/1284 1266/1266/1266 1267/1267/1267
f 1267/1267/1267 1285/1285/1285 1284/1284/1284
f 1265/1265/1265 1268/1268/1268 1267/1267/1267
f 1267/1267/1267 1266/1266/1266 1265/1265/1265
f 801/801/801 1268/1268/1268 1265/1265/1265
f 1265/1265/1265 800/800/800 801/801/801
f 799/799/799 802/802/802 801/801/801
f 801/801/801 800/800/800 799/799/799
f 1265/1265/1265 1264/1264/1264 797/797/797
f 797/797/797 800/800/800 1265/1265/1265
f 1265/1265/1265 1266/1266/1266 1263/1263/1263
f 1263/1263/1263 1264/1264/1264 1265/1265/1265
f 1263/1263/1263 1266/1266/1266 1284/1284/1284
f 1284/1284/1284 1286/1286/1286 1263/1263/1263
f 1284/1284/1284 808/808/808 809/809/809
f 809/809/809 1286/1286/1286 1284/1284/1284
f 1284/1284/1284 1285/1285/1285 807/807/807
f 807/807/807 808/808/808 1284/1284/1284
f 809/809/809 808/808/808 806/806/806
f 807/807/807 806/806/806 808/808/808
f 806/806/806 805/805/805 809/809/809
f 807/807/807 1244/1244/1244 806/806/806
f 806/806/806 1244/1244/1244 788/788/788
f 788/788/788 790/790/790 806/806/806
f 804/804/804 806/806/806 790/790/790
f 804/804/804 805/805/805 806/806/806
f 1291/1291/1291 1066/1066/1066 780/780/780
f 780/780/780 1146/1146/1146 1291/1291/1291
f 1147/1147/1147 1146/1146/1146 780/780/780
f 780/780/780 1134/1134/1134 1147/1147/1147
f 1133/1133/1133 1134/1134/1134 780/780/780
f 1065/1065/1065 779/779/779 780/780/780
f 780/780/780 1066/1066/1066 1065/1065/1065
f 1291/1291/1291 1146/1146/1146 505/505/505
f 505/505/505 657/657/657 1291/1291/1291
f 1291/1291/1291 657/657/657 400/400/400
f 400/400/400 1047/1047/1047 1291/1291/1291
f 1291/1291/1291 1047/1047/1047 1046/1046/1046
f 1046/1046/1046 1066/1066/1066 1291/1291/1291
f 1065/1065/1065 1066/1066/1066 1046/1046/1046
f 1046/1046/1046 1064/1064/1064 1065/1065/1065
f 1062/1062/1062 1064/1064/1064 1046/1046/1046
f 1137/1137/1137 1138/1138/1138 1135/1135/1135
f 1135/1135/1135 1136/1136/1136 1137/1137/1137
f 1141/1141/1141 1139/1139/1139 1140/1140/1140
f 1140/1140/1140 1144/1144/1144 1141/1141/1141
f 1141/1141/1141 1144/1144/1144 1143/1143/1143
f 1143/1143/1143 1142/1142/1142 1141/1141/1141
f 1141/1141/1141 1142/1142/1142 499/499/499
f 499/499/499 497/497/497 1141/1141/1141
f 1111/1111/1111 1113/1113/1113 1112/1112/1112
f 1112/1112/1112 1113/1113/1113 775/775/775
f 1111/1111/1111 1109/1109/1109 1100/1100/1100
f 1099/1099/1099 1161/1161/1161 1111/1111/1111
f 1111/1111/1111 1100/1100/1100 1099/1099/1099
f 1112/1112/1112 1110/1110/1110 1111/1111/1111
f 1111/1111/1111 1110/1110/1110 1109/1109/1109
f 775/775/775 1044/1044/1044 1112/1112/1112
f 1112/1112/1112 1044/1044/1044 1045/1045/1045
f 1045/1045/1045 1110/1110/1110 1112/1112/1112
f 1043/1043/1043 1044/1044/1044 775/775/775
f 775/775/775 772/772/772 1043/1043/1043
f 1045/1045/1045 1044/1044/1044 1043/1043/1043
f 1043/1043/1043 1042/1042/1042 1045/1045/1045
f 1043/1043/1043 772/772/772 762/762/762
f 762/762/762 1039/1039/1039 1043/1043/1043
f 1043/1043/1043 1039/1039/1039 1038/1038/1038
f 1038/1038/1038 1042/1042/1042 1043/1043/1043
f 1105/1105/1105 1042/1042/1042 1038/1038/1038
f 1045/1045/1045 1042/1042/1042 1105/1105/1105
f 1107/1107/1107 1106/1106/1106 1038/1038/1038
f 1038/1038/1038 1041/1041/1041 1107/1107/1107
f 1038/1038/1038 1106/1106/1106 1105/1105/1105
f 1040/1040/1040 1041/1041/1041 1038/1038/1038
f 1038/1038/1038 1039/1039/1039 1040/1040/1040
f 1040/1040/1040 1039/1039/1039 762/762/762
f 762/762/762 835/835/835 1040/1040/1040
f 1040/1040/1040 835/835/835 834/834/834
f 834/834/834 1041/1041/1041 1040/1040/1040
f 1107/1107/1107 1041/1041/1041 834/834/834
f 834/834/834 1011/1011/1011 1107/1107/1107
f 460/460/460 458/458/458 461/461/461
f 460/460/460 526/526/526 448/448/448
f 466/466/466 467/467/467 460/460/460
f 460/460/460 462/462/462 466/466/466
f 461/461/461 462/462/462 460/460/460
f 461/461/461 390/390/390 109/109/109
f 109/109/109 462/462/462 461/461/461
f 109/109/109 390/390/390 388/388/388
f 466/466/466 462/462/462 109/109/109
f 109/109/109 464/464/464 466/466/466
f 463/463/463 464/464/464 109/109/109
f 109/109/109 108/108/108 463/463/463
f 388/388/388 105/105/105 109/109/109
f 104/104/104 108/108/108 109/109/109
f 109/109/109 105/105/105 104/104/104
f 388/388/388 387/387/387 92/92/92
f 92/92/92 105/105/105 388/388/388
f 104/104/104 105/105/105 92/92/92
f 176/176/176 87/87/87 92/92/92
f 92/92/92 177/177/177 176/176/176
f 92/92/92 91/91/91 104/104/104
f 104/104/104 106/106/106 107/107/107
f 107/107/107 108/108/108 104/104/104
f 104/104/104 91/91/91 90/90/90
f 90/90/90 106/106/106 104/104/104
f 463/463/463 108/108/108 107/107/107
f 1115/1115/1115 465/465/465 107/107/107
f 107/107/107 774/774/774 1115/1115/1115
f 773/773/773 774/774/774 107/107/107
f 107/107/107 106/106/106 773/773/773
f 107/107/107 465/465/465 463/463/463
f 773/773/773 106/106/106 90/90/90
f 90/90/90 761/761/761 773/773/773
f 773/773/773 772/772/772 775/775/775
f 775/775/775 774/774/774 773/773/773
f 773/773/773 761/761/761 762/762/762
f 25/25/25 11/11/11 16/16/16
f 16/16/16 26/26/26 25/25/25
f 715/715/715 706/706/706 705/705/705
f 705/705/705 987/987/987 989/989/989
f 705/705/705 815/815/815 987/987/987
f 705/705/705 708/708/708 815/815/815
f 705/705/705 716/716/716 715/715/715
f 815/815/815 708/708/708 709/709/709
f 715/715/715 716/716/716 23/23/23
f 23/23/23 26/26/26 715/715/715
f 25/25/25 26/26/26 23/23/23
f 23/23/23 24/24/24 25/25/25
f 990/990/990 989/989/989 987/987/987
f 988/988/988 989/989/989 990/990/990
f 828/828/828 990/990/990 987/987/987
f 610/610/610 154/154/154 34/34/34
f 34/34/34 33/33/33 610/610/610
f 157/157/157 154/154/154 610/610/610
f 610/610/610 607/607/607 157/157/157
f 606/606/606 608/608/608 157/157/157
f 157/157/157 607/607/607 606/606/606
f 163/163/163 608/608/608 606/606/606
f 606/606/606 164/164/164 163/163/163
f 161/161/161 160/160/160 163/163/163
f 163/163/163 164/164/164 161/161/161
f 161/161/161 162/162/162 159/159/159
f 159/159/159 160/160/160 161/161/161
f 77/77/77 76/76/76 79/79/79
f 79/79/79 80/80/80 77/77/77
f 77/77/77 82/82/82 83/83/83
f 83/83/83 78/78/78 77/77/77
f 77/77/77 80/80/80 81/81/81
f 81/81/81 82/82/82 77/77/77
f 511/511/511 82/82/82 81/81/81
f 83/83/83 82/82/82 511/511/511
f 1149/1149/1149 756/756/756 83/83/83
f 83/83/83 510/510/510 1149/1149/1149
f 511/511/511 510/510/510 83/83/83
f 511/511/511 513/513/513 514/514/514
f 514/514/514 512/512/512 511/511/511
f 81/81/81 513/513/513 511/511/511
f 511/511/511 512/512/512 509/509/509
f 509/509/509 510/510/510 511/511/511
f 1149/1149/1149 510/510/510 509/509/509
f 509/509/509 1148/1148/1148 1149/1149/1149
f 1149/1149/1149 1148/1148/1148 1151/1151/1151
f 832/832/832 833/833/833 852/852/852
f 1022/1022/1022 831/831/831 832/832/832
f 832/832/832 848/848/848 1022/1022/1022
f 849/849/849 848/848/848 832/832/832
f 832/832/832 852/852/852 849/849/849
f 701/701/701 831/831/831 1022/1022/1022
f 1022/1022/1022 848/848/848 770/770/770
f 770/770/770 771/771/771 1022/1022/1022
f 1022/1022/1022 771/771/771 701/701/701
f 770/770/770 848/848/848 849/849/849
f 849/849/849 847/847/847 770/770/770
f 842/842/842 841/841/841 770/770/770
f 770/770/770 847/847/847 842/842/842
f 840/840/840 769/769/769 770/770/770
f 770/770/770 841/841/841 840/840/840
f 768/768/768 771/771/771 770/770/770
f 478/478/478 477/477/477 367/367/367
f 367/367/367 364/364/364 478/478/478
f 367/367/367 477/477/477 1127/1127/1127
f 1023/1023/1023 1026/1026/1026 1127/1127/1127
f 1127/1127/1127 1026/1026/1026 367/367/367
f 1025/1025/1025 368/368/368 367/367/367
f 367/367/367 1026/1026/1026 1025/1025/1025
f 365/365/365 364/364/364 367/367/367
f 367/367/367 368/368/368 365/365/365
f 1025/1025/1025 1026/1026/1026 1023/1023/1023
f 1128/1128/1128 1129/1129/1129 1023/1023/1023
f 1023/1023/1023 1056/1056/1056 1128/1128/1128
f 1023/1023/1023 1024/1024/1024 1025/1025/1025
f 1025/1025/1025 1024/1024/1024 1028/1028/1028
f 1028/1028/1028 1027/1027/1027 1025/1025/1025
f 1025/1025/1025 1027/1027/1027 369/369/369
f 369/369/369 368/368/368 1025/1025/1025
f 365/365/365 368/368/368 369/369/369
f 369/369/369 370/370/370 365/365/365
f 365/365/365 370/370/370 371/371/371
f 371/371/371 366/366/366 365/365/365
f 1128/1128/1128 1056/1056/1056 728/728/728
f 728/728/728 731/731/731 1128/1128/1128
f 1128/1128/1128 731/731/731 732/732/732
f 732/732/732 1131/1131/1131 1128/1128/1128
f 1128/1128/1128 1131/1131/1131 1130/1130/1130
f 1130/1130/1130 1129/1129/1129 1128/1128/1128
f 730/730/730 731/731/731 728/728/728
f 728/728/728 729/729/729 730/730/730
f 732/732/732 731/731/731 730/730/730
f 730/730/730 49/49/49 732/732/732
f 730/730/730 729/729/729 51/51/51
f 51/51/51 50/50/50 730/730/730
f 50/50/50 49/49/49 730/730/730
f 50/50/50 46/46/46 49/49/49
f 48/48/48 49/49/49 46/46/46
f 46/46/46 50/50/50 51/51/51
f 854/854/854 853/853/853 857/857/857
f 855/855/855 1020/1020/1020 854/854/854
f 857/857/857 856/856/856 854/854/854
f 855/855/855 854/854/854 856/856/856
f 998/998/998 994/994/994 997/997/997
f 997/997/997 1000/1000/1000 838/838/838
f 838/838/838 843/843/843 997/997/997
f 1000/1000/1000 997/997/997 996/996/996
f 996/996/996 997/997/997 994/994/994
f 994/994/994 995/995/995 996/996/996
f 996/996/996 999/999/999 1000/1000/1000
f 1010/1010/1010 1000/1000/1000 999/999/999
f 838/838/838 1000/1000/1000 1010/1010/1010
f 999/999/999 1013/1013/1013 1010/1010/1010
f 1010/1010/1010 1013/1013/1013 1012/1012/1012
f 1012/1012/1012 1011/1011/1011 1010/1010/1010
f 1010/1010/1010 1011/1011/1011 834/834/834
f 834/834/834 837/837/837 1010/1010/1010
f 1010/1010/1010 837/837/837 838/838/838
f 840/840/840 841/841/841 838/838/838
f 838/838/838 839/839/839 840/840/840
f 836/836/836 839/839/839 838/838/838
f 838/838/838 837/837/837 836/836/836
f 836/836/836 837/837/837 834/834/834
f 836/836/836 835/835/835 762/762/762
f 762/762/762 758/758/758 836/836/836
f 836/836/836 758/758/758 757/757/757
f 757/757/757 839/839/839 836/836/836
f 834/834/834 835/835/835 836/836/836
f 840/840/840 839/839/839 757/757/757
f 757/757/757 769/769/769 840/840/840
f 829/829/829 767/767/767 757/757/757
f 757/757/757 760/760/760 829/829/829
f 768/768/768 769/769/769 757/757/757
f 757/757/757 767/767/767 768/768/768
f 759/759/759 760/760/760 757/757/757
f 757/757/757 758/758/758 759/759/759
f 759/759/759 758/758/758 762/762/762
f 762/762/762 761/761/761 759/759/759
f 759/759/759 761/761/761 90/90/90
f 90/90/90 89/89/89 759/759/759
f 759/759/759 89/89/89 88/88/88
f 88/88/88 760/760/760 759/759/759
f 829/829/829 760/760/760 88/88/88
f 88/88/88 169/169/169 829/829/829
f 168/168/168 169/169/169 88/88/88
f 88/88/88 85/85/85 168/168/168
f 86/86/86 85/85/85 88/88/88
f 88/88/88 89/89/89 86/86/86
f 86/86/86 89/89/89 90/90/90
f 86/86/86 91/91/91 92/92/92
f 92/92/92 87/87/87 86/86/86
f 90/90/90 91/91/91 86/86/86
f 86/86/86 87/87/87 84/84/84
f 409/409/409 411/411/411 412/412/412
f 412/412/412 410/410/410 409/409/409
f 406/406/406 408/408/408 409/409/409
f 409/409/409 410/410/410 406/406/406
f 412/412/412 38/38/38 43/43/43
f 43/43/43 410/410/410 412/412/412
f 406/406/406 410/410/410 43/43/43
f 478/478/478 407/407/407 43/43/43
f 43/43/43 42/42/42 478/478/478
f 43/43/43 407/407/407 406/406/406
f 37/37/37 42/42/42 43/43/43
f 43/43/43 38/38/38 37/37/37
f 406/406/406 402/402/402 401/401/401
f 401/401/401 408/408/408 406/406/406
f 406/406/406 407/407/407 363/363/363
f 363/363/363 402/402/402 406/406/406
f 363/363/363 407/407/407 478/478/478
f 480/480/480 405/405/405 363/363/363
f 363/363/363 479/479/479 480/480/480
f 478/478/478 364/364/364 363/363/363
f 403/403/403 402/402/402 363/363/363
f 363/363/363 405/405/405 403/403/403
f 365/365/365 366/366/366 363/363/363
f 363/363/363 364/364/364 365/365/365
f 84/84/84 85/85/85 86/86/86
f 168/168/168 85/85/85 84/84/84
f 84/84/84 101/101/101 168/168/168
f 168/168/168 4/4/4 7/7/7
f 7/7/7 169/169/169 168/168/168
f 829/829/829 169/169/169 7/7/7
f 7/7/7 702/702/702 829/829/829
f 703/703/703 702/702/702 7/7/7
f 7/7/7 6/6/6 703/703/703
f 3/3/3 6/6/6 7/7/7
f 7/7/7 4/4/4 3/3/3
f 829/829/829 702/702/702 701/701/701
f 701/701/701 767/767/767 829/829/829
f 701/701/701 702/702/702 703/703/703
f 703/703/703 6/6/6 5/5/5
f 5/5/5 704/704/704 703/703/703
f 703/703/703 704/704/704 701/701/701
f 324/324/324 325/325/325 326/326/326
f 193/193/193 196/196/196 197/197/197
f 197/197/197 194/194/194 193/193/193
f 195/195/195 193/193/193 360/360/360
f 195/195/195 196/196/196 193/193/193
f 335/335/335 334/334/334 338/338/338
f 336/336/336 335/335/335 339/339/339
f 334/334/334 335/335/335 336/336/336
f 336/336/336 337/337/337 334/334/334
f 339/339/339 340/340/340 336/336/336
f 340/340/340 339/339/339 350/350/350
f 350/350/350 353/353/353 340/340/340
f 350/350/350 351/351/351 352/352/352
f 352/352/352 353/353/353 350/350/350
f 350/350/350 175/175/175 174/174/174
f 174/174/174 351/351/351 350/350/350
f 456/456/456 351/351/351 174/174/174
f 352/352/352 351/351/351 456/456/456
f 456/456/456 457/457/457 352/352/352
f 174/174/174 385/385/385 456/456/456
f 456/456/456 455/455/455 453/453/453
f 453/453/453 457/457/457 456/456/456
f 456/456/456 385/385/385 384/384/384
f 384/384/384 455/455/455 456/456/456
f 386/386/386 385/385/385 174/174/174
f 174/174/174 177/177/177 386/386/386
f 176/176/176 177/177/177 174/174/174
f 174/174/174 175/175/175 176/176/176
f 384/384/384 385/385/385 386/386/386
f 386/386/386 177/177/177 92/92/92
f 92/92/92 387/387/387 386/386/386
f 386/386/386 387/387/387 384/384/384
f 454/454/454 455/455/455 384/384/384
f 384/384/384 389/389/389 454/454/454
f 388/388/388 389/389/389 384/384/384
f 384/384/384 387/387/387 388/388/388
f 453/453/453 455/455/455 454/454/454
f 391/391/391 454/454/454 389/389/389
f 449/449/449 454/454/454 391/391/391
f 762/762/762 772/772/772 773/773/773
f 1115/1115/1115 774/774/774 775/775/775
f 1115/1115/1115 1114/1114/1114 746/746/746
f 746/746/746 749/749/749 1115/1115/1115
f 1115/1115/1115 749/749/749 71/71/71
f 71/71/71 465/465/465 1115/1115/1115
f 775/775/775 1114/1114/1114 1115/1115/1115
f 463/463/463 465/465/465 71/71/71
f 748/748/748 72/72/72 71/71/71
f 71/71/71 749/749/749 748/748/748
f 71/71/71 68/68/68 463/463/463
f 69/69/69 68/68/68 71/71/71
f 71/71/71 72/72/72 69/69/69
f 748/748/748 749/749/749 746/746/746
f 748/748/748 747/747/747 745/745/745
f 745/745/745 750/750/750 748/748/748
f 748/748/748 750/750/750 73/73/73
f 73/73/73 72/72/72 748/748/748
f 746/746/746 747/747/747 748/748/748
f 69/69/69 72/72/72 73/73/73
f 1036/1036/1036 381/381/381 73/73/73
f 73/73/73 750/750/750 1036/1036/1036
f 380/380/380 74/74/74 73/73/73
f 73/73/73 381/381/381 380/380/380
f 73/73/73 74/74/74 69/69/69
f 362/362/362 170/170/170 1/1/1
f 1/1/1 103/103/103 362/362/362
f 171/171/171 2/2/2 1/1/1
f 1/1/1 170/170/170 171/171/171
f 168/168/168 101/101/101 1/1/1
f 1/1/1 4/4/4 168/168/168
f 100/100/100 103/103/103 1/1/1
f 1/1/1 101/101/101 100/100/100
f 3/3/3 4/4/4 1/1/1
f 1/1/1 2/2/2 3/3/3
f 362/362/362 189/189/189 172/172/172
f 172/172/172 170/170/170 362/362/362
f 362/362/362 103/103/103 102/102/102
f 102/102/102 189/189/189 362/362/362
f 171/171/171 170/170/170 172/172/172
f 172/172/172 192/192/192 173/173/173
f 188/188/188 192/192/192 172/172/172
f 172/172/172 189/189/189 188/188/188
f 172/172/172 173/173/173 171/171/171
f 188/188/188 189/189/189 102/102/102
f 188/188/188 190/190/190 191/191/191
f 191/191/191 192/192/192 188/188/188
f 188/188/188 187/187/187 186/186/186
f 186/186/186 190/190/190 188/188/188
f 453/453/453 454/454/454 449/449/449
f 449/449/449 452/452/452 453/453/453
f 391/391/391 450/450/450 449/449/449
f 449/449/449 448/448/448 451/451/451
f 451/451/451 452/452/452 449/449/449
f 448/448/448 449/449/449 450/450/450
f 461/461/461 458/458/458 391/391/391
f 391/391/391 390/390/390 461/461/461
f 459/459/459 450/450/450 391/391/391
f 391/391/391 458/458/458 459/459/459
f 388/388/388 390/390/390 391/391/391
f 391/391/391 389/389/389 388/388/388
f 460/460/460 450/450/450 459/459/459
f 448/448/448 450/450/450 460/460/460
f 460/460/460 459/459/459 458/458/458
f 275/275/275 273/273/273 272/272/272
f 272/272/272 274/274/274 275/275/275
f 272/272/272 264/264/264 269/269/269
f 269/269/269 274/274/274 272/272/272
f 269/269/269 264/264/264 263/263/263
f 263/263/263 268/268/268 269/269/269
f 263/263/263 266/266/266 267/267/267
f 267/267/267 268/268/268 263/263/263
f 263/263/263 262/262/262 265/265/265
f 265/265/265 266/266/266 263/263/263
f 1167/1167/1167 1175/1175/1175 1174/1174/1174
f 1167/1167/1167 1169/1169/1169 1231/1231/1231
f 1167/1167/1167 1174/1174/1174 1168/1168/1168
f 1167/1167/1167 1168/1168/1168 1169/1169/1169
f 1175/1175/1175 1176/1176/1176 1173/1173/1173
f 1173/1173/1173 1174/1174/1174 1175/1175/1175
f 1174/1174/1174 1226/1226/1226 1172/1172/1172
f 1172/1172/1172 1168/1168/1168 1174/1174/1174
f 1173/1173/1173 1226/1226/1226 1174/1174/1174
f 1169/1169/1169 1168/1168/1168 1172/1172/1172
f 1231/1231/1231 1169/1169/1169 1170/1170/1170
f 1172/1172/1172 1171/1171/1171 1169/1169/1169
f 1170/1170/1170 1169/1169/1169 1171/1171/1171
f 1170/1170/1170 1230/1230/1230 1231/1231/1231
f 1170/1170/1170 1171/1171/1171 1203/1203/1203
f 1202/1202/1202 1204/1204/1204 1170/1170/1170
f 1170/1170/1170 1203/1203/1203 1202/1202/1202
f 1200/1200/1200 1171/1171/1171 1215/1215/1215
f 1172/1172/1172 1215/1215/1215 1171/1171/1171
f 1200/1200/1200 1203/1203/1203 1171/1171/1171
f 1202/1202/1202 1203/1203/1203 1200/1200/1200
f 1201/1201/1201 1205/1205/1205 1202/1202/1202
f 1205/1205/1205 1204/1204/1204 1202/1202/1202
f 1200/1200/1200 1201/1201/1201 1202/1202/1202
f 34/34/34 817/817/817 1245/1245/1245
f 1242/1242/1242 1241/1241/1241 818/818/818
f 818/818/818 1243/1243/1243 1242/1242/1242
f 816/816/816 819/819/819 818/818/818
f 818/818/818 817/817/817 816/816/816
f 1242/1242/1242 1243/1243/1243 824/824/824
f 824/824/824 825/825/825 1242/1242/1242
f 1242/1242/1242 825/825/825 812/812/812
f 812/812/812 810/810/810 1242/1242/1242
f 822/822/822 825/825/825 824/824/824
f 824/824/824 823/823/823 822/822/822
f 812/812/812 825/825/825 822/822/822
f 822/822/822 821/821/821 827/827/827
f 827/827/827 826/826/826 822/822/822
f 822/822/822 826/826/826 812/812/812
f 822/822/822 823/823/823 820/820/820
f 820/820/820 821/821/821 822/822/822
f 102/102/102 187/187/187 188/188/188
f 20/20/20 173/173/173 192/192/192
f 20/20/20 192/192/192 191/191/191
f 171/171/171 173/173/173 20/20/20
f 171/171/171 17/17/17 5/5/5
f 5/5/5 2/2/2 171/171/171
f 20/20/20 17/17/17 171/171/171
f 20/20/20 191/191/191 361/361/361
f 18/18/18 17/17/17 20/20/20
f 20/20/20 21/21/21 18/18/18
f 5/5/5 17/17/17 18/18/18
f 18/18/18 21/21/21 22/22/22
f 22/22/22 19/19/19 18/18/18
f 18/18/18 19/19/19 5/5/5
f 711/711/711 19/19/19 22/22/22
f 22/22/22 714/714/714 711/711/711
f 5/5/5 19/19/19 711/711/711
f 711/711/711 714/714/714 713/713/713
f 713/713/713 712/712/712 711/711/711
f 711/711/711 712/712/712 5/5/5
f 713/713/713 852/852/852 833/833/833
f 713/713/713 1021/1021/1021 851/851/851
f 713/713/713 851/851/851 852/852/852
f 830/830/830 712/712/712 713/713/713
f 713/713/713 833/833/833 830/830/830
f 5/5/5 712/712/712 830/830/830
f 830/830/830 704/704/704 5/5/5
f 830/830/830 833/833/833 832/832/832
f 832/832/832 831/831/831 830/830/830
f 830/830/830 831/831/831 701/701/701
f 701/701/701 704/704/704 830/830/830
f 1046/1046/1046 1063/1063/1063 1062/1062/1062
f 1048/1048/1048 1049/1049/1049 1046/1046/1046
f 1046/1046/1046 1047/1047/1047 1048/1048/1048
f 1048/1048/1048 1047/1047/1047 400/400/400
f 400/400/400 399/399/399 1048/1048/1048
f 1048/1048/1048 399/399/399 398/398/398
f 398/398/398 1051/1051/1051 1048/1048/1048
f 1048/1048/1048 1051/1051/1051 1050/1050/1050
f 1050/1050/1050 1049/1049/1049 1048/1048/1048
f 656/656/656 395/395/395 400/400/400
f 400/400/400 657/657/657 656/656/656
f 394/394/394 399/399/399 400/400/400
f 400/400/400 395/395/395 394/394/394
f 398/398/398 399/399/399 394/394/394
f 394/394/394 397/397/397 398/398/398
f 394/394/394 393/393/393 396/396/396
f 396/396/396 397/397/397 394/394/394
f 394/394/394 395/395/395 392/392/392
f 392/392/392 393/393/393 394/394/394
f 392/392/392 395/395/395 656/656/656
f 656/656/656 414/414/414 392/392/392
f 412/412/412 411/411/411 392/392/392
f 392/392/392 413/413/413 412/412/412
f 656/656/656 657/657/657 505/505/505
f 505/505/505 508/508/508 656/656/656
f 656/656/656 508/508/508 115/115/115
f 115/115/115 414/414/414 656/656/656
f 1147/1147/1147 506/506/506 505/505/505
f 505/505/505 1146/1146/1146 1147/1147/1147
f 507/507/507 508/508/508 505/505/505
f 505/505/505 506/506/506 507/507/507
f 115/115/115 508/508/508 507/507/507
f 1050/1050/1050 1051/1051/1051 1292/1292/1292
f 1052/1052/1052 1153/1153/1153 1152/1152/1152
f 1152/1152/1152 1053/1053/1053 1052/1052/1052
f 1058/1058/1058 1059/1059/1059 1052/1052/1052
f 1052/1052/1052 1055/1055/1055 1058/1058/1058
f 1054/1054/1054 1055/1055/1055 1052/1052/1052
f 1052/1052/1052 1053/1053/1053 1054/1054/1054
f 1152/1152/1152 729/729/729 728/728/728
f 728/728/728 1053/1053/1053 1152/1152/1152
f 1152/1152/1152 515/515/515 51/51/51
f 51/51/51 729/729/729 1152/1152/1152
f 1054/1054/1054 1053/1053/1053 728/728/728
f 728/728/728 1056/1056/1056 1054/1054/1054
f 1054/1054/1054 1056/1056/1056 1023/1023/1023
f 1023/1023/1023 1055/1055/1055 1054/1054/1054
f 1058/1058/1058 1055/1055/1055 1023/1023/1023
f 876/876/876 877/877/877 907/907/907
f 907/907/907 877/877/877 878/878/878
f 878/878/878 906/906/906 907/907/907
f 874/874/874 879/879/879 878/878/878
f 878/878/878 877/877/877 874/874/874
f 874/874/874 877/877/877 876/876/876
f 874/874/874 873/873/873 880/880/880
f 880/880/880 879/879/879 874/874/874
f 876/876/876 875/875/875 874/874/874
f 976/976/976 875/875/875 876/876/876
f 876/876/876 969/969/969 976/976/976
f 976/976/976 969/969/969 872/872/872
f 872/872/872 867/867/867 976/976/976
f 868/868/868 867/867/867 872/872/872
f 872/872/872 871/871/871 868/868/868
f 868/868/868 871/871/871 870/870/870
f 870/870/870 869/869/869 868/868/868
f 1096/1096/1096 1095/1095/1095 1067/1067/1067
f 1067/1067/1067 1070/1070/1070 1096/1096/1096
f 1069/1069/1069 1070/1070/1070 1067/1067/1067
f 1067/1067/1067 1068/1068/1068 1069/1069/1069
f 1096/1096/1096 1094/1094/1094 1093/1093/1093
f 1093/1093/1093 1095/1095/1095 1096/1096/1096
f 1093/1093/1093 1094/1094/1094 1088/1088/1088
f 1088/1088/1088 1087/1087/1087 1093/1093/1093
f 1088/1088/1088 1086/1086/1086 1085/1085/1085
f 1085/1085/1085 1087/1087/1087 1088/1088/1088
f 1085/1085/1085 1086/1086/1086 1080/1080/1080
f 1080/1080/1080 1079/1079/1079 1085/1085/1085
f 1080/1080/1080 1078/1078/1078 1077/1077/1077
f 1077/1077/1077 1079/1079/1079 1080/1080/1080
f 1077/1077/1077 1078/1078/1078 1069/1069/1069
f 1069/1069/1069 1068/1068/1068 1077/1077/1077
f 444/444/444 417/417/417 416/416/416
f 416/416/416 445/445/445 444/444/444
f 418/418/418 419/419/419 416/416/416
f 416/416/416 417/417/417 418/418/418
f 444/444/444 445/445/445 442/442/442
f 442/442/442 443/443/443 444/444/444
f 436/436/436 443/443/443 442/442/442
f 442/442/442 437/437/437 436/436/436
f 436/436/436 437/437/437 434/434/434
f 434/434/434 435/435/435 436/436/436
f 428/428/428 435/435/435 434/434/434
f 434/434/434 429/429/429 428/428/428
f 428/428/428 429/429/429 426/426/426
f 426/426/426 427/427/427 428/428/428
f 418/418/418 427/427/427 426/426/426
f 426/426/426 419/419/419 418/418/418
f 1200/1200/1200 1215/1215/1215 1214/1214/1214
f 1214/1214/1214 1215/1215/1215 1172/1172/1172
f 1213/1213/1213 1216/1216/1216 1214/1214/1214
f 1172/1172/1172 1213/1213/1213 1214/1214/1214
f 1216/1216/1216 1213/1213/1213 1235/1235/1235
f 1235/1235/1235 1213/1213/1213 1172/1172/1172
f 1172/1172/1172 1227/1227/1227 1235/1235/1235
f 1172/1172/1172 1226/1226/1226 1227/1227/1227
f 1190/1190/1190 1235/1235/1235 1227/1227/1227
f 1190/1190/1190 1227/1227/1227 1226/1226/1226
f 1190/1190/1190 1226/1226/1226 1189/1189/1189
f 1173/1173/1173 1189/1189/1189 1226/1226/1226
f 1188/1188/1188 1191/1191/1191 1190/1190/1190
f 1190/1190/1190 1189/1189/1189 1188/1188/1188
f 1188/1188/1188 1189/1189/1189 1173/1173/1173
f 1173/1173/1173 1187/1187/1187 1188/1188/1188
f 1187/1187/1187 1192/1192/1192 1188/1188/1188
f 1192/1192/1192 1191/1191/1191 1188/1188/1188
f 516/516/516 47/47/47 51/51/51
f 51/51/51 515/515/515 516/516/516
f 51/51/51 47/47/47 46/46/46
f 46/46/46 45/45/45 48/48/48
f 480/480/480 482/482/482 48/48/48
f 48/48/48 45/45/45 480/480/480
f 480/480/480 479/479/479 481/481/481
f 481/481/481 482/482/482 480/480/480
f 1120/1120/1120 1121/1121/1121 1118/1118/1118
f 1118/1118/1118 1119/1119/1119 1120/1120/1120
f 1120/1120/1120 1119/1119/1119 1126/1126/1126
f 1126/1126/1126 1125/1125/1125 1120/1120/1120
f 1120/1120/1120 1125/1125/1125 1124/1124/1124
f 1124/1124/1124 1123/1123/1123 1120/1120/1120
f 1120/1120/1120 1123/1123/1123 1122/1122/1122
f 1122/1122/1122 1121/1121/1121 1120/1120/1120
f 470/470/470 471/471/471 468/468/468
f 468/468/468 469/469/469 470/470/470
f 470/470/470 475/475/475 476/476/476
f 476/476/476 471/471/471 470/470/470
f 470/470/470 473/473/473 474/474/474
f 474/474/474 475/475/475 470/470/470
f 470/470/470 469/469/469 472/472/472
f 472/472/472 473/473/473 470/470/470
f 145/145/145 146/146/146 143/143/143
f 143/143/143 146/146/146 147/147/147
f 147/147/147 144/144/144 143/143/143
f 143/143/143 127/127/127 126/126/126
f 126/126/126 609/609/609 143/143/143
f 142/142/142 127/127/127 143/143/143
f 142/142/142 143/143/143 144/144/144
f 655/655/655 609/609/609 126/126/126
f 126/126/126 647/647/647 655/655/655
f 648/648/648 647/647/647 126/126/126
f 126/126/126 128/128/128 648/648/648
f 126/126/126 127/127/127 128/128/128
f 655/655/655 647/647/647 622/622/622
f 622/622/622 641/641/641 655/655/655
f 622/622/622 647/647/647 648/648/648
f 648/648/648 623/623/623 622/622/622
f 1097/1097/1097 1072/1072/1072 1071/1071/1071
f 1071/1071/1071 1098/1098/1098 1097/1097/1097
f 1073/1073/1073 1074/1074/1074 1071/1071/1071
f 1071/1071/1071 1072/1072/1072 1073/1073/1073
f 1097/1097/1097 1098/1098/1098 1091/1091/1091
f 1091/1091/1091 1092/1092/1092 1097/1097/1097
f 1089/1089/1089 1092/1092/1092 1091/1091/1091
f 1091/1091/1091 1090/1090/1090 1089/1089/1089
f 1089/1089/1089 1090/1090/1090 1083/1083/1083
f 1083/1083/1083 1084/1084/1084 1089/1089/1089
f 1081/1081/1081 1084/1084/1084 1083/1083/1083
f 1083/1083/1083 1082/1082/1082 1081/1081/1081
f 1081/1081/1081 1082/1082/1082 1075/1075/1075
f 1075/1075/1075 1076/1076/1076 1081/1081/1081
f 1073/1073/1073 1076/1076/1076 1075/1075/1075
f 1075/1075/1075 1074/1074/1074 1073/1073/1073
f 447/447/447 446/446/446 420/420/420
f 420/420/420 423/423/423 447/447/447
f 422/422/422 423/423/423 420/420/420
f 420/420/420 421/421/421 422/422/422
f 447/447/447 441/441/441 440/440/440
f 440/440/440 446/446/446 447/447/447
f 440/440/440 441/441/441 439/439/439
f 439/439/439 438/438/438 440/440/440
f 439/439/439 433/433/433 432/432/432
f 432/432/432 438/438/438 439/439/439
f 432/432/432 433/433/433 431/431/431
f 431/431/431 430/430/430 432/432/432
f 431/431/431 425/425/425 424/424/424
f 424/424/424 430/430/430 431/431/431
f 424/424/424 425/425/425 422/422/422
f 422/422/422 421/421/421 424/424/424
f 216/216/216 238/238/238 239/239/239
f 216/216/216 308/308/308 309/309/309
f 316/316/316 308/308/308 216/216/216
f 216/216/216 213/213/213 316/316/316
f 246/246/246 217/217/217 216/216/216
f 216/216/216 240/240/240 246/246/246
f 239/239/239 240/240/240 216/216/216
f 214/214/214 213/213/213 216/216/216
f 216/216/216 217/217/217 214/214/214
f 239/239/239 244/244/244 245/245/245
f 245/245/245 240/240/240 239/239/239
f 239/239/239 242/242/242 243/243/243
f 243/243/243 244/244/244 239/239/239
f 246/246/246 240/240/240 245/245/245
f 245/245/245 248/248/248 246/246/246
f 246/246/246 248/248/248 249/249/249
f 901/901/901 900/900/900 899/899/899
f 968/968/968 970/970/970 872/872/872
f 872/872/872 969/969/969 968/968/968
f 968/968/968 969/969/969 876/876/876
f 876/876/876 900/900/900 968/968/968
f 899/899/899 900/900/900 876/876/876
f 899/899/899 898/898/898 905/905/905
f 905/905/905 904/904/904 899/899/899
f 899/899/899 904/904/904 903/903/903
f 903/903/903 902/902/902 899/899/899
f 876/876/876 898/898/898 899/899/899
f 905/905/905 898/898/898 907/907/907
f 907/907/907 898/898/898 876/876/876
f 907/907/907 908/908/908 905/905/905
f 907/907/907 906/906/906 909/909/909
f 909/909/909 908/908/908 907/907/907
f 272/272/272 271/271/271 210/210/210
f 210/210/210 264/264/264 272/272/272
f 263/263/263 264/264/264 210/210/210
f 210/210/210 262/262/262 263/263/263
f 270/270/270 271/271/271 272/272/272
f 289/289/289 288/288/288 270/270/270
f 270/270/270 291/291/291 289/289/289
f 272/272/272 273/273/273 270/270/270
f 212/212/212 288/288/288 289/289/289
f 528/528/528 310/310/310 212/212/212
f 212/212/212 290/290/290 528/528/528
f 316/316/316 209/209/209 212/212/212
f 212/212/212 308/308/308 316/316/316
f 309/309/309 308/308/308 212/212/212
f 212/212/212 310/310/310 309/309/309
f 289/289/289 290/290/290 212/212/212
f 289/289/289 293/293/293 294/294/294
f 294/294/294 290/290/290 289/289/289
f 289/289/289 291/291/291 292/292/292
f 292/292/292 293/293/293 289/289/289
f 528/528/528 290/290/290 294/294/294
f 294/294/294 530/530/530 528/528/528
f 528/528/528 530/530/530 531/531/531
f 531/531/531 529/529/529 528/528/528
f 528/528/528 529/529/529 241/241/241
f 241/241/241 310/310/310 528/528/528
f 309/309/309 310/310/310 241/241/241
f 241/241/241 238/238/238 309/309/309
f 239/239/239 238/238/238 241/241/241
f 241/241/241 242/242/242 239/239/239
f 309/309/309 238/238/238 216/216/216
f 401/401/401 402/402/402 403/403/403
f 403/403/403 405/405/405 44/44/44
f 44/44/44 404/404/404 403/403/403
f 403/403/403 404/404/404 401/401/401
f 44/44/44 405/405/405 480/480/480
f 516/516/516 404/404/404 44/44/44
f 44/44/44 47/47/47 516/516/516
f 480/480/480 45/45/45 44/44/44
f 46/46/46 47/47/47 44/44/44
f 44/44/44 45/45/45 46/46/46
f 401/401/401 404/404/404 516/516/516
f 659/659/659 658/658/658 401/401/401
f 401/401/401 518/518/518 659/659/659
f 516/516/516 518/518/518 401/401/401
f 659/659/659 660/660/660 398/398/398
f 398/398/398 397/397/397 659/659/659
f 659/659/659 518/518/518 517/517/517
f 517/517/517 660/660/660 659/659/659
f 659/659/659 397/397/397 396/396/396
f 396/396/396 658/658/658 659/659/659
f 517/517/517 518/518/518 516/516/516
f 1292/1292/1292 660/660/660 517/517/517
f 517/517/517 1153/1153/1153 1292/1292/1292
f 1152/1152/1152 1153/1153/1153 517/517/517
f 517/517/517 515/515/515 1152/1152/1152
f 516/516/516 515/515/515 517/517/517
f 398/398/398 660/660/660 1292/1292/1292
f 1292/1292/1292 1051/1051/1051 398/398/398
f 1292/1292/1292 1153/1153/1153 1052/1052/1052
f 1052/1052/1052 1293/1293/1293 1292/1292/1292
f 1292/1292/1292 1293/1293/1293 1050/1050/1050
f 932/932/932 934/934/934 929/929/929
f 932/932/932 931/931/931 935/935/935
f 935/935/935 934/934/934 932/932/932
f 870/870/870 933/933/933 932/932/932
f 932/932/932 933/933/933 930/930/930
f 930/930/930 931/931/931 932/932/932
f 971/971/971 950/950/950 930/930/930
f 930/930/930 933/933/933 971/971/971
f 949/949/949 951/951/951 930/930/930
f 930/930/930 950/950/950 949/949/949
f 971/971/971 933/933/933 870/870/870
f 870/870/870 871/871/871 971/971/971
f 971/971/971 871/871/871 872/872/872
f 872/872/872 950/950/950 971/971/971
f 949/949/949 950/950/950 872/872/872
f 949/949/949 948/948/948 954/954/954
f 954/954/954 953/953/953 949/949/949
f 949/949/949 953/953/953 952/952/952
f 952/952/952 951/951/951 949/949/949
f 872/872/872 948/948/948 949/949/949
f 954/954/954 948/948/948 1164/1164/1164
f 1164/1164/1164 948/948/948 872/872/872
f 1164/1164/1164 1165/1165/1165 954/954/954
f 1164/1164/1164 1163/1163/1163 1166/1166/1166
f 1166/1166/1166 1165/1165/1165 1164/1164/1164
f 872/872/872 970/970/970 1164/1164/1164
f 1164/1164/1164 970/970/970 901/901/901
f 901/901/901 1163/1163/1163 1164/1164/1164
f 968/968/968 900/900/900 901/901/901
f 901/901/901 970/970/970 968/968/968
f 899/899/899 902/902/902 901/901/901
f 579/579/579 580/580/580 537/537/537
f 537/537/537 536/536/536 578/578/578
f 537/537/537 578/578/578 579/579/579
f 533/533/533 536/536/536 537/537/537
f 537/537/537 534/534/534 533/533/533
f 565/565/565 579/579/579 578/578/578
f 565/565/565 578/578/578 536/536/536
f 535/535/535 566/566/566 536/536/536
f 565/565/565 536/536/536 566/566/566
f 535/535/535 536/536/536 533/533/533
f 535/535/535 533/533/533 595/595/595
f 595/595/595 596/596/596 535/535/535
f 567/567/567 566/566/566 535/535/535
f 535/535/535 569/569/569 567/567/567
f 565/565/565 566/566/566 567/567/567
f 567/567/567 568/568/568 565/565/565
f 568/568/568 567/567/567 570/570/570
f 570/570/570 567/567/567 569/569/569
f 490/490/490 491/491/491 488/488/488
f 488/488/488 489/489/489 490/490/490
f 490/490/490 495/495/495 496/496/496
f 496/496/496 491/491/491 490/490/490
f 490/490/490 493/493/493 494/494/494
f 494/494/494 495/495/495 490/490/490
f 490/490/490 489/489/489 492/492/492
f 492/492/492 493/493/493 490/490/490
f 496/496/496 495/495/495 498/498/498
f 498/498/498 495/495/495 494/494/494
f 498/498/498 502/502/502 496/496/496
f 498/498/498 500/500/500 501/501/501
f 501/501/501 502/502/502 498/498/498
f 498/498/498 497/497/497 499/499/499
f 499/499/499 500/500/500 498/498/498
f 494/494/494 497/497/497 498/498/498
f 1141/1141/1141 497/497/497 494/494/494
f 494/494/494 1139/1139/1139 1141/1141/1141
f 1137/1137/1137 1139/1139/1139 494/494/494
f 494/494/494 493/493/493 1137/1137/1137
f 1137/1137/1137 493/493/493 492/492/492
f 492/492/492 1138/1138/1138 1137/1137/1137
f 1137/1137/1137 1136/1136/1136 1140/1140/1140
f 1140/1140/1140 1139/1139/1139 1137/1137/1137
f 661/661/661 1294/1294/1294 662/662/662
f 661/661/661 662/662/662 663/663/663
f 662/662/662 1294/1294/1294 1296/1296/1296
f 1296/1296/1296 1295/1295/1295 662/662/662
f 664/664/664 662/662/662 1295/1295/1295
f 662/662/662 665/665/665 666/666/666
f 666/666/666 663/663/663 662/662/662
f 664/664/664 665/665/665 662/662/662
f 1306/1306/1306 1308/1308/1308 1310/1310/1310
f 1306/1306/1306 1307/1307/1307 1308/1308/1308
f 1311/1311/1311 1308/1308/1308 1314/1314/1314
f 1313/1313/1313 1308/1308/1308 1307/1307/1307
f 1309/1309/1309 1308/1308/1308 1312/1312/1312
f 1313/1313/1313 1314/1314/1314 1308/1308/1308
f 1311/1311/1311 1312/1312/1312 1308/1308/1308
f 1309/1309/1309 1310/1310/1310 1308/1308/1308
f 676/676/676 680/680/680 677/677/677
f 676/676/676 677/677/677 678/678/678
f 679/679/679 677/677/677 680/680/680
f 681/681/681 684/684/684 677/677/677
f 683/683/683 678/678/678 677/677/677
f 679/679/679 682/682/682 677/677/677
f 683/683/683 677/677/677 684/684/684
f 681/681/681 677/677/677 682/682/682
f 667/667/667 671/671/671 668/668/668
f 667/667/667 668/668/668 669/669/669
f 670/670/670 668/668/668 671/671/671
f 674/674/674 669/669/669 668/668/668
f 672/672/672 675/675/675 668/668/668
f 670/670/670 673/673/673 668/668/668
f 674/674/674 668/668/668 675/675/675
f 672/672/672 668/668/668 673/673/673
f 1297/1297/1297 1299/1299/1299 1301/1301/1301
f 1297/1297/1297 1298/1298/1298 1299/1299/1299
f 1304/1304/1304 1299/1299/1299 1298/1298/1298
f 1302/1302/1302 1299/1299/1299 1305/1305/1305
f 1300/1300/1300 1299/1299/1299 1303/1303/1303
f 1304/1304/1304 1305/1305/1305 1299/1299/1299
f 1302/1302/1302 1303/1303/1303 1299/1299/1299
f 1300/1300/1300 1301/1301/1301 1299/1299/1299
f 696/696/696 697/697/697 694/694/694
f 694/694/694 695/695/695 696/696/696
f 700/700/700 1327/1327/1327 696/696/696
f 696/696/696 1327/1327/1327 1326/1326/1326
f 1326/1326/1326 1325/1325/1325 696/696/696
f 696/696/696 1325/1325/1325 1324/1324/1324
f 1324/1324/1324 697/697/697 696/696/696
f 700/700/700 696/696/696 699/699/699
f 696/696/696 695/695/695 698/698/698
f 698/698/698 699/699/699 696/696/696
f 1315/1315/1315 1317/1317/1317 1319/1319/1319
f 1315/1315/1315 1316/1316/1316 1317/1317/1317
f 1322/1322/1322 1317/1317/1317 1316/1316/1316
f 1320/1320/1320 1317/1317/1317 1323/1323/1323
f 1318/1318/1318 1317/1317/1317 1321/1321/1321
f 1322/1322/1322 1323/1323/1323 1317/1317/1317
f 1320/1320/1320 1321/1321/1321 1317/1317/1317
f 1318/1318/1318 1319/1319/1319 1317/1317/1317
f 685/685/685 689/689/689 686/686/686
f 685/685/685 686/686/686 687/687/687
f 688/688/688 686/686/686 689/689/689
f 692/692/692 687/687/687 686/686/686
f 690/690/690 693/693/693 686/686/686
f 688/688/688 691/691/691 686/686/686
f 692/692/692 686/686/686 693/693/693
f 690/690/690 686/686/686 691/691/691
