# leedsic_battle reconstructed from live game memory
v 12.47970 175.73846 -214.00412
v 6.77310 178.69827 -214.04251
v 5.77880 172.18057 -221.94389
v 10.76690 169.74757 -221.86839
v 6.77310 178.69827 -214.04251
v -0.00000 179.94449 -214.09669
v 0.00000 173.24023 -221.99055
v 5.77880 172.18057 -221.94389
v 0.00000 166.88382 -228.29964
v 4.87330 166.04027 -228.20180
v 9.16130 164.08417 -228.10620
v 10.76690 169.74757 -221.86839
v 5.29640 139.71558 -243.63008
v 10.36090 138.42511 -237.49069
v -0.00000 133.20213 -201.80083
v -0.00000 133.20213 -201.80083
v 10.36090 138.42511 -237.49069
v 21.49350 136.39816 -218.66216
v 29.47450 164.42667 -194.13950
v 28.85950 163.41946 -195.99800
v 28.97620 161.11777 -195.54440
v 29.41980 161.16037 -194.29131
v 28.15370 162.48567 -197.53909
v 28.57740 159.87207 -196.34540
v 28.96620 158.28607 -194.24139
v 27.64320 160.72287 -199.53020
v 28.47560 158.85307 -197.51990
v 27.51980 157.72867 -201.42700
v 28.60110 157.58878 -197.24001
v 33.21750 153.93977 -191.37140
v 30.85470 156.15527 -192.88260
v 30.44660 155.37427 -194.12140
v 31.56340 153.60156 -194.56770
v 29.46050 155.87387 -195.46550
v 30.14460 153.88937 -197.20490
v 33.39350 158.34167 -187.96359
v 31.30300 158.09657 -191.51060
v 31.66840 156.78517 -191.58760
v 33.87090 155.72878 -188.58450
v 32.74730 161.32597 -188.08290
v 31.47390 159.53796 -191.31120
v 31.63960 163.68266 -189.39510
v 30.61450 160.44417 -192.35150
v 5.80410 132.90259 -244.05669
v 8.48300 130.97699 -240.17528
v 10.84600 132.65608 -240.20798
v 6.07790 134.37628 -245.28398
v 16.26970 125.26985 -220.57906
v 20.79170 128.13203 -220.65785
v 11.96480 134.78714 -240.29358
v 23.03840 131.34349 -220.67215
v 6.51990 136.17628 -245.41809
v 31.65230 115.46040 -173.15088
v 39.42720 121.86440 -173.13010
v 36.55710 121.68459 -182.99278
v 29.32930 115.53919 -182.81680
v 42.64130 128.67020 -173.08600
v 39.52080 128.20428 -183.09241
v 33.39613 128.91153 -201.46866
v 30.70478 123.63936 -201.27249
v 24.47267 118.70810 -200.95363
v 8.85740 123.33433 -220.58224
v 4.61720 130.15378 -240.69159
v 0.00000 122.59823 -220.60437
v -0.00000 129.95616 -241.08687
v 0.00000 114.40359 -200.73032
v 13.43720 115.54386 -200.78044
v 30.55390 164.75487 -191.63040
v 30.26380 161.51868 -193.10271
v 16.15200 111.63009 -182.75659
v 0.00000 110.23458 -182.75548
v 5.93210 156.22887 -236.81531
v 7.50280 159.34917 -233.50850
v 4.06860 161.06247 -233.77260
v 3.51180 156.63727 -238.14549
v 0.00000 161.65265 -234.06909
v 0.00000 157.01468 -238.69922
v 3.34980 152.15466 -240.80969
v 6.60420 152.97546 -238.30170
v 0.00000 152.43787 -241.59079
v 0.00000 148.27719 -243.18460
v 3.29730 148.03008 -242.23070
v 7.52700 148.40707 -239.04539
v 40.66970 139.74097 -173.83389
v 43.17470 134.95863 -172.97969
v 45.32890 135.68604 -163.52376
v 44.59800 139.24359 -163.59753
v 44.72840 129.37329 -163.53793
v 46.48476 130.33748 -151.12308
v 46.87521 135.76515 -151.08954
v 46.51108 141.27644 -151.04549
v 28.99120 156.29086 -196.99570
v 28.85630 154.83617 -199.97980
v 14.54110 158.37708 -228.30670
v 11.36580 153.69597 -233.99741
v 13.39720 151.69667 -232.83780
v 16.26390 154.26176 -228.18179
v 12.38490 147.94968 -234.42130
v 17.65880 149.05676 -227.96899
v 19.75560 174.75681 54.28494
v 15.78391 165.06360 81.85056
v 8.63587 169.85541 81.19286
v 11.28380 181.11252 53.26409
v 12.23236 157.87202 106.84403
v 6.67463 161.27676 106.72291
v 0.00000 162.75719 106.62115
v -0.00000 172.10840 80.77316
v 0.00000 188.02980 50.34190
v 0.00000 117.39358 103.19003
v 9.36221 119.37840 103.52795
v 11.92788 119.95816 79.96935
v -0.00000 117.42325 79.70876
v 16.70051 123.92211 104.26916
v 21.23877 125.56297 80.52733
v 28.23750 129.03780 54.72223
v 15.41140 121.74131 54.77909
v -0.00000 117.15340 54.77535
v 28.65420 203.01569 -137.35310
v 15.67410 210.37088 -137.35802
v 13.90494 209.89566 -150.86836
v 25.88857 202.94385 -150.85747
v 0.00000 213.38708 -137.42961
v -0.00000 212.68410 -150.83212
v 26.38110 189.31482 -2.59909
v 25.31500 185.92671 12.04679
v 15.66950 193.92361 12.31509
v 14.85570 197.62761 -2.57412
v 24.08160 182.65952 26.07029
v 15.94780 190.22412 26.15989
v 8.56060 197.14061 27.20629
v 6.96650 201.10971 14.42549
v -0.00000 204.15102 -0.74010
v 28.45680 122.21120 -2.82335
v 37.51749 128.85652 -3.18754
v 39.03980 129.56310 -33.18000
v 29.87700 122.80300 -33.52460
v 43.63409 136.14102 -2.52624
v 44.26080 137.79340 -32.75420
v 45.60690 139.10255 -62.26677
v 41.05850 130.54805 -62.62477
v 32.24670 123.43015 -62.94488
v 39.94240 181.78329 -116.25919
v 35.67960 191.45018 -115.70280
v 35.16060 191.67499 -128.12370
v 39.24890 181.73839 -129.46140
v 28.48170 200.04068 -115.26860
v 28.04150 200.58908 -127.30100
v 29.54360 162.37987 -194.25819
v 28.81090 161.77037 -195.71440
v 29.65650 160.81258 -195.37109
v 30.30090 160.89777 -194.43719
v 28.28080 160.62607 -196.88831
v 29.57020 159.89188 -195.94501
v 30.97280 158.89658 -194.55811
v 28.02500 159.15277 -197.46230
v 29.13260 159.06747 -196.53630
v 28.07780 157.68466 -197.39340
v 29.45460 158.20387 -196.23610
v 29.13460 155.85966 -195.44440
v 29.98290 155.68887 -194.05620
v 30.43790 156.75827 -194.26559
v 30.06460 157.14706 -195.11960
v 30.77070 156.04617 -192.66690
v 30.99830 157.25607 -193.51550
v 31.25010 156.93398 -191.46919
v 31.28270 157.58827 -192.54089
v 31.46430 158.25636 -190.77609
v 31.40650 158.53737 -192.43860
v 31.45630 159.91707 -190.90050
v 31.42010 159.57707 -192.16180
v 31.13450 161.41496 -191.65140
v 31.20650 160.33807 -192.93320
v 30.40760 162.24867 -192.83720
v 30.72100 161.13136 -193.45290
v 29.43170 157.33627 -195.98730
v 28.47360 156.55597 -196.63879
v 16.72330 187.09506 -192.58342
v 19.28550 192.85117 -182.14851
v 10.53650 197.58217 -181.87051
v 9.07220 190.95427 -192.22281
v 21.77420 197.65498 -172.39032
v 11.91630 203.32619 -172.28322
v 0.00000 205.59355 -172.27570
v 0.00001 199.51233 -181.86839
v 0.00000 192.57187 -192.22771
v 33.76130 126.41661 25.76794
v 29.76630 127.14821 39.45495
v 35.15745 134.92683 39.45642
v 28.23750 129.03780 54.72223
v 39.99240 138.06711 22.73561
v 37.41130 132.75484 28.84080
v 21.49350 136.39816 -218.66216
v 23.62470 135.18265 -220.47565
v 33.80920 133.99646 -201.27417
v 30.50779 135.87033 -201.08012
v 23.62470 135.18265 -220.47565
v 21.49350 136.39816 -218.66216
v 10.36090 138.42511 -237.49069
v 12.09790 137.82265 -239.93628
v 12.09790 137.82265 -239.93628
v 40.51730 181.88559 -137.85002
v 36.24610 193.01468 -137.62480
v 34.02958 193.24228 -150.67987
v 39.41185 182.29166 -150.53902
v 41.96130 135.23502 17.46759
v 43.82940 133.16591 15.43259
v 42.00690 128.05281 21.71819
v 39.42360 130.61621 23.42744
v 91.40880 126.53040 15.74730
v 98.43740 126.13600 20.85379
v 95.68700 127.30570 23.19919
v 90.01010 127.67540 20.58419
v 102.50663 125.96692 27.36161
v 102.18190 125.38960 29.86550
v 96.73940 125.40050 30.73510
v 96.32290 127.17990 26.05740
v 89.69950 127.62330 24.39920
v 88.91120 125.35260 31.44130
v 37.23029 126.55101 23.72623
v 38.39611 122.37041 11.87845
v 41.38810 125.59021 21.55639
v 88.83090 124.23010 31.87510
v 96.65130 124.29330 31.29520
v 96.58310 123.27620 30.43100
v 88.89670 123.16890 31.02780
v 102.17170 124.39650 30.45130
v 101.90060 123.51650 29.65840
v 101.49880 123.02610 27.44160
v 96.01560 122.60690 28.58260
v 88.88690 122.49910 28.84310
v 40.54100 126.94131 4.06649
v 43.40360 129.36130 4.63609
v 39.84461 129.01434 0.28298
v 44.33670 132.65381 10.76189
v 42.87980 134.85112 10.41370
v 42.63210 138.62341 10.22110
v 91.32950 125.51060 15.61620
v 81.81770 126.88050 11.54569
v 81.67640 125.82410 11.66399
v 80.88880 128.12500 17.60849
v 70.63600 128.67450 14.86340
v 71.52910 127.22960 8.49249
v 71.38150 126.08500 8.77299
v 88.83090 124.23010 31.87510
v 96.65130 124.29330 31.29520
v 102.17170 124.39650 30.45130
v 69.94620 128.73170 19.81909
v 80.22980 128.13139 22.20509
v 79.10030 125.38780 31.35990
v 68.83270 125.60310 29.87130
v 79.01800 124.27110 31.76330
v 68.92720 124.48530 30.37870
v 68.92720 124.48530 30.37870
v 79.01800 124.27110 31.76330
v 79.09700 123.24860 30.83300
v 69.50660 123.53730 29.74460
v 79.27080 122.61120 28.31980
v 69.14510 123.02630 26.97930
v 98.48350 125.14480 20.37439
v 103.21280 124.82920 24.63290
v 103.01190 125.72640 25.24700
v 36.57450 117.39015 -151.15048
v 19.07100 113.22218 -151.09126
v 20.87910 113.79179 -135.19249
v 35.35740 116.80178 -135.37680
v -0.00000 111.57368 -151.08389
v -0.00000 112.00234 -135.13022
v 20.87910 113.79179 -135.19249
v -0.00000 112.00234 -135.13022
v 0.00000 112.67379 -118.55799
v 20.46800 115.02618 -118.33980
v 96.31450 123.05020 24.14060
v 89.34840 123.19650 21.35779
v 79.92580 123.29910 18.97769
v 69.87580 123.36320 17.05089
v -0.00000 117.15340 54.77535
v 15.41140 121.74131 54.77909
v 19.31240 122.17670 39.46117
v 8.06478 117.99361 39.45646
v 23.42030 121.97962 24.59921
v 15.06668 118.51322 24.29143
v 35.35740 116.80178 -135.37680
v 36.23860 119.20108 -118.41920
v 36.23860 119.20108 -118.41920
v 20.46800 115.02618 -118.33980
v 18.65340 117.47128 -89.90006
v 35.74680 123.17888 -89.41590
v 0.00000 112.67379 -118.55799
v -0.00000 115.33688 -90.14008
v 34.55940 124.58392 0.86270
v 29.94400 121.03603 11.71369
v 21.21520 119.31751 11.41913
v 104.83540 125.17800 29.45690
v 105.08450 124.47550 29.77120
v 105.83060 124.57260 28.61090
v 105.25650 125.42730 28.48350
v 105.24090 125.33100 27.30860
v 105.59150 124.66670 27.08590
v 47.73460 128.42570 5.62939
v 48.12690 131.18221 11.09799
v 44.33670 132.65381 10.76189
v 43.40360 129.36130 4.63609
v 54.47030 128.02870 6.04789
v 53.96480 130.16830 11.72359
v 53.34310 130.37340 15.86629
v 47.64130 131.57840 15.02379
v 43.82940 133.16591 15.43259
v 46.10910 127.13040 21.12479
v 42.00690 128.05281 21.71819
v 51.92120 126.66930 22.78319
v 52.74180 125.07230 22.73829
v 45.90570 125.29410 20.63750
v 41.38810 125.59021 21.55639
v 61.56460 129.34399 12.94019
v 62.40750 127.62110 6.83099
v 54.23570 126.45310 6.44139
v 62.30210 126.29350 7.19819
v 38.39611 122.37041 11.87845
v 45.93320 123.02580 13.74249
v 46.97950 126.56770 6.00399
v 40.54100 126.94131 4.06649
v 53.12950 123.30950 14.57149
v 61.02700 123.39430 15.62829
v 60.48790 123.82760 24.78840
v 52.74180 125.07230 22.73829
v 104.59310 123.83610 29.32570
v 104.95370 123.74980 28.31960
v 105.08450 124.47550 29.77120
v 105.83060 124.57260 28.61090
v 105.59150 124.66670 27.08590
v 21.49350 136.39816 -218.66216
v 30.50779 135.87033 -201.08012
v 11.46485 117.18165 11.01762
v 6.32410 116.68542 24.17851
v -0.00000 116.14091 24.17676
v 0.00000 116.59156 10.96886
v 28.48170 200.04068 -115.26860
v 35.67960 191.45018 -115.70280
v 36.58390 190.38829 -89.02783
v 29.20450 198.71188 -88.83572
v 39.94240 181.78329 -116.25919
v 40.90280 181.29810 -89.16403
v 33.46579 180.83771 -2.62142
v 31.79360 177.77350 11.81030
v 37.89219 172.10410 -2.65069
v 36.17241 169.43561 11.52669
v 34.06680 166.98961 25.70269
v 29.90900 174.92639 25.92789
v 14.54350 140.42934 -228.85809
v 10.14370 140.55835 -234.80949
v 0.00000 145.96632 -202.34351
v 10.14370 140.55835 -234.80949
v 5.67430 140.91304 -239.22530
v 0.00000 145.96632 -202.34351
v 24.82350 168.12982 54.80724
v 19.95620 159.70052 82.14482
v 27.94340 161.02161 54.79300
v 22.48650 153.63858 82.17544
v 17.64802 148.40732 106.63163
v 15.55611 153.57980 106.80045
v 17.43640 111.23399 -173.18709
v 0.00000 109.66518 -173.20897
v 31.02210 179.29448 -174.08711
v 27.51520 189.71098 -172.68161
v 24.45970 186.37837 -182.97421
v 27.42030 178.89047 -184.85872
v 21.53260 181.98747 -193.68442
v 25.10720 175.31477 -195.19801
v 39.03830 148.40308 -183.82211
v 36.49150 151.85558 -187.01900
v 36.27690 150.37396 -189.51088
v 37.61280 147.69788 -188.01089
v 34.59210 150.94037 -192.31880
v 35.58440 147.66786 -192.64539
v 18.89760 166.37587 -213.61659
v 20.11610 159.66757 -215.57280
v 22.69910 159.57626 -210.13130
v 23.56490 162.38097 -206.90390
v 22.16820 154.77147 -214.93640
v 25.16820 155.84947 -207.91650
v 30.81440 191.48059 -163.22592
v 23.81700 200.43718 -163.28162
v 35.36070 181.18118 -163.22832
v -0.00000 111.50480 131.25360
v 5.60550 112.89559 131.85431
v 7.23392 117.64198 119.52977
v 0.00000 116.03492 119.12073
v 10.21440 116.66140 133.15681
v 13.00365 121.52024 120.44932
v -0.00000 211.59398 -115.03080
v 15.64950 207.86978 -115.07069
v 16.04680 207.03899 -88.61323
v 0.00000 211.20338 -88.49434
v 15.64950 207.86978 -115.07069
v 15.40100 208.06009 -127.20290
v 0.00000 211.43478 -127.33500
v -0.00000 211.59398 -115.03080
v 21.21520 119.31751 11.41913
v 28.45680 122.21120 -2.82335
v 13.74348 118.61162 -3.14757
v 11.46485 117.18165 11.01762
v 48.71650 124.58630 -121.23830
v 46.36490 127.37388 -118.95699
v 47.83001 130.57478 -119.22360
v 50.00330 128.04620 -120.46161
v 44.09130 128.60309 -114.76009
v 46.32560 132.66818 -114.42479
v 47.85820 138.19598 -116.93859
v 48.46211 133.56190 -121.44711
v 50.32970 130.78571 -122.61961
v 48.63140 123.04379 -133.63870
v 48.55800 125.25448 -145.12830
v 42.70241 122.46378 -146.93517
v 43.39840 120.29018 -134.85120
v 35.35740 116.80178 -135.37680
v 36.57450 117.39015 -151.15048
v 48.16570 137.23999 -135.31641
v 50.54720 133.74838 -134.69791
v 47.33830 142.52368 -135.49768
v 48.88881 131.36760 -146.22520
v 33.39750 116.41708 -163.56134
v 18.42640 112.11849 -163.57065
v 19.07100 113.22218 -151.09126
v 0.00000 110.46569 -163.57494
v -0.00000 111.57368 -151.08389
v 43.53420 121.83588 -121.31250
v 43.81590 124.34177 -118.79209
v 36.23860 119.20108 -118.41920
v 41.48400 124.28789 -115.88530
v 41.48400 124.28789 -115.88530
v 44.09130 128.60309 -114.76009
v 43.42770 131.39938 -88.93183
v 47.36720 139.97148 -88.86553
v 47.85820 138.19598 -116.93859
v 46.32560 132.66818 -114.42479
v -0.00000 116.80734 -63.10178
v 17.58570 118.62884 -63.08027
v 28.81520 196.43805 -60.66508
v 15.81650 204.84915 -60.44998
v 0.00000 208.99785 -60.34308
v 0.00000 116.89480 -33.61650
v 16.09360 118.46110 -33.62640
v 0.00000 116.89480 -33.61650
v 0.00000 116.78322 -3.20487
v 13.74348 118.61162 -3.14757
v 16.09360 118.46110 -33.62640
v 13.74348 118.61162 -3.14757
v 35.02400 184.35172 -30.96450
v 39.40620 175.28168 -31.23670
v 27.70400 192.99249 -30.75470
v 36.17800 187.79944 -60.88278
v 40.49760 178.55453 -61.13718
v 15.15840 201.40791 -30.54020
v -0.00000 205.55931 -30.43180
v 0.00000 188.02980 50.34190
v 0.00000 196.33911 45.18859
v 3.31530 198.60611 40.20579
v 6.55880 193.00882 38.94519
v -0.00000 201.36601 46.94220
v 2.31470 203.64032 42.70619
v 3.47200 207.85890 34.75569
v 4.97290 202.92941 30.21859
v -0.00000 206.48181 49.69239
v 1.56340 208.50252 46.37449
v -0.00000 206.48181 49.69239
v 0.00000 211.75842 53.17049
v 1.01540 213.04611 50.62849
v 1.56340 208.50252 46.37449
v 1.48410 216.11702 46.76569
v 2.34510 212.19771 40.37599
v 1.01540 213.04611 50.62849
v 19.75560 174.75681 54.28494
v 22.25650 179.34421 39.54739
v 27.71360 172.06372 39.78879
v 24.82350 168.12982 54.80724
v 31.39490 164.47911 39.78979
v 27.94340 161.02161 54.79300
v 14.03870 186.45700 38.99589
v 11.28380 181.11252 53.26409
v 60.88110 129.45180 17.58549
v 59.63440 126.09520 26.35550
v 60.27330 124.94150 27.14020
v 45.90570 125.29410 20.63750
v 41.38810 125.59021 21.55639
v 9.64695 152.65305 123.81489
v 5.24100 155.34892 123.88269
v 8.00800 149.26578 137.39502
v 4.33280 151.91119 137.36281
v 0.00000 152.91878 137.29622
v 0.00000 156.42717 123.88984
v 30.50779 135.87033 -201.08012
v 33.86366 136.56985 -182.85747
v 0.02887 133.32596 -189.87643
v 33.86366 136.56985 -182.85747
v 40.66970 139.74097 -173.83389
v 20.43590 138.19539 -176.00751
v 19.50030 135.02148 -183.69739
v -0.00000 137.98399 -175.19009
v 0.00000 134.82016 -184.23610
v 25.94780 148.11227 -215.21910
v 24.60260 151.37077 -214.06599
v 22.09390 150.42647 -219.84720
v 22.23160 147.88338 -221.58730
v 19.92520 152.70897 -221.56821
v 9.66810 156.57027 -233.90221
v 12.27870 161.59047 -228.21140
v 14.17370 166.68747 -221.82910
v 16.49770 162.68057 -221.86320
v 16.05350 171.84407 -214.10609
v 12.47970 175.73846 -214.00412
v 18.61850 177.04337 -204.39322
v 14.46000 181.45587 -203.72221
v 21.68850 171.72318 -204.31380
v 3.03750 133.05128 -245.80199
v 0.00000 133.08705 -246.36363
v 5.29640 139.71558 -243.63008
v 6.35710 138.94153 -245.00659
v 10.36090 138.42511 -237.49069
v 39.94943 134.08733 -182.95290
v 33.86366 136.56985 -182.85747
v 30.50779 135.87033 -201.08012
v 33.80920 133.99646 -201.27417
v 39.94943 134.08733 -182.95290
v 33.86366 136.56985 -182.85747
v 2.66610 139.30542 -247.16318
v 2.82290 136.71169 -247.61438
v 6.35710 138.94153 -245.00659
v 5.29640 139.71558 -243.63008
v 2.24380 140.20218 -246.25429
v 2.66610 139.30542 -247.16318
v 0.00000 140.08017 -246.48308
v 0.00000 139.34581 -247.51308
v 2.24380 140.20218 -246.25429
v 0.00000 136.81248 -247.98058
v -0.00000 116.80068 39.44754
v 12.38308 148.87814 123.64017
v 14.17621 144.14651 123.39211
v 11.94210 140.49438 136.93570
v 10.36800 145.36020 137.22491
v 6.98220 99.73750 152.11340
v 3.86100 95.26049 147.60890
v 3.36080 81.17699 154.63359
v 5.25600 83.19060 159.60062
v -0.00000 94.00639 146.26089
v -0.00000 80.03600 153.28220
v 0.00000 65.21939 160.30939
v 2.99090 66.21400 161.54208
v 4.57890 68.41470 165.94600
v 2.75640 53.05130 167.60579
v 4.24730 55.36411 171.54041
v 0.00000 52.19480 166.39450
v -0.00000 41.03540 172.20308
v 2.46820 41.79831 173.39870
v 3.87360 44.13290 176.89209
v 1.93740 32.56421 179.49490
v 3.07000 34.81511 182.50919
v -0.00000 31.81441 178.40100
v -0.00000 24.19751 185.48828
v 1.34120 25.17571 185.92020
v 2.08170 26.81051 188.74658
v 4.22010 84.66740 169.09552
v 5.59980 97.59739 164.24361
v 3.36110 71.03820 174.22719
v 1.30300 73.48029 182.67749
v 2.12920 85.76339 178.73801
v 3.64020 99.76929 174.55771
v 1.64460 52.12360 188.31448
v 1.36550 62.37690 185.57159
v 3.20740 58.87640 178.49930
v 3.15320 48.08530 182.58958
v 2.59310 38.56841 187.17630
v 1.46780 42.39071 191.80028
v 1.83480 30.24251 192.01949
v 1.05510 32.85571 195.81967
v -0.00000 15.24912 202.51987
v -0.00000 24.85172 201.87531
v 0.32970 26.57792 200.77650
v 0.62640 23.19602 200.16328
v 0.00000 35.53982 198.68950
v 0.49360 35.36561 197.79388
v 0.68500 54.71570 191.88989
v 0.45100 64.65460 189.84679
v -0.00000 55.65020 193.14027
v 0.00000 65.48770 191.28510
v 0.00000 75.76881 189.15930
v 0.37020 75.13690 187.58850
v 0.85940 86.63419 184.14771
v -0.00000 87.01329 185.79440
v -0.00000 97.62759 182.73372
v 1.43920 97.76210 181.03471
v 1.63050 107.13670 179.75992
v 3.50520 110.11000 175.37981
v 0.00000 106.01839 181.52020
v 0.00000 112.10600 181.92538
v 1.49250 113.77910 180.17360
v 1.63050 107.13670 179.75992
v 0.00000 106.01839 181.52020
v 1.49250 113.77910 180.17360
v 3.35300 119.39510 175.89340
v 4.48660 105.78469 141.19620
v 8.27760 110.02390 143.20801
v -0.00000 104.49250 140.19380
v 13.74730 128.89789 135.95142
v 12.83030 122.39541 134.66142
v 10.67720 117.57259 145.23370
v 11.74790 125.94270 146.87932
v 9.16810 112.44519 152.93762
v 9.86370 122.37830 156.75510
v 3.31530 206.83072 20.18809
v -0.00000 208.67593 15.16199
v 2.31470 211.41731 27.84859
v -0.00000 213.03152 24.65579
v 1.56340 215.20062 35.65249
v 0.00000 216.52904 33.60939
v 1.01540 218.25632 43.21549
v -0.00000 219.35274 42.34679
v 37.17860 153.94347 -182.18970
v 35.39720 159.21817 -181.32930
v 40.20930 149.34937 -179.09290
v 41.96060 148.42229 -172.24339
v 40.01020 153.78249 -172.87711
v 37.76290 160.57039 -172.65660
v 43.18110 152.46788 -163.52037
v 41.53860 160.95999 -163.51465
v 43.93510 146.13098 -163.60091
v 46.15891 151.52483 -150.89108
v 45.31412 161.28909 -150.81181
v 46.89050 150.05917 -135.52528
v 45.67710 160.61139 -135.11038
v 47.98360 148.51509 -116.78290
v 46.92780 159.29579 -117.09760
v 46.92780 159.29579 -117.09760
v 47.98360 148.51509 -116.78290
v 48.68180 149.40768 -88.99883
v 47.73211 159.65770 -89.17023
v 47.47790 148.21335 -62.01777
v 46.96609 157.93565 -61.78167
v 25.03880 165.64787 -202.24390
v 26.64350 167.82896 -197.99899
v 27.90150 167.37598 -196.01700
v 28.16140 169.81747 -193.56660
v 29.52890 171.11407 -188.31329
v 31.47280 170.02786 -183.22990
v 35.04770 169.23248 -172.53430
v 38.93360 170.76938 -163.42380
v 43.11918 171.59264 -150.63876
v 43.96960 170.72519 -116.82360
v 42.79670 171.19989 -131.10469
v 44.87901 170.67120 -89.21842
v 43.96960 170.72519 -116.82360
v 44.36650 168.32465 -61.46247
v 46.21870 146.54559 -32.40920
v 45.61180 155.81039 -32.06410
v 44.54779 145.38011 -2.78743
v 43.77459 153.98302 -2.74624
v 42.46920 144.81961 10.35170
v 41.67130 152.54010 10.68920
v 39.69600 143.69121 24.71870
v 39.12210 150.88562 25.00539
v 35.94150 140.82191 39.50183
v 35.94680 148.42322 39.35419
v 31.44740 137.08920 54.77753
v 31.98080 145.11650 54.78626
v 31.98080 145.11650 54.78626
v 31.44740 137.08920 54.77753
v 25.31585 132.23830 81.15909
v 25.89402 139.47160 81.71430
v 19.99106 129.61424 105.14120
v 20.50414 135.93440 105.91887
v 15.84507 126.72672 121.57180
v 16.51074 132.62558 122.56679
v 43.13820 165.57851 -31.63820
v 41.44219 163.02182 -2.69648
v 39.51870 160.88499 11.11690
v 37.19170 158.81380 25.36429
v 34.28530 156.45392 39.61979
v 30.57100 153.22220 54.79173
v 6.73520 150.26649 159.86920
v 5.18680 160.29222 175.34500
v 3.19720 164.26239 172.26450
v 3.66100 155.72681 158.20032
v 4.46160 170.12741 189.21619
v 2.75030 173.68660 186.39160
v 0.00000 175.03331 185.41011
v 0.00001 165.73866 171.48560
v 0.00000 157.20749 157.61169
v 3.90330 183.19743 210.13298
v 3.56870 190.52650 224.26906
v 2.29320 193.33922 221.85167
v 2.49500 186.32971 206.96298
v 3.56870 190.52650 224.26906
v 2.92330 197.44783 238.10907
v 1.92940 199.57982 236.29884
v 2.29320 193.33922 221.85167
v -0.00000 200.74641 236.06496
v -0.00000 194.48491 220.73134
v 2.29320 193.33922 221.85167
v 1.92940 199.57982 236.29884
v -0.00000 194.48491 220.73134
v -0.00000 187.47942 205.52138
v 2.49500 186.32971 206.96298
v 1.77680 202.34172 247.72375
v 1.35610 203.19221 245.38716
v 1.77680 202.34172 247.72375
v 0.00000 204.50951 253.63466
v 0.00000 204.35608 246.70584
v 1.35610 203.19221 245.38716
v 1.14570 192.23381 241.40364
v 2.38520 194.56914 239.39987
v 2.80840 186.67110 227.04016
v 1.34610 182.79533 229.77327
v 2.92330 197.44783 238.10907
v 3.13830 178.39909 213.87708
v 1.58870 173.45282 217.56689
v 0.74790 199.39282 249.44586
v 1.68310 199.84863 247.19096
v 0.74790 199.39282 249.44586
v 0.00000 204.50951 253.63466
v 1.68310 199.84863 247.19096
v 1.77680 202.34172 247.72375
v 0.32710 196.71371 249.13185
v 0.00000 197.58720 250.60085
v 1.14570 192.23381 241.40364
v 0.45590 189.74681 242.59975
v 0.00000 189.15758 243.56294
v 0.00000 197.58720 250.60085
v 0.32710 196.71371 249.13185
v 0.45590 189.74681 242.59975
v 0.51520 179.92131 232.07637
v 0.45590 189.74681 242.59975
v 0.64330 169.87671 220.57408
v 0.00000 168.43132 221.90700
v 0.00000 178.73470 233.12038
v 0.00000 178.73470 233.12038
v 0.00000 189.15758 243.56294
v 0.51520 179.92131 232.07637
v 2.11350 166.58171 207.79671
v 0.97870 162.25273 211.10550
v 2.70440 159.16461 198.58568
v 1.34450 154.46262 202.23230
v 0.00000 152.35399 203.76176
v 0.00000 160.35988 212.55667
v 3.88610 135.97362 177.63861
v 3.83090 127.24160 175.73210
v 1.66900 125.79271 182.02022
v 1.66360 133.42812 184.82350
v 3.83090 127.24160 175.73210
v 3.35300 119.39510 175.89340
v 1.50220 120.41840 181.86749
v 1.66900 125.79271 182.02022
v -0.00000 119.85360 184.35190
v 0.00000 125.15669 184.45380
v 1.66900 125.79271 182.02022
v 1.50220 120.41840 181.86749
v 0.00000 125.15669 184.45380
v -0.00000 132.39601 186.81250
v 1.66360 133.42812 184.82350
v 7.16110 148.49408 148.61639
v 3.88050 151.66869 148.23032
v 0.00000 152.89308 147.92201
v 9.94260 130.93448 156.61430
v 11.55220 132.64578 147.75124
v 9.33950 136.99210 157.00731
v 10.56020 138.38618 148.19121
v 13.25990 134.96898 136.61041
v 6.73080 144.39597 -239.84579
v 11.57800 144.38177 -234.95129
v 5.67430 140.91304 -239.22530
v 10.14370 140.55835 -234.80949
v 14.54350 140.42934 -228.85809
v 16.93500 144.41068 -228.82820
v 11.57800 144.38177 -234.95129
v 10.14370 140.55835 -234.80949
v 16.93500 144.41068 -228.82820
v 18.23730 157.40736 -222.00819
v 27.82870 152.35037 -206.13860
v 28.90790 148.60626 -209.04320
v 31.20540 148.05988 -203.89490
v 30.68770 151.35806 -200.57471
v 33.46210 165.32108 -181.28900
v 32.83560 151.07826 -195.98740
v 33.43970 147.76778 -198.18449
v -0.00000 24.19751 185.48828
v 0.00000 17.85052 193.96529
v 0.85690 19.45922 192.70036
v 1.34120 25.17571 185.92020
v 0.00000 17.85052 193.96529
v -0.00000 15.24912 202.51987
v 1.15350 19.51902 195.95918
v 0.85690 19.45922 192.70036
v 2.08170 26.81051 188.74658
v 1.15350 19.51902 195.95918
v 1.15350 19.51902 195.95918
v 1.18660 23.02502 196.87938
v -0.00000 15.24912 202.51987
v 0.62640 23.19602 200.16328
v 1.18660 23.02502 196.87938
v -0.00000 45.73681 195.69308
v 0.65570 44.84881 194.68529
v 0.00000 112.10600 181.92538
v -0.00000 115.81069 183.72052
v 1.08490 116.71030 182.12662
v 1.49250 113.77910 180.17360
v 1.08490 116.71030 182.12662
v 0.00000 211.75842 53.17049
v 0.00000 217.26741 57.10779
v 0.62460 217.12431 54.88599
v 1.01540 213.04611 50.62849
v -0.00000 221.11333 56.60149
v 0.78070 219.78792 53.61059
v 1.48410 216.11702 46.76569
v 0.62460 217.12431 54.88599
v 0.78070 219.78792 53.61059
v 0.62460 220.65991 50.15349
v 1.01540 218.25632 43.21549
v -0.00000 221.68694 51.19219
v 0.62460 220.65991 50.15349
v -0.00000 219.35274 42.34679
v -0.00000 221.68694 51.19219
v 41.45800 122.70228 -163.55045
v 44.22290 125.20188 -151.11662
v 49.06480 127.78649 -146.77811
v 7.31550 107.66149 160.81091
v 6.88350 111.39488 165.54601
v 4.11730 177.08012 199.63039
v 2.58180 180.41063 196.55029
v -0.00000 187.47942 205.52138
v 0.00000 181.63794 195.25150
v 3.56040 171.99731 203.67551
v 4.09480 164.83641 193.76390
v 6.97880 129.04428 166.60240
v 6.90110 135.09819 166.53342
v 6.79630 122.20840 166.74992
v 5.86830 114.55669 169.28111
v 30.73890 139.14334 -193.70370
v 28.75120 139.35364 -203.12770
v 28.75120 139.35364 -203.12770
v 25.51700 139.94374 -213.08490
v 12.89070 206.82059 -163.26021
v -0.00000 209.36908 -163.23030
v 2.69310 135.04498 -247.63509
v 0.00000 135.16228 -248.12936
v 0.00000 140.08017 -246.48308
v 2.24380 140.20218 -246.25429
v 2.24380 140.20218 -246.25429
v 5.29640 139.71558 -243.63008
v 5.67430 140.91304 -239.22530
v 2.60250 141.17325 -242.23970
v 0.00000 141.38263 -242.98380
v 2.60250 141.17325 -242.23970
v 7.84430 184.80788 -203.54112
v -0.00000 186.21880 -203.57314
v 25.51700 139.94374 -213.08490
v 19.21880 140.29944 -221.52530
v 14.54350 140.42934 -228.85809
v 19.21880 140.29944 -221.52530
v 0.00000 141.38263 -242.98380
v 2.60250 141.17325 -242.23970
v 3.06900 144.67897 -242.87410
v 0.00000 144.88757 -243.92181
v 2.60250 141.17325 -242.23970
v 5.67430 140.91304 -239.22530
v 6.73080 144.39597 -239.84579
v 3.06900 144.67897 -242.87410
v 30.73890 139.14334 -193.70370
v 33.70120 138.92365 -183.58080
v 22.12630 144.25697 -222.11391
v 14.54350 140.42934 -228.85809
v 19.21880 140.29944 -221.52530
v 25.51700 139.94374 -213.08490
v 26.35890 144.43398 -215.90041
v 22.12630 144.25697 -222.11391
v 19.21880 140.29944 -221.52530
v 26.35890 144.43398 -215.90041
v 28.84000 144.46167 -211.61641
v 25.51700 139.94374 -213.08490
v 30.25000 144.29446 -207.73911
v 32.55250 143.63365 -200.96289
v 28.75120 139.35364 -203.12770
v 30.73890 139.14334 -193.70370
v 35.35850 143.41676 -192.92989
v 32.55250 143.63365 -200.96289
v 28.75120 139.35364 -203.12770
v 35.35850 143.41676 -192.92989
v 38.27900 143.58789 -185.61929
v 30.73890 139.14334 -193.70370
v 33.70120 138.92365 -183.58080
v 40.61040 144.28267 -179.91260
v 41.64930 145.63689 -176.69141
v 42.72410 144.13058 -172.16058
v 43.87440 142.78738 -163.58107
v 0.00000 212.48969 -131.91121
v 15.66440 209.30159 -131.78621
v 28.53350 201.88528 -131.82600
v 35.81220 192.38889 -132.44569
v 39.68210 181.76863 -133.39848
v 42.32490 171.16425 -134.42923
v 43.53560 171.14558 -137.70560
v 50.54720 133.74838 -134.69791
v 55.65701 131.58929 -133.35872
v 54.06371 129.06900 -122.06223
v 50.32970 130.78571 -122.61961
v 62.13351 130.42090 -131.22812
v 58.65481 128.10390 -119.72502
v 56.20671 129.49570 -142.77042
v 64.36971 128.38000 -140.64291
v 48.88881 131.36760 -146.22520
v 48.63140 123.04379 -133.63870
v 48.71650 124.58630 -121.23830
v 53.43211 124.99629 -121.06352
v 54.68571 123.84989 -131.89742
v 61.21431 123.68430 -129.57202
v 57.77611 125.09319 -118.65833
v 64.34471 125.66529 -141.31851
v 55.98071 125.96009 -142.97292
v 48.55800 125.25448 -145.12830
v 68.61531 129.90140 -128.23521
v 63.09401 127.58219 -115.55792
v 68.38241 127.28529 -109.40422
v 75.72121 129.67830 -124.10642
v 72.04821 127.92039 -138.48291
v 80.06001 127.77380 -135.85371
v 62.20071 124.96669 -114.37762
v 67.87001 123.52309 -126.60742
v 75.21111 123.37489 -122.56012
v 67.59641 124.70969 -108.12172
v 72.19791 125.45469 -139.34581
v 80.35901 125.30349 -136.75931
v 104.03311 125.85680 -84.51701
v 110.05421 127.97679 -98.96012
v 118.00771 127.52439 -92.19631
v 113.30942 125.61560 -80.86152
v 121.82182 125.46250 -76.98551
v 125.54282 127.12260 -85.39242
v 115.40241 126.88719 -111.52752
v 122.57561 126.56129 -102.72562
v 129.29462 126.23409 -93.75182
v 109.88741 123.12249 -98.07562
v 103.57771 123.77430 -83.25751
v 112.83721 123.67870 -79.63911
v 117.81142 123.02670 -91.65262
v 125.28101 122.89610 -85.19762
v 121.33822 123.61400 -75.89841
v 115.93571 124.78759 -112.53842
v 123.04292 124.51019 -103.68433
v 129.67331 124.21779 -94.62562
v 48.71650 124.58630 -121.23830
v 50.00330 128.04620 -120.46161
v 53.53021 126.91509 -119.95863
v 53.43211 124.99629 -121.06352
v 57.69931 126.51989 -117.57253
v 57.77611 125.09319 -118.65833
v 64.71841 127.00449 -142.47432
v 56.21111 127.70969 -144.31151
v 49.06480 127.78649 -146.77811
v 61.79901 126.19869 -113.16122
v 62.20071 124.96669 -114.37762
v 66.84321 125.90709 -106.63583
v 67.59641 124.70969 -108.12172
v 72.62841 126.67089 -140.52872
v 80.80910 126.52559 -138.11421
v 103.57771 123.77430 -83.25751
v 102.91132 124.69790 -81.76531
v 112.38422 124.54690 -78.57131
v 112.83721 123.67870 -79.63911
v 121.03951 124.46360 -75.17841
v 121.33822 123.61400 -75.89841
v 116.46972 125.86579 -113.93182
v 123.51102 125.56239 -104.80522
v 130.07251 125.24960 -95.46042
v 138.21251 126.31760 -73.19002
v 140.91231 125.80980 -70.69251
v 138.56812 125.12710 -68.20561
v 135.49452 125.23060 -69.33811
v 141.95612 125.33640 -69.83002
v 139.75752 125.00830 -68.25401
v 141.01192 125.71440 -77.53912
v 142.99051 125.48600 -73.91161
v 143.19882 125.26300 -72.55811
v 141.29282 123.95080 -78.12321
v 137.78522 122.94100 -73.57961
v 140.91112 123.71180 -70.73232
v 143.38551 124.18060 -74.12682
v 143.53761 124.52910 -72.55791
v 142.27492 124.57360 -69.55351
v 138.49281 123.94740 -67.76282
v 139.82191 124.34530 -67.90801
v 135.18822 123.62680 -68.86532
v 141.61702 124.86170 -78.47102
v 143.51021 124.83930 -74.50812
v 142.99051 125.48600 -73.91161
v 143.62532 124.89690 -72.49332
v 143.19882 125.26300 -72.55811
v 84.07011 129.39920 -118.56832
v 75.52141 126.99439 -101.10703
v 92.95221 129.02420 -112.21973
v 84.17290 126.66299 -93.17992
v 89.22291 127.59679 -132.31882
v 98.63422 127.39140 -127.24752
v 74.85361 124.41529 -99.79092
v 83.79571 123.24829 -116.98642
v 83.61201 124.13609 -91.87081
v 92.83701 123.16470 -110.66872
v 89.64680 125.18679 -133.26381
v 99.14542 125.08119 -128.22762
v 73.84550 125.60069 -97.90733
v 82.52051 125.28449 -89.74772
v 83.61201 124.13609 -91.87081
v 74.85361 124.41529 -99.79092
v 90.12820 126.38580 -134.87001
v 99.66032 126.24069 -129.99011
v 101.65791 128.51340 -105.65913
v 93.99891 126.24490 -88.13661
v 107.39131 127.15939 -120.00922
v 93.51141 123.92460 -86.84731
v 101.54842 123.14559 -104.38972
v 107.93912 124.96299 -121.01933
v 92.58301 124.96370 -84.92892
v 93.51141 123.92460 -86.84731
v 108.48022 126.07959 -122.66882
v 132.68352 126.73770 -78.57342
v 129.56462 125.33820 -72.70461
v 135.94331 125.95770 -84.75442
v 129.12932 123.55620 -71.94212
v 132.25711 122.76830 -78.78732
v 136.23932 123.99730 -85.53072
v 128.91501 124.40120 -71.41821
v 134.97592 124.40010 -68.49451
v 135.18822 123.62680 -68.86532
v 129.12932 123.55620 -71.94212
v 136.62282 125.00720 -86.06872
v 30.57100 153.22220 54.79173
v 24.70829 146.75035 82.04252
v 19.51023 142.36211 106.37668
v 15.75323 138.58060 123.10390
v -0.00000 132.39601 186.81250
v -0.00000 142.24733 194.21440
v 1.56410 143.91962 192.51620
v 3.14550 148.18372 188.05670
v 4.76130 154.28702 181.47110
v 5.69920 144.69431 170.42102
v 7.04800 140.40358 164.23792
v 8.50320 142.91548 156.73471
v 9.24210 143.86780 148.54141
v 139.82191 124.34530 -67.90801
v 138.49281 123.94740 -67.76282
v 138.18732 124.50100 -67.61102
v 139.87021 124.67140 -67.88471
v 142.51682 125.01980 -69.35152
v 141.95612 125.33640 -69.83002
v 142.51682 125.01980 -69.35152
v 142.27492 124.57360 -69.55351
v 60.27330 124.94150 27.14020
v 62.44810 124.05720 27.66060
v 13.74348 118.61162 -3.14757
v 0.00000 116.78322 -3.20487
v 0.00000 116.59156 10.96886
v 11.46485 117.18165 11.01762
v -12.47970 175.73846 -214.00412
v -10.76690 169.74756 -221.86839
v -5.77880 172.18054 -221.94386
v -6.77310 178.69829 -214.04251
v -6.77310 178.69829 -214.04251
v -5.77880 172.18054 -221.94386
v -4.87330 166.04022 -228.20175
v -10.76690 169.74756 -221.86839
v -9.16130 164.08417 -228.10622
v -5.29640 139.71558 -243.63007
v -0.00000 133.20213 -201.80083
v -10.36090 138.42509 -237.49068
v -0.00000 133.20213 -201.80083
v -21.49350 136.39816 -218.66217
v -10.36090 138.42509 -237.49068
v -29.47450 164.42667 -194.13950
v -29.41980 161.16037 -194.29131
v -28.97620 161.11775 -195.54440
v -28.85950 163.41946 -195.99800
v -28.57740 159.87206 -196.34540
v -28.15370 162.48567 -197.53909
v -28.96620 158.28607 -194.24139
v -28.47560 158.85307 -197.51990
v -27.64320 160.72287 -199.53020
v -28.60110 157.58878 -197.24002
v -27.51980 157.72867 -201.42702
v -33.21750 153.93977 -191.37138
v -31.56340 153.60156 -194.56770
v -30.44660 155.37425 -194.12138
v -30.85470 156.15527 -192.88258
v -29.46050 155.87387 -195.46550
v -30.14460 153.88937 -197.20491
v -33.39351 158.34167 -187.96359
v -33.87090 155.72878 -188.58449
v -31.66840 156.78517 -191.58759
v -31.30300 158.09657 -191.51060
v -31.47390 159.53798 -191.31120
v -32.74730 161.32597 -188.08290
v -30.61450 160.44420 -192.35152
v -31.63960 163.68268 -189.39511
v -5.80410 132.90256 -244.05666
v -6.07790 134.37628 -245.28398
v -10.84600 132.65607 -240.20798
v -8.48300 130.97697 -240.17526
v -20.79171 128.13203 -220.65787
v -16.26970 125.26987 -220.57909
v -11.96480 134.78714 -240.29358
v -23.03840 131.34349 -220.67215
v -6.51990 136.17630 -245.41811
v -31.65231 115.46038 -173.15088
v -29.32930 115.53918 -182.81680
v -36.55711 121.68428 -182.99239
v -39.42721 121.86439 -173.13008
v -39.52081 128.20395 -183.09198
v -42.64130 128.67018 -173.08597
v -30.70478 123.63902 -201.27206
v -33.39613 128.91118 -201.46822
v -24.47268 118.70810 -200.95364
v -8.85740 123.33436 -220.58229
v -4.61720 130.15375 -240.69154
v 0.00000 122.59823 -220.60437
v -13.43720 115.54387 -200.78046
v 0.00000 114.40359 -200.73032
v -30.26380 161.51869 -193.10272
v -30.55391 164.75487 -191.63042
v -16.15200 111.63008 -182.75659
v -5.93210 156.22888 -236.81531
v -3.51180 156.63728 -238.14551
v -4.06860 161.06247 -233.77258
v -7.50280 159.34917 -233.50850
v -6.60420 152.97546 -238.30170
v -3.34980 152.15466 -240.80969
v -3.29730 148.03008 -242.23070
v -7.52699 148.40707 -239.04539
v -40.66971 139.74097 -173.83391
v -44.59800 139.24359 -163.59753
v -45.32890 135.68604 -163.52376
v -43.17470 134.95863 -172.97968
v -44.72839 129.37329 -163.53793
v -46.48475 130.33748 -151.12308
v -46.87520 135.76515 -151.08954
v -46.51108 141.27644 -151.04544
v -28.99119 156.29086 -196.99571
v -28.85630 154.83617 -199.97983
v -14.54110 158.37708 -228.30670
v -16.26390 154.26178 -228.18181
v -13.39719 151.69667 -232.83781
v -11.36580 153.69595 -233.99741
v -12.38489 147.94968 -234.42130
v -17.65880 149.05678 -227.96899
v -19.75561 174.75681 54.28494
v -11.28380 181.11249 53.26409
v -8.63587 169.85541 81.19286
v -15.78391 165.06360 81.85056
v -6.67463 161.27676 106.72290
v -12.23237 157.87202 106.84402
v 0.00000 162.75719 106.62115
v -0.00000 172.10840 80.77316
v 0.00000 117.39358 103.19003
v -0.00000 117.42325 79.70876
v -11.92789 119.95816 79.96934
v -9.36221 119.37840 103.52794
v -9.36221 119.37840 103.52794
v -11.92789 119.95816 79.96934
v -21.23877 125.56297 80.52733
v -16.70050 123.92211 104.26916
v -28.23750 129.03780 54.77639
v -21.23877 125.56297 80.52733
v -15.41140 121.74131 54.77909
v -15.41140 121.74131 54.77909
v -11.92789 119.95816 79.96934
v -0.00000 117.42325 79.70876
v -0.00000 117.15340 54.77535
v -28.65420 203.01569 -137.35310
v -25.88855 202.94383 -150.85747
v -13.90493 209.89566 -150.86836
v -15.67410 210.37086 -137.35803
v -0.00000 212.68410 -150.83212
v -26.38110 189.31482 -2.59908
v -14.85570 197.62761 -2.57412
v -15.66950 193.92361 12.31509
v -25.31500 185.92671 12.04679
v -15.94780 190.22412 26.15989
v -24.08160 182.65952 26.07029
v -8.56060 197.14061 27.20629
v -6.96650 201.10971 14.42550
v -28.45680 122.21120 -2.82334
v -29.87700 122.80299 -33.52460
v -39.03980 129.56310 -33.18000
v -37.51751 128.85652 -3.18754
v -44.26080 137.79340 -32.75420
v -43.63411 136.14102 -2.52624
v -45.60690 139.10255 -62.26678
v -41.05850 130.54805 -62.62477
v -32.24670 123.43013 -62.94487
v -39.94240 181.78329 -116.25919
v -39.24890 181.73837 -129.46138
v -35.16059 191.67497 -128.12369
v -35.67960 191.45020 -115.70280
v -28.04150 200.58908 -127.30100
v -28.48170 200.04071 -115.26861
v -29.54361 162.37987 -194.25819
v -30.30090 160.89777 -194.43719
v -29.65650 160.81258 -195.37111
v -28.81090 161.77039 -195.71442
v -29.57020 159.89186 -195.94501
v -28.28080 160.62605 -196.88831
v -30.97280 158.89658 -194.55809
v -29.13260 159.06746 -196.53629
v -28.02499 159.15276 -197.46230
v -29.45460 158.20387 -196.23608
v -28.07780 157.68466 -197.39340
v -29.13460 155.85966 -195.44438
v -30.06460 157.14706 -195.11958
v -30.43790 156.75821 -194.26553
v -29.98290 155.68880 -194.05612
v -30.99830 157.25604 -193.51546
v -30.77071 156.04611 -192.66682
v -31.28270 157.58827 -192.54089
v -31.25010 156.93396 -191.46919
v -31.40650 158.53735 -192.43858
v -31.46430 158.25635 -190.77608
v -31.42010 159.57706 -192.16177
v -31.45630 159.91705 -190.90047
v -31.20650 160.33807 -192.93318
v -31.13450 161.41495 -191.65138
v -30.72101 161.13136 -193.45290
v -30.40761 162.24867 -192.83719
v -29.43170 157.33627 -195.98730
v -28.47361 156.55598 -196.63879
v -16.72330 187.09505 -192.58342
v -9.07220 190.95427 -192.22281
v -10.53649 197.58214 -181.87048
v -19.28550 192.85117 -182.14850
v -11.91629 203.32616 -172.28320
v -21.77420 197.65497 -172.39030
v -37.41130 132.75482 28.84079
v -35.15745 134.92685 39.45642
v -33.76130 126.41660 25.76794
v -29.76630 127.14821 39.45495
v -28.23750 129.03780 54.77639
v -39.99240 138.06711 22.73561
v -21.49350 136.39816 -218.66217
v -30.50779 135.87033 -201.08012
v -33.80919 133.99644 -201.27417
v -23.62470 135.18265 -220.47565
v -23.62470 135.18265 -220.47565
v -12.09790 137.82265 -239.93628
v -10.36090 138.42509 -237.49068
v -21.49350 136.39816 -218.66217
v -33.80919 133.99644 -201.27417
v -40.51731 181.88559 -137.85002
v -39.41185 182.29166 -150.53902
v -34.02959 193.24228 -150.67987
v -36.24611 193.01468 -137.62480
v -95.68700 127.30569 23.19919
v -98.43741 126.13601 20.85379
v -91.40880 126.53040 15.74729
v -90.01010 127.67539 20.58419
v -89.69951 127.62330 24.39920
v -96.32291 127.17989 26.05739
v -88.91121 125.35260 31.44130
v -96.73941 125.40049 30.73510
v -103.01190 125.72640 25.24700
v -103.06599 125.85714 27.58337
v -38.39610 122.37041 11.87845
v -37.23029 126.55101 23.72622
v -41.38810 125.59021 21.55639
v -88.83090 124.23010 31.87510
v -88.89670 123.16888 31.02780
v -96.58310 123.27619 30.43100
v -96.65131 124.29330 31.29520
v -101.90060 123.51649 29.65840
v -102.17171 124.39649 30.45130
v -101.49881 123.02609 27.44160
v -96.01561 122.60690 28.58259
v -88.88690 122.49908 28.84309
v -39.50186 130.63112 23.28627
v -41.96130 135.23502 17.46759
v -42.00690 128.05281 21.71819
v -40.54100 126.94131 4.06649
v -39.84460 129.01433 0.28298
v -43.40360 129.36130 4.63610
v -42.87980 134.85112 10.41370
v -44.33670 132.65381 10.76191
v -42.63210 138.62341 10.22110
v -91.32950 125.51060 15.61619
v -81.67641 125.82409 11.66399
v -81.81770 126.88049 11.54570
v -80.88881 128.12500 17.60850
v -70.63600 128.67450 14.86339
v -71.52910 127.22959 8.49249
v -71.38150 126.08499 8.77299
v -88.83090 124.23010 31.87510
v -96.65131 124.29330 31.29520
v -102.18192 125.38960 29.86550
v -102.17171 124.39649 30.45130
v -79.10031 125.38779 31.35989
v -80.22981 128.13141 22.20510
v -69.94621 128.73172 19.81910
v -68.83270 125.60310 29.87130
v -79.01801 124.27110 31.76329
v -68.92720 124.48530 30.37870
v -68.92720 124.48530 30.37870
v -69.50661 123.53730 29.74460
v -79.09700 123.24859 30.83299
v -79.01801 124.27110 31.76329
v -79.27080 122.61119 28.31979
v -69.14511 123.02629 26.97929
v -98.48351 125.14480 20.37440
v -103.21280 124.82920 24.63290
v -36.57450 117.39015 -151.15048
v -35.35740 116.80177 -135.37680
v -20.87910 113.79179 -135.19249
v -19.07100 113.22218 -151.09126
v -0.00000 112.00234 -135.13022
v -0.00000 111.57368 -151.08389
v -20.87910 113.79179 -135.19249
v -20.46800 115.02618 -118.33980
v 0.00000 112.67379 -118.55799
v -0.00000 112.00234 -135.13022
v -96.31450 123.05019 24.14059
v -89.34839 123.19650 21.35779
v -79.92580 123.29910 18.97769
v -69.87581 123.36319 17.05089
v -0.00000 117.15340 54.77535
v -8.06478 117.99360 39.45646
v -19.31240 122.17670 39.46118
v -15.41140 121.74131 54.77909
v -15.41140 121.74131 54.77909
v -19.31240 122.17670 39.46118
v -23.42030 121.97961 24.59921
v -8.06478 117.99360 39.45646
v -15.06668 118.51320 24.29143
v -35.35740 116.80177 -135.37680
v -36.23860 119.20108 -118.41920
v -36.23860 119.20108 -118.41920
v -35.74680 123.17888 -89.41590
v -18.65340 117.47128 -89.90006
v -20.46800 115.02618 -118.33980
v -20.46800 115.02618 -118.33980
v -18.65340 117.47128 -89.90006
v -0.00000 115.33688 -90.14008
v 0.00000 112.67379 -118.55799
v -29.94400 121.03602 11.71369
v -34.55940 124.58389 0.86270
v -21.21520 119.31750 11.41913
v -105.08450 124.47548 29.77120
v -104.83540 125.17798 29.45690
v -105.83060 124.57259 28.61090
v -105.25650 125.42728 28.48350
v -105.59151 124.66670 27.08590
v -105.24091 125.33100 27.30860
v -44.33670 132.65381 10.76191
v -48.12690 131.18219 11.09800
v -47.73460 128.42569 5.62939
v -43.40360 129.36130 4.63610
v -53.96480 130.16827 11.72359
v -54.47030 128.02869 6.04789
v -53.34310 130.37338 15.86629
v -47.64130 131.57837 15.02379
v -43.82940 133.16591 15.43259
v -42.00690 128.05281 21.71819
v -46.10910 127.13039 21.12479
v -51.92121 126.66929 22.78319
v -52.74180 125.07230 22.73829
v -45.90570 125.29410 20.63749
v -41.38810 125.59021 21.55639
v -62.40751 127.62110 6.83099
v -61.56461 129.34399 12.94019
v -54.23570 126.45310 6.44140
v -62.30210 126.29350 7.19819
v -38.39610 122.37041 11.87845
v -40.54100 126.94131 4.06649
v -46.97950 126.56770 6.00399
v -45.93320 123.02579 13.74249
v -53.12951 123.30949 14.57149
v -60.48790 123.82759 24.78840
v -61.02701 123.39429 15.62829
v -52.74180 125.07230 22.73829
v -104.95370 123.74979 28.31959
v -104.59311 123.83608 29.32570
v -105.08450 124.47548 29.77120
v -105.83060 124.57259 28.61090
v -105.59151 124.66670 27.08590
v -43.82940 133.16591 15.43259
v -30.50779 135.87033 -201.08012
v -21.49350 136.39816 -218.66217
v -15.06668 118.51320 24.29143
v -6.32410 116.68542 24.17851
v -11.46485 117.18164 11.01762
v -21.21520 119.31750 11.41913
v -11.46485 117.18164 11.01762
v -6.32410 116.68542 24.17851
v -0.00000 116.14091 24.17676
v 0.00000 116.59156 10.96886
v -28.48170 200.04071 -115.26861
v -29.20449 198.71190 -88.83574
v -36.58390 190.38831 -89.02783
v -35.67960 191.45020 -115.70280
v -40.90280 181.29810 -89.16404
v -39.94240 181.78329 -116.25919
v -31.79360 177.77350 11.81029
v -33.46581 180.83771 -2.62142
v -36.17241 169.43561 11.52670
v -37.89221 172.10410 -2.65069
v -34.06680 166.98959 25.70269
v -29.90900 174.92639 25.92789
v -14.54350 140.42932 -228.85809
v 0.00000 145.96632 -202.34351
v -10.14371 140.55833 -234.80949
v -10.14371 140.55833 -234.80949
v 0.00000 145.96632 -202.34351
v -5.67431 140.91304 -239.22531
v -19.95620 159.70052 82.14481
v -24.82350 168.12982 54.80724
v -22.48650 153.63858 82.17544
v -27.94339 161.02161 54.79300
v -17.64802 148.40732 106.63163
v -15.55611 153.57980 106.80045
v -17.43640 111.23399 -173.18709
v -31.02210 179.29448 -174.08711
v -27.42030 178.89047 -184.85870
v -24.45970 186.37837 -182.97420
v -27.51520 189.71097 -172.68159
v -21.53260 181.98747 -193.68442
v -25.10720 175.31479 -195.19801
v -39.03830 148.40308 -183.82211
v -37.61280 147.69789 -188.01089
v -36.27690 150.37398 -189.51088
v -36.49150 151.85556 -187.01900
v -34.59210 150.94038 -192.31880
v -35.58440 147.66788 -192.64539
v -18.89761 166.37585 -213.61659
v -23.56490 162.38097 -206.90392
v -22.69911 159.57626 -210.13132
v -20.11611 159.66757 -215.57281
v -25.16820 155.84946 -207.91650
v -22.16821 154.77145 -214.93640
v -23.81699 200.43716 -163.28162
v -30.81440 191.48058 -163.22591
v -35.36070 181.18118 -163.22830
v 0.00000 116.03492 119.12073
v -7.23392 117.64199 119.52976
v -5.60550 112.89559 131.85431
v -13.00364 121.52023 120.44930
v -10.21440 116.66138 133.15681
v 0.00000 117.39358 103.19003
v -16.04679 207.03900 -88.61324
v -15.64950 207.86978 -115.07071
v -15.40100 208.06009 -127.20292
v -15.64950 207.86978 -115.07071
v -13.74348 118.61162 -3.14757
v -28.45680 122.21120 -2.82334
v -21.21520 119.31750 11.41913
v -11.46485 117.18164 11.01762
v -48.71649 124.58630 -121.23829
v -50.00329 128.04617 -120.46159
v -47.83000 130.57478 -119.22358
v -46.36489 127.37387 -118.95699
v -46.32560 132.66818 -114.42479
v -44.09130 128.60309 -114.76009
v -47.85820 138.19598 -116.93859
v -48.46210 133.56190 -121.44711
v -50.32970 130.78568 -122.61960
v -48.63140 123.04379 -133.63869
v -43.39841 120.29018 -134.85118
v -42.70240 122.46377 -146.93513
v -48.55799 125.25448 -145.12827
v -50.54719 133.74838 -134.69788
v -48.16570 137.23999 -135.31641
v -47.33830 142.52368 -135.49771
v -48.88880 131.36761 -146.22520
v -18.42640 112.11848 -163.57065
v -33.39751 116.41708 -163.56134
v 0.00000 110.46569 -163.57494
v -43.81590 124.34177 -118.79208
v -43.53419 121.83588 -121.31250
v -41.48400 124.28789 -115.88530
v -36.23860 119.20108 -118.41920
v -41.48400 124.28789 -115.88530
v -44.09130 128.60309 -114.76009
v -35.74680 123.17888 -89.41590
v -36.23860 119.20108 -118.41920
v -43.42770 131.39938 -88.93183
v -46.32560 132.66818 -114.42479
v -47.85820 138.19598 -116.93859
v -47.36720 139.97148 -88.86553
v -17.58570 118.62884 -63.08027
v -0.00000 116.80734 -63.10178
v -0.00000 115.33688 -90.14008
v -18.65340 117.47128 -89.90006
v -17.58570 118.62884 -63.08027
v -15.81650 204.84915 -60.44999
v -28.81520 196.43805 -60.66508
v 0.00000 208.99785 -60.34308
v -0.00000 116.80734 -63.10178
v -16.09360 118.46110 -33.62640
v -13.74348 118.61162 -3.14757
v 0.00000 116.78322 -3.20487
v -39.40620 175.28168 -31.23670
v -35.02399 184.35172 -30.96450
v -27.70400 192.99249 -30.75470
v -36.17800 187.79944 -60.88278
v -40.49760 178.55453 -61.13717
v -15.15840 201.40791 -30.54021
v -6.55880 193.00882 38.94519
v -3.31530 198.60611 40.20579
v -2.31470 203.64034 42.70620
v -3.47200 207.85892 34.75569
v -4.97290 202.92943 30.21859
v -1.56340 208.50252 46.37449
v -1.01540 213.04610 50.62849
v 0.00000 211.75842 53.17049
v -1.48410 216.11700 46.76569
v -2.34510 212.19771 40.37599
v -19.75561 174.75681 54.28494
v -24.82350 168.12982 54.80724
v -27.71360 172.06372 39.78879
v -22.25650 179.34421 39.54739
v -31.39490 164.47910 39.78979
v -27.94339 161.02161 54.79300
v -14.03870 186.45700 38.99589
v -11.28380 181.11249 53.26409
v -60.88111 129.45178 17.58549
v -59.63440 126.09519 26.35550
v -60.27330 124.94148 27.14020
v -45.90570 125.29410 20.63749
v -41.38810 125.59021 21.55639
v -5.24100 155.34891 123.88269
v -9.64695 152.65305 123.81489
v -4.33280 151.91119 137.36281
v -8.00800 149.26578 137.39502
v 0.00000 156.42717 123.88984
v 0.02887 133.32596 -189.87643
v -33.83949 136.56912 -182.86971
v -30.50779 135.87033 -201.08012
v -33.83949 136.56912 -182.86971
v -19.50030 135.02148 -183.69739
v -20.43590 138.19539 -176.00751
v -40.66971 139.74097 -173.83391
v -0.00000 137.98399 -175.19009
v -20.43590 138.19539 -176.00751
v -19.50030 135.02148 -183.69739
v 0.00000 134.82016 -184.23610
v -25.94779 148.11227 -215.21910
v -22.23160 147.88338 -221.58730
v -22.09390 150.42647 -219.84718
v -24.60260 151.37076 -214.06598
v -19.92520 152.70898 -221.56821
v -9.66810 156.57027 -233.90221
v -12.27870 161.59045 -228.21141
v -14.17370 166.68745 -221.82910
v -16.49771 162.68057 -221.86320
v -16.05350 171.84407 -214.10609
v -12.47970 175.73846 -214.00412
v -14.46000 181.45587 -203.72221
v -18.61850 177.04337 -204.39322
v -21.68850 171.72318 -204.31380
v -3.03750 133.05122 -245.80191
v -5.29640 139.71558 -243.63007
v -10.36090 138.42509 -237.49068
v -12.09790 137.82265 -239.93628
v -6.35710 138.94154 -245.00659
v -6.35710 138.94154 -245.00659
v -39.87906 134.07002 -182.98085
v -33.83949 136.56912 -182.86971
v -30.50779 135.87033 -201.08012
v -2.82290 136.71170 -247.61438
v -2.66610 139.30542 -247.16316
v -2.24380 140.20218 -246.25427
v -5.29640 139.71558 -243.63007
v 0.00000 140.08017 -246.48308
v -2.24380 140.20218 -246.25427
v -2.66610 139.30542 -247.16316
v 0.00000 139.34581 -247.51308
v -0.00000 116.80068 39.44754
v -0.00000 116.80068 39.44754
v -0.00000 117.15340 54.77535
v -8.06478 117.99360 39.45646
v -12.38308 148.87814 123.64016
v -14.17621 144.14651 123.39211
v -11.94210 140.49438 136.93570
v -10.36800 145.36020 137.22491
v -6.98220 99.73750 152.11340
v -5.25600 83.19060 159.60062
v -3.36080 81.17701 154.63359
v -3.86100 95.26051 147.60890
v -2.99090 66.21400 161.54208
v -4.57890 68.41470 165.94600
v -4.24730 55.36411 171.54041
v -2.75640 53.05130 167.60579
v -2.46820 41.79831 173.39870
v -3.87360 44.13290 176.89209
v -3.07000 34.81511 182.50919
v -1.93740 32.56421 179.49490
v -0.00000 24.19751 185.48828
v -0.00000 31.81441 178.40100
v -1.93740 32.56421 179.49490
v -1.34120 25.17571 185.92020
v -1.34120 25.17571 185.92020
v -2.08170 26.81051 188.74658
v -5.59980 97.59739 164.24361
v -4.22010 84.66738 169.09552
v -3.36110 71.03819 174.22719
v -1.30300 73.48029 182.67749
v -2.12920 85.76339 178.73801
v -3.64020 99.76929 174.55771
v -1.64460 52.12360 188.31447
v -3.15320 48.08530 182.58957
v -3.20740 58.87640 178.49927
v -1.36550 62.37690 185.57159
v -1.46780 42.39071 191.80028
v -2.59310 38.56841 187.17627
v -1.83480 30.24251 192.01947
v -1.05510 32.85571 195.81967
v -0.62640 23.19601 200.16325
v -0.32970 26.57792 200.77649
v -0.00000 24.85172 201.87531
v -0.49360 35.36561 197.79388
v 0.00000 35.53982 198.68950
v -1.05510 32.85571 195.81967
v -0.49360 35.36561 197.79388
v -0.32970 26.57792 200.77649
v -0.62640 23.19601 200.16325
v -0.45100 64.65460 189.84679
v -0.68500 54.71571 191.88989
v -0.37020 75.13690 187.58850
v -0.85940 86.63419 184.14771
v -1.43920 97.76210 181.03471
v -3.50520 110.11000 175.37981
v -1.63050 107.13670 179.75992
v 0.00000 112.10600 181.92538
v -1.49250 113.77910 180.17360
v -3.35300 119.39510 175.89340
v -8.27760 110.02389 143.20802
v -4.48660 105.78469 141.19621
v -13.74730 128.89792 135.95143
v -11.74790 125.94270 146.87932
v -10.67720 117.57259 145.23370
v -12.83030 122.39541 134.66144
v -9.16810 112.44518 152.93759
v -9.86370 122.37829 156.75508
v -3.31530 206.83073 20.18810
v -2.31470 211.41733 27.84859
v -0.00000 213.03152 24.65579
v 0.00000 216.52904 33.60939
v -1.56340 215.20062 35.65249
v -2.31470 211.41733 27.84859
v -1.56340 215.20062 35.65249
v -1.48410 216.11700 46.76569
v -2.34510 212.19771 40.37599
v -1.01540 218.25632 43.21548
v -1.01540 218.25632 43.21548
v -1.56340 215.20062 35.65249
v 0.00000 216.52904 33.60939
v -0.00000 219.35274 42.34679
v -35.39720 159.21817 -181.32930
v -37.17860 153.94347 -182.18970
v -40.20930 149.34937 -179.09290
v -40.01020 153.78250 -172.87712
v -41.96060 148.42229 -172.24341
v -37.76290 160.57039 -172.65660
v -41.53860 160.96001 -163.51465
v -43.18109 152.46788 -163.52037
v -43.93510 146.13097 -163.60091
v -46.15891 151.52483 -150.89108
v -45.31412 161.28909 -150.81181
v -46.89050 150.05917 -135.52528
v -45.67710 160.61139 -135.11038
v -46.92780 159.29579 -117.09760
v -47.98360 148.51509 -116.78290
v -46.92780 159.29579 -117.09760
v -47.73211 159.65770 -89.17023
v -48.68180 149.40768 -88.99883
v -47.98360 148.51509 -116.78290
v -46.96609 157.93565 -61.78168
v -47.47790 148.21335 -62.01778
v -25.03880 165.64787 -202.24391
v -26.64350 167.82898 -197.99899
v -28.16140 169.81749 -193.56660
v -27.90151 167.37601 -196.01700
v -29.52890 171.11407 -188.31331
v -31.47281 170.02786 -183.22992
v -38.93360 170.76939 -163.42380
v -35.04770 169.23248 -172.53430
v -43.11918 171.59264 -150.63876
v -42.79670 171.19989 -131.10469
v -43.96960 170.72517 -116.82360
v -44.87901 170.67120 -89.21844
v -43.96960 170.72517 -116.82360
v -44.36650 168.32462 -61.46248
v -45.61180 155.81039 -32.06410
v -46.21870 146.54559 -32.40920
v -44.54781 145.38011 -2.78742
v -43.77461 153.98302 -2.74623
v -41.67130 152.54010 10.68920
v -42.46920 144.81961 10.35170
v -39.69600 143.69121 24.71870
v -39.12210 150.88562 25.00539
v -35.94680 148.42322 39.35419
v -35.94151 140.82191 39.50184
v -31.44739 137.08920 54.77870
v -31.98079 145.11650 54.78627
v -31.98079 145.11650 54.78627
v -25.89402 139.47162 81.71430
v -25.31584 132.23831 81.15910
v -31.44739 137.08920 54.77870
v -28.23750 129.03780 54.77639
v -19.99106 129.61423 105.14120
v -20.50415 135.93440 105.91887
v -16.51075 132.62558 122.56680
v -15.84507 126.72671 121.57180
v -43.13821 165.57851 -31.63820
v -41.44221 163.02182 -2.69648
v -39.51870 160.88499 11.11690
v -37.19170 158.81380 25.36429
v -34.28530 156.45390 39.61980
v -30.57100 153.22220 54.79173
v -6.73520 150.26649 159.86920
v -3.66099 155.72679 158.20029
v -3.19719 164.26239 172.26448
v -5.18680 160.29222 175.34500
v -2.75030 173.68660 186.39162
v -4.46160 170.12741 189.21619
v -3.90330 183.19743 210.13298
v -2.49500 186.32971 206.96298
v -2.29320 193.33923 221.85167
v -3.56870 190.52647 224.26903
v -1.92940 199.57979 236.29883
v -2.92330 197.44775 238.10899
v -0.00000 200.74641 236.06496
v -0.00000 194.48491 220.73134
v -1.35610 203.19218 245.38712
v -1.77680 202.34171 247.72375
v 0.00000 204.35608 246.70584
v 0.00000 204.50951 253.63466
v -1.14570 192.23369 241.40350
v -1.34610 182.79503 229.77290
v -2.80840 186.67070 227.03972
v -2.38520 194.56892 239.39964
v -3.13830 178.39894 213.87688
v -1.58870 173.45268 217.56673
v -1.68310 199.84863 247.19098
v -0.74790 199.39284 249.44588
v -0.74790 199.39284 249.44588
v -1.68310 199.84863 247.19098
v -1.77680 202.34171 247.72375
v 0.00000 204.50951 253.63466
v 0.00000 204.50951 253.63466
v 0.00000 197.58720 250.60085
v -0.32710 196.71373 249.13185
v -0.74790 199.39284 249.44588
v -0.32710 196.71373 249.13185
v -0.45590 189.74681 242.59975
v -1.14570 192.23369 241.40350
v 0.00000 189.15758 243.56294
v 0.00000 197.58720 250.60085
v -0.51520 179.92134 232.07640
v -1.34610 182.79503 229.77290
v -0.51520 179.92134 232.07640
v -0.64330 169.87674 220.57414
v 0.00000 168.43132 221.90700
v -0.64330 169.87674 220.57414
v 0.00000 178.73470 233.12038
v 0.00000 178.73470 233.12038
v -0.51520 179.92134 232.07640
v -0.45590 189.74681 242.59975
v 0.00000 189.15758 243.56294
v -0.97870 162.25269 211.10545
v -2.11350 166.58174 207.79674
v -1.34450 154.46257 202.23224
v -2.70440 159.16460 198.58568
v -3.88610 135.97362 177.63861
v -1.66360 133.42813 184.82350
v -1.66900 125.79271 182.02022
v -3.83090 127.24160 175.73210
v -1.50220 120.41840 181.86749
v -0.00000 119.85360 184.35190
v 0.00000 125.15669 184.45380
v -3.88050 151.66869 148.23030
v -7.16110 148.49408 148.61639
v -11.55220 132.64578 147.75124
v -9.94260 130.93446 156.61430
v -10.56020 138.38618 148.19121
v -9.33950 136.99207 157.00731
v -13.25990 134.96898 136.61041
v -11.57800 144.38176 -234.95129
v -6.73080 144.39595 -239.84579
v -6.73080 144.39595 -239.84579
v -11.57800 144.38176 -234.95129
v -10.14371 140.55833 -234.80949
v -5.67431 140.91304 -239.22531
v -14.54350 140.42932 -228.85809
v -10.14371 140.55833 -234.80949
v -11.57800 144.38176 -234.95129
v -16.93501 144.41068 -228.82820
v -16.93501 144.41068 -228.82820
v -18.23731 157.40738 -222.00819
v -27.82870 152.35036 -206.13860
v -28.90790 148.60625 -209.04318
v -31.20540 148.05986 -203.89488
v -30.68770 151.35805 -200.57471
v -33.46210 165.32106 -181.28902
v -32.83560 151.07826 -195.98740
v -33.43970 147.76778 -198.18449
v -0.00000 24.19751 185.48828
v -1.34120 25.17571 185.92020
v -0.85690 19.45922 192.70036
v 0.00000 17.85052 193.96529
v 0.00000 17.85052 193.96529
v -0.85690 19.45922 192.70036
v -1.15350 19.51902 195.95917
v -0.00000 15.24912 202.51987
v -2.08170 26.81051 188.74658
v -1.18660 23.02502 196.87936
v -1.15350 19.51902 195.95917
v -1.15350 19.51902 195.95917
v -1.18660 23.02502 196.87936
v -0.62640 23.19601 200.16325
v -0.65570 44.84881 194.68529
v -0.00000 45.73681 195.69308
v -0.00000 45.73681 195.69308
v -0.65570 44.84881 194.68529
v -0.68500 54.71571 191.88989
v -0.00000 55.65020 193.14027
v -0.65570 44.84881 194.68529
v -1.46780 42.39071 191.80028
v -1.08490 116.71030 182.12662
v -0.00000 115.81069 183.72052
v -0.62460 217.12431 54.88599
v 0.00000 217.26741 57.10779
v -0.78070 219.78792 53.61058
v -0.00000 221.11333 56.60149
v -0.62460 220.65993 50.15348
v -0.78070 219.78792 53.61058
v -0.00000 221.68694 51.19219
v -0.00000 221.11333 56.60149
v -0.00000 221.68694 51.19219
v -0.62460 220.65993 50.15348
v -41.45800 122.70228 -163.55045
v -44.22290 125.20188 -151.11662
v -49.06480 127.78649 -146.77811
v -7.31550 107.66150 160.81091
v -6.88350 111.39489 165.54601
v -2.58180 180.41063 196.55031
v -4.11730 177.08012 199.63039
v -4.09480 164.83643 193.76390
v -3.56040 171.99734 203.67554
v -6.90110 135.09818 166.53342
v -6.97880 129.04427 166.60240
v -6.79630 122.20840 166.74991
v -5.86830 114.55669 169.28111
v -30.73890 139.14334 -193.70374
v -28.75120 139.35367 -203.12767
v -28.75120 139.35367 -203.12767
v 0.00000 145.96632 -202.34351
v -25.51700 139.94373 -213.08484
v -12.89069 206.82059 -163.26021
v -2.69310 135.04498 -247.63507
v 0.00000 140.08017 -246.48308
v -2.24380 140.20218 -246.25427
v -2.24380 140.20218 -246.25427
v -5.29640 139.71558 -243.63007
v -2.60250 141.17323 -242.23969
v -5.67431 140.91304 -239.22531
v 0.00000 141.38263 -242.98380
v -2.60250 141.17323 -242.23969
v -7.84430 184.80791 -203.54114
v -19.21880 140.29942 -221.52527
v -25.51700 139.94373 -213.08484
v -14.54350 140.42932 -228.85809
v -19.21880 140.29942 -221.52527
v 0.00000 141.38263 -242.98380
v 0.00000 144.88757 -243.92181
v -3.06900 144.67897 -242.87410
v -2.60250 141.17323 -242.23969
v -2.60250 141.17323 -242.23969
v -3.06900 144.67897 -242.87410
v -6.73080 144.39595 -239.84579
v -5.67431 140.91304 -239.22531
v -3.06900 144.67897 -242.87410
v -3.29730 148.03008 -242.23070
v 0.00000 144.88757 -243.92181
v 0.00000 148.27719 -243.18460
v -30.73890 139.14334 -193.70374
v -33.70120 138.92363 -183.58083
v 0.00000 145.96632 -202.34351
v -22.12630 144.25697 -222.11389
v -19.21880 140.29942 -221.52527
v -14.54350 140.42932 -228.85809
v -25.51700 139.94373 -213.08484
v -19.21880 140.29942 -221.52527
v -22.12630 144.25697 -222.11389
v -26.35889 144.43394 -215.90036
v -26.35889 144.43394 -215.90036
v -28.84000 144.46162 -211.61638
v -25.51700 139.94373 -213.08484
v -30.25000 144.29445 -207.73909
v -32.55251 143.63367 -200.96292
v -28.75120 139.35367 -203.12767
v -30.73890 139.14334 -193.70374
v -28.75120 139.35367 -203.12767
v -32.55251 143.63367 -200.96292
v -35.35851 143.41676 -192.92989
v -35.35851 143.41676 -192.92989
v -38.27900 143.58789 -185.61929
v -33.70120 138.92363 -183.58083
v -30.73890 139.14334 -193.70374
v -40.66971 139.74097 -173.83391
v -33.70120 138.92363 -183.58083
v -38.27900 143.58789 -185.61929
v -40.61040 144.28268 -179.91261
v -40.61040 144.28268 -179.91261
v -41.64930 145.63689 -176.69142
v -42.72410 144.13060 -172.16061
v -43.87440 142.78738 -163.58107
v -15.66440 209.30159 -131.78621
v -28.53350 201.88527 -131.82600
v -35.81219 192.38889 -132.44569
v -39.68210 181.76863 -133.39845
v -42.32490 171.16423 -134.42923
v -43.53560 171.14558 -137.70560
v -50.54719 133.74838 -134.69788
v -50.32970 130.78568 -122.61960
v -54.06370 129.06900 -122.06221
v -55.65699 131.58928 -133.35869
v -58.65480 128.10390 -119.72501
v -62.13350 130.42090 -131.22810
v -64.36969 128.38005 -140.64294
v -56.20671 129.49574 -142.77043
v -48.88880 131.36761 -146.22520
v -48.63140 123.04379 -133.63869
v -54.68569 123.84989 -131.89738
v -53.43210 124.99630 -121.06352
v -48.71649 124.58630 -121.23829
v -61.21429 123.68430 -129.57201
v -57.77611 125.09321 -118.65833
v -55.98070 125.96009 -142.97292
v -64.34470 125.66529 -141.31850
v -48.55799 125.25448 -145.12827
v -63.09399 127.58219 -115.55791
v -68.61530 129.90140 -128.23520
v -68.38240 127.28529 -109.40421
v -75.72119 129.67830 -124.10641
v -72.04820 127.92041 -138.48291
v -80.06000 127.77381 -135.85371
v -67.87000 123.52309 -126.60741
v -62.20070 124.96670 -114.37762
v -75.21109 123.37489 -122.56010
v -67.59639 124.70971 -108.12170
v -72.19789 125.45469 -139.34579
v -80.35899 125.30349 -136.75931
v -104.03310 125.85680 -84.51701
v -113.30939 125.61560 -80.86151
v -118.00769 127.52439 -92.19631
v -110.05420 127.97679 -98.96011
v -121.82179 125.46251 -76.98551
v -125.54280 127.12259 -85.39242
v -122.57561 126.56129 -102.72562
v -115.40239 126.88719 -111.52751
v -129.29459 126.23409 -93.75182
v -109.88739 123.12249 -98.07561
v -117.81139 123.02669 -91.65261
v -112.83720 123.67872 -79.63912
v -103.57770 123.77430 -83.25751
v -125.28099 122.89609 -85.19762
v -121.33820 123.61401 -75.89842
v -115.93568 124.78759 -112.53841
v -123.04289 124.51019 -103.68431
v -129.67328 124.21777 -94.62562
v -48.71649 124.58630 -121.23829
v -53.43210 124.99630 -121.06352
v -53.53020 126.91509 -119.95863
v -50.00329 128.04617 -120.46159
v -57.69930 126.51990 -117.57253
v -57.77611 125.09321 -118.65833
v -56.21111 127.70973 -144.31154
v -64.71840 127.00453 -142.47433
v -49.06480 127.78649 -146.77811
v -62.20070 124.96670 -114.37762
v -61.79899 126.19869 -113.16120
v -66.84320 125.90710 -106.63580
v -67.59639 124.70971 -108.12170
v -72.62839 126.67090 -140.52872
v -80.80910 126.52560 -138.11421
v -103.57770 123.77430 -83.25751
v -112.83720 123.67872 -79.63912
v -112.38420 124.54691 -78.57131
v -102.91130 124.69790 -81.76531
v -121.03949 124.46361 -75.17841
v -121.33820 123.61401 -75.89842
v -123.51100 125.56239 -104.80521
v -116.46970 125.86580 -113.93182
v -130.07248 125.24960 -95.46043
v -138.21246 126.31759 -73.19001
v -135.49449 125.23061 -69.33810
v -138.56808 125.12710 -68.20561
v -140.91228 125.80978 -70.69250
v -139.75748 125.00829 -68.25401
v -141.95609 125.33640 -69.83002
v -142.99054 125.48605 -73.91161
v -141.01189 125.71439 -77.53912
v -143.19887 125.26308 -72.55811
v -141.29277 123.95079 -78.12321
v -143.38547 124.18060 -74.12681
v -140.91107 123.71180 -70.73232
v -137.78519 122.94101 -73.57961
v -143.53757 124.52909 -72.55791
v -142.27489 124.57360 -69.55350
v -139.82188 124.34529 -67.90801
v -138.49278 123.94740 -67.76282
v -135.18819 123.62680 -68.86533
v -142.99054 125.48605 -73.91161
v -143.51022 124.83936 -74.50810
v -141.61697 124.86169 -78.47102
v -143.62534 124.89696 -72.49331
v -143.19887 125.26308 -72.55811
v -75.52139 126.99438 -101.10702
v -84.07010 129.39922 -118.56831
v -84.17290 126.66299 -93.17992
v -92.95221 129.02423 -112.21973
v -89.22290 127.59680 -132.31880
v -98.63420 127.39141 -127.24752
v -83.79570 123.24829 -116.98640
v -74.85361 124.41533 -99.79091
v -92.83699 123.16470 -110.66871
v -83.61200 124.13611 -91.87081
v -89.64679 125.18679 -133.26381
v -99.14540 125.08119 -128.22762
v -73.84550 125.60072 -97.90731
v -82.52049 125.28450 -89.74773
v -83.61200 124.13611 -91.87081
v -74.85361 124.41533 -99.79091
v -90.12819 126.38580 -134.87001
v -99.66031 126.24071 -129.99011
v -93.99890 126.24489 -88.13661
v -101.65790 128.51341 -105.65912
v -107.39130 127.15941 -120.00922
v -101.54840 123.14559 -104.38971
v -93.51140 123.92459 -86.84731
v -107.93910 124.96299 -121.01932
v -92.58301 124.96370 -84.92892
v -93.51140 123.92459 -86.84731
v -108.48019 126.07961 -122.66882
v -129.56459 125.33822 -72.70461
v -132.68347 126.73769 -78.57341
v -135.94328 125.95770 -84.75442
v -132.25708 122.76830 -78.78732
v -129.12929 123.55619 -71.94212
v -136.23927 123.99729 -85.53072
v -128.91498 124.40120 -71.41821
v -134.97589 124.40011 -68.49452
v -135.18819 123.62680 -68.86533
v -129.12929 123.55619 -71.94212
v -136.62279 125.00719 -86.06873
v -24.70829 146.75035 82.04251
v -30.57100 153.22220 54.79173
v -19.51023 142.36211 106.37668
v -15.75323 138.58060 123.10390
v -1.56410 143.91962 192.51620
v -3.14550 148.18372 188.05670
v -5.69920 144.69431 170.42102
v -4.76130 154.28703 181.47112
v -7.04800 140.40358 164.23788
v -8.50320 142.91548 156.73471
v -9.24210 143.86780 148.54141
v -139.82188 124.34529 -67.90801
v -139.87016 124.67139 -67.88470
v -138.18729 124.50099 -67.61102
v -138.49278 123.94740 -67.76282
v -141.95609 125.33640 -69.83002
v -142.51678 125.01980 -69.35152
v -142.51678 125.01980 -69.35152
v -142.27489 124.57360 -69.55350
v -62.44811 124.05719 27.66060
v -60.27330 124.94148 27.14020
v 0.00000 116.59156 10.96886
v 0.00000 116.78322 -3.20487
v 19.50030 135.02148 -183.69739
v 0.00000 134.82016 -184.23610
v 20.43590 138.19539 -176.00751
v 40.66970 139.74097 -173.83389
v -0.00000 143.64900 -182.38501
v 40.66970 139.74097 -173.83389
v 33.70120 138.92365 -183.58080
v -0.00000 143.64900 -182.38501
v 0.00000 145.96632 -202.34351
v 0.00000 145.96632 -202.34351
v -33.70120 138.92363 -183.58083
v -40.66971 139.74097 -173.83391
v -40.66971 139.74097 -173.83391
v -20.43590 138.19539 -176.00751
v -0.00000 137.98399 -175.19009
v -0.00000 137.98399 -175.19009
vt 0.605800 0.403300
vt 0.598000 0.423100
vt 0.566700 0.406900
vt 0.574300 0.390400
vt 0.598000 0.423100
vt 0.584000 0.443200
vt 0.557100 0.424300
vt 0.566700 0.406900
vt 0.530200 0.405400
vt 0.540700 0.392200
vt 0.547900 0.378700
vt 0.574300 0.390400
vt 0.068728 0.388329
vt 0.073728 0.364529
vt 0.030461 0.256064
vt 0.030461 0.256064
vt 0.073728 0.364529
vt 0.078742 0.302793
vt 0.686100 0.343100
vt 0.678400 0.341600
vt 0.678700 0.333800
vt 0.683600 0.332700
vt 0.671500 0.340000
vt 0.674400 0.330600
vt 0.681100 0.323300
vt 0.662800 0.335900
vt 0.669400 0.328200
vt 0.654100 0.327500
vt 0.669400 0.323700
vt 0.693500 0.302900
vt 0.686800 0.313400
vt 0.681200 0.312400
vt 0.679800 0.305800
vt 0.675500 0.316100
vt 0.668900 0.310200
vt 0.708300 0.316200
vt 0.693600 0.318900
vt 0.692900 0.314000
vt 0.705200 0.307000
vt 0.708800 0.326800
vt 0.695500 0.323600
vt 0.704300 0.336300
vt 0.691300 0.328000
vt 0.518100 0.062100
vt 0.535000 0.066200
vt 0.534300 0.075400
vt 0.512300 0.065400
vt 0.608237 0.083382
vt 0.606357 0.101301
vt 0.530700 0.082600
vt 0.602967 0.113584
vt 0.508200 0.070300
vt 0.779600 0.124000
vt 0.774900 0.159700
vt 0.741500 0.148100
vt 0.746900 0.115000
vt 0.769700 0.186300
vt 0.735100 0.172500
vt 0.671938 0.144609
vt 0.677866 0.127052
vt 0.682555 0.100680
vt 0.607493 0.058856
vt 0.531200 0.054200
vt 0.604581 0.034280
vt 0.525200 0.040800
vt 0.683635 0.022218
vt 0.684105 0.063468
vt 0.696100 0.341900
vt 0.689000 0.332400
vt 0.749800 0.070100
vt 0.751300 0.019200
vt 0.509800 0.362500
vt 0.525100 0.368700
vt 0.518700 0.379500
vt 0.501300 0.367500
vt 0.509400 0.390000
vt 0.488600 0.374600
vt 0.489300 0.355200
vt 0.504100 0.352500
vt 0.478000 0.361500
vt 0.467400 0.348500
vt 0.481000 0.343700
vt 0.499300 0.338500
vt 0.759300 0.232100
vt 0.764600 0.207900
vt 0.799571 0.217135
vt 0.796681 0.234356
vt 0.803448 0.195445
vt 0.845497 0.204137
vt 0.844197 0.222837
vt 0.844645 0.244293
vt 0.669700 0.319100
vt 0.658500 0.316300
vt 0.552500 0.353600
vt 0.526000 0.346700
vt 0.531200 0.337900
vt 0.552200 0.339600
vt 0.520900 0.329100
vt 0.550100 0.322800
vt 0.160957 0.012395
vt 0.180864 0.099384
vt 0.155705 0.103214
vt 0.123727 0.014846
vt 0.195161 0.173113
vt 0.176763 0.176506
vt 0.164059 0.187005
vt 0.135399 0.113244
vt 0.087900 0.020600
vt 0.360136 0.179854
vt 0.330098 0.177958
vt 0.340704 0.109308
vt 0.374089 0.120762
vt 0.303604 0.174753
vt 0.307083 0.105851
vt 0.303659 0.030494
vt 0.350243 0.032563
vt 0.392262 0.052827
vt 0.893200 0.459900
vt 0.888300 0.507600
vt 0.836536 0.504887
vt 0.843352 0.460912
vt 0.886200 0.560500
vt 0.828362 0.552523
vt 0.746202 0.847571
vt 0.793700 0.837500
vt 0.803000 0.869200
vt 0.754691 0.883455
vt 0.841400 0.825800
vt 0.850000 0.853500
vt 0.861100 0.880700
vt 0.817200 0.899400
vt 0.769200 0.926800
vt 0.739207 0.639457
vt 0.735554 0.669345
vt 0.641100 0.669200
vt 0.642200 0.637900
vt 0.736141 0.695102
vt 0.641500 0.696200
vt 0.548762 0.698421
vt 0.547942 0.671470
vt 0.548631 0.638965
vt 0.973300 0.385900
vt 0.974300 0.419000
vt 0.933200 0.419200
vt 0.929500 0.384300
vt 0.975200 0.452100
vt 0.934000 0.458300
vt 0.509600 0.253500
vt 0.524500 0.243000
vt 0.512800 0.231100
vt 0.500900 0.234000
vt 0.533900 0.227900
vt 0.515200 0.219300
vt 0.489900 0.208600
vt 0.538100 0.210300
vt 0.521900 0.209400
vt 0.534000 0.191500
vt 0.515000 0.198200
vt 0.497100 0.161400
vt 0.473000 0.164300
vt 0.478500 0.178700
vt 0.493800 0.181200
vt 0.453100 0.177800
vt 0.468700 0.190400
vt 0.443900 0.198200
vt 0.459100 0.201300
vt 0.444200 0.220500
vt 0.463400 0.215000
vt 0.452900 0.240000
vt 0.465100 0.229200
vt 0.468400 0.253400
vt 0.477400 0.233900
vt 0.489100 0.257400
vt 0.489200 0.240800
vt 0.509100 0.184400
vt 0.518900 0.172800
vt 0.685200 0.429900
vt 0.726100 0.440800
vt 0.718100 0.472900
vt 0.677500 0.457300
vt 0.764500 0.449100
vt 0.756300 0.485900
vt 0.746400 0.526800
vt 0.706600 0.506700
vt 0.666800 0.486700
vt 0.826620 0.666357
vt 0.878081 0.661533
vt 0.877954 0.689458
vt 0.937868 0.667778
vt 0.815583 0.702778
vt 0.835738 0.687226
vt 0.595061 0.130565
vt 0.596693 0.125585
vt 0.666331 0.155897
vt 0.662282 0.162305
vt 0.596693 0.125585
vt 0.595061 0.130565
vt 0.520800 0.094200
vt 0.526000 0.088700
vt 0.526000 0.088700
vt 0.896700 0.381700
vt 0.895500 0.418600
vt 0.847880 0.419893
vt 0.850179 0.381474
vt 0.797600 0.696600
vt 0.791895 0.692305
vt 0.803200 0.679500
vt 0.815877 0.684720
vt 0.106900 0.849500
vt 0.067800 0.844800
vt 0.076500 0.827400
vt 0.105300 0.827400
vt 0.038560 0.827473
vt 0.034600 0.815100
vt 0.056700 0.798700
vt 0.068800 0.818100
vt 0.100400 0.812000
vt 0.090000 0.779700
vt 0.818855 0.672335
vt 0.776277 0.662852
vt 0.804400 0.674300
vt 0.073400 0.936900
vt 0.046700 0.913300
vt 0.052000 0.906200
vt 0.083300 0.928100
vt 0.020100 0.889700
vt 0.031900 0.887800
vt 0.039500 0.879300
vt 0.059400 0.899800
vt 0.088800 0.918600
vt 0.759400 0.670900
vt 0.763400 0.677400
vt 0.745887 0.673595
vt 0.778700 0.688900
vt 0.776800 0.694600
vt 0.775600 0.703600
vt 0.106800 0.858100
vt 0.153700 0.853000
vt 0.153500 0.861900
vt 0.149300 0.826800
vt 0.198000 0.826200
vt 0.201400 0.855400
vt 0.200900 0.865700
vt 0.081800 0.771300
vt 0.053000 0.791300
vt 0.024200 0.811400
vt 0.194800 0.804100
vt 0.145500 0.806900
vt 0.134900 0.764000
vt 0.184400 0.755600
vt 0.132900 0.756700
vt 0.184000 0.742000
vt 0.175300 0.975900
vt 0.124400 0.956400
vt 0.127500 0.948000
vt 0.173300 0.961500
vt 0.132100 0.936400
vt 0.180100 0.949600
vt 0.067500 0.854800
vt 0.038800 0.852300
vt 0.039800 0.840100
vt 0.853952 0.144751
vt 0.860323 0.086518
vt 0.917311 0.095439
vt 0.910618 0.140839
vt 0.861723 0.025710
vt 0.924240 0.030879
vt 0.917311 0.095439
vt 0.924240 0.030879
vt 0.973251 0.034817
vt 0.963517 0.093605
vt 0.067900 0.881400
vt 0.102500 0.888300
vt 0.147000 0.897600
vt 0.194100 0.906800
vt 0.956183 0.584544
vt 0.936381 0.625272
vt 0.884883 0.631288
vt 0.888625 0.598827
vt 0.828055 0.636932
vt 0.828767 0.606968
vt 0.910618 0.140839
vt 0.969800 0.156600
vt 0.371800 0.634200
vt 0.383221 0.586723
vt 0.469684 0.594537
vt 0.464223 0.643403
vt 0.404965 0.538189
vt 0.474024 0.545337
vt 0.749400 0.656600
vt 0.784874 0.644078
vt 0.787283 0.622476
vt 0.023700 0.823300
vt 0.018600 0.821400
vt 0.013100 0.831300
vt 0.024200 0.829600
vt 0.026100 0.836700
vt 0.022300 0.841500
vt 0.310300 0.858700
vt 0.305600 0.825100
vt 0.329900 0.823500
vt 0.339100 0.859000
vt 0.279000 0.858100
vt 0.277300 0.826100
vt 0.276100 0.805500
vt 0.304600 0.804900
vt 0.328900 0.801600
vt 0.301100 0.763800
vt 0.324500 0.760300
vt 0.272000 0.764300
vt 0.277000 0.759900
vt 0.300200 0.754100
vt 0.323300 0.748200
vt 0.241100 0.826300
vt 0.242900 0.857100
vt 0.278900 0.871700
vt 0.242200 0.869000
vt 0.345054 0.913326
vt 0.308600 0.920900
vt 0.312600 0.873900
vt 0.347300 0.872500
vt 0.273900 0.917500
vt 0.236000 0.913100
vt 0.223700 0.954700
vt 0.272600 0.960200
vt 0.021500 0.878500
vt 0.022800 0.872500
vt 0.015300 0.879300
vt 0.010500 0.869000
vt 0.021000 0.860300
vt 0.078742 0.302793
vt 0.089542 0.260511
vt 0.795146 0.599487
vt 0.836487 0.590040
vt 0.837053 0.565721
vt 0.791622 0.567546
vt 0.376600 0.877500
vt 0.375800 0.850200
vt 0.466511 0.846547
vt 0.467485 0.876499
vt 0.374900 0.823000
vt 0.466546 0.818988
vt 0.741209 0.818697
vt 0.787700 0.810500
vt 0.738232 0.793206
vt 0.783700 0.786100
vt 0.831700 0.778200
vt 0.835700 0.801100
vt 0.083901 0.328454
vt 0.079915 0.351649
vt 0.035436 0.257055
vt 0.079915 0.351649
vt 0.074515 0.377146
vt 0.035436 0.257055
vt 0.182841 0.013618
vt 0.201795 0.099577
vt 0.204822 0.014314
vt 0.220516 0.099575
vt 0.228095 0.172831
vt 0.212182 0.173105
vt 0.783000 0.075300
vt 0.787000 0.019600
vt 0.760800 0.380300
vt 0.766300 0.415800
vt 0.726900 0.412100
vt 0.721000 0.385900
vt 0.685900 0.405700
vt 0.682600 0.380700
vt 0.722300 0.274800
vt 0.710700 0.290600
vt 0.700700 0.287000
vt 0.705200 0.276100
vt 0.689300 0.292300
vt 0.686600 0.280900
vt 0.610700 0.365600
vt 0.601300 0.345400
vt 0.621700 0.340600
vt 0.635000 0.347000
vt 0.602200 0.328700
vt 0.629000 0.326300
vt 0.802000 0.416900
vt 0.798500 0.454600
vt 0.802500 0.381000
vt 0.343600 0.263900
vt 0.332600 0.259100
vt 0.327329 0.223493
vt 0.348926 0.223246
vt 0.314400 0.261300
vt 0.305679 0.222644
vt 0.374900 0.966300
vt 0.375800 0.921900
vt 0.469540 0.918322
vt 0.467307 0.970138
vt 0.974200 0.506000
vt 0.931600 0.506300
vt 0.926700 0.558400
vt 0.973300 0.560000
vt 0.787283 0.622476
vt 0.739207 0.639457
vt 0.743794 0.600017
vt 0.795146 0.599487
vt 0.950200 0.195000
vt 0.964100 0.199100
vt 0.963600 0.211800
vt 0.951900 0.204900
vt 0.976900 0.204200
vt 0.975200 0.218800
vt 0.973400 0.233400
vt 0.956300 0.222800
vt 0.953600 0.214800
vt 0.909800 0.186500
vt 0.869700 0.190000
vt 0.863291 0.171880
vt 0.909000 0.168800
vt 0.910618 0.140839
vt 0.853952 0.144751
vt 0.905500 0.234700
vt 0.905700 0.223700
vt 0.904900 0.252200
vt 0.865600 0.210700
vt 0.812200 0.132322
vt 0.816483 0.081139
vt 0.860323 0.086518
vt 0.820528 0.022542
vt 0.861723 0.025710
vt 0.955100 0.177100
vt 0.965700 0.185300
vt 0.969800 0.156600
vt 0.973400 0.180400
vt 0.375000 0.653800
vt 0.378200 0.673400
vt 0.463047 0.676591
vt 0.464185 0.702245
vt 0.375100 0.697500
vt 0.376600 0.685500
vt 0.546881 0.551165
vt 0.552731 0.597805
vt 0.558980 0.872752
vt 0.563676 0.912824
vt 0.558391 0.960477
vt 0.651500 0.557100
vt 0.646200 0.599300
vt 0.651500 0.557100
vt 0.745832 0.564226
vt 0.743794 0.600017
vt 0.646200 0.599300
vt 0.743794 0.600017
vt 0.651100 0.830500
vt 0.648200 0.803400
vt 0.655500 0.861200
vt 0.556207 0.841152
vt 0.554276 0.813002
vt 0.662800 0.900300
vt 0.671700 0.943700
vt 0.960300 0.856800
vt 0.957900 0.880700
vt 0.914900 0.890800
vt 0.908400 0.866800
vt 0.955400 0.904600
vt 0.922300 0.912000
vt 0.889900 0.923100
vt 0.874100 0.903500
vt 0.960100 0.923300
vt 0.933600 0.930800
vt 0.960100 0.923300
vt 0.964900 0.942000
vt 0.947300 0.947300
vt 0.933600 0.930800
vt 0.931200 0.955600
vt 0.909100 0.940300
vt 0.947300 0.947300
vt 0.938263 0.797951
vt 0.891800 0.813000
vt 0.887300 0.790100
vt 0.937170 0.778557
vt 0.884500 0.768700
vt 0.935616 0.759822
vt 0.899800 0.839700
vt 0.947754 0.828028
vt 0.238900 0.804400
vt 0.231600 0.758600
vt 0.230500 0.751000
vt 0.297600 0.962500
vt 0.322700 0.964800
vt 0.205266 0.223889
vt 0.191564 0.226368
vt 0.211100 0.263800
vt 0.197400 0.264000
vt 0.190000 0.272900
vt 0.183717 0.236409
vt 0.089542 0.260511
vt 0.089599 0.214649
vt 0.026873 0.225034
vt 0.089599 0.214649
vt 0.084486 0.156838
vt 0.042561 0.152403
vt 0.046800 0.201827
vt 0.018977 0.151024
vt 0.023742 0.192517
vt 0.600200 0.304100
vt 0.605200 0.315300
vt 0.583000 0.317800
vt 0.575100 0.310800
vt 0.576800 0.327900
vt 0.525700 0.357400
vt 0.551400 0.366200
vt 0.578200 0.375700
vt 0.578900 0.360800
vt 0.608700 0.385700
vt 0.605800 0.403300
vt 0.645500 0.396300
vt 0.643900 0.416900
vt 0.646900 0.376100
vt 0.509600 0.055000
vt 0.496200 0.048000
vt 0.492400 0.076900
vt 0.503300 0.075100
vt 0.520800 0.094200
vt 0.726853 0.187778
vt 0.715727 0.201762
vt 0.662282 0.162305
vt 0.666331 0.155897
vt 0.726853 0.187778
vt 0.715727 0.201762
vt 0.490900 0.066600
vt 0.495500 0.062200
vt 0.503300 0.075100
vt 0.492400 0.076900
vt 0.486000 0.071000
vt 0.490900 0.066600
vt 0.479600 0.065000
vt 0.483600 0.060600
vt 0.486000 0.071000
vt 0.487600 0.056200
vt 0.889531 0.576058
vt 0.220188 0.223640
vt 0.235159 0.223604
vt 0.240600 0.263400
vt 0.225300 0.263500
vt 0.350900 0.325600
vt 0.369000 0.314100
vt 0.402300 0.342000
vt 0.391800 0.355900
vt 0.376300 0.303600
vt 0.413200 0.333700
vt 0.450000 0.363900
vt 0.438500 0.370000
vt 0.427900 0.382300
vt 0.470100 0.394800
vt 0.459600 0.405700
vt 0.478700 0.387300
vt 0.507400 0.410600
vt 0.496700 0.417900
vt 0.486600 0.427200
vt 0.517700 0.440600
vt 0.508600 0.448200
vt 0.524800 0.434600
vt 0.542300 0.458600
vt 0.533800 0.463000
vt 0.526900 0.470100
vt 0.381600 0.381300
vt 0.349400 0.360200
vt 0.415300 0.403800
vt 0.403800 0.425300
vt 0.373200 0.406800
vt 0.338000 0.387100
vt 0.458200 0.454200
vt 0.432000 0.440300
vt 0.445500 0.423000
vt 0.472300 0.440900
vt 0.495500 0.459100
vt 0.482800 0.469600
vt 0.515700 0.477100
vt 0.506700 0.486100
vt 0.565000 0.529000
vt 0.529800 0.511500
vt 0.521400 0.503400
vt 0.531000 0.503600
vt 0.494500 0.494100
vt 0.498800 0.490200
vt 0.449100 0.462600
vt 0.423300 0.450700
vt 0.442100 0.467800
vt 0.417100 0.457700
vt 0.392100 0.447700
vt 0.396500 0.437900
vt 0.367800 0.421400
vt 0.364000 0.430500
vt 0.335900 0.413300
vt 0.340000 0.406800
vt 0.315600 0.399400
vt 0.309600 0.385300
vt 0.320100 0.410900
vt 0.304200 0.408500
vt 0.297700 0.398500
vt 0.315600 0.399400
vt 0.320100 0.410900
vt 0.297700 0.398500
vt 0.284300 0.383500
vt 0.345800 0.289600
vt 0.328400 0.294100
vt 0.359900 0.283800
vt 0.275500 0.263500
vt 0.295000 0.262800
vt 0.304400 0.296000
vt 0.279600 0.296300
vt 0.314800 0.320800
vt 0.285200 0.326300
vt 0.837900 0.921800
vt 0.803900 0.942700
vt 0.862600 0.939000
vt 0.838600 0.958700
vt 0.888600 0.953800
vt 0.870100 0.969300
vt 0.915000 0.965700
vt 0.901600 0.979800
vt 0.729600 0.295300
vt 0.733100 0.314500
vt 0.741100 0.275300
vt 0.766800 0.269300
vt 0.764700 0.290000
vt 0.765400 0.314500
vt 0.800188 0.282792
vt 0.800711 0.312296
vt 0.798759 0.260321
vt 0.847669 0.278784
vt 0.849187 0.311395
vt 0.905500 0.277300
vt 0.908000 0.312800
vt 0.971500 0.269600
vt 0.969500 0.305800
vt 0.371600 0.757100
vt 0.373300 0.727300
vt 0.464809 0.728697
vt 0.464823 0.757015
vt 0.549384 0.724692
vt 0.550231 0.752281
vt 0.654000 0.353900
vt 0.671200 0.357600
vt 0.679300 0.354400
vt 0.689100 0.360500
vt 0.708700 0.361100
vt 0.727300 0.353900
vt 0.766200 0.344700
vt 0.801600 0.345600
vt 0.850299 0.345482
vt 0.971400 0.345800
vt 0.923500 0.348500
vt 0.465732 0.788023
vt 0.373300 0.790000
vt 0.552046 0.782526
vt 0.641900 0.721500
vt 0.643000 0.747200
vt 0.734528 0.720286
vt 0.734797 0.743094
vt 0.776000 0.719500
vt 0.777500 0.739900
vt 0.824000 0.715900
vt 0.825800 0.734700
vt 0.878956 0.705014
vt 0.879300 0.725300
vt 0.931413 0.690674
vt 0.931770 0.714167
vt 0.254959 0.016911
vt 0.279834 0.020979
vt 0.283929 0.102278
vt 0.263217 0.100655
vt 0.283476 0.173795
vt 0.265542 0.173569
vt 0.286986 0.223114
vt 0.269452 0.223780
vt 0.645300 0.775000
vt 0.736062 0.767653
vt 0.780200 0.762300
vt 0.828400 0.755700
vt 0.881700 0.746800
vt 0.933461 0.737108
vt 0.203500 0.328200
vt 0.170400 0.369800
vt 0.158900 0.358200
vt 0.185000 0.321300
vt 0.139100 0.406200
vt 0.129800 0.394800
vt 0.115500 0.392200
vt 0.147200 0.351500
vt 0.178800 0.310800
vt 0.097900 0.458900
vt 0.073400 0.494700
vt 0.064600 0.486500
vt 0.088800 0.447900
vt 0.073400 0.494700
vt 0.049900 0.530300
vt 0.042900 0.524300
vt 0.064600 0.486500
vt 0.029700 0.527200
vt 0.056700 0.478900
vt 0.064600 0.486500
vt 0.042900 0.524300
vt 0.056700 0.478900
vt 0.083700 0.430600
vt 0.088800 0.447900
vt 0.033400 0.555800
vt 0.030500 0.548800
vt 0.033400 0.555800
vt 0.015200 0.584300
vt 0.022400 0.555700
vt 0.030500 0.548800
vt 0.064400 0.542300
vt 0.058300 0.535300
vt 0.084100 0.504200
vt 0.094200 0.513600
vt 0.049900 0.530300
vt 0.109600 0.472000
vt 0.121200 0.484500
vt 0.041800 0.562300
vt 0.041100 0.555300
vt 0.041800 0.562300
vt 0.015200 0.584300
vt 0.041100 0.555300
vt 0.033400 0.555800
vt 0.049300 0.562700
vt 0.043300 0.570600
vt 0.064400 0.542300
vt 0.070900 0.547000
vt 0.071300 0.557000
vt 0.043300 0.570600
vt 0.049300 0.562700
vt 0.070900 0.547000
vt 0.101400 0.521400
vt 0.070900 0.547000
vt 0.130000 0.494000
vt 0.143200 0.499900
vt 0.107300 0.528400
vt 0.107300 0.528400
vt 0.071300 0.557000
vt 0.101400 0.521400
vt 0.135700 0.463400
vt 0.145700 0.472700
vt 0.153800 0.442300
vt 0.164200 0.452000
vt 0.168900 0.458500
vt 0.156000 0.479200
vt 0.236300 0.382700
vt 0.262800 0.379700
vt 0.264300 0.398700
vt 0.239900 0.404700
vt 0.262800 0.379700
vt 0.284300 0.383500
vt 0.279100 0.400600
vt 0.264300 0.398700
vt 0.281200 0.417600
vt 0.266200 0.413500
vt 0.264300 0.398700
vt 0.279100 0.400600
vt 0.266200 0.413500
vt 0.251100 0.409400
vt 0.239900 0.404700
vt 0.210500 0.296200
vt 0.197000 0.294400
vt 0.184400 0.291900
vt 0.261100 0.322500
vt 0.259700 0.296300
vt 0.243500 0.321900
vt 0.242500 0.296200
vt 0.257400 0.263600
vt 0.490400 0.328100
vt 0.513300 0.319700
vt 0.480800 0.321300
vt 0.507000 0.310100
vt 0.533200 0.298900
vt 0.540500 0.310200
vt 0.513300 0.319700
vt 0.507000 0.310100
vt 0.540500 0.310200
vt 0.576900 0.343600
vt 0.635400 0.311700
vt 0.624200 0.299700
vt 0.643500 0.293100
vt 0.656500 0.302900
vt 0.733900 0.336100
vt 0.674500 0.297000
vt 0.665200 0.286700
vt 0.542300 0.458600
vt 0.553700 0.493800
vt 0.545600 0.485100
vt 0.533800 0.463000
vt 0.553700 0.493800
vt 0.565000 0.529000
vt 0.543300 0.494100
vt 0.545600 0.485100
vt 0.526900 0.470100
vt 0.543300 0.494100
vt 0.543300 0.494100
vt 0.533000 0.494600
vt 0.565000 0.529000
vt 0.531000 0.503600
vt 0.533000 0.494600
vt 0.468300 0.480900
vt 0.474400 0.476200
vt 0.304200 0.408500
vt 0.292700 0.413100
vt 0.289100 0.403000
vt 0.297700 0.398500
vt 0.289100 0.403000
vt 0.964900 0.942000
vt 0.978200 0.964800
vt 0.961800 0.961500
vt 0.947300 0.947300
vt 0.991400 0.987600
vt 0.955700 0.969500
vt 0.931200 0.955600
vt 0.961800 0.961500
vt 0.955700 0.969500
vt 0.940700 0.974100
vt 0.915000 0.965700
vt 0.946500 0.983700
vt 0.940700 0.974100
vt 0.901600 0.979800
vt 0.946500 0.983700
vt 0.808312 0.168913
vt 0.867811 0.186063
vt 0.867600 0.200300
vt 0.323800 0.345100
vt 0.311000 0.356100
vt 0.117400 0.432700
vt 0.108500 0.421000
vt 0.083700 0.430600
vt 0.099600 0.411400
vt 0.126400 0.448500
vt 0.146300 0.424600
vt 0.261900 0.352300
vt 0.244800 0.350000
vt 0.280900 0.355400
vt 0.300500 0.365600
vt 0.099355 0.232322
vt 0.093737 0.257127
vt 0.093737 0.257127
vt 0.087579 0.286908
vt 0.790500 0.495300
vt 0.780200 0.537600
vt 0.499700 0.058000
vt 0.491900 0.052100
vt 0.060806 0.399698
vt 0.064328 0.395933
vt 0.064328 0.395933
vt 0.068728 0.388329
vt 0.074515 0.377146
vt 0.071737 0.386543
vt 0.067117 0.394743
vt 0.071737 0.386543
vt 0.636200 0.440300
vt 0.625400 0.465000
vt 0.087579 0.286908
vt 0.085694 0.301426
vt 0.083901 0.328454
vt 0.085694 0.301426
vt 0.458100 0.331300
vt 0.469400 0.326300
vt 0.474700 0.334400
vt 0.462700 0.339900
vt 0.469400 0.326300
vt 0.480800 0.321300
vt 0.490400 0.328100
vt 0.474700 0.334400
vt 0.099355 0.232322
vt 0.104303 0.205477
vt 0.569000 0.300300
vt 0.533200 0.298900
vt 0.563900 0.288000
vt 0.594500 0.277000
vt 0.594800 0.292900
vt 0.569000 0.300300
vt 0.563900 0.288000
vt 0.594800 0.292900
vt 0.612072 0.288242
vt 0.594500 0.277000
vt 0.626300 0.284200
vt 0.651300 0.275800
vt 0.635200 0.264700
vt 0.675900 0.252400
vt 0.681900 0.267400
vt 0.651300 0.275800
vt 0.635200 0.264700
vt 0.681900 0.267400
vt 0.711100 0.260400
vt 0.675900 0.252400
vt 0.717600 0.242200
vt 0.734700 0.257000
vt 0.748500 0.259500
vt 0.765000 0.252400
vt 0.795957 0.247332
vt 0.906500 0.559500
vt 0.911600 0.507400
vt 0.915200 0.459200
vt 0.915700 0.419100
vt 0.914152 0.383195
vt 0.911284 0.348053
vt 0.898200 0.346700
vt 0.334100 0.527700
vt 0.317100 0.536100
vt 0.296100 0.514200
vt 0.306600 0.506500
vt 0.299900 0.544100
vt 0.282200 0.519500
vt 0.334800 0.556400
vt 0.314100 0.565800
vt 0.358600 0.546900
vt 0.363200 0.595100
vt 0.361300 0.628300
vt 0.350400 0.633500
vt 0.346000 0.602800
vt 0.328700 0.611100
vt 0.339600 0.638700
vt 0.320000 0.580500
vt 0.341300 0.572600
vt 0.364400 0.562800
vt 0.281600 0.551000
vt 0.265000 0.522300
vt 0.242400 0.524800
vt 0.260400 0.557300
vt 0.295100 0.574400
vt 0.275400 0.582800
vt 0.326200 0.654700
vt 0.310800 0.621000
vt 0.290700 0.632700
vt 0.312700 0.670600
vt 0.300500 0.588700
vt 0.280800 0.597600
vt 0.130500 0.572500
vt 0.154200 0.598600
vt 0.129400 0.611500
vt 0.109700 0.590500
vt 0.090400 0.607200
vt 0.105500 0.623400
vt 0.174800 0.622300
vt 0.147700 0.631600
vt 0.120500 0.640200
vt 0.176800 0.673500
vt 0.169200 0.718300
vt 0.139600 0.711900
vt 0.147500 0.676400
vt 0.120000 0.677900
vt 0.110100 0.705600
vt 0.180200 0.636100
vt 0.152700 0.644200
vt 0.125200 0.651600
vt 0.294500 0.495300
vt 0.300500 0.500900
vt 0.290500 0.507700
vt 0.286900 0.503000
vt 0.278300 0.513000
vt 0.279400 0.510700
vt 0.317400 0.572500
vt 0.338900 0.563700
vt 0.361500 0.554900
vt 0.261800 0.515400
vt 0.260700 0.511600
vt 0.238900 0.517400
vt 0.242000 0.512500
vt 0.298000 0.580800
vt 0.278500 0.589400
vt 0.121300 0.565000
vt 0.125200 0.566900
vt 0.105000 0.585800
vt 0.102500 0.583400
vt 0.086500 0.603200
vt 0.083700 0.601800
vt 0.179200 0.628200
vt 0.151900 0.637000
vt 0.124300 0.645300
vt 0.063600 0.643300
vt 0.054400 0.647200
vt 0.051400 0.639200
vt 0.057700 0.633200
vt 0.049200 0.648800
vt 0.049800 0.641800
vt 0.070400 0.655700
vt 0.059700 0.656600
vt 0.054800 0.654800
vt 0.074700 0.664000
vt 0.073600 0.678900
vt 0.061800 0.678400
vt 0.063600 0.667700
vt 0.059700 0.669800
vt 0.053400 0.677600
vt 0.059800 0.689300
vt 0.056400 0.685600
vt 0.063300 0.693000
vt 0.073200 0.660000
vt 0.062500 0.664900
vt 0.060700 0.663000
vt 0.058400 0.668700
vt 0.056800 0.667700
vt 0.234600 0.563600
vt 0.212200 0.529200
vt 0.207000 0.572000
vt 0.180600 0.537900
vt 0.253200 0.591400
vt 0.228700 0.600900
vt 0.279200 0.695000
vt 0.266400 0.646600
vt 0.245700 0.719400
vt 0.238600 0.659400
vt 0.258900 0.607600
vt 0.234700 0.617900
vt 0.207800 0.521600
vt 0.175200 0.530600
vt 0.170400 0.523800
vt 0.206200 0.518100
vt 0.256900 0.598700
vt 0.232900 0.608500
vt 0.180100 0.584500
vt 0.153700 0.553600
vt 0.202200 0.611600
vt 0.207400 0.718800
vt 0.208000 0.668100
vt 0.208000 0.627400
vt 0.148200 0.547100
vt 0.145900 0.544400
vt 0.206600 0.618500
vt 0.082100 0.634700
vt 0.071900 0.622000
vt 0.092700 0.648800
vt 0.086700 0.699300
vt 0.094200 0.678700
vt 0.097200 0.658400
vt 0.068800 0.618800
vt 0.055400 0.630700
vt 0.049400 0.631800
vt 0.066600 0.616800
vt 0.095900 0.653200
vt 0.229844 0.015331
vt 0.241960 0.100466
vt 0.246946 0.173441
vt 0.252128 0.223775
vt 0.251100 0.409400
vt 0.210000 0.433900
vt 0.201000 0.425900
vt 0.191600 0.413200
vt 0.181400 0.391300
vt 0.215000 0.360000
vt 0.230600 0.342300
vt 0.226300 0.320300
vt 0.225900 0.296500
vt 0.046400 0.641300
vt 0.047900 0.636600
vt 0.049700 0.637500
vt 0.048400 0.641500
vt 0.052700 0.676500
vt 0.052000 0.675400
vt 0.047900 0.649100
vt 0.046700 0.649500
vt 0.224000 0.968100
vt 0.209600 0.964600
vt 0.743794 0.600017
vt 0.745832 0.564226
vt 0.791622 0.567546
vt 0.795146 0.599487
vt 0.605800 0.403300
vt 0.574300 0.390400
vt 0.566700 0.406900
vt 0.598000 0.423100
vt 0.598000 0.423100
vt 0.566700 0.406900
vt 0.540700 0.392200
vt 0.574300 0.390400
vt 0.547900 0.378700
vt 0.068726 0.388164
vt 0.030264 0.255934
vt 0.073726 0.365142
vt 0.030264 0.255934
vt 0.078740 0.303147
vt 0.073726 0.365142
vt 0.686100 0.343100
vt 0.683600 0.332700
vt 0.678700 0.333800
vt 0.678400 0.341600
vt 0.674400 0.330600
vt 0.671500 0.340000
vt 0.681100 0.323300
vt 0.669400 0.328200
vt 0.662800 0.335900
vt 0.669400 0.323700
vt 0.654100 0.327500
vt 0.693500 0.302900
vt 0.679800 0.305800
vt 0.681200 0.312400
vt 0.686800 0.313400
vt 0.675500 0.316100
vt 0.668900 0.310200
vt 0.708300 0.316200
vt 0.705200 0.307000
vt 0.692900 0.314000
vt 0.693600 0.318900
vt 0.695500 0.323600
vt 0.708800 0.326800
vt 0.691300 0.328000
vt 0.704300 0.336300
vt 0.518100 0.062100
vt 0.512300 0.065400
vt 0.534300 0.075400
vt 0.535000 0.066200
vt 0.606357 0.101301
vt 0.608237 0.083382
vt 0.530700 0.082600
vt 0.602966 0.113585
vt 0.508200 0.070300
vt 0.779600 0.124000
vt 0.746900 0.115000
vt 0.741500 0.148100
vt 0.774900 0.159700
vt 0.735100 0.172500
vt 0.769700 0.186300
vt 0.677866 0.127052
vt 0.671938 0.144609
vt 0.682555 0.100680
vt 0.607493 0.058856
vt 0.531200 0.054200
vt 0.604581 0.034280
vt 0.684105 0.063468
vt 0.683635 0.022218
vt 0.689000 0.332400
vt 0.696100 0.341900
vt 0.749800 0.070100
vt 0.509800 0.362500
vt 0.501300 0.367500
vt 0.518700 0.379500
vt 0.525100 0.368700
vt 0.504100 0.352500
vt 0.489300 0.355200
vt 0.481000 0.343700
vt 0.499300 0.338500
vt 0.759300 0.232100
vt 0.796693 0.234245
vt 0.799571 0.217141
vt 0.764600 0.207900
vt 0.803446 0.195457
vt 0.845380 0.204084
vt 0.844073 0.223425
vt 0.844825 0.244319
vt 0.669700 0.319100
vt 0.658500 0.316300
vt 0.552500 0.353600
vt 0.552200 0.339600
vt 0.531200 0.337900
vt 0.526000 0.346700
vt 0.520900 0.329100
vt 0.550100 0.322800
vt 0.160754 0.012391
vt 0.123567 0.014833
vt 0.155705 0.103214
vt 0.180864 0.099384
vt 0.176763 0.176506
vt 0.195161 0.173113
vt 0.164059 0.187005
vt 0.135399 0.113244
vt 0.360136 0.179854
vt 0.374089 0.120762
vt 0.340704 0.109308
vt 0.330098 0.177958
vt 0.330098 0.177958
vt 0.340704 0.109308
vt 0.307083 0.105851
vt 0.303604 0.174753
vt 0.302575 0.030172
vt 0.307083 0.105851
vt 0.349611 0.032315
vt 0.349611 0.032315
vt 0.340704 0.109308
vt 0.374089 0.120762
vt 0.390905 0.052485
vt 0.893200 0.459900
vt 0.843330 0.461006
vt 0.836511 0.504990
vt 0.888300 0.507600
vt 0.828551 0.551660
vt 0.746212 0.847568
vt 0.754711 0.883406
vt 0.803000 0.869200
vt 0.793700 0.837500
vt 0.850000 0.853500
vt 0.841400 0.825800
vt 0.861100 0.880700
vt 0.817200 0.899400
vt 0.739112 0.639376
vt 0.642200 0.637900
vt 0.641100 0.669200
vt 0.735568 0.669194
vt 0.641500 0.696200
vt 0.736156 0.695066
vt 0.548764 0.698427
vt 0.547950 0.671463
vt 0.548634 0.638985
vt 0.973300 0.385900
vt 0.929500 0.384300
vt 0.933200 0.419200
vt 0.974300 0.419000
vt 0.934000 0.458300
vt 0.975200 0.452100
vt 0.509600 0.253500
vt 0.500900 0.234000
vt 0.512800 0.231100
vt 0.524500 0.243000
vt 0.515200 0.219300
vt 0.533900 0.227900
vt 0.489900 0.208600
vt 0.521900 0.209400
vt 0.538100 0.210300
vt 0.515000 0.198200
vt 0.534000 0.191500
vt 0.497100 0.161400
vt 0.493800 0.181200
vt 0.478500 0.178700
vt 0.473000 0.164300
vt 0.468700 0.190400
vt 0.453100 0.177800
vt 0.459100 0.201300
vt 0.443900 0.198200
vt 0.463400 0.215000
vt 0.444200 0.220500
vt 0.465100 0.229200
vt 0.452900 0.240000
vt 0.477400 0.233900
vt 0.468400 0.253400
vt 0.489200 0.240800
vt 0.489100 0.257400
vt 0.509100 0.184400
vt 0.518900 0.172800
vt 0.685200 0.429900
vt 0.677500 0.457300
vt 0.718100 0.472900
vt 0.726100 0.440800
vt 0.756300 0.485900
vt 0.764500 0.449100
vt 0.835821 0.686986
vt 0.877055 0.694587
vt 0.826121 0.666337
vt 0.877975 0.661610
vt 0.938205 0.667394
vt 0.815596 0.702766
vt 0.595061 0.130565
vt 0.662282 0.162305
vt 0.666331 0.155897
vt 0.596693 0.125585
vt 0.596693 0.125585
vt 0.526000 0.088700
vt 0.520800 0.094200
vt 0.595061 0.130565
vt 0.666331 0.155897
vt 0.896700 0.381700
vt 0.850162 0.381558
vt 0.847852 0.420000
vt 0.895500 0.418600
vt 0.076500 0.827400
vt 0.067800 0.844800
vt 0.106900 0.849500
vt 0.105300 0.827400
vt 0.100400 0.812000
vt 0.068800 0.818100
vt 0.090000 0.779700
vt 0.056700 0.798700
vt 0.039800 0.840100
vt 0.035650 0.827930
vt 0.776918 0.662831
vt 0.818683 0.671565
vt 0.804400 0.674300
vt 0.073400 0.936900
vt 0.083300 0.928100
vt 0.052000 0.906200
vt 0.046700 0.913300
vt 0.031900 0.887800
vt 0.020100 0.889700
vt 0.039500 0.879300
vt 0.059400 0.899800
vt 0.088800 0.918600
vt 0.815277 0.684797
vt 0.797600 0.696600
vt 0.803200 0.679500
vt 0.759400 0.670900
vt 0.745980 0.673953
vt 0.763400 0.677400
vt 0.776800 0.694600
vt 0.778700 0.688900
vt 0.775600 0.703600
vt 0.106800 0.858100
vt 0.153500 0.861900
vt 0.153700 0.853000
vt 0.149300 0.826800
vt 0.198000 0.826200
vt 0.201400 0.855400
vt 0.200900 0.865700
vt 0.081800 0.771300
vt 0.053000 0.791300
vt 0.034600 0.815100
vt 0.024200 0.811400
vt 0.134900 0.764000
vt 0.145500 0.806900
vt 0.194800 0.804100
vt 0.184400 0.755600
vt 0.132900 0.756700
vt 0.184000 0.742000
vt 0.175300 0.975900
vt 0.173300 0.961500
vt 0.127500 0.948000
vt 0.124400 0.956400
vt 0.132100 0.936400
vt 0.180100 0.949600
vt 0.067500 0.854800
vt 0.038800 0.852300
vt 0.854513 0.144535
vt 0.910589 0.140817
vt 0.917316 0.095437
vt 0.860323 0.086483
vt 0.924234 0.030913
vt 0.861726 0.025644
vt 0.917316 0.095437
vt 0.963413 0.094034
vt 0.973339 0.034237
vt 0.924234 0.030913
vt 0.067900 0.881400
vt 0.102500 0.888300
vt 0.147000 0.897600
vt 0.194100 0.906800
vt 0.955680 0.582957
vt 0.886943 0.599226
vt 0.884861 0.631341
vt 0.936628 0.624596
vt 0.936628 0.624596
vt 0.884861 0.631341
vt 0.828099 0.636528
vt 0.886943 0.599226
vt 0.829528 0.608018
vt 0.910589 0.140817
vt 0.969800 0.156600
vt 0.371800 0.634200
vt 0.464182 0.643343
vt 0.469687 0.594525
vt 0.383569 0.586232
vt 0.383569 0.586232
vt 0.469687 0.594525
vt 0.474022 0.545380
vt 0.404305 0.539625
vt 0.784776 0.644088
vt 0.749400 0.656600
vt 0.787314 0.622507
vt 0.018600 0.821400
vt 0.023700 0.823300
vt 0.013100 0.831300
vt 0.024200 0.829600
vt 0.022300 0.841500
vt 0.026100 0.836700
vt 0.329900 0.823500
vt 0.305600 0.825100
vt 0.310300 0.858700
vt 0.339100 0.859000
vt 0.277300 0.826100
vt 0.279000 0.858100
vt 0.276100 0.805500
vt 0.304600 0.804900
vt 0.328900 0.801600
vt 0.324500 0.760300
vt 0.301100 0.763800
vt 0.272000 0.764300
vt 0.277000 0.759900
vt 0.300200 0.754100
vt 0.323300 0.748200
vt 0.242900 0.857100
vt 0.241100 0.826300
vt 0.278900 0.871700
vt 0.242200 0.869000
vt 0.345843 0.913722
vt 0.347300 0.872500
vt 0.312600 0.873900
vt 0.308600 0.920900
vt 0.273900 0.917500
vt 0.223700 0.954700
vt 0.236000 0.913100
vt 0.272600 0.960200
vt 0.022800 0.872500
vt 0.021500 0.878500
vt 0.015300 0.879300
vt 0.010500 0.869000
vt 0.021000 0.860300
vt 0.791895 0.692305
vt 0.089540 0.259828
vt 0.078740 0.303147
vt 0.829528 0.608018
vt 0.834475 0.588318
vt 0.797262 0.597001
vt 0.787314 0.622507
vt 0.797262 0.597001
vt 0.834475 0.588318
vt 0.835119 0.565589
vt 0.791403 0.568137
vt 0.376600 0.877500
vt 0.467485 0.876499
vt 0.466511 0.846547
vt 0.375800 0.850200
vt 0.466546 0.818988
vt 0.374900 0.823000
vt 0.787700 0.810500
vt 0.741215 0.818705
vt 0.783700 0.786100
vt 0.738233 0.793211
vt 0.831700 0.778200
vt 0.835700 0.801100
vt 0.083909 0.328015
vt 0.035143 0.257250
vt 0.079524 0.352008
vt 0.079524 0.352008
vt 0.035143 0.257250
vt 0.074324 0.376308
vt 0.201795 0.099577
vt 0.182962 0.013637
vt 0.220516 0.099575
vt 0.204873 0.014311
vt 0.228095 0.172831
vt 0.212182 0.173105
vt 0.783000 0.075300
vt 0.760800 0.380300
vt 0.721000 0.385900
vt 0.726900 0.412100
vt 0.766300 0.415800
vt 0.685900 0.405700
vt 0.682600 0.380700
vt 0.722300 0.274800
vt 0.705200 0.276100
vt 0.700700 0.287000
vt 0.710700 0.290600
vt 0.689300 0.292300
vt 0.686600 0.280900
vt 0.610700 0.365600
vt 0.635000 0.347000
vt 0.621700 0.340600
vt 0.601300 0.345400
vt 0.629000 0.326300
vt 0.602200 0.328700
vt 0.798500 0.454600
vt 0.802000 0.416900
vt 0.802500 0.381000
vt 0.348925 0.223246
vt 0.327329 0.223493
vt 0.332600 0.259100
vt 0.305679 0.222644
vt 0.314400 0.261300
vt 0.360136 0.179854
vt 0.469540 0.918322
vt 0.375800 0.921900
vt 0.931600 0.506300
vt 0.974200 0.506000
vt 0.743763 0.599910
vt 0.739112 0.639376
vt 0.787314 0.622507
vt 0.797262 0.597001
vt 0.950200 0.195000
vt 0.951900 0.204900
vt 0.963600 0.211800
vt 0.964100 0.199100
vt 0.975200 0.218800
vt 0.976900 0.204200
vt 0.973400 0.233400
vt 0.956300 0.222800
vt 0.953600 0.214800
vt 0.909800 0.186500
vt 0.909000 0.168800
vt 0.865143 0.171635
vt 0.869700 0.190000
vt 0.905700 0.223700
vt 0.905500 0.234700
vt 0.904900 0.252200
vt 0.865600 0.210700
vt 0.816482 0.081138
vt 0.812197 0.132320
vt 0.820527 0.022554
vt 0.965700 0.185300
vt 0.955100 0.177100
vt 0.973400 0.180400
vt 0.969800 0.156600
vt 0.375000 0.653800
vt 0.378200 0.673400
vt 0.464182 0.643343
vt 0.371800 0.634200
vt 0.463047 0.676591
vt 0.376600 0.685500
vt 0.375100 0.697500
vt 0.464185 0.702245
vt 0.552749 0.597790
vt 0.546925 0.551562
vt 0.474022 0.545380
vt 0.469687 0.594525
vt 0.552749 0.597790
vt 0.563731 0.912789
vt 0.558971 0.872706
vt 0.558295 0.961322
vt 0.546925 0.551562
vt 0.646200 0.599300
vt 0.743763 0.599910
vt 0.745840 0.564109
vt 0.648200 0.803400
vt 0.651100 0.830500
vt 0.655500 0.861200
vt 0.556204 0.841114
vt 0.554276 0.812993
vt 0.662800 0.900300
vt 0.908400 0.866800
vt 0.914900 0.890800
vt 0.922300 0.912000
vt 0.889900 0.923100
vt 0.874100 0.903500
vt 0.933600 0.930800
vt 0.947300 0.947300
vt 0.964900 0.942000
vt 0.931200 0.955600
vt 0.909100 0.940300
vt 0.938202 0.797510
vt 0.937196 0.778801
vt 0.887300 0.790100
vt 0.891800 0.813000
vt 0.884500 0.768700
vt 0.935612 0.759903
vt 0.899800 0.839700
vt 0.947755 0.827940
vt 0.238900 0.804400
vt 0.231600 0.758600
vt 0.230500 0.751000
vt 0.297600 0.962500
vt 0.322700 0.964800
vt 0.191564 0.226368
vt 0.205266 0.223889
vt 0.197400 0.264000
vt 0.211100 0.263800
vt 0.183717 0.236409
vt 0.026780 0.225227
vt 0.089576 0.214859
vt 0.089540 0.259828
vt 0.089576 0.214859
vt 0.046838 0.202079
vt 0.042343 0.152520
vt 0.084210 0.157104
vt 0.018975 0.150859
vt 0.042343 0.152520
vt 0.046838 0.202079
vt 0.023792 0.192206
vt 0.600200 0.304100
vt 0.575100 0.310800
vt 0.583000 0.317800
vt 0.605200 0.315300
vt 0.576800 0.327900
vt 0.525700 0.357400
vt 0.551400 0.366200
vt 0.578200 0.375700
vt 0.578900 0.360800
vt 0.608700 0.385700
vt 0.605800 0.403300
vt 0.643900 0.416900
vt 0.645500 0.396300
vt 0.646900 0.376100
vt 0.509600 0.055000
vt 0.492400 0.076900
vt 0.520800 0.094200
vt 0.526000 0.088700
vt 0.503300 0.075100
vt 0.503300 0.075100
vt 0.726525 0.188326
vt 0.715343 0.201478
vt 0.662282 0.162305
vt 0.495500 0.062200
vt 0.490900 0.066600
vt 0.486000 0.071000
vt 0.492400 0.076900
vt 0.479600 0.065000
vt 0.486000 0.071000
vt 0.490900 0.066600
vt 0.483600 0.060600
vt 0.887432 0.575116
vt 0.887432 0.575116
vt 0.955680 0.582957
vt 0.886943 0.599226
vt 0.220188 0.223640
vt 0.235159 0.223604
vt 0.240600 0.263400
vt 0.225300 0.263500
vt 0.350900 0.325600
vt 0.391800 0.355900
vt 0.402300 0.342000
vt 0.369000 0.314100
vt 0.438500 0.370000
vt 0.427900 0.382300
vt 0.459600 0.405700
vt 0.470100 0.394800
vt 0.496700 0.417900
vt 0.486600 0.427200
vt 0.508600 0.448200
vt 0.517700 0.440600
vt 0.542300 0.458600
vt 0.524800 0.434600
vt 0.517700 0.440600
vt 0.533800 0.463000
vt 0.533800 0.463000
vt 0.526900 0.470100
vt 0.349400 0.360200
vt 0.381600 0.381300
vt 0.415300 0.403800
vt 0.403800 0.425300
vt 0.373200 0.406800
vt 0.338000 0.387100
vt 0.458200 0.454200
vt 0.472300 0.440900
vt 0.445500 0.423000
vt 0.432000 0.440300
vt 0.482800 0.469600
vt 0.495500 0.459100
vt 0.515700 0.477100
vt 0.506700 0.486100
vt 0.531000 0.503600
vt 0.521400 0.503400
vt 0.529800 0.511500
vt 0.498800 0.490200
vt 0.494500 0.494100
vt 0.506700 0.486100
vt 0.498800 0.490200
vt 0.521400 0.503400
vt 0.531000 0.503600
vt 0.423300 0.450700
vt 0.449100 0.462600
vt 0.396500 0.437900
vt 0.367800 0.421400
vt 0.340000 0.406800
vt 0.309600 0.385300
vt 0.315600 0.399400
vt 0.304200 0.408500
vt 0.297700 0.398500
vt 0.284300 0.383500
vt 0.328400 0.294100
vt 0.345800 0.289600
vt 0.275500 0.263500
vt 0.279600 0.296300
vt 0.304400 0.296000
vt 0.295000 0.262800
vt 0.314800 0.320800
vt 0.285200 0.326300
vt 0.837900 0.921800
vt 0.862600 0.939000
vt 0.838600 0.958700
vt 0.870100 0.969300
vt 0.888600 0.953800
vt 0.862600 0.939000
vt 0.888600 0.953800
vt 0.931200 0.955600
vt 0.909100 0.940300
vt 0.915000 0.965700
vt 0.915000 0.965700
vt 0.888600 0.953800
vt 0.870100 0.969300
vt 0.901600 0.979800
vt 0.733100 0.314500
vt 0.729600 0.295300
vt 0.741100 0.275300
vt 0.764700 0.290000
vt 0.766800 0.269300
vt 0.765400 0.314500
vt 0.800710 0.312297
vt 0.800187 0.282791
vt 0.798768 0.260328
vt 0.847670 0.278786
vt 0.849168 0.311487
vt 0.905500 0.277300
vt 0.908000 0.312800
vt 0.969500 0.305800
vt 0.971500 0.269600
vt 0.371600 0.757100
vt 0.464823 0.757015
vt 0.464809 0.728697
vt 0.373300 0.727300
vt 0.550233 0.752263
vt 0.549387 0.724684
vt 0.654000 0.353900
vt 0.671200 0.357600
vt 0.689100 0.360500
vt 0.679300 0.354400
vt 0.708700 0.361100
vt 0.727300 0.353900
vt 0.801600 0.345600
vt 0.766200 0.344700
vt 0.850281 0.345584
vt 0.923500 0.348500
vt 0.971400 0.345800
vt 0.465732 0.788023
vt 0.373300 0.790000
vt 0.552046 0.782514
vt 0.643000 0.747200
vt 0.641900 0.721500
vt 0.734526 0.720305
vt 0.734798 0.743113
vt 0.777500 0.739900
vt 0.776000 0.719500
vt 0.824000 0.715900
vt 0.825800 0.734700
vt 0.879300 0.725300
vt 0.878983 0.704985
vt 0.931436 0.690521
vt 0.931764 0.714177
vt 0.254901 0.016886
vt 0.263217 0.100655
vt 0.283929 0.102278
vt 0.279644 0.020869
vt 0.302575 0.030172
vt 0.283476 0.173795
vt 0.265542 0.173569
vt 0.269452 0.223780
vt 0.286986 0.223114
vt 0.645300 0.775000
vt 0.736063 0.767662
vt 0.780200 0.762300
vt 0.828400 0.755700
vt 0.881700 0.746800
vt 0.933454 0.737143
vt 0.203500 0.328200
vt 0.185000 0.321300
vt 0.158900 0.358200
vt 0.170400 0.369800
vt 0.129800 0.394800
vt 0.139100 0.406200
vt 0.097900 0.458900
vt 0.088800 0.447900
vt 0.064600 0.486500
vt 0.073400 0.494700
vt 0.042900 0.524300
vt 0.049900 0.530300
vt 0.029700 0.527200
vt 0.056700 0.478900
vt 0.030500 0.548800
vt 0.033400 0.555800
vt 0.022400 0.555700
vt 0.015200 0.584300
vt 0.064400 0.542300
vt 0.094200 0.513600
vt 0.084100 0.504200
vt 0.058300 0.535300
vt 0.109600 0.472000
vt 0.121200 0.484500
vt 0.041100 0.555300
vt 0.041800 0.562300
vt 0.041800 0.562300
vt 0.041100 0.555300
vt 0.033400 0.555800
vt 0.015200 0.584300
vt 0.015200 0.584300
vt 0.043300 0.570600
vt 0.049300 0.562700
vt 0.041800 0.562300
vt 0.049300 0.562700
vt 0.070900 0.547000
vt 0.064400 0.542300
vt 0.071300 0.557000
vt 0.043300 0.570600
vt 0.101400 0.521400
vt 0.094200 0.513600
vt 0.101400 0.521400
vt 0.130000 0.494000
vt 0.143200 0.499900
vt 0.130000 0.494000
vt 0.107300 0.528400
vt 0.107300 0.528400
vt 0.101400 0.521400
vt 0.070900 0.547000
vt 0.071300 0.557000
vt 0.145700 0.472700
vt 0.135700 0.463400
vt 0.164200 0.452000
vt 0.153800 0.442300
vt 0.236300 0.382700
vt 0.239900 0.404700
vt 0.264300 0.398700
vt 0.262800 0.379700
vt 0.279100 0.400600
vt 0.281200 0.417600
vt 0.266200 0.413500
vt 0.197000 0.294400
vt 0.210500 0.296200
vt 0.259700 0.296300
vt 0.261100 0.322500
vt 0.242500 0.296200
vt 0.243500 0.321900
vt 0.257400 0.263600
vt 0.513300 0.319700
vt 0.490400 0.328100
vt 0.490400 0.328100
vt 0.513300 0.319700
vt 0.507000 0.310100
vt 0.480800 0.321300
vt 0.533200 0.298900
vt 0.507000 0.310100
vt 0.513300 0.319700
vt 0.540500 0.310200
vt 0.540500 0.310200
vt 0.576900 0.343600
vt 0.635400 0.311700
vt 0.624200 0.299700
vt 0.643500 0.293100
vt 0.656500 0.302900
vt 0.733900 0.336100
vt 0.674500 0.297000
vt 0.665200 0.286700
vt 0.542300 0.458600
vt 0.533800 0.463000
vt 0.545600 0.485100
vt 0.553700 0.493800
vt 0.553700 0.493800
vt 0.545600 0.485100
vt 0.543300 0.494100
vt 0.565000 0.529000
vt 0.526900 0.470100
vt 0.533000 0.494600
vt 0.543300 0.494100
vt 0.543300 0.494100
vt 0.533000 0.494600
vt 0.531000 0.503600
vt 0.474400 0.476200
vt 0.468300 0.480900
vt 0.468300 0.480900
vt 0.474400 0.476200
vt 0.449100 0.462600
vt 0.442100 0.467800
vt 0.474400 0.476200
vt 0.482800 0.469600
vt 0.289100 0.403000
vt 0.292700 0.413100
vt 0.961800 0.961500
vt 0.978200 0.964800
vt 0.955700 0.969500
vt 0.991400 0.987600
vt 0.940700 0.974100
vt 0.955700 0.969500
vt 0.946500 0.983700
vt 0.991400 0.987600
vt 0.946500 0.983700
vt 0.940700 0.974100
vt 0.807872 0.168850
vt 0.855761 0.182802
vt 0.867600 0.200300
vt 0.323800 0.345100
vt 0.311000 0.356100
vt 0.108500 0.421000
vt 0.117400 0.432700
vt 0.146300 0.424600
vt 0.126400 0.448500
vt 0.244800 0.350000
vt 0.261900 0.352300
vt 0.280900 0.355400
vt 0.300500 0.365600
vt 0.099562 0.232083
vt 0.093945 0.257087
vt 0.093945 0.257087
vt 0.035143 0.257250
vt 0.087587 0.286669
vt 0.790500 0.495300
vt 0.499700 0.058000
vt 0.060804 0.399533
vt 0.064586 0.396546
vt 0.064586 0.396546
vt 0.068726 0.388164
vt 0.071921 0.386503
vt 0.074324 0.376308
vt 0.067324 0.394902
vt 0.071921 0.386503
vt 0.636200 0.440300
vt 0.085902 0.301386
vt 0.087587 0.286669
vt 0.083909 0.328015
vt 0.085902 0.301386
vt 0.458100 0.331300
vt 0.462700 0.339900
vt 0.474700 0.334400
vt 0.469400 0.326300
vt 0.469400 0.326300
vt 0.474700 0.334400
vt 0.490400 0.328100
vt 0.480800 0.321300
vt 0.474700 0.334400
vt 0.481000 0.343700
vt 0.462700 0.339900
vt 0.467400 0.348500
vt 0.099562 0.232083
vt 0.104403 0.205258
vt 0.035143 0.257250
vt 0.569000 0.300300
vt 0.563900 0.288000
vt 0.533200 0.298900
vt 0.594500 0.277000
vt 0.563900 0.288000
vt 0.569000 0.300300
vt 0.594800 0.292900
vt 0.594800 0.292900
vt 0.612151 0.288205
vt 0.594500 0.277000
vt 0.626300 0.284200
vt 0.651300 0.275800
vt 0.635200 0.264700
vt 0.675900 0.252400
vt 0.635200 0.264700
vt 0.651300 0.275800
vt 0.681900 0.267400
vt 0.681900 0.267400
vt 0.711100 0.260400
vt 0.717600 0.242200
vt 0.675900 0.252400
vt 0.759300 0.232100
vt 0.717600 0.242200
vt 0.711100 0.260400
vt 0.734700 0.257000
vt 0.734700 0.257000
vt 0.748500 0.259500
vt 0.765000 0.252400
vt 0.797198 0.246952
vt 0.911600 0.507400
vt 0.915200 0.459200
vt 0.915700 0.419100
vt 0.914152 0.383184
vt 0.911200 0.348019
vt 0.898200 0.346700
vt 0.334100 0.527700
vt 0.306600 0.506500
vt 0.296100 0.514200
vt 0.317100 0.536100
vt 0.282200 0.519500
vt 0.299900 0.544100
vt 0.314100 0.565800
vt 0.334800 0.556400
vt 0.358600 0.546900
vt 0.363200 0.595100
vt 0.346000 0.602800
vt 0.350400 0.633500
vt 0.361300 0.628300
vt 0.328700 0.611100
vt 0.339600 0.638700
vt 0.341300 0.572600
vt 0.320000 0.580500
vt 0.364400 0.562800
vt 0.265000 0.522300
vt 0.281600 0.551000
vt 0.242400 0.524800
vt 0.260400 0.557300
vt 0.295100 0.574400
vt 0.275400 0.582800
vt 0.310800 0.621000
vt 0.326200 0.654700
vt 0.290700 0.632700
vt 0.312700 0.670600
vt 0.300500 0.588700
vt 0.280800 0.597600
vt 0.130500 0.572500
vt 0.109700 0.590500
vt 0.129400 0.611500
vt 0.154200 0.598600
vt 0.090400 0.607200
vt 0.105500 0.623400
vt 0.147700 0.631600
vt 0.174800 0.622300
vt 0.120500 0.640200
vt 0.176800 0.673500
vt 0.147500 0.676400
vt 0.139600 0.711900
vt 0.169200 0.718300
vt 0.120000 0.677900
vt 0.110100 0.705600
vt 0.180200 0.636100
vt 0.152700 0.644200
vt 0.125200 0.651600
vt 0.294500 0.495300
vt 0.286900 0.503000
vt 0.290500 0.507700
vt 0.300500 0.500900
vt 0.278300 0.513000
vt 0.279400 0.510700
vt 0.338900 0.563700
vt 0.317400 0.572500
vt 0.361500 0.554900
vt 0.260700 0.511600
vt 0.261800 0.515400
vt 0.238900 0.517400
vt 0.242000 0.512500
vt 0.298000 0.580800
vt 0.278500 0.589400
vt 0.121300 0.565000
vt 0.102500 0.583400
vt 0.105000 0.585800
vt 0.125200 0.566900
vt 0.086500 0.603200
vt 0.083700 0.601800
vt 0.151900 0.637000
vt 0.179200 0.628200
vt 0.124300 0.645300
vt 0.063600 0.643300
vt 0.057700 0.633200
vt 0.051400 0.639200
vt 0.054400 0.647200
vt 0.049800 0.641800
vt 0.049200 0.648800
vt 0.059700 0.656600
vt 0.070400 0.655700
vt 0.054800 0.654800
vt 0.074700 0.664000
vt 0.063600 0.667700
vt 0.061800 0.678400
vt 0.073600 0.678900
vt 0.059700 0.669800
vt 0.053400 0.677600
vt 0.056400 0.685600
vt 0.059800 0.689300
vt 0.063300 0.693000
vt 0.060700 0.663000
vt 0.062500 0.664900
vt 0.073200 0.660000
vt 0.058400 0.668700
vt 0.056800 0.667700
vt 0.212200 0.529200
vt 0.234600 0.563600
vt 0.180600 0.537900
vt 0.207000 0.572000
vt 0.253200 0.591400
vt 0.228700 0.600900
vt 0.266400 0.646600
vt 0.279200 0.695000
vt 0.238600 0.659400
vt 0.245700 0.719400
vt 0.258900 0.607600
vt 0.234700 0.617900
vt 0.207800 0.521600
vt 0.175200 0.530600
vt 0.170400 0.523800
vt 0.206200 0.518100
vt 0.256900 0.598700
vt 0.232900 0.608500
vt 0.153700 0.553600
vt 0.180100 0.584500
vt 0.202200 0.611600
vt 0.208000 0.668100
vt 0.207400 0.718800
vt 0.208000 0.627400
vt 0.148200 0.547100
vt 0.145900 0.544400
vt 0.206600 0.618500
vt 0.071900 0.622000
vt 0.082100 0.634700
vt 0.092700 0.648800
vt 0.094200 0.678700
vt 0.086700 0.699300
vt 0.097200 0.658400
vt 0.068800 0.618800
vt 0.055400 0.630700
vt 0.049400 0.631800
vt 0.066600 0.616800
vt 0.095900 0.653200
vt 0.241960 0.100466
vt 0.229882 0.015336
vt 0.246946 0.173441
vt 0.252128 0.223775
vt 0.201000 0.425900
vt 0.191600 0.413200
vt 0.215000 0.360000
vt 0.181400 0.391300
vt 0.230600 0.342300
vt 0.226300 0.320300
vt 0.225900 0.296500
vt 0.046400 0.641300
vt 0.048400 0.641500
vt 0.049700 0.637500
vt 0.047900 0.636600
vt 0.052000 0.675400
vt 0.052700 0.676500
vt 0.047900 0.649100
vt 0.046700 0.649500
vt 0.209600 0.964600
vt 0.224000 0.968100
vt 0.791403 0.568137
vt 0.745840 0.564109
vt 0.046800 0.201827
vt 0.023742 0.192517
vt 0.042561 0.152403
vt 0.084486 0.156838
vt 0.047720 0.137481
vt 0.084584 0.156935
vt 0.104303 0.205477
vt 0.047224 0.137253
vt 0.035436 0.257055
vt 0.035143 0.257250
vt 0.104403 0.205258
vt 0.084632 0.156877
vt 0.084210 0.157104
vt 0.042343 0.152520
vt 0.018975 0.150859
vt 0.018977 0.151024
vn 0.35908 0.70036 -0.61689
vn 0.36475 0.69522 -0.61937
vn 0.35908 0.70036 -0.61689
vn 0.35339 0.70545 -0.61437
vn 0.24851 0.78830 -0.56287
vn 0.00000 0.82853 -0.55995
vn -0.00000 0.74360 -0.66863
vn 0.18573 0.70320 -0.68631
vn -0.00000 0.72136 -0.69256
vn 0.27067 0.68030 -0.68112
vn 0.41662 0.62257 -0.66244
vn 0.46894 0.61809 -0.63092
vn 0.24277 0.96955 -0.03211
vn 0.17262 0.98289 0.06420
vn 0.00105 0.99377 0.11145
vn -0.00105 0.99376 0.11152
vn -0.04346 0.99026 0.13230
vn -0.04346 0.99026 0.13230
vn 0.92070 0.12049 -0.37121
vn 0.90165 0.08932 -0.42315
vn 0.94175 -0.06582 -0.32980
vn 0.89329 -0.01683 -0.44916
vn 0.91670 0.12927 -0.37808
vn 0.96066 -0.01012 -0.27756
vn 0.90842 0.06715 -0.41262
vn 0.91556 0.14998 -0.37318
vn 0.97215 0.06137 -0.22620
vn 0.89544 0.27630 -0.34906
vn 0.95979 0.17033 -0.22314
vn 0.76383 0.46068 -0.45204
vn 0.76315 0.33753 -0.55106
vn 0.75995 0.49196 -0.42478
vn 0.73135 0.57348 -0.36911
vn 0.84807 0.41102 -0.33444
vn 0.81069 0.51607 -0.27648
vn 0.87874 0.21115 -0.42805
vn 0.79939 0.14949 -0.58192
vn 0.78712 0.30529 -0.53596
vn 0.83728 0.35117 -0.41909
vn 0.89998 0.22576 -0.37292
vn 0.83148 0.07657 -0.55025
vn 0.91767 0.21016 -0.33722
vn 0.85694 0.06160 -0.51173
vn 0.40830 -0.65661 -0.63415
vn 0.34282 -0.80149 -0.48999
vn 0.56203 -0.60542 -0.56355
vn 0.51608 -0.44384 -0.73258
vn 0.39487 -0.81845 -0.41740
vn 0.64312 -0.60444 -0.47016
vn 0.75484 -0.17730 -0.63150
vn 0.80224 -0.33284 -0.49560
vn 0.57878 0.00757 -0.81545
vn 0.46934 -0.87927 -0.08125
vn 0.77639 -0.61001 -0.15848
vn 0.76258 -0.59604 -0.25141
vn 0.45394 -0.86397 -0.21792
vn 0.93937 -0.25192 -0.23266
vn 0.91824 -0.27169 -0.28813
vn 0.89278 -0.22461 -0.39050
vn 0.66510 -0.63221 -0.39742
vn 0.41655 -0.83789 -0.35274
vn 0.15734 -0.91567 -0.36985
vn 0.13378 -0.89093 -0.43399
vn 0.00000 -0.93605 -0.35187
vn 0.00000 -0.90469 -0.42607
vn -0.00000 -0.94380 -0.33053
vn 0.18139 -0.93545 -0.30335
vn 0.89138 0.19803 -0.40771
vn 0.86334 0.01658 -0.50435
vn 0.20412 -0.96949 -0.13575
vn 0.00000 -0.98998 -0.14120
vn 0.47024 0.50193 -0.72591
vn 0.42447 0.58867 -0.68796
vn 0.27600 0.67240 -0.68681
vn 0.29005 0.57954 -0.76158
vn 0.00000 0.71378 -0.70037
vn 0.00000 0.62415 -0.78131
vn 0.38362 0.38688 -0.83855
vn 0.55878 0.33773 -0.75743
vn 0.00000 0.46742 -0.88403
vn 0.05940 0.31468 -0.94734
vn 0.44045 0.21829 -0.87084
vn 0.64977 0.10881 -0.75230
vn 0.90969 -0.13733 -0.39193
vn 0.90839 0.25105 -0.33436
vn 0.97558 0.09239 -0.19926
vn 0.97196 0.09558 -0.21483
vn 0.95271 -0.26047 -0.15655
vn 0.93575 -0.14438 -0.32176
vn 0.97318 0.14312 -0.18013
vn 0.98804 0.07956 -0.13209
vn 0.92173 0.33739 -0.19125
vn 0.89156 0.37931 -0.24746
vn 0.72381 0.37117 -0.58166
vn 0.64177 0.28055 -0.71374
vn 0.72328 0.20703 -0.65879
vn 0.82506 0.26197 -0.50065
vn 0.71778 0.04665 -0.69470
vn 0.80891 0.16050 -0.56560
vn 0.65798 0.67725 0.32923
vn 0.63421 0.70796 0.31075
vn 0.36834 0.86211 0.34798
vn 0.45025 0.80697 0.38220
vn 0.64015 0.70364 0.30836
vn 0.35151 0.87747 0.32633
vn -0.00000 0.94079 0.33898
vn -0.00000 0.91743 0.39790
vn -0.00000 0.75221 0.65892
vn 0.10567 -0.99347 -0.04297
vn 0.37266 -0.92779 -0.01806
vn 0.36263 -0.93193 0.00385
vn 0.23414 -0.97215 -0.01041
vn 0.71164 -0.69920 0.06845
vn 0.71851 -0.68961 0.09045
vn 0.77313 -0.61221 0.16573
vn 0.36845 -0.92861 0.04389
vn 0.26660 -0.96237 0.05257
vn 0.60730 0.79419 0.02133
vn 0.29592 0.95383 0.05131
vn 0.34718 0.92193 -0.17181
vn 0.63856 0.74505 -0.19272
vn -0.00000 0.99852 0.05441
vn -0.00000 0.99221 -0.12460
vn 0.68281 0.70885 0.17691
vn 0.71040 0.67155 0.21062
vn 0.63760 0.75021 0.17507
vn 0.53338 0.83786 0.11620
vn 0.70275 0.66600 0.25017
vn 0.65600 0.70959 0.25721
vn 0.76227 0.61375 0.20558
vn 0.71337 0.69993 0.03454
vn 0.00000 0.99851 -0.05462
vn 0.46912 -0.87633 -0.10943
vn 0.71397 -0.68240 -0.15675
vn 0.73916 -0.67319 0.02147
vn 0.46108 -0.88728 0.01179
vn 0.95252 -0.30230 -0.03620
vn 0.91608 -0.40064 0.01681
vn 0.93913 -0.34127 0.03953
vn 0.76498 -0.64218 0.04915
vn 0.44457 -0.89449 0.04726
vn 0.92742 0.37234 -0.03557
vn 0.84825 0.52938 -0.01514
vn 0.88680 0.45690 0.06949
vn 0.94268 0.33337 -0.01505
vn 0.67277 0.73974 0.01258
vn 0.67543 0.72905 0.11082
vn 0.74104 0.44170 -0.50574
vn 0.68685 0.38080 -0.61905
vn 0.73202 0.36144 -0.57750
vn 0.78298 0.39148 -0.48342
vn 0.65651 0.24086 -0.71483
vn 0.70282 0.25548 -0.66391
vn 0.88241 0.01712 -0.47017
vn 0.64462 0.04668 -0.76307
vn 0.68197 0.09454 -0.72525
vn 0.66529 -0.12266 -0.73644
vn 0.69365 -0.10967 -0.71191
vn 0.73182 -0.39066 -0.55841
vn 0.81016 -0.42045 -0.40849
vn 0.80784 -0.36272 -0.46457
vn 0.76969 -0.31547 -0.55503
vn 0.91131 -0.33958 -0.23280
vn 0.89511 -0.31253 -0.31795
vn 0.97880 -0.18589 -0.08600
vn 0.96705 -0.19315 -0.16585
vn 0.99821 -0.04401 -0.04050
vn 0.99178 -0.06501 -0.11017
vn 0.99041 0.12173 -0.06541
vn 0.99223 0.06041 -0.10879
vn 0.92672 0.31405 -0.20629
vn 0.95345 0.22100 -0.20518
vn 0.81547 0.43622 -0.38041
vn 0.85863 0.36643 -0.35844
vn 0.72772 -0.27151 -0.62985
vn 0.68544 -0.27356 -0.67479
vn 0.48724 0.72404 -0.48824
vn 0.55585 0.67779 -0.48127
vn 0.27057 0.80224 -0.53217
vn 0.22581 0.82613 -0.51625
vn 0.63230 0.66007 -0.40559
vn 0.35341 0.82532 -0.44040
vn -0.00000 0.88839 -0.45909
vn -0.00000 0.83593 -0.54884
vn 0.00000 0.85232 -0.52303
vn 0.50929 -0.77855 0.36672
vn 0.60773 -0.77584 0.16951
vn 0.90961 -0.32074 0.26407
vn 0.77313 -0.61221 0.16573
vn 0.96870 0.02857 0.24659
vn 0.86017 -0.36631 0.35487
vn 0.26882 0.95783 -0.10144
vn 0.86727 0.14910 -0.47498
vn 0.80108 0.48990 -0.34390
vn 0.20272 0.97639 -0.07462
vn 0.34135 0.93583 -0.08776
vn 0.39915 0.90637 -0.13843
vn 0.34135 0.93583 -0.08776
vn 0.28123 0.95895 -0.03649
vn 0.66477 0.59029 -0.45786
vn 0.94035 0.33857 0.03341
vn 0.84569 0.53365 -0.00581
vn 0.83417 0.51695 -0.19215
vn 0.91451 0.36277 -0.17906
vn 0.87220 0.39987 0.28174
vn 0.57071 0.73140 0.37328
vn 0.47419 0.10353 0.87431
vn 0.75781 -0.12716 0.63997
vn 0.31724 0.80444 -0.50224
vn 0.47104 0.71439 -0.51746
vn 0.15962 0.98347 -0.08545
vn 0.09111 0.99196 -0.08788
vn 0.16022 0.98364 0.08236
vn 0.12770 0.73514 0.66577
vn 0.06723 0.78436 0.61665
vn 0.08518 0.97872 0.18671
vn 0.02706 0.98816 0.15100
vn 0.01748 0.79094 0.61164
vn 0.35501 -0.54949 0.75632
vn 0.15153 -0.98825 0.02004
vn 0.17001 -0.64477 0.74523
vn 0.04109 -0.06476 0.99705
vn 0.13133 -0.11992 0.98406
vn 0.09003 -0.83369 0.54484
vn 0.01529 -0.82911 0.55887
vn 0.19344 0.02103 0.98089
vn 0.14370 -0.80457 0.57622
vn 0.18923 -0.97972 -0.06584
vn 0.05440 -0.98734 0.14899
vn 0.00276 -0.99762 0.06888
vn 0.41080 -0.61315 -0.67475
vn 0.63175 0.31321 -0.70907
vn 0.72630 -0.52671 -0.44166
vn 0.57434 0.79320 -0.20241
vn 0.95615 0.28357 -0.07327
vn 0.98889 0.01849 0.14747
vn 0.44748 -0.30799 -0.83959
vn 0.30092 0.60047 -0.74087
vn 0.19689 -0.71554 -0.67025
vn 0.08008 0.99273 -0.08988
vn 0.08422 0.98885 -0.12279
vn 0.23125 0.22838 -0.94571
vn 0.14429 -0.68883 -0.71042
vn 0.04109 -0.06476 0.99705
vn 0.13133 -0.11992 0.98406
vn 0.19344 0.02103 0.98089
vn 0.01569 0.98436 0.17549
vn 0.02263 0.98850 0.14949
vn -0.03264 0.72938 0.68333
vn -0.14165 0.66958 0.72911
vn -0.07793 -0.17250 0.98192
vn -0.24595 -0.14380 0.95856
vn -0.24595 -0.14380 0.95856
vn -0.07793 -0.17250 0.98192
vn -0.05896 -0.84506 0.53140
vn -0.17568 -0.80314 0.56930
vn -0.03740 -0.99362 0.10640
vn -0.07409 -0.99492 0.06819
vn 0.56347 -0.34848 -0.74904
vn 0.65614 -0.25873 -0.70890
vn 0.49910 0.74900 -0.43576
vn 0.21750 -0.97604 -0.00616
vn 0.13473 -0.99067 0.02046
vn 0.17384 -0.98476 0.00456
vn 0.20325 -0.97891 -0.02083
vn 0.08610 -0.99593 0.02676
vn 0.02879 -0.99910 0.03112
vn 0.13432 -0.98886 0.06413
vn 0.08544 -0.99553 0.04034
vn 0.09928 -0.99338 0.05784
vn 0.19089 -0.97733 0.09161
vn 0.12604 -0.96057 -0.24783
vn 0.08695 -0.96059 -0.26403
vn 0.01621 -0.98836 -0.15126
vn 0.01464 -0.98289 -0.18360
vn 0.26660 -0.96237 0.05257
vn 0.36845 -0.92861 0.04389
vn 0.36893 -0.92297 0.10962
vn 0.27382 -0.95774 0.08806
vn 0.36545 -0.91458 0.17319
vn 0.24386 -0.96557 0.09061
vn 0.22936 -0.96824 0.09954
vn 0.25456 -0.95927 0.12250
vn 0.41928 -0.88959 0.18122
vn 0.16033 -0.98250 0.09485
vn 0.21809 -0.97295 0.07617
vn 0.61648 -0.78099 0.10001
vn 0.11271 -0.98929 0.09271
vn 0.11254 -0.99045 0.07964
vn 0.39376 -0.86912 -0.29932
vn 0.24207 -0.96814 0.06409
vn 0.24320 -0.96912 -0.04080
vn 0.36578 0.72123 0.58825
vn 0.48979 -0.28936 0.82242
vn 0.97046 -0.01603 0.24074
vn 0.51332 0.84255 0.16315
vn 0.62067 0.73813 -0.26444
vn 0.79140 -0.39086 -0.47002
vn 0.25738 0.51760 -0.81599
vn 0.26930 0.93933 -0.21244
vn 0.57434 0.79320 -0.20241
vn 0.63175 0.31321 -0.70907
vn 0.11112 0.47735 -0.87166
vn 0.14286 0.96873 -0.20284
vn 0.09008 0.97516 0.20235
vn 0.23867 0.93408 0.26559
vn 0.57071 0.73140 0.37328
vn 0.00417 0.32180 0.94680
vn 0.47419 0.10353 0.87431
vn -0.25376 0.50084 0.82750
vn -0.28705 -0.75263 0.59257
vn -0.01822 -0.73968 0.67271
vn 0.17001 -0.64477 0.74523
vn 0.10429 0.98368 -0.14661
vn 0.14440 0.49850 -0.85478
vn 0.06035 -0.66140 -0.74760
vn 0.08888 -0.73706 -0.66995
vn 0.15153 -0.98825 0.02004
vn 0.05756 -0.99190 -0.11322
vn 0.11841 -0.63372 -0.76445
vn 0.41080 -0.61315 -0.67475
vn 0.00595 -0.99862 -0.05215
vn -0.01974 -0.99733 -0.07036
vn -0.12198 -0.98870 0.08717
vn -0.28705 -0.75263 0.59257
vn 0.36082 -0.86027 0.36019
vn 0.47768 -0.87693 -0.05298
vn 0.48979 -0.28936 0.82242
vn 0.97046 -0.01603 0.24074
vn 0.79140 -0.39086 -0.47002
vn 0.26882 0.95783 -0.10144
vn 0.20272 0.97639 -0.07462
vn 0.13879 -0.99026 0.01129
vn 0.14486 -0.98850 0.04336
vn 0.07438 -0.99723 0.00163
vn 0.05152 -0.99809 -0.03405
vn 0.67277 0.73974 0.01258
vn 0.84825 0.52938 -0.01514
vn 0.82123 0.57006 0.02481
vn 0.64817 0.76014 0.04544
vn 0.92742 0.37234 -0.03557
vn 0.92005 0.39133 0.01945
vn 0.82326 0.54478 0.15954
vn 0.81971 0.53317 0.20927
vn 0.90581 0.39981 0.14019
vn 0.89632 0.39836 0.19471
vn 0.89043 0.39720 0.22220
vn 0.80798 0.54380 0.22684
vn -0.17516 -0.97857 0.10828
vn -0.17516 -0.97857 0.10828
vn -0.00951 -0.99617 0.08697
vn 0.49591 -0.67946 -0.54075
vn 0.31423 -0.86660 -0.38765
vn -0.04284 -0.99614 0.07665
vn 0.83840 0.46106 0.29069
vn 0.82658 0.48562 0.28449
vn 0.90062 0.33538 0.27641
vn 0.90637 0.33233 0.26085
vn 0.91344 0.31422 0.25864
vn 0.83642 0.47237 0.27798
vn 0.18612 -0.98253 -0.00067
vn 0.00000 -0.99938 0.03532
vn 0.87267 0.33646 -0.35390
vn 0.79427 0.46223 -0.39430
vn 0.75846 0.51198 -0.40325
vn 0.85401 0.40577 -0.32561
vn 0.70105 0.57110 -0.42706
vn 0.82099 0.40418 -0.40325
vn 0.91899 0.24204 -0.31125
vn 0.83502 0.42799 -0.34577
vn 0.86569 0.33384 -0.37299
vn 0.92510 0.07637 -0.37197
vn 0.82712 0.41451 -0.37954
vn 0.91317 0.11763 -0.39024
vn 0.84105 0.32348 -0.43357
vn 0.87096 0.30050 -0.38875
vn 0.86272 0.28272 -0.41928
vn 0.86673 0.23817 -0.43823
vn 0.83789 0.37563 -0.39603
vn 0.84012 0.35632 -0.40895
vn 0.81042 0.48679 -0.32596
vn 0.62140 0.71916 -0.31091
vn 0.87281 0.33904 -0.35107
vn -0.00000 -0.89970 -0.43651
vn 0.46751 -0.79532 -0.38588
vn 0.40251 -0.89993 -0.16765
vn -0.00000 -0.98504 -0.17232
vn 0.81599 -0.56152 -0.13732
vn 0.74926 -0.66200 -0.01907
vn 0.00000 0.99995 0.00986
vn 0.39973 0.91653 0.01381
vn 0.37609 0.92514 0.05171
vn 0.00000 0.99892 0.04644
vn 0.39973 0.91653 0.01381
vn 0.38763 0.90632 0.16829
vn -0.00000 0.99213 0.12522
vn 0.00000 0.99995 0.00986
vn 0.22731 -0.97134 -0.06952
vn 0.23853 -0.96820 -0.07543
vn 0.22731 -0.97134 -0.06952
vn 0.21605 -0.97431 -0.06360
vn 0.30932 -0.63871 0.70453
vn 0.66705 -0.37906 0.64138
vn 0.78088 -0.12532 0.61198
vn 0.35170 0.28742 0.89090
vn 0.76828 -0.55225 0.32368
vn 0.89488 -0.33106 0.29931
vn 0.98995 -0.10292 0.09702
vn 0.93518 0.24031 0.26016
vn 0.65689 0.64032 0.39811
vn 0.30228 -0.95265 -0.03301
vn 0.40512 -0.82891 -0.38571
vn 0.53682 -0.82458 -0.17860
vn 0.43173 -0.90196 0.00809
vn 0.48101 -0.87651 -0.01888
vn 0.54391 -0.83837 -0.03598
vn 0.93798 0.34666 0.00415
vn 0.63256 0.77441 -0.01297
vn 0.99543 0.09043 -0.03081
vn 0.74232 0.37044 -0.55834
vn 0.45892 -0.88836 -0.01477
vn 0.17574 -0.98231 0.06465
vn 0.13568 -0.98736 0.08188
vn 0.00000 -0.99639 0.08489
vn -0.02881 -0.99728 0.06786
vn 0.47826 -0.78974 0.38416
vn 0.56596 -0.54361 0.61982
vn 0.41928 -0.88959 0.18122
vn 0.67037 -0.64304 0.37028
vn 0.67037 -0.64304 0.37028
vn 0.76828 -0.55225 0.32368
vn 0.86673 -0.49364 0.07133
vn 0.96217 -0.27005 0.03598
vn 0.98995 -0.10292 0.09702
vn 0.89488 -0.33106 0.29931
vn 0.03613 -0.99919 0.01775
vn 0.22681 -0.97367 0.02302
vn 0.64269 0.76060 0.09189
vn 0.37519 0.92182 0.09734
vn 0.00000 0.99588 0.09067
vn -0.05742 -0.99834 0.00368
vn 0.20848 -0.97801 0.00620
vn 0.11440 -0.99343 0.00437
vn -0.00001 -0.99996 -0.00859
vn 0.11440 -0.99343 0.00437
vn 0.09687 -0.99522 0.01238
vn 0.23710 -0.97121 0.02308
vn 0.83306 0.54359 0.10260
vn 0.91576 0.39272 0.08456
vn 0.66772 0.73485 0.11895
vn 0.84703 0.52648 0.07320
vn 0.92259 0.38027 0.06504
vn 0.43622 0.89359 0.10592
vn 0.00000 0.99557 0.09401
vn -0.00000 0.75221 0.65892
vn 0.00000 0.09750 0.99524
vn 0.88034 0.21327 0.42369
vn 0.73824 0.53364 0.41259
vn -0.00000 -0.39067 0.92053
vn 0.94873 -0.03787 0.31381
vn 0.97934 0.18490 0.08190
vn 0.91220 0.38110 0.15050
vn -0.78853 -0.30765 0.53251
vn 0.97119 -0.06004 0.23060
vn 0.93469 -0.18764 0.30190
vn 0.94129 -0.18580 0.28188
vn 0.96207 -0.13170 0.23890
vn 0.92768 -0.18939 0.32178
vn 0.99208 0.11099 0.05878
vn 0.98816 0.13784 0.06742
vn 0.99233 0.00399 0.12357
vn 0.65798 0.67725 0.32923
vn 0.68219 0.66724 0.29903
vn 0.81707 0.51067 0.26761
vn 0.83840 0.46106 0.29069
vn 0.89201 0.36364 0.26848
vn 0.90062 0.33538 0.27641
vn 0.57801 0.72555 0.37348
vn 0.45025 0.80697 0.38220
vn 0.06869 0.98828 0.13636
vn -0.18063 0.75734 0.62754
vn -0.39872 -0.16576 0.90197
vn -0.01822 -0.73968 0.67271
vn 0.17001 -0.64477 0.74523
vn 0.67614 0.68419 0.27334
vn 0.35448 0.88833 0.29192
vn 0.75635 0.63666 0.15035
vn 0.40802 0.90164 0.14340
vn -0.00000 0.98479 0.17375
vn -0.00000 0.94973 0.31307
vn -0.08895 0.99591 -0.01580
vn -0.10135 0.99443 0.02896
vn -0.07369 0.99590 -0.05255
vn 0.08789 0.95947 -0.26775
vn -0.04001 0.95174 -0.30429
vn -0.04760 0.93475 -0.35210
vn -0.03445 0.93205 -0.36069
vn -0.01268 0.93492 -0.35463
vn -0.00062 0.94393 -0.33014
vn 0.82645 0.32551 -0.45938
vn 0.78525 0.47076 -0.40220
vn 0.78923 0.40742 -0.45949
vn 0.82247 0.21316 -0.52735
vn 0.83637 0.34271 -0.42784
vn 0.56378 0.44246 -0.69741
vn 0.58066 0.51778 -0.62829
vn 0.65325 0.51798 -0.55223
vn 0.80623 0.37635 -0.45646
vn 0.70673 0.50286 -0.49766
vn 0.56523 0.64787 -0.51067
vn 0.69637 0.54773 -0.46375
vn 0.50059 0.71939 -0.48154
vn 0.81166 0.36926 -0.45262
vn 0.26426 -0.72389 -0.63730
vn -0.00000 -0.76765 -0.64087
vn 0.24277 0.96955 -0.03211
vn 0.62421 0.35064 -0.69815
vn 0.17262 0.98289 0.06420
vn 0.93595 0.14484 -0.32097
vn 0.60344 0.64929 -0.46291
vn 0.42786 0.89372 -0.13494
vn 0.47951 0.86189 -0.16498
vn 0.42786 0.89372 -0.13494
vn 0.08789 0.95947 -0.26775
vn 0.27812 0.44265 -0.85247
vn 0.27322 0.10092 -0.95664
vn 0.37725 0.83552 -0.39949
vn 0.35016 0.90558 -0.23941
vn 0.37725 0.83552 -0.39949
vn 0.39254 0.73933 -0.54708
vn 0.01845 0.91328 -0.40692
vn 0.01863 0.32247 -0.94640
vn -0.02088 0.95268 -0.30327
vn 0.00000 0.13578 -0.99074
vn 0.14538 -0.98822 0.04773
vn 0.85515 0.44565 0.26479
vn 0.92424 0.28954 0.24891
vn 0.94756 0.25146 0.19721
vn 0.89609 0.39949 0.19345
vn 0.97963 -0.18923 -0.06722
vn 0.66816 -0.39759 -0.62888
vn 0.73699 -0.31691 -0.59700
vn 0.99176 -0.10120 -0.07852
vn -0.00000 -0.49725 -0.86761
vn -0.00000 -0.44622 -0.89492
vn -0.00000 -0.42716 -0.90418
vn 0.76054 -0.28666 -0.58258
vn 0.99569 -0.06167 -0.06929
vn 0.76936 -0.29369 -0.56730
vn 0.99509 -0.06336 -0.07602
vn 0.00000 -0.43710 -0.89941
vn 0.00000 -0.49670 -0.86792
vn 0.78303 -0.33821 -0.52200
vn 0.98848 -0.11594 -0.09728
vn 0.80638 -0.39656 -0.43874
vn 0.99257 -0.11885 -0.02624
vn 0.13214 -0.58585 -0.79957
vn 0.57682 -0.55975 -0.59494
vn 0.88139 -0.35380 -0.31301
vn 0.99601 -0.06671 0.05922
vn 0.98612 -0.02270 0.16445
vn 0.98301 -0.08260 0.16393
vn 0.98384 0.03044 0.17643
vn 0.97801 0.02667 0.20683
vn 0.97245 -0.00925 0.23291
vn 0.95408 -0.03038 0.29800
vn 0.97609 0.06477 0.20749
vn 0.97844 0.06354 0.19653
vn 0.98351 0.05521 0.17223
vn 0.98817 0.02867 0.15069
vn 0.98692 0.01206 0.16075
vn 0.97701 0.04765 0.20782
vn 0.98789 0.00938 0.15486
vn 0.98041 0.04117 0.19260
vn 0.94597 0.02225 0.32349
vn 0.89867 0.10394 0.42614
vn 0.94752 0.06019 0.31398
vn 0.97162 0.03441 0.23402
vn 0.87921 0.13508 0.45688
vn 0.93257 0.09817 0.34738
vn 0.93827 0.08679 0.33484
vn 0.97404 0.06183 0.21779
vn 0.56892 0.16976 0.80468
vn -0.00000 0.21664 0.97625
vn 0.00000 0.24091 0.97055
vn 0.97082 0.05342 0.23378
vn 0.92773 0.06709 0.36718
vn -0.00000 0.25156 0.96784
vn -0.00000 0.20434 0.97890
vn 0.86866 0.05959 0.49181
vn 0.88803 0.02118 0.45929
vn 0.92805 -0.00691 0.37240
vn -0.21558 0.08836 0.97248
vn 0.75953 -0.03385 0.64959
vn 0.87474 -0.05069 0.48193
vn 0.75953 -0.03385 0.64959
vn 0.74675 -0.04417 0.66363
vn 0.92040 -0.00588 0.39093
vn 0.93582 -0.01985 0.35191
vn 0.56538 -0.58400 -0.58248
vn 0.89396 -0.39200 -0.21720
vn -0.00000 -0.71469 -0.69944
vn 0.98372 -0.04462 0.17406
vn 0.95902 -0.27114 0.08225
vn 0.97771 -0.20279 0.05445
vn 0.98649 -0.05863 0.15294
vn 0.98168 -0.14927 0.11844
vn 0.97506 -0.05337 0.21543
vn 0.84523 0.52174 -0.11566
vn 0.00000 0.93228 -0.36174
vn 0.88616 0.44110 -0.14192
vn 0.51481 0.79089 -0.33087
vn 0.89798 0.42408 -0.11744
vn 0.78154 0.59036 -0.20166
vn 0.86898 0.47661 -0.13308
vn 0.79047 0.58282 -0.18835
vn 0.88238 0.35958 -0.30350
vn 0.90844 0.29480 -0.29637
vn 0.91946 0.30563 -0.24736
vn 0.96396 0.20069 -0.17465
vn 0.92402 0.29871 -0.23865
vn 0.90545 0.28749 -0.31226
vn 0.95269 0.15839 -0.25941
vn 0.92280 0.20338 -0.32724
vn 0.97271 0.10562 -0.20658
vn 0.98288 0.08636 -0.16277
vn 0.97395 0.15960 -0.16107
vn 0.99597 0.07844 -0.04347
vn 0.97835 0.20671 -0.00996
vn 0.99905 0.02937 -0.03221
vn 0.98410 0.17337 -0.03866
vn 0.98410 0.17337 -0.03866
vn 0.99905 0.02937 -0.03221
vn 0.99940 -0.03293 0.01106
vn 0.98888 0.14819 0.01236
vn 0.99670 -0.07187 0.03778
vn 0.98757 0.15058 0.04503
vn 0.86019 0.25485 -0.44172
vn 0.84414 0.26396 -0.46663
vn 0.86295 0.27066 -0.42668
vn 0.87811 0.30978 -0.36464
vn 0.89148 0.33912 -0.30044
vn 0.90693 0.31332 -0.28162
vn 0.89552 0.28058 -0.34543
vn 0.89529 0.26536 -0.35783
vn 0.94976 0.26334 -0.16913
vn 0.95237 0.30091 -0.04943
vn 0.94377 0.31443 -0.10216
vn 0.95652 0.29166 0.00119
vn 0.95237 0.30091 -0.04943
vn 0.95341 0.29670 0.05467
vn 0.99736 -0.05996 0.04094
vn 0.98555 0.15728 0.06285
vn 0.99502 0.01176 0.09902
vn 0.97830 0.16843 0.12063
vn 0.98258 0.05066 0.17881
vn 0.96979 0.16319 0.18134
vn 0.97549 0.00678 0.21992
vn 0.96673 0.13724 0.21588
vn 0.96186 -0.09213 0.25758
vn 0.96404 0.09027 0.24995
vn 0.94979 -0.23523 0.20630
vn 0.96860 0.04925 0.24372
vn 0.96860 0.04925 0.24372
vn 0.94979 -0.23523 0.20630
vn 0.93553 -0.31093 0.16764
vn 0.97411 0.02792 0.22434
vn 0.93453 -0.31097 0.17309
vn 0.97380 0.00918 0.22722
vn 0.94234 -0.30496 0.13783
vn 0.97708 -0.01982 0.21195
vn 0.95120 0.29944 0.07446
vn 0.94437 0.30179 0.13074
vn 0.93775 0.29305 0.18639
vn 0.93578 0.27785 0.21704
vn 0.93224 0.25459 0.25711
vn 0.93443 0.23562 0.26707
vn 0.95906 0.28229 -0.02252
vn 0.98467 0.16867 -0.04441
vn 0.73417 0.58510 -0.34446
vn 0.64568 0.69582 -0.31453
vn 0.98770 0.14505 -0.05831
vn 0.77143 0.53798 -0.33981
vn -0.00000 0.83423 -0.55142
vn 0.00000 0.84893 -0.52850
vn 0.00000 0.90090 -0.43402
vn 0.99707 0.07550 -0.01222
vn 0.99884 -0.01828 0.04456
vn 0.94384 0.30275 -0.13233
vn 0.88488 0.41252 -0.21635
vn 0.93686 0.32860 -0.11963
vn 0.93675 0.33913 -0.08655
vn 0.93439 0.33946 -0.10807
vn 0.78362 0.57062 -0.24563
vn 0.50791 0.80550 -0.30527
vn 0.54335 0.77721 -0.31737
vn 0.53052 0.78378 -0.32287
vn 0.51936 0.79729 -0.30758
vn 0.55041 0.75827 -0.34940
vn 0.55099 0.75798 -0.34911
vn 0.55041 0.75827 -0.34940
vn 0.97466 0.02725 0.22202
vn 0.93701 0.34250 -0.06856
vn 0.73503 0.67585 0.05443
vn 0.75350 0.65728 -0.01455
vn 0.65590 0.75235 -0.06126
vn 0.57614 0.80261 -0.15454
vn 0.94527 -0.23999 0.22106
vn 0.96672 -0.18635 0.17527
vn 0.97190 -0.18413 0.14668
vn 0.96932 -0.18604 0.16062
vn 0.98419 -0.10455 0.14300
vn 0.97823 -0.15531 0.13763
vn 0.97576 -0.15672 0.15276
vn 0.90081 -0.30124 0.31271
vn 0.95603 -0.18823 0.22488
vn 0.94147 -0.15648 0.29857
vn 0.93011 -0.14893 0.33574
vn 0.92570 -0.11200 0.36129
vn 0.98575 -0.06976 0.15305
vn 0.94145 -0.16326 0.29500
vn 0.94997 -0.12538 0.28608
vn 0.96467 -0.17128 0.20019
vn 0.95169 -0.21083 0.22324
vn 0.89794 -0.28564 0.33483
vn 0.86651 -0.31990 0.38316
vn 0.89794 -0.28564 0.33483
vn 0.92533 -0.25009 0.28498
vn 0.96464 -0.19296 0.17954
vn 0.96707 -0.18330 0.17659
vn 0.96261 -0.19884 0.18395
vn 0.83698 -0.40862 0.36400
vn 0.95074 -0.22826 0.20973
vn 0.93781 -0.24796 0.24295
vn 0.92349 -0.27152 0.27100
vn 0.95068 -0.22402 0.21452
vn 0.97585 -0.14688 0.16171
vn 0.95131 -0.21862 0.21727
vn 0.97637 -0.13357 0.16989
vn 0.93259 -0.24160 0.26814
vn -0.00000 -0.71099 0.70320
vn 0.00000 -0.74309 0.66919
vn 0.97000 -0.05982 0.23561
vn 0.95124 -0.04329 0.30539
vn 0.95444 -0.08471 0.28613
vn 0.93405 -0.18697 0.30429
vn 0.94957 -0.04506 0.31030
vn 0.94877 -0.07097 0.30789
vn 0.94906 -0.05842 0.30963
vn 0.89869 -0.11566 0.42305
vn 0.84941 -0.04354 0.52594
vn 0.82596 -0.01083 0.56363
vn 0.84305 -0.02601 0.53720
vn 0.85357 -0.05884 0.51764
vn 0.81595 -0.18854 0.54651
vn 0.79906 -0.18626 0.57168
vn 0.81595 -0.18854 0.54651
vn 0.86463 0.50239 0.00397
vn 0.51284 0.84695 -0.14023
vn 0.00000 0.99221 -0.12458
vn 0.97086 0.04777 0.23485
vn 0.97991 0.08913 0.17839
vn 0.97115 0.11144 0.21082
vn 0.96840 0.18977 0.16185
vn 0.97047 0.13540 0.19963
vn 0.68003 -0.14569 -0.71856
vn 0.71194 -0.10092 -0.69495
vn 0.31423 -0.86660 -0.38765
vn 0.49591 -0.67946 -0.54075
vn 0.72649 -0.35860 -0.58619
vn 0.68786 -0.40868 -0.59987
vn 0.72649 -0.35860 -0.58619
vn 0.76208 -0.30703 -0.57006
vn 0.76797 -0.22487 -0.59971
vn 0.86432 0.30009 -0.40359
vn 0.82321 0.44242 -0.35578
vn 0.83486 0.39150 -0.38696
vn 0.89405 0.28581 -0.34496
vn 0.79768 0.51337 -0.31648
vn 0.91708 0.28497 -0.27885
vn 0.79719 0.48346 -0.36161
vn 0.91530 0.18960 -0.35535
vn 0.56970 -0.65418 -0.49748
vn 0.52574 -0.68093 -0.50983
vn 0.82424 -0.46618 -0.32142
vn 0.83366 -0.45014 -0.31998
vn 0.87134 -0.47983 -0.10256
vn -0.84016 -0.33623 0.42554
vn 0.87134 -0.47983 -0.10256
vn 0.85712 -0.51053 -0.06864
vn 0.97059 -0.21737 -0.10349
vn 0.99183 -0.09923 0.08019
vn 0.99502 -0.03399 0.09369
vn 0.99087 0.00172 0.13479
vn -0.00000 -0.20955 0.97780
vn 0.98591 -0.04337 0.16155
vn 0.98385 -0.05408 0.17065
vn 0.88791 0.12276 0.44333
vn 0.93451 0.09655 0.34260
vn 0.84816 -0.22089 0.48148
vn 0.85637 -0.11973 0.50229
vn 0.84830 -0.16675 0.50258
vn 0.83601 -0.21898 0.50313
vn 0.94732 -0.08059 0.30999
vn 0.94047 -0.19783 0.27637
vn 0.96437 -0.03211 0.26262
vn 0.95522 -0.10914 0.27505
vn 0.94072 -0.19763 0.27566
vn 0.96067 0.23615 0.14611
vn 0.95365 0.25439 0.16075
vn 0.99469 0.08931 0.05119
vn 0.99421 -0.01210 0.10673
vn 0.99454 0.08900 0.05447
vn 0.90569 0.41481 -0.08756
vn 0.90861 0.40781 -0.09010
vn 0.89352 0.44487 0.06089
vn 0.88429 0.46067 0.07627
vn 0.77208 0.61385 -0.16456
vn 0.75895 0.62960 -0.16614
vn 0.78718 -0.60818 -0.10233
vn 0.76980 -0.57179 -0.28367
vn 0.58608 -0.31268 -0.74749
vn 0.98047 -0.13367 0.14428
vn 0.96996 -0.08143 0.22923
vn 0.99128 0.12352 -0.04590
vn 0.78918 0.52985 -0.31058
vn -0.13161 0.87094 -0.47343
vn -0.00000 0.84649 -0.53241
vn 0.98841 -0.10014 0.11413
vn 0.99185 -0.06961 0.10670
vn 0.95267 0.00307 0.30398
vn 0.96152 0.02763 0.27333
vn 0.94656 -0.00929 0.32239
vn 0.94780 -0.01928 0.31830
vn -0.22342 -0.97439 0.02538
vn -0.22342 -0.97439 0.02538
vn 0.54266 -0.80588 -0.23682
vn 0.63719 -0.70742 -0.30586
vn 0.33544 0.88784 -0.31499
vn -0.00000 0.95383 -0.30034
vn 0.32705 -0.37604 -0.86697
vn -0.00000 -0.20001 -0.97979
vn 0.01845 0.91328 -0.40692
vn -0.02088 0.95268 -0.30327
vn 0.02275 0.98740 0.15663
vn 0.02275 0.98740 0.15663
vn -0.18601 -0.97690 0.10523
vn -0.18601 -0.97690 0.10523
vn 0.19048 -0.62226 -0.75928
vn 0.09747 -0.81556 -0.57040
vn 0.27174 0.82590 -0.49401
vn 0.00000 0.86770 -0.49709
vn -0.18866 -0.97698 0.09961
vn -0.18866 -0.97698 0.09961
vn 0.35703 -0.90177 -0.24361
vn 0.48778 -0.79451 -0.36169
vn 0.19048 -0.62226 -0.75928
vn 0.09747 -0.81556 -0.57040
vn 0.43485 -0.03201 -0.89993
vn 0.31072 0.03857 -0.94972
vn 0.63200 -0.27000 -0.72641
vn 0.64965 -0.31993 -0.68964
vn 0.63200 -0.27000 -0.72641
vn 0.61173 -0.21896 -0.76016
vn 0.26073 -0.96051 -0.09714
vn 0.46151 -0.86188 -0.21019
vn 0.80038 -0.11632 -0.58809
vn 0.35703 -0.90177 -0.24361
vn 0.48778 -0.79451 -0.36169
vn 0.70101 -0.50436 -0.50419
vn 0.74422 -0.44939 -0.49416
vn 0.70101 -0.50436 -0.50419
vn 0.65431 -0.55681 -0.51171
vn 0.85453 0.00052 -0.51940
vn 0.90527 -0.02736 -0.42396
vn 0.63719 -0.70742 -0.30586
vn 0.89936 -0.28555 -0.33108
vn 0.93388 -0.10159 -0.34284
vn 0.54266 -0.80588 -0.23682
vn 0.73110 -0.64672 -0.21739
vn 0.67921 -0.68791 -0.25583
vn 0.73110 -0.64672 -0.21739
vn 0.77869 -0.60173 -0.17767
vn 0.89085 -0.31550 -0.32688
vn 0.86021 -0.35988 -0.36129
vn 0.26073 -0.96051 -0.09714
vn 0.46151 -0.86188 -0.21019
vn 0.93992 -0.13577 -0.31323
vn 0.96184 0.10764 -0.25155
vn 0.97616 -0.03054 -0.21491
vn 0.98052 0.10699 -0.16474
vn -0.00000 0.98152 0.19137
vn 0.34644 0.91295 0.21565
vn 0.65022 0.72905 0.21378
vn 0.86446 0.46721 0.18554
vn 0.94015 0.28540 0.18617
vn 0.95617 0.27374 0.10391
vn 0.95817 0.25751 0.12487
vn 0.63256 0.77441 -0.01297
vn 0.24073 0.96817 0.06853
vn 0.15316 0.84504 0.51229
vn 0.65689 0.64032 0.39811
vn 0.12868 0.99060 -0.04639
vn -0.08959 0.92702 0.36414
vn 0.31496 0.85657 -0.40876
vn 0.18324 0.89919 -0.39735
vn 0.74232 0.37044 -0.55834
vn 0.30228 -0.95265 -0.03301
vn 0.30932 -0.63871 0.70453
vn -0.12597 -0.88174 0.45461
vn 0.08157 -0.99449 -0.06580
vn -0.02860 -0.99946 -0.01609
vn -0.37811 -0.81248 0.44375
vn 0.08065 -0.87284 -0.48130
vn 0.15161 -0.84836 -0.50724
vn 0.40512 -0.82891 -0.38571
vn 0.01046 0.99830 0.05736
vn -0.22635 0.92924 0.29203
vn -0.21157 0.95173 0.22239
vn 0.01823 0.99981 -0.00657
vn 0.13582 0.94714 -0.29065
vn 0.11708 0.96138 -0.24907
vn -0.29773 -0.92099 0.25127
vn -0.00067 -0.99790 -0.06485
vn -0.01497 -0.99957 -0.02525
vn -0.24800 -0.95002 0.18965
vn 0.11306 -0.85994 -0.49771
vn 0.13021 -0.89669 -0.42307
vn -0.06048 0.97247 0.22506
vn 0.03432 0.99857 0.04093
vn -0.00432 0.99673 0.08075
vn -0.09272 0.95527 0.28081
vn -0.13916 0.94016 0.31103
vn 0.00825 0.99840 0.05600
vn 0.23167 0.95844 -0.16647
vn 0.23375 0.96135 -0.14547
vn 0.24841 0.95622 -0.15471
vn 0.01641 -0.99952 -0.02620
vn -0.11742 -0.94873 0.29345
vn -0.13572 -0.94602 0.29432
vn 0.03272 -0.99819 -0.05048
vn 0.01998 -0.99937 -0.02946
vn -0.16950 -0.92940 0.32786
vn 0.23536 -0.94392 -0.23155
vn 0.36496 -0.87857 -0.30809
vn 0.42575 -0.84178 -0.33187
vn 0.30932 -0.63871 0.70453
vn 0.35170 0.28742 0.89090
vn -0.19988 0.24168 0.94954
vn -0.12597 -0.88174 0.45461
vn -0.55633 0.25060 0.79227
vn -0.37811 -0.81248 0.44375
vn 0.25218 0.04486 -0.96664
vn 0.30585 -0.10476 -0.94630
vn 0.58608 -0.31268 -0.74749
vn -0.71943 0.22968 0.65549
vn -0.29773 -0.92099 0.25127
vn -0.73257 -0.34869 0.58461
vn -0.24800 -0.95002 0.18965
vn 0.27940 0.09086 -0.95587
vn 0.27300 0.54185 -0.79490
vn -0.11742 -0.94873 0.29345
vn -0.23214 0.62614 0.74435
vn -0.35370 0.08656 0.93134
vn -0.13572 -0.94602 0.29432
vn -0.40152 -0.23573 0.88499
vn -0.16950 -0.92940 0.32786
vn 0.71030 -0.34899 -0.61129
vn 0.79249 0.18026 -0.58263
vn 0.71040 0.50580 -0.48940
vn 0.04496 0.99394 0.10032
vn 0.14139 0.96520 0.22000
vn -0.00668 0.86919 0.49443
vn -0.16704 0.89158 0.42093
vn 0.26791 0.91494 0.30184
vn 0.16252 0.85192 0.49782
vn 0.39796 0.89434 -0.20443
vn 0.44218 0.89679 -0.01594
vn 0.49721 0.85912 0.12124
vn 0.46677 -0.85298 -0.23358
vn 0.10832 -0.99404 0.01258
vn 0.23772 -0.96199 0.13441
vn 0.72373 -0.67096 -0.16134
vn 0.80961 -0.56288 0.16642
vn 0.47204 -0.79629 0.37828
vn 0.06643 -0.73670 0.67295
vn 0.35756 -0.41226 0.83797
vn -0.15442 -0.87336 0.46194
vn 0.86778 -0.06088 -0.49320
vn 0.93895 0.26208 -0.22291
vn 0.44218 0.89679 -0.01594
vn 0.91343 0.39408 0.10171
vn 0.49721 0.85912 0.12124
vn 0.02356 0.99972 0.00231
vn -0.15315 0.96890 0.19436
vn 0.03362 0.99930 0.01656
vn -0.09627 0.97327 0.20853
vn 0.13081 0.96079 -0.24449
vn 0.15293 0.96801 -0.19894
vn -0.24562 -0.94857 0.19970
vn -0.00399 -0.99966 -0.02580
vn -0.17225 -0.96563 0.19467
vn 0.00776 -0.99964 -0.02580
vn 0.14215 -0.93548 -0.32351
vn 0.18960 -0.94033 -0.28254
vn -0.72537 0.05963 0.68577
vn -0.55992 0.04964 0.82706
vn -0.17225 -0.96563 0.19467
vn -0.24562 -0.94857 0.19970
vn 0.39515 0.12216 -0.91046
vn 0.54776 0.10728 -0.82973
vn 0.05376 0.99855 0.00029
vn -0.05514 0.97484 0.21596
vn 0.19774 0.96186 -0.18903
vn -0.13176 -0.95882 0.25161
vn 0.00048 -0.99998 -0.00681
vn 0.21741 -0.94582 -0.24115
vn -0.35951 0.06230 0.93106
vn -0.13176 -0.95882 0.25161
vn 0.68550 0.10711 -0.72015
vn 0.02493 0.99858 0.04704
vn -0.18278 0.91819 0.35144
vn 0.34527 0.91287 -0.21786
vn -0.25325 -0.82266 0.50902
vn 0.00001 -0.99981 0.01949
vn 0.40927 -0.86102 -0.30190
vn -0.42734 0.23225 0.87375
vn -0.34447 0.22285 0.91196
vn -0.15442 -0.87336 0.46194
vn -0.25325 -0.82266 0.50902
vn 0.81538 0.16073 -0.55616
vn 0.93443 0.23562 0.26707
vn 0.94323 0.22009 0.24876
vn 0.94732 0.20171 0.24878
vn 0.95520 0.17381 0.23957
vn -0.26723 -0.51813 0.81249
vn -0.00000 -0.64786 0.76176
vn 0.91138 -0.25107 0.32610
vn 0.97483 -0.12339 0.18569
vn 0.99274 -0.04689 0.11080
vn 0.98773 0.01582 0.15539
vn 0.96969 0.06483 0.23559
vn 0.97202 0.18683 0.14240
vn 0.93806 0.32094 0.13053
vn 0.35756 -0.41226 0.83797
vn 0.06643 -0.73670 0.67295
vn -0.05122 0.29768 0.95329
vn 0.23803 0.53712 0.80923
vn 0.77098 0.20835 0.60181
vn 0.26791 0.91494 0.30184
vn 0.77098 0.20835 0.60181
vn 0.47204 -0.79629 0.37828
vn -0.39872 -0.16576 0.90197
vn -0.26447 -0.82563 0.49838
vn 0.09189 -0.99437 -0.05283
vn 0.13192 -0.99117 -0.01340
vn 0.09189 -0.99437 -0.05283
vn 0.05157 -0.99441 -0.09209
vn -0.35908 0.70036 -0.61689
vn -0.35339 0.70545 -0.61437
vn -0.35908 0.70036 -0.61689
vn -0.36475 0.69522 -0.61938
vn -0.24851 0.78830 -0.56287
vn -0.18573 0.70319 -0.68631
vn -0.27067 0.68031 -0.68112
vn -0.46894 0.61809 -0.63092
vn -0.41662 0.62257 -0.66244
vn -0.05642 0.98541 0.16059
vn -0.00105 0.99376 0.11152
vn -0.05642 0.98541 0.16059
vn 0.00105 0.99377 0.11145
vn -0.18432 0.98286 -0.00318
vn -0.21767 0.97591 -0.01456
vn -0.92070 0.12049 -0.37121
vn -0.89329 -0.01682 -0.44917
vn -0.94175 -0.06582 -0.32980
vn -0.90165 0.08932 -0.42315
vn -0.96066 -0.01012 -0.27756
vn -0.91670 0.12927 -0.37808
vn -0.90843 0.06715 -0.41262
vn -0.97215 0.06137 -0.22620
vn -0.91556 0.14998 -0.37318
vn -0.95979 0.17033 -0.22314
vn -0.89544 0.27630 -0.34906
vn -0.76383 0.46068 -0.45204
vn -0.73135 0.57348 -0.36911
vn -0.75995 0.49196 -0.42478
vn -0.76315 0.33753 -0.55106
vn -0.84807 0.41101 -0.33444
vn -0.81069 0.51607 -0.27648
vn -0.87874 0.21115 -0.42805
vn -0.83728 0.35117 -0.41909
vn -0.78712 0.30528 -0.53596
vn -0.79939 0.14949 -0.58192
vn -0.83148 0.07657 -0.55025
vn -0.89998 0.22576 -0.37292
vn -0.85694 0.06160 -0.51173
vn -0.91767 0.21015 -0.33722
vn -0.40830 -0.65661 -0.63415
vn -0.51608 -0.44384 -0.73258
vn -0.56203 -0.60542 -0.56356
vn -0.34282 -0.80149 -0.48999
vn -0.64312 -0.60443 -0.47016
vn -0.39486 -0.81845 -0.41740
vn -0.75484 -0.17730 -0.63149
vn -0.80225 -0.33284 -0.49560
vn -0.57878 0.00757 -0.81545
vn -0.46933 -0.87928 -0.08125
vn -0.45394 -0.86398 -0.21792
vn -0.76258 -0.59604 -0.25141
vn -0.77639 -0.61000 -0.15848
vn -0.92671 -0.23436 -0.29374
vn -0.93953 -0.25031 -0.23373
vn -0.66510 -0.63221 -0.39742
vn -0.88055 -0.25157 -0.40168
vn -0.41655 -0.83789 -0.35274
vn -0.15734 -0.91567 -0.36985
vn -0.13378 -0.89093 -0.43399
vn 0.00000 -0.93605 -0.35187
vn -0.18139 -0.93545 -0.30335
vn -0.00000 -0.94380 -0.33053
vn -0.86334 0.01658 -0.50435
vn -0.89138 0.19803 -0.40772
vn -0.20412 -0.96949 -0.13575
vn -0.47024 0.50193 -0.72590
vn -0.29005 0.57954 -0.76158
vn -0.27600 0.67240 -0.68681
vn -0.42447 0.58867 -0.68796
vn -0.55878 0.33773 -0.75743
vn -0.38362 0.38688 -0.83855
vn -0.50378 0.23566 -0.83107
vn -0.64977 0.10881 -0.75230
vn -0.91983 0.05419 -0.38856
vn -0.97196 0.09558 -0.21483
vn -0.97558 0.09239 -0.19926
vn -0.90796 0.25036 -0.33604
vn -0.95271 -0.26047 -0.15655
vn -0.93575 -0.14438 -0.32176
vn -0.97318 0.14312 -0.18013
vn -0.98804 0.07956 -0.13209
vn -0.92173 0.33739 -0.19125
vn -0.89156 0.37931 -0.24746
vn -0.72381 0.37118 -0.58166
vn -0.82506 0.26197 -0.50065
vn -0.72327 0.20703 -0.65880
vn -0.64177 0.28055 -0.71374
vn -0.71778 0.04665 -0.69470
vn -0.80891 0.16050 -0.56560
vn -0.65798 0.67725 0.32923
vn -0.45025 0.80697 0.38220
vn -0.36834 0.86211 0.34798
vn -0.63421 0.70796 0.31075
vn -0.35151 0.87747 0.32633
vn -0.64015 0.70364 0.30836
vn -0.00000 0.94079 0.33898
vn -0.00000 0.91743 0.39790
vn -0.20767 -0.97820 -0.00136
vn -0.20790 -0.97815 -0.00124
vn -0.36071 -0.93265 0.00717
vn -0.20744 -0.97825 -0.00148
vn -0.40482 -0.91415 -0.02136
vn -0.51388 -0.85715 0.03487
vn -0.75434 -0.64827 0.10353
vn -0.71164 -0.69920 0.06845
vn -0.50454 -0.86325 0.01552
vn -0.51452 -0.85714 0.02418
vn -0.39235 -0.91944 0.02629
vn -0.24720 -0.96885 -0.01500
vn -0.20855 -0.97718 -0.04033
vn -0.24720 -0.96885 -0.01500
vn -0.21634 -0.97618 0.01661
vn -0.60730 0.79419 0.02133
vn -0.63856 0.74505 -0.19272
vn -0.34718 0.92193 -0.17181
vn -0.29592 0.95383 0.05131
vn -0.00000 0.99221 -0.12460
vn -0.68281 0.70885 0.17691
vn -0.53338 0.83786 0.11620
vn -0.63760 0.75021 0.17507
vn -0.71040 0.67155 0.21062
vn -0.65600 0.70959 0.25721
vn -0.70275 0.66600 0.25017
vn -0.76227 0.61375 0.20558
vn -0.71338 0.69993 0.03454
vn -0.46912 -0.87633 -0.10943
vn -0.46108 -0.88728 0.01179
vn -0.73916 -0.67319 0.02147
vn -0.71397 -0.68240 -0.15675
vn -0.91608 -0.40064 0.01681
vn -0.95252 -0.30230 -0.03620
vn -0.93913 -0.34127 0.03953
vn -0.76498 -0.64218 0.04915
vn -0.44457 -0.89449 0.04726
vn -0.92742 0.37234 -0.03557
vn -0.94268 0.33337 -0.01505
vn -0.88680 0.45690 0.06949
vn -0.84825 0.52938 -0.01514
vn -0.67543 0.72905 0.11082
vn -0.67277 0.73975 0.01258
vn -0.74104 0.44170 -0.50573
vn -0.78298 0.39148 -0.48342
vn -0.73202 0.36144 -0.57750
vn -0.68685 0.38079 -0.61906
vn -0.70282 0.25547 -0.66391
vn -0.65652 0.24085 -0.71483
vn -0.88241 0.01712 -0.47017
vn -0.68197 0.09453 -0.72525
vn -0.64463 0.04668 -0.76307
vn -0.69365 -0.10966 -0.71191
vn -0.66529 -0.12265 -0.73644
vn -0.73182 -0.39066 -0.55841
vn -0.76969 -0.31547 -0.55503
vn -0.80784 -0.36272 -0.46457
vn -0.81016 -0.42044 -0.40849
vn -0.89512 -0.31253 -0.31795
vn -0.91131 -0.33957 -0.23280
vn -0.96705 -0.19315 -0.16585
vn -0.97880 -0.18588 -0.08600
vn -0.99178 -0.06501 -0.11017
vn -0.99821 -0.04400 -0.04050
vn -0.99223 0.06041 -0.10879
vn -0.99041 0.12173 -0.06541
vn -0.95345 0.22099 -0.20518
vn -0.92672 0.31405 -0.20629
vn -0.85863 0.36643 -0.35844
vn -0.81547 0.43622 -0.38041
vn -0.72772 -0.27150 -0.62985
vn -0.68544 -0.27355 -0.67479
vn -0.48724 0.72404 -0.48824
vn -0.22581 0.82613 -0.51625
vn -0.27057 0.80224 -0.53217
vn -0.55585 0.67779 -0.48127
vn -0.35341 0.82532 -0.44041
vn -0.63230 0.66007 -0.40559
vn -0.86067 -0.36545 0.35452
vn -0.90968 -0.32076 0.26382
vn -0.51062 -0.77740 0.36732
vn -0.60766 -0.77594 0.16929
vn -0.85019 -0.47790 0.22090
vn -0.96864 0.02930 0.24673
vn -0.43184 0.88300 -0.18391
vn -0.47227 0.85446 -0.21648
vn -0.43184 0.88300 -0.18391
vn -0.38990 0.90844 -0.15069
vn -0.83982 0.32791 -0.43265
vn -0.73827 0.42383 -0.52472
vn -0.21767 0.97591 -0.01456
vn -0.18432 0.98286 -0.00318
vn -0.91426 0.19438 -0.35544
vn -0.94035 0.33857 0.03341
vn -0.91451 0.36277 -0.17906
vn -0.83417 0.51695 -0.19215
vn -0.84569 0.53365 -0.00581
vn -0.16599 0.98239 -0.08573
vn -0.51256 0.61609 -0.59809
vn -0.31724 0.80444 -0.50224
vn -0.09111 0.99196 -0.08788
vn -0.02706 0.98816 0.15100
vn -0.08382 0.97880 0.18686
vn -0.01748 0.79094 0.61164
vn -0.06608 0.78577 0.61498
vn -0.47175 0.79066 -0.39027
vn -0.15247 0.98200 0.11145
vn -0.15153 -0.98825 0.02004
vn -0.35561 -0.54105 0.76211
vn -0.17001 -0.64477 0.74523
vn -0.04109 -0.06476 0.99705
vn -0.01529 -0.82911 0.55887
vn -0.09003 -0.83369 0.54484
vn -0.13133 -0.11992 0.98406
vn -0.14370 -0.80457 0.57622
vn -0.19344 0.02102 0.98089
vn -0.18923 -0.97972 -0.06584
vn -0.05440 -0.98734 0.14899
vn -0.00276 -0.99762 0.06887
vn -0.75728 -0.11727 0.64248
vn -0.87169 0.40070 0.28214
vn -0.47210 0.10807 0.87489
vn -0.41081 -0.61315 -0.67475
vn -0.72630 -0.52671 -0.44166
vn -0.63175 0.31321 -0.70907
vn -0.95615 0.28357 -0.07327
vn -0.57434 0.79320 -0.20240
vn -0.98889 0.01849 0.14747
vn -0.44748 -0.30799 -0.83959
vn -0.19689 -0.71554 -0.67025
vn -0.30092 0.60047 -0.74087
vn -0.08009 0.99273 -0.08988
vn -0.08422 0.98885 -0.12279
vn -0.23125 0.22838 -0.94571
vn -0.14429 -0.68883 -0.71042
vn -0.04109 -0.06476 0.99705
vn -0.13133 -0.11992 0.98406
vn -0.12746 0.73657 0.66424
vn -0.19344 0.02102 0.98089
vn 0.03264 0.72938 0.68333
vn -0.02263 0.98850 0.14949
vn -0.01569 0.98436 0.17549
vn 0.14165 0.66958 0.72911
vn 0.07793 -0.17250 0.98192
vn 0.24595 -0.14380 0.95856
vn 0.24595 -0.14380 0.95856
vn 0.17568 -0.80314 0.56930
vn 0.05897 -0.84506 0.53141
vn 0.07793 -0.17250 0.98192
vn 0.03741 -0.99362 0.10640
vn 0.07409 -0.99492 0.06819
vn -0.56347 -0.34849 -0.74904
vn -0.65614 -0.25872 -0.70890
vn -0.46607 -0.88428 -0.02870
vn -0.41419 -0.90998 -0.01953
vn -0.17384 -0.98476 0.00456
vn -0.13527 -0.98949 0.05120
vn -0.08577 -0.99597 0.02636
vn -0.02881 -0.99728 0.06786
vn -0.13432 -0.98886 0.06413
vn -0.19089 -0.97733 0.09162
vn -0.09928 -0.99338 0.05784
vn 0.02879 -0.99910 0.03112
vn -0.12605 -0.96057 -0.24783
vn -0.08695 -0.96059 -0.26403
vn -0.01621 -0.98836 -0.15126
vn -0.01464 -0.98289 -0.18360
vn -0.31574 -0.94473 0.08829
vn -0.24751 -0.96534 0.08283
vn -0.31574 -0.94473 0.08829
vn -0.39235 -0.91944 0.02629
vn -0.45888 -0.88047 0.11919
vn -0.39500 -0.91079 0.12013
vn -0.36545 -0.91458 0.17319
vn -0.36082 -0.92423 0.12496
vn -0.31266 -0.93923 0.14177
vn -0.22936 -0.96824 0.09954
vn -0.25456 -0.95927 0.12250
vn -0.28294 -0.95201 0.11672
vn -0.31042 -0.94106 0.13433
vn -0.19627 -0.97695 0.08397
vn -0.25512 -0.96183 0.09897
vn -0.11237 -0.98936 0.09246
vn -0.11203 -0.98942 0.09221
vn -0.11237 -0.98936 0.09246
vn -0.11271 -0.98929 0.09271
vn -0.24207 -0.96814 0.06409
vn -0.39376 -0.86912 -0.29932
vn -0.25322 -0.96501 -0.06806
vn -0.48979 -0.28936 0.82242
vn -0.36565 0.72081 0.58884
vn -0.97046 -0.01603 0.24074
vn -0.51322 0.84262 0.16309
vn -0.79140 -0.39086 -0.47002
vn -0.62095 0.73774 -0.26486
vn -0.57434 0.79320 -0.20240
vn -0.26930 0.93933 -0.21244
vn -0.25738 0.51760 -0.81599
vn -0.63175 0.31321 -0.70907
vn -0.14286 0.96873 -0.20284
vn -0.11112 0.47735 -0.87166
vn -0.09008 0.97516 0.20235
vn -0.23867 0.93408 0.26559
vn -0.57072 0.73140 0.37328
vn -0.47210 0.10807 0.87489
vn -0.00417 0.32180 0.94680
vn 0.25376 0.50085 0.82750
vn 0.28705 -0.75263 0.59257
vn 0.01822 -0.73968 0.67271
vn -0.17001 -0.64477 0.74523
vn -0.14440 0.49850 -0.85478
vn -0.10429 0.98368 -0.14661
vn -0.06035 -0.66140 -0.74760
vn -0.08888 -0.73706 -0.66995
vn -0.15153 -0.98825 0.02004
vn -0.41081 -0.61315 -0.67475
vn -0.11841 -0.63372 -0.76444
vn -0.05756 -0.99190 -0.11322
vn -0.00595 -0.99862 -0.05215
vn 0.12198 -0.98870 0.08717
vn 0.01974 -0.99733 -0.07036
vn 0.28705 -0.75263 0.59257
vn -0.47768 -0.87693 -0.05298
vn -0.36082 -0.86028 0.36019
vn -0.48979 -0.28936 0.82242
vn -0.97046 -0.01603 0.24074
vn -0.79140 -0.39086 -0.47002
vn -0.57072 0.73140 0.37328
vn 0.08864 0.99322 0.07527
vn 0.08864 0.99322 0.07527
vn -0.19137 -0.98014 0.05205
vn -0.20335 -0.97681 0.06706
vn -0.20807 -0.97723 0.04157
vn -0.21222 -0.97639 0.04036
vn -0.06867 -0.99746 -0.01906
vn -0.08576 -0.99613 0.01948
vn -0.07438 -0.99723 0.00163
vn -0.05152 -0.99809 -0.03405
vn -0.67277 0.73975 0.01258
vn -0.64817 0.76014 0.04544
vn -0.82123 0.57006 0.02481
vn -0.84825 0.52938 -0.01514
vn -0.92005 0.39133 0.01945
vn -0.92742 0.37234 -0.03557
vn -0.81971 0.53317 0.20927
vn -0.82326 0.54479 0.15954
vn -0.89632 0.39836 0.19471
vn -0.90581 0.39981 0.14019
vn -0.89043 0.39720 0.22220
vn -0.80798 0.54380 0.22684
vn 0.17516 -0.97857 0.10828
vn -0.00951 -0.99617 0.08697
vn 0.17516 -0.97857 0.10828
vn 0.18221 -0.97754 0.10590
vn 0.18221 -0.97754 0.10590
vn 0.18221 -0.97754 0.10590
vn -0.82658 0.48562 0.28449
vn -0.83840 0.46106 0.29069
vn -0.90637 0.33233 0.26085
vn -0.90062 0.33538 0.27641
vn -0.91344 0.31422 0.25864
vn -0.83642 0.47237 0.27798
vn -0.18612 -0.98253 -0.00067
vn -0.87267 0.33646 -0.35390
vn -0.85401 0.40578 -0.32561
vn -0.75846 0.51198 -0.40325
vn -0.79427 0.46223 -0.39430
vn -0.70104 0.57110 -0.42706
vn -0.82099 0.40419 -0.40325
vn -0.91899 0.24205 -0.31125
vn -0.92510 0.07637 -0.37197
vn -0.86569 0.33385 -0.37299
vn -0.83502 0.42800 -0.34577
vn -0.82712 0.41451 -0.37954
vn -0.91317 0.11763 -0.39024
vn -0.84105 0.32348 -0.43357
vn -0.86673 0.23817 -0.43823
vn -0.86272 0.28272 -0.41928
vn -0.87096 0.30050 -0.38875
vn -0.84012 0.35632 -0.40895
vn -0.83789 0.37563 -0.39602
vn -0.62140 0.71916 -0.31091
vn -0.81042 0.48679 -0.32596
vn -0.87281 0.33904 -0.35107
vn -0.00000 -0.98504 -0.17232
vn -0.40251 -0.89993 -0.16765
vn -0.46751 -0.79532 -0.38588
vn -0.74926 -0.66201 -0.01907
vn -0.81599 -0.56152 -0.13732
vn 0.10567 -0.99347 -0.04297
vn -0.37609 0.92514 0.05171
vn -0.39973 0.91653 0.01381
vn -0.38763 0.90632 0.16829
vn -0.39973 0.91653 0.01381
vn -0.16003 -0.98520 -0.06133
vn -0.23853 -0.96820 -0.07543
vn -0.22731 -0.97134 -0.06952
vn -0.13428 -0.98786 -0.07812
vn -0.30932 -0.63871 0.70453
vn -0.35170 0.28741 0.89090
vn -0.78088 -0.12532 0.61198
vn -0.66705 -0.37906 0.64138
vn -0.89488 -0.33106 0.29931
vn -0.76828 -0.55225 0.32368
vn -0.98995 -0.10292 0.09702
vn -0.93518 0.24031 0.26016
vn -0.65689 0.64032 0.39811
vn -0.30228 -0.95265 -0.03301
vn -0.43173 -0.90196 0.00809
vn -0.53682 -0.82458 -0.17860
vn -0.40512 -0.82892 -0.38571
vn -0.63256 0.77441 -0.01297
vn -0.93798 0.34665 0.00415
vn -0.99543 0.09043 -0.03081
vn -0.74232 0.37044 -0.55834
vn -0.17574 -0.98231 0.06465
vn -0.45892 -0.88836 -0.01476
vn 0.00000 -0.99639 0.08489
vn -0.56596 -0.54361 0.61982
vn -0.47826 -0.78974 0.38416
vn -0.67037 -0.64304 0.37028
vn -0.48489 -0.84838 0.21243
vn -0.67037 -0.64304 0.37028
vn -0.76828 -0.55225 0.32368
vn -0.66124 -0.74440 0.09297
vn -0.48489 -0.84838 0.21243
vn -0.86673 -0.49364 0.07133
vn -0.89488 -0.33106 0.29931
vn -0.98995 -0.10292 0.09702
vn -0.96217 -0.27005 0.03598
vn -0.10286 -0.99359 0.04698
vn -0.10785 -0.99289 0.05047
vn -0.11283 -0.99215 0.05396
vn -0.31268 -0.94844 0.05198
vn -0.25735 -0.96617 0.01694
vn -0.37519 0.92182 0.09734
vn -0.64269 0.76060 0.09189
vn 0.00000 0.99588 0.09067
vn 0.03613 -0.99919 0.01775
vn -0.18998 -0.98176 0.00724
vn -0.15558 -0.98777 0.01063
vn -0.13189 -0.99126 -0.00364
vn -0.91576 0.39272 0.08456
vn -0.83306 0.54359 0.10260
vn -0.66772 0.73485 0.11895
vn -0.84703 0.52648 0.07320
vn -0.92259 0.38027 0.06504
vn -0.43622 0.89359 0.10592
vn -0.73824 0.53364 0.41259
vn -0.88034 0.21327 0.42369
vn -0.94873 -0.03787 0.31381
vn -0.97934 0.18490 0.08190
vn -0.91220 0.38110 0.15050
vn -0.96569 -0.08196 0.24641
vn -0.96742 -0.11812 0.22394
vn -0.94076 -0.19382 0.27821
vn -0.99311 -0.00416 0.11712
vn -0.98948 0.11822 0.08340
vn -0.65798 0.67725 0.32923
vn -0.83840 0.46106 0.29069
vn -0.81707 0.51067 0.26761
vn -0.68219 0.66724 0.29903
vn -0.89201 0.36364 0.26848
vn -0.90062 0.33538 0.27641
vn -0.57801 0.72555 0.37348
vn -0.45025 0.80697 0.38220
vn -0.06869 0.98828 0.13636
vn 0.18063 0.75734 0.62754
vn 0.39872 -0.16576 0.90197
vn 0.01822 -0.73968 0.67271
vn -0.17001 -0.64477 0.74523
vn -0.35448 0.88833 0.29192
vn -0.67614 0.68419 0.27334
vn -0.40801 0.90164 0.14340
vn -0.75635 0.63666 0.15035
vn -0.00000 0.94973 0.31307
vn 0.07370 0.99591 -0.05230
vn -0.29121 0.93478 -0.20342
vn -0.17697 0.98113 -0.07783
vn 0.05925 0.93917 -0.33831
vn 0.07834 0.92485 -0.37219
vn 0.05925 0.93917 -0.33831
vn -0.82073 -0.10159 -0.56221
vn 0.01268 0.93492 -0.35463
vn 0.02472 0.92514 -0.37883
vn 0.03558 0.97371 -0.22502
vn 0.00177 0.95601 -0.29332
vn -0.82645 0.32550 -0.45938
vn -0.82247 0.21315 -0.52735
vn -0.78923 0.40742 -0.45949
vn -0.78525 0.47076 -0.40220
vn -0.83637 0.34271 -0.42784
vn -0.56378 0.44246 -0.69741
vn -0.58066 0.51778 -0.62829
vn -0.65325 0.51798 -0.55223
vn -0.80623 0.37635 -0.45646
vn -0.70673 0.50286 -0.49766
vn -0.56523 0.64787 -0.51067
vn -0.50060 0.71939 -0.48154
vn -0.69637 0.54773 -0.46375
vn -0.81166 0.36926 -0.45262
vn -0.26426 -0.72389 -0.63730
vn -0.32989 0.93528 -0.12814
vn -0.28489 0.95797 -0.03364
vn -0.32989 0.93528 -0.12814
vn -0.37111 0.90187 -0.22116
vn -0.58038 0.44452 -0.68233
vn -0.81840 0.50300 -0.27787
vn -0.29121 0.93478 -0.20342
vn -0.17697 0.98113 -0.07783
vn -0.27322 0.10092 -0.95664
vn -0.41195 0.33115 -0.84891
vn -0.27213 0.93584 -0.22392
vn -0.19310 0.98024 -0.04286
vn -0.06015 0.76736 -0.63839
vn -0.03173 0.71881 -0.69448
vn -0.06015 0.76736 -0.63839
vn -0.08818 0.81107 -0.57827
vn -0.17458 -0.98266 0.06252
vn -0.11604 -0.99270 0.03290
vn -0.21634 -0.97618 0.01661
vn -0.14626 -0.98898 0.02276
vn -0.85515 0.44565 0.26479
vn -0.92424 0.28954 0.24891
vn -0.94756 0.25146 0.19721
vn -0.89609 0.39949 0.19345
vn -0.97963 -0.18923 -0.06722
vn -0.99176 -0.10120 -0.07852
vn -0.73699 -0.31691 -0.59700
vn -0.66816 -0.39759 -0.62888
vn -0.76054 -0.28666 -0.58259
vn -0.99569 -0.06167 -0.06929
vn -0.99509 -0.06336 -0.07602
vn -0.76936 -0.29369 -0.56730
vn -0.78303 -0.33821 -0.52200
vn -0.98848 -0.11594 -0.09728
vn -0.99257 -0.11885 -0.02624
vn -0.89315 -0.29521 -0.33931
vn -0.57682 -0.55975 -0.59494
vn -0.56061 -0.56409 -0.60624
vn -0.57682 -0.55975 -0.59494
vn -0.82868 -0.41555 -0.37497
vn -0.96144 -0.22725 -0.15491
vn -0.99601 -0.06671 0.05922
vn -0.98301 -0.08260 0.16393
vn -0.98612 -0.02270 0.16445
vn -0.98384 0.03044 0.17643
vn -0.97801 0.02667 0.20683
vn -0.97245 -0.00925 0.23291
vn -0.95408 -0.03038 0.29800
vn -0.97609 0.06477 0.20749
vn -0.98817 0.02867 0.15069
vn -0.98351 0.05521 0.17223
vn -0.97844 0.06354 0.19653
vn -0.97844 0.04501 0.20155
vn -0.98692 0.01206 0.16075
vn -0.98789 0.00938 0.15486
vn -0.98404 0.03219 0.17500
vn -0.94404 0.02316 0.32903
vn -0.92126 0.06602 0.38330
vn -0.89867 0.10394 0.42614
vn -0.87094 0.14133 0.47062
vn -0.87921 0.13508 0.45688
vn -0.97639 0.05014 0.21012
vn -0.97475 0.05297 0.21693
vn -0.97693 0.05088 0.20741
vn -0.98428 -0.01271 0.17613
vn -0.97404 0.06183 0.21779
vn -0.95690 0.07105 0.28160
vn -0.97082 0.05342 0.23378
vn -0.92773 0.06709 0.36718
vn -0.86866 0.05959 0.49181
vn -0.92805 -0.00691 0.37240
vn -0.85004 0.00265 0.52671
vn -0.81109 -0.12852 0.57063
vn -0.88964 -0.06686 0.45173
vn -0.94192 -0.04179 0.33323
vn -0.89396 -0.39200 -0.21720
vn -0.56538 -0.58400 -0.58248
vn -0.98372 -0.04462 0.17406
vn -0.98649 -0.05863 0.15294
vn -0.97771 -0.20279 0.05445
vn -0.95902 -0.27114 0.08225
vn -0.98168 -0.14927 0.11844
vn -0.97506 -0.05337 0.21543
vn -0.84523 0.52174 -0.11566
vn -0.90785 0.40085 -0.12297
vn -0.76744 0.59946 -0.22735
vn -0.78495 0.57709 -0.22543
vn -0.89891 0.42057 -0.12280
vn -0.74930 0.62134 -0.22909
vn -0.97365 0.22745 -0.01653
vn -0.97915 0.20298 -0.00796
vn -0.97223 0.23369 -0.01233
vn -0.98037 0.19686 -0.01081
vn -0.78144 0.59721 -0.18080
vn -0.76852 0.61065 -0.19104
vn -0.77961 0.59683 -0.18972
vn -0.77837 0.60363 -0.17253
vn -0.90844 0.29480 -0.29637
vn -0.88238 0.35958 -0.30351
vn -0.91946 0.30563 -0.24736
vn -0.92402 0.29871 -0.23865
vn -0.96396 0.20069 -0.17465
vn -0.90545 0.28749 -0.31226
vn -0.92280 0.20338 -0.32724
vn -0.95269 0.15839 -0.25941
vn -0.97271 0.10562 -0.20658
vn -0.98288 0.08636 -0.16277
vn -0.97395 0.15960 -0.16107
vn -0.99597 0.07844 -0.04347
vn -0.97835 0.20671 -0.00996
vn -0.98410 0.17337 -0.03866
vn -0.99905 0.02937 -0.03221
vn -0.98410 0.17337 -0.03866
vn -0.98888 0.14819 0.01236
vn -0.99940 -0.03293 0.01106
vn -0.99905 0.02937 -0.03221
vn -0.98757 0.15058 0.04503
vn -0.99670 -0.07187 0.03778
vn -0.86019 0.25485 -0.44172
vn -0.84414 0.26396 -0.46663
vn -0.87811 0.30978 -0.36464
vn -0.86295 0.27066 -0.42668
vn -0.89148 0.33912 -0.30044
vn -0.90693 0.31332 -0.28162
vn -0.89529 0.26536 -0.35783
vn -0.89552 0.28058 -0.34543
vn -0.94976 0.26334 -0.16913
vn -0.94377 0.31443 -0.10216
vn -0.95237 0.30091 -0.04943
vn -0.95652 0.29166 0.00119
vn -0.95237 0.30091 -0.04943
vn -0.95341 0.29670 0.05467
vn -0.98555 0.15728 0.06285
vn -0.99736 -0.05996 0.04094
vn -0.99502 0.01176 0.09902
vn -0.97830 0.16843 0.12064
vn -0.96979 0.16319 0.18134
vn -0.98258 0.05066 0.17881
vn -0.97549 0.00678 0.21992
vn -0.96673 0.13724 0.21588
vn -0.96404 0.09027 0.24994
vn -0.96191 -0.09196 0.25742
vn -0.94986 -0.23483 0.20646
vn -0.96859 0.04926 0.24372
vn -0.96859 0.04926 0.24372
vn -0.97411 0.02792 0.22434
vn -0.93553 -0.31093 0.16765
vn -0.94986 -0.23483 0.20646
vn -0.85019 -0.47790 0.22090
vn -0.93453 -0.31097 0.17309
vn -0.97380 0.00918 0.22722
vn -0.97708 -0.01982 0.21195
vn -0.94234 -0.30496 0.13783
vn -0.95120 0.29944 0.07446
vn -0.94437 0.30179 0.13074
vn -0.93775 0.29305 0.18639
vn -0.93578 0.27785 0.21704
vn -0.93224 0.25459 0.25711
vn -0.93443 0.23562 0.26707
vn -0.95906 0.28229 -0.02252
vn -0.64568 0.69582 -0.31453
vn -0.73417 0.58510 -0.34446
vn -0.98467 0.16867 -0.04441
vn -0.77143 0.53798 -0.33981
vn -0.98770 0.14505 -0.05831
vn -0.99707 0.07550 -0.01222
vn -0.79303 0.54632 -0.26952
vn -0.78205 0.57402 -0.24269
vn -0.99483 0.10093 -0.01124
vn -0.81048 0.55122 -0.19817
vn -0.99220 0.12117 0.02916
vn -0.50792 0.80550 -0.30527
vn -0.54814 0.76471 -0.33878
vn -0.75542 0.64321 -0.12496
vn -0.90303 0.42596 0.05568
vn -0.65591 0.75235 -0.06126
vn -0.75350 0.65728 -0.01455
vn -0.92916 -0.27275 0.24955
vn -0.96803 -0.19069 0.16296
vn -0.97190 -0.18413 0.14668
vn -0.96672 -0.18635 0.17527
vn -0.97823 -0.15531 0.13763
vn -0.97576 -0.15672 0.15276
vn -0.95603 -0.18823 0.22488
vn -0.90081 -0.30124 0.31271
vn -0.94985 -0.14848 0.27519
vn -0.92570 -0.11200 0.36129
vn -0.93030 -0.12274 0.34564
vn -0.93455 -0.13344 0.32986
vn -0.92777 -0.15668 0.33865
vn -0.94997 -0.12538 0.28608
vn -0.92777 -0.15668 0.33865
vn -0.90165 -0.18731 0.38979
vn -0.92295 -0.24974 0.29290
vn -0.95637 -0.19530 0.21727
vn -0.96930 -0.17248 0.17526
vn -0.89794 -0.28564 0.33483
vn -0.86652 -0.31990 0.38316
vn -0.96167 -0.20095 0.18656
vn -0.97538 -0.16271 0.14885
vn -0.97533 -0.16077 0.15125
vn -0.96485 -0.19277 0.17859
vn -0.95058 -0.22858 0.21011
vn -0.95042 -0.22891 0.21048
vn -0.95074 -0.22826 0.20974
vn -0.93781 -0.24796 0.24295
vn -0.95068 -0.22402 0.21452
vn -0.93781 -0.24796 0.24295
vn -0.92349 -0.27152 0.27101
vn -0.95131 -0.21862 0.21727
vn -0.97585 -0.14688 0.16171
vn -0.93259 -0.24160 0.26814
vn -0.97637 -0.13357 0.16989
vn -0.97000 -0.05982 0.23561
vn -0.90168 -0.18904 0.38890
vn -0.90510 -0.07587 0.41837
vn -0.95069 -0.04388 0.30703
vn -0.90728 -0.05902 0.41636
vn -0.84941 -0.04354 0.52594
vn -0.82221 -0.12974 0.55419
vn -0.51284 0.84695 -0.14023
vn -0.86463 0.50239 0.00397
vn -0.97991 0.08913 0.17839
vn -0.97086 0.04777 0.23485
vn -0.96840 0.18977 0.16185
vn -0.97115 0.11144 0.21082
vn -0.97047 0.13540 0.19963
vn -0.71677 -0.04015 -0.69616
vn -0.67528 0.01311 -0.73744
vn -0.66739 -0.30062 -0.68133
vn -0.68155 -0.28074 -0.67578
vn -0.66739 -0.30062 -0.68133
vn -0.65281 -0.32032 -0.68646
vn -0.72649 -0.35860 -0.58619
vn -0.76208 -0.30703 -0.57006
vn -0.72649 -0.35860 -0.58619
vn -0.68786 -0.40867 -0.59987
vn -0.76797 -0.22486 -0.59971
vn -0.86432 0.30009 -0.40360
vn -0.82321 0.44242 -0.35578
vn -0.83486 0.39150 -0.38696
vn -0.89405 0.28581 -0.34496
vn -0.79768 0.51337 -0.31649
vn -0.91708 0.28497 -0.27885
vn -0.79719 0.48346 -0.36161
vn -0.91530 0.18960 -0.35535
vn -0.56970 -0.65418 -0.49748
vn -0.61206 -0.62560 -0.48374
vn -0.56970 -0.65418 -0.49748
vn -0.52574 -0.68093 -0.50983
vn -0.87134 -0.47983 -0.10256
vn -0.94330 -0.31867 -0.09291
vn -0.91440 -0.39287 -0.09759
vn -0.88357 -0.44804 -0.13625
vn -0.97059 -0.21737 -0.10349
vn -0.99087 0.00172 0.13479
vn -0.99502 -0.03399 0.09369
vn -0.98591 -0.04337 0.16155
vn -0.98385 -0.05408 0.17065
vn -0.98555 0.03113 0.16650
vn -0.87952 0.13440 0.45648
vn -0.88040 0.13370 0.45500
vn -0.89157 0.11727 0.43744
vn -0.93387 0.09317 0.34526
vn -0.89157 0.11727 0.43744
vn -0.90349 0.10689 0.41508
vn -0.97363 0.06034 0.22003
vn -0.97399 0.05290 0.22032
vn -0.89384 -0.13309 0.42818
vn -0.85637 -0.11973 0.50229
vn -0.97551 -0.07047 0.20838
vn -0.96437 -0.03211 0.26262
vn -0.97838 0.03175 0.20437
vn -0.97042 0.03151 0.23934
vn -0.95894 0.28273 0.02229
vn -0.93155 0.36122 0.04167
vn -0.89352 0.44487 0.06089
vn -0.90224 0.42883 0.04547
vn -0.75894 0.62961 -0.16615
vn -0.77208 0.61385 -0.16456
vn -0.78718 -0.60818 -0.10233
vn -0.76980 -0.57179 -0.28367
vn -0.58608 -0.31268 -0.74749
vn -0.98047 -0.13367 0.14428
vn -0.96996 -0.08143 0.22923
vn -0.78918 0.52985 -0.31058
vn -0.99128 0.12352 -0.04590
vn -0.99185 -0.06961 0.10670
vn -0.98841 -0.10014 0.11413
vn -0.96152 0.02764 0.27333
vn -0.95267 0.00307 0.30398
vn -0.94656 -0.00929 0.32239
vn -0.94780 -0.01928 0.31830
vn 0.22341 -0.97439 0.02538
vn 0.22341 -0.97439 0.02538
vn -0.54266 -0.80588 -0.23682
vn -0.04284 -0.99614 0.07665
vn -0.63719 -0.70742 -0.30586
vn -0.33544 0.88784 -0.31499
vn -0.32705 -0.37604 -0.86696
vn 0.06909 0.98600 0.15178
vn 0.06909 0.98600 0.15178
vn -0.27213 0.93584 -0.22392
vn -0.19310 0.98024 -0.04286
vn 0.18601 -0.97690 0.10523
vn 0.18601 -0.97690 0.10523
vn -0.19047 -0.62226 -0.75928
vn -0.09747 -0.81556 -0.57040
vn -0.27174 0.82590 -0.49401
vn 0.18866 -0.97698 0.09961
vn 0.18866 -0.97698 0.09961
vn -0.35703 -0.90177 -0.24361
vn -0.48779 -0.79451 -0.36169
vn -0.19047 -0.62226 -0.75928
vn -0.29802 -0.24678 -0.92211
vn -0.27606 -0.22593 -0.93421
vn -0.09747 -0.81556 -0.57040
vn -0.63200 -0.27000 -0.72641
vn -0.48561 -0.03229 -0.87358
vn -0.63200 -0.27000 -0.72641
vn -0.64965 -0.31992 -0.68964
vn -0.61559 0.07002 -0.78495
vn -0.30753 0.18013 -0.93433
vn -0.30753 0.18013 -0.93433
vn -0.28613 0.20364 -0.93630
vn 0.22872 -0.97241 0.04583
vn -0.20129 -0.96360 -0.17594
vn 0.22872 -0.97241 0.04583
vn -0.80039 -0.11632 -0.58809
vn -0.48779 -0.79451 -0.36169
vn -0.35703 -0.90177 -0.24361
vn -0.70101 -0.50436 -0.50419
vn -0.65431 -0.55681 -0.51171
vn -0.70101 -0.50436 -0.50419
vn -0.74422 -0.44939 -0.49415
vn -0.85453 0.00052 -0.51940
vn -0.90527 -0.02737 -0.42396
vn -0.63719 -0.70742 -0.30586
vn -0.89936 -0.28555 -0.33108
vn -0.93388 -0.10159 -0.34284
vn -0.54266 -0.80588 -0.23682
vn -0.73109 -0.64672 -0.21739
vn -0.77869 -0.60173 -0.17767
vn -0.73109 -0.64672 -0.21739
vn -0.67921 -0.68791 -0.25583
vn -0.89085 -0.31549 -0.32688
vn -0.90012 -0.23923 -0.36409
vn -0.66101 -0.71534 -0.22661
vn -0.68236 -0.69873 -0.21485
vn -0.82073 -0.10159 -0.56221
vn -0.20129 -0.96360 -0.17594
vn -0.74287 -0.57720 -0.33910
vn -0.86548 -0.39721 -0.30522
vn -0.94655 -0.08169 -0.31204
vn -0.96184 0.10764 -0.25155
vn -0.97616 -0.03054 -0.21491
vn -0.98052 0.10699 -0.16474
vn -0.34644 0.91295 0.21565
vn -0.65022 0.72905 0.21378
vn -0.86446 0.46721 0.18554
vn -0.94015 0.28540 0.18617
vn -0.95617 0.27374 0.10391
vn -0.95817 0.25751 0.12487
vn -0.63256 0.77441 -0.01297
vn -0.65689 0.64032 0.39811
vn -0.15316 0.84504 0.51230
vn -0.24073 0.96817 0.06853
vn 0.08959 0.92702 0.36415
vn -0.12868 0.99060 -0.04639
vn -0.18325 0.89919 -0.39735
vn -0.31495 0.85658 -0.40876
vn -0.74232 0.37044 -0.55834
vn -0.30228 -0.95265 -0.03301
vn -0.08157 -0.99449 -0.06580
vn 0.12596 -0.88174 0.45461
vn -0.30932 -0.63871 0.70453
vn 0.02860 -0.99946 -0.01609
vn 0.37811 -0.81248 0.44375
vn -0.15161 -0.84836 -0.50724
vn -0.08065 -0.87284 -0.48130
vn -0.40512 -0.82892 -0.38571
vn 0.22635 0.92924 0.29203
vn -0.01046 0.99830 0.05736
vn 0.21156 0.95173 0.22238
vn -0.01823 0.99981 -0.00657
vn -0.13582 0.94714 -0.29065
vn -0.11708 0.96138 -0.24907
vn 0.00067 -0.99790 -0.06485
vn 0.29773 -0.92099 0.25127
vn 0.01497 -0.99957 -0.02525
vn 0.24800 -0.95001 0.18965
vn -0.11306 -0.85994 -0.49771
vn -0.13021 -0.89669 -0.42307
vn 0.06048 0.97247 0.22506
vn 0.09272 0.95527 0.28081
vn 0.00432 0.99673 0.08075
vn -0.03432 0.99857 0.04093
vn 0.13916 0.94016 0.31103
vn -0.00825 0.99840 0.05600
vn -0.23375 0.96135 -0.14547
vn -0.23167 0.95844 -0.16647
vn -0.24841 0.95622 -0.15471
vn -0.01641 -0.99952 -0.02620
vn -0.03272 -0.99819 -0.05048
vn 0.13572 -0.94602 0.29432
vn 0.11742 -0.94873 0.29345
vn -0.01998 -0.99937 -0.02946
vn 0.16950 -0.92940 0.32786
vn -0.23536 -0.94392 -0.23155
vn -0.36496 -0.87857 -0.30809
vn -0.42575 -0.84179 -0.33187
vn -0.30932 -0.63871 0.70453
vn 0.12596 -0.88174 0.45461
vn 0.19988 0.24168 0.94955
vn -0.35170 0.28741 0.89090
vn 0.55633 0.25060 0.79227
vn 0.37811 -0.81248 0.44375
vn -0.30585 -0.10476 -0.94630
vn -0.25218 0.04486 -0.96664
vn -0.58608 -0.31268 -0.74749
vn 0.29773 -0.92099 0.25127
vn 0.71943 0.22968 0.65549
vn 0.73256 -0.34869 0.58461
vn 0.24800 -0.95001 0.18965
vn -0.27940 0.09086 -0.95587
vn -0.27300 0.54185 -0.79490
vn 0.11742 -0.94873 0.29345
vn 0.13572 -0.94602 0.29432
vn 0.35370 0.08656 0.93134
vn 0.23214 0.62614 0.74435
vn 0.40152 -0.23573 0.88499
vn 0.16950 -0.92940 0.32786
vn -0.79249 0.18026 -0.58264
vn -0.71030 -0.34899 -0.61129
vn -0.71040 0.50579 -0.48940
vn -0.04495 0.99394 0.10032
vn 0.16704 0.89158 0.42093
vn 0.00668 0.86919 0.49443
vn -0.14138 0.96520 0.22000
vn -0.16252 0.85192 0.49781
vn -0.26788 0.91495 0.30184
vn -0.44217 0.89679 -0.01595
vn -0.39796 0.89433 -0.20443
vn -0.49721 0.85912 0.12125
vn -0.46676 -0.85298 -0.23358
vn -0.72372 -0.67097 -0.16133
vn -0.23772 -0.96199 0.13441
vn -0.10832 -0.99404 0.01258
vn -0.80959 -0.56291 0.16642
vn -0.47204 -0.79630 0.37828
vn -0.35756 -0.41227 0.83797
vn -0.06643 -0.73670 0.67295
vn 0.15442 -0.87336 0.46195
vn -0.44217 0.89679 -0.01595
vn -0.93896 0.26204 -0.22291
vn -0.86778 -0.06090 -0.49320
vn -0.91346 0.39402 0.10172
vn -0.49721 0.85912 0.12125
vn 0.15315 0.96890 0.19436
vn -0.02356 0.99972 0.00231
vn 0.09627 0.97327 0.20853
vn -0.03362 0.99930 0.01656
vn -0.13081 0.96079 -0.24449
vn -0.15293 0.96801 -0.19894
vn 0.00399 -0.99966 -0.02580
vn 0.24562 -0.94857 0.19970
vn -0.00776 -0.99964 -0.02580
vn 0.17225 -0.96563 0.19467
vn -0.14215 -0.93548 -0.32352
vn -0.18961 -0.94033 -0.28255
vn 0.72537 0.05964 0.68577
vn 0.55992 0.04964 0.82706
vn 0.17225 -0.96563 0.19467
vn 0.24562 -0.94857 0.19970
vn -0.39515 0.12216 -0.91046
vn -0.54776 0.10728 -0.82973
vn 0.05514 0.97484 0.21596
vn -0.05376 0.99855 0.00029
vn -0.19774 0.96186 -0.18903
vn -0.00048 -0.99998 -0.00681
vn 0.13176 -0.95882 0.25161
vn -0.21741 -0.94582 -0.24115
vn 0.35951 0.06230 0.93106
vn 0.13176 -0.95882 0.25161
vn -0.68550 0.10711 -0.72015
vn 0.18278 0.91819 0.35145
vn -0.02494 0.99858 0.04704
vn -0.34527 0.91287 -0.21786
vn -0.00001 -0.99981 0.01949
vn 0.25326 -0.82266 0.50902
vn -0.40927 -0.86102 -0.30190
vn 0.42734 0.23225 0.87375
vn 0.34448 0.22285 0.91196
vn 0.15442 -0.87336 0.46195
vn 0.25326 -0.82266 0.50902
vn -0.81538 0.16072 -0.55616
vn -0.94323 0.22009 0.24876
vn -0.93443 0.23562 0.26707
vn -0.94732 0.20171 0.24878
vn -0.95520 0.17381 0.23957
vn -0.91138 -0.25107 0.32610
vn -0.97483 -0.12339 0.18569
vn -0.98773 0.01582 0.15539
vn -0.99274 -0.04689 0.11080
vn -0.96969 0.06483 0.23559
vn -0.97202 0.18683 0.14240
vn -0.93806 0.32094 0.13053
vn -0.35756 -0.41227 0.83797
vn -0.23803 0.53712 0.80923
vn 0.05122 0.29768 0.95329
vn -0.06643 -0.73670 0.67295
vn -0.26788 0.91495 0.30184
vn -0.77098 0.20832 0.60182
vn -0.77098 0.20832 0.60182
vn -0.47204 -0.79630 0.37828
vn 0.26447 -0.82564 0.49838
vn 0.39872 -0.16576 0.90197
vn -0.09189 -0.99437 -0.05283
vn -0.00001 -0.99996 -0.00859
vn -0.05808 0.99426 -0.08981
vn -0.00291 0.96665 -0.25609
vn 0.05795 -0.65940 -0.74956
vn -0.00021 -0.90989 -0.41485
vn 0.00000 -0.91758 -0.39754
vn -0.00021 -0.90989 -0.41485
vn -0.13772 -0.98999 0.03085
vn 0.00000 -0.91758 -0.39754
vn 0.00000 -0.99333 -0.11533
vn 0.00000 -0.99333 -0.11533
vn 0.13772 -0.98999 0.03085
vn 0.00021 -0.90989 -0.41485
vn 0.00021 -0.90989 -0.41485
vn -0.05795 -0.65940 -0.74956
vn 0.00000 -0.78569 -0.61862
vn 0.00000 -0.78569 -0.61862
f 540/540/540 607/607/607 605/605/605
f 605/605/605 601/601/601 540/540/540
f 541/541/541 540/540/540 601/601/601
f 542/542/542 543/543/543 540/540/540
f 540/540/540 541/541/541 542/542/542
f 601/601/601 605/605/605 604/604/604
f 604/604/604 388/388/388 601/601/601
f 601/601/601 600/600/600 541/541/541
f 600/600/600 601/601/601 388/388/388
f 544/544/544 541/541/541 600/600/600
f 545/545/545 542/542/542 541/541/541
f 541/541/541 544/544/544 545/545/545
f 543/543/543 542/542/542 547/547/547
f 542/542/542 545/545/545 546/546/546
f 546/546/546 547/547/547 542/542/542
f 543/543/543 548/548/548 563/563/563
f 547/547/547 548/548/548 543/543/543
f 551/551/551 549/549/549 547/547/547
f 547/547/547 546/546/546 551/551/551
f 548/548/548 547/547/547 549/549/549
f 551/551/551 546/546/546 1587/1587/1587
f 1585/1585/1585 1587/1587/1587 546/546/546
f 1926/1926/1926 1924/1924/1924 1972/1972/1972
f 1973/1973/1973 1972/1972/1972 1924/1924/1924
f 1972/1972/1972 1973/1973/1973 1970/1970/1970
f 1970/1970/1970 1971/1971/1971 1972/1972/1972
f 1924/1924/1924 1923/1923/1923 1973/1973/1973
f 2020/2020/2020 2022/2022/2022 2021/2021/2021
f 2021/2021/2021 2018/2018/2018 2020/2020/2020
f 2018/2018/2018 2021/2021/2021 1945/1945/1945
f 1945/1945/1945 1943/1943/1943 2018/2018/2018
f 2017/2017/2017 2018/2018/2018 1943/1943/1943
f 2029/2029/2029 2017/2017/2017 1942/1942/1942
f 1943/1943/1943 1942/1942/1942 2017/2017/2017
f 1943/1943/1943 1945/1945/1945 1944/1944/1944
f 1944/1944/1944 1941/1941/1941 1943/1943/1943
f 1942/1942/1942 1943/1943/1943 1941/1941/1941
f 1942/1942/1942 1981/1981/1981 2029/2029/2029
f 1980/1980/1980 1981/1981/1981 1942/1942/1942
f 1942/1942/1942 1940/1940/1940 1980/1980/1980
f 1941/1941/1941 1940/1940/1940 1942/1942/1942
f 1927/1927/1927 1941/1941/1941 1944/1944/1944
f 1941/1941/1941 1927/1927/1927 1926/1926/1926
f 1926/1926/1926 1940/1940/1940 1941/1941/1941
f 1940/1940/1940 1926/1926/1926 1974/1974/1974
f 1974/1974/1974 1980/1980/1980 1940/1940/1940
f 1981/1981/1981 1980/1980/1980 1979/1979/1979
f 1980/1980/1980 1974/1974/1974 1975/1975/1975
f 1975/1975/1975 1979/1979/1979 1980/1980/1980
f 1981/1981/1981 1982/1982/1982 2032/2032/2032
f 2032/2032/2032 2029/2029/2029 1981/1981/1981
f 1979/1979/1979 1982/1982/1982 1981/1981/1981
f 2029/2029/2029 2032/2032/2032 2031/2031/2031
f 1971/1971/1971 1975/1975/1975 1974/1974/1974
f 1974/1974/1974 1972/1972/1972 1971/1971/1971
f 1972/1972/1972 1974/1974/1974 1926/1926/1926
f 2050/2050/2050 2053/2053/2053 2052/2052/2052
f 1956/1956/1956 1989/1989/1989 2050/2050/2050
f 1987/1987/1987 1989/1989/1989 1956/1956/1956
f 1956/1956/1956 1953/1953/1953 1987/1987/1987
f 1956/1956/1956 1957/1957/1957 1954/1954/1954
f 1954/1954/1954 1953/1953/1953 1956/1956/1956
f 1958/1958/1958 1954/1954/1954 1957/1957/1957
f 1955/1955/1955 1954/1954/1954 1958/1958/1958
f 1954/1954/1954 1955/1955/1955 1952/1952/1952
f 1952/1952/1952 1953/1953/1953 1954/1954/1954
f 1953/1953/1953 1952/1952/1952 1988/1988/1988
f 1988/1988/1988 1987/1987/1987 1953/1953/1953
f 1989/1989/1989 1987/1987/1987 1986/1986/1986
f 1987/1987/1987 1988/1988/1988 1985/1985/1985
f 1985/1985/1985 1986/1986/1986 1987/1987/1987
f 1989/1989/1989 1990/1990/1990 2053/2053/2053
f 1986/1986/1986 1990/1990/1990 1989/1989/1989
f 966/966/966 967/967/967 965/965/965
f 966/966/966 1027/1027/1027 1030/1030/1030
f 1030/1030/1030 967/967/967 966/966/966
f 1027/1027/1027 1028/1028/1028 1029/1029/1029
f 1029/1029/1029 1030/1030/1030 1027/1027/1027
f 1028/1028/1028 1027/1027/1027 1022/1022/1022
f 1047/1047/1047 1028/1028/1028 974/974/974
f 1028/1028/1028 1047/1047/1047 1046/1046/1046
f 1046/1046/1046 1029/1029/1029 1028/1028/1028
f 1022/1022/1022 974/974/974 1028/1028/1028
f 974/974/974 1022/1022/1022 1021/1021/1021
f 974/974/974 973/973/973 1047/1047/1047
f 1021/1021/1021 971/971/971 974/974/974
f 973/973/973 974/974/974 971/971/971
f 1048/1048/1048 1047/1047/1047 973/973/973
f 1047/1047/1047 1048/1048/1048 1045/1045/1045
f 1045/1045/1045 1046/1046/1046 1047/1047/1047
f 973/973/973 976/976/976 1048/1048/1048
f 2041/2041/2041 2042/2042/2042 1985/1985/1985
f 1985/1985/1985 1988/1988/1988 2041/2041/2041
f 1988/1988/1988 1952/1952/1952 2035/2035/2035
f 2035/2035/2035 2041/2041/2041 1988/1988/1988
f 2035/2035/2035 1952/1952/1952 1955/1955/1955
f 2041/2041/2041 2035/2035/2035 2019/2019/2019
f 1955/1955/1955 2036/2036/2036 2035/2035/2035
f 2035/2035/2035 2036/2036/2036 2020/2020/2020
f 2020/2020/2020 2019/2019/2019 2035/2035/2035
f 2042/2042/2042 2041/2041/2041 2030/2030/2030
f 2019/2019/2019 2030/2030/2030 2041/2041/2041
f 2030/2030/2030 2031/2031/2031 2042/2042/2042
f 2031/2031/2031 2030/2030/2030 2029/2029/2029
f 2030/2030/2030 2019/2019/2019 2017/2017/2017
f 2017/2017/2017 2029/2029/2029 2030/2030/2030
f 2019/2019/2019 2020/2020/2020 2018/2018/2018
f 2018/2018/2018 2017/2017/2017 2019/2019/2019
f 2022/2022/2022 2020/2020/2020 2036/2036/2036
f 1018/1018/1018 963/963/963 962/962/962
f 963/963/963 1018/1018/1018 1013/1013/1013
f 962/962/962 1019/1019/1019 1018/1018/1018
f 1007/1007/1007 1018/1018/1018 1019/1019/1019
f 1019/1019/1019 1008/1008/1008 1007/1007/1007
f 1006/1006/1006 1007/1007/1007 1008/1008/1008
f 1008/1008/1008 1009/1009/1009 1006/1006/1006
f 958/958/958 1006/1006/1006 1009/1009/1009
f 1009/1009/1009 959/959/959 958/958/958
f 957/957/957 956/956/956 958/958/958
f 958/958/958 959/959/959 957/957/957
f 956/956/956 957/957/957 952/952/952
f 952/952/952 951/951/951 956/956/956
f 951/951/951 952/952/952 950/950/950
f 950/950/950 949/949/949 951/951/951
f 949/949/949 950/950/950 947/947/947
f 947/947/947 948/948/948 949/949/949
f 1290/1290/1290 1287/1287/1287 1286/1286/1286
f 1287/1287/1287 1290/1290/1290 1289/1289/1289
f 1289/1289/1289 1288/1288/1288 1287/1287/1287
f 1297/1297/1297 1288/1288/1288 1289/1289/1289
f 1298/1298/1298 1289/1289/1289 1368/1368/1368
f 1289/1289/1289 1290/1290/1290 1367/1367/1367
f 1367/1367/1367 1368/1368/1368 1289/1289/1289
f 1289/1289/1289 1298/1298/1298 1297/1297/1297
f 1290/1290/1290 1291/1291/1291 1370/1370/1370
f 1370/1370/1370 1367/1367/1367 1290/1290/1290
f 1286/1286/1286 1291/1291/1291 1290/1290/1290
f 1367/1367/1367 1370/1370/1370 1369/1369/1369
f 1369/1369/1369 1357/1357/1357 1367/1367/1367
f 1368/1368/1368 1367/1367/1367 1357/1357/1357
f 1523/1523/1523 1368/1368/1368 1356/1356/1356
f 1368/1368/1368 1523/1523/1523 1298/1298/1298
f 1357/1357/1357 1356/1356/1356 1368/1368/1368
f 1357/1357/1357 1369/1369/1369 1373/1373/1373
f 1373/1373/1373 1354/1354/1354 1357/1357/1357
f 1356/1356/1356 1357/1357/1357 1354/1354/1354
f 1375/1375/1375 1369/1369/1369 1370/1370/1370
f 1369/1369/1369 1375/1375/1375 1374/1374/1374
f 1374/1374/1374 1373/1373/1373 1369/1369/1369
f 1354/1354/1354 1373/1373/1373 1372/1372/1372
f 1373/1373/1373 1374/1374/1374 1371/1371/1371
f 1371/1371/1371 1372/1372/1372 1373/1373/1373
f 1372/1372/1372 1355/1355/1355 1354/1354/1354
f 1354/1354/1354 1353/1353/1353 1356/1356/1356
f 1354/1354/1354 1355/1355/1355 1352/1352/1352
f 1352/1352/1352 1353/1353/1353 1354/1354/1354
f 1356/1356/1356 1358/1358/1358 1523/1523/1523
f 1358/1358/1358 1356/1356/1356 1353/1353/1353
f 1994/1994/1994 1997/1997/1997 2000/2000/2000
f 2067/2067/2067 2072/2072/2072 1999/1999/1999
f 1999/1999/1999 1998/1998/1998 2067/2067/2067
f 1998/1998/1998 1999/1999/1999 1997/1997/1997
f 1997/1997/1997 1996/1996/1996 1998/1998/1998
f 1996/1996/1996 1997/1997/1997 1994/1994/1994
f 1994/1994/1994 1995/1995/1995 1996/1996/1996
f 2067/2067/2067 1998/1998/1998 1996/1996/1996
f 1996/1996/1996 2068/2068/2068 2067/2067/2067
f 2068/2068/2068 1996/1996/1996 1995/1995/1995
f 2072/2072/2072 2067/2067/2067 2066/2066/2066
f 2066/2066/2066 2067/2067/2067 2068/2068/2068
f 2066/2066/2066 2073/2073/2073 2072/2072/2072
f 2068/2068/2068 2069/2069/2069 2066/2066/2066
f 1995/1995/1995 2051/2051/2051 2068/2068/2068
f 2069/2069/2069 2068/2068/2068 2051/2051/2051
f 2051/2051/2051 1995/1995/1995 2044/2044/2044
f 2051/2051/2051 2052/2052/2052 2069/2069/2069
f 2052/2052/2052 2051/2051/2051 2050/2050/2050
f 2044/2044/2044 2050/2050/2050 2051/2051/2051
f 2050/2050/2050 2044/2044/2044 1956/1956/1956
f 1957/1957/1957 1956/1956/1956 2044/2044/2044
f 2053/2053/2053 2050/2050/2050 1989/1989/1989
f 546/546/546 545/545/545 1585/1585/1585
f 545/545/545 544/544/544 1586/1586/1586
f 1586/1586/1586 1585/1585/1585 545/545/545
f 1635/1635/1635 1586/1586/1586 544/544/544
f 1634/1634/1634 1583/1583/1583 1586/1586/1586
f 1586/1586/1586 1635/1635/1635 1634/1634/1634
f 1585/1585/1585 1586/1586/1586 1583/1583/1583
f 1587/1587/1587 1585/1585/1585 1584/1584/1584
f 1583/1583/1583 1584/1584/1584 1585/1585/1585
f 1587/1587/1587 1590/1590/1590 551/551/551
f 1590/1590/1590 1587/1587/1587 1588/1588/1588
f 1584/1584/1584 1588/1588/1588 1587/1587/1587
f 1603/1603/1603 1588/1588/1588 1584/1584/1584
f 1584/1584/1584 1602/1602/1602 1603/1603/1603
f 1602/1602/1602 1584/1584/1584 1583/1583/1583
f 1609/1609/1609 1589/1589/1589 1588/1588/1588
f 1588/1588/1588 1603/1603/1603 1609/1609/1609
f 1588/1588/1588 1589/1589/1589 1590/1590/1590
f 1591/1591/1591 1590/1590/1590 1589/1589/1589
f 1590/1590/1590 1591/1591/1591 552/552/552
f 552/552/552 551/551/551 1590/1590/1590
f 1608/1608/1608 1592/1592/1592 1589/1589/1589
f 1589/1589/1589 1609/1609/1609 1608/1608/1608
f 1589/1589/1589 1592/1592/1592 1591/1591/1591
f 1610/1610/1610 1609/1609/1609 1603/1603/1603
f 1609/1609/1609 1610/1610/1610 1607/1607/1607
f 1607/1607/1607 1608/1608/1608 1609/1609/1609
f 1593/1593/1593 1592/1592/1592 1608/1608/1608
f 1608/1608/1608 1612/1612/1612 1593/1593/1593
f 1612/1612/1612 1608/1608/1608 1607/1607/1607
f 1594/1594/1594 1591/1591/1591 1592/1592/1592
f 1592/1592/1592 1593/1593/1593 1594/1594/1594
f 934/934/934 931/931/931 936/936/936
f 936/936/936 931/931/931 930/930/930
f 970/970/970 1031/1031/1031 1023/1023/1023
f 1023/1023/1023 937/937/937 970/970/970
f 1021/1021/1021 934/934/934 937/937/937
f 937/937/937 1023/1023/1023 1021/1021/1021
f 1022/1022/1022 933/933/933 934/934/934
f 934/934/934 1021/1021/1021 1022/1022/1022
f 931/931/931 934/934/934 933/933/933
f 933/933/933 932/932/932 931/931/931
f 931/931/931 932/932/932 929/929/929
f 929/929/929 930/930/930 931/931/931
f 930/930/930 929/929/929 1013/1013/1013
f 1013/1013/1013 929/929/929 963/963/963
f 963/963/963 929/929/929 932/932/932
f 964/964/964 932/932/932 933/933/933
f 932/932/932 964/964/964 963/963/963
f 1027/1027/1027 966/966/966 933/933/933
f 933/933/933 1022/1022/1022 1027/1027/1027
f 933/933/933 966/966/966 964/964/964
f 965/965/965 964/964/964 966/966/966
f 964/964/964 965/965/965 962/962/962
f 962/962/962 963/963/963 964/964/964
f 1807/1807/1807 1808/1808/1808 1805/1805/1805
f 1805/1805/1805 1806/1806/1806 1807/1807/1807
f 1068/1068/1068 1069/1069/1069 1070/1070/1070
f 1859/1859/1859 1069/1069/1069 1860/1860/1860
f 1069/1069/1069 1385/1385/1385 1386/1386/1386
f 13/13/13 14/14/14 15/15/15
f 843/843/843 844/844/844 15/15/15
f 15/15/15 331/331/331 332/332/332
f 1724/1724/1724 1725/1725/1725 1726/1726/1726
f 1846/1846/1846 1723/1723/1723 1845/1845/1845
f 1845/1845/1845 1844/1844/1844 1725/1725/1725
f 1844/1844/1844 1845/1845/1845 1723/1723/1723
f 1723/1723/1723 1846/1846/1846 2062/2062/2062
f 2060/2060/2060 2062/2062/2062 1846/1846/1846
f 2062/2062/2062 1721/1721/1721 1723/1723/1723
f 1723/1723/1723 1722/1722/1722 1844/1844/1844
f 1722/1722/1722 1723/1723/1723 1721/1721/1721
f 828/828/828 1844/1844/1844 1722/1722/1722
f 1844/1844/1844 828/828/828 827/827/827
f 827/827/827 1725/1725/1725 1844/1844/1844
f 1722/1722/1722 684/684/684 828/828/828
f 684/684/684 1722/1722/1722 1720/1720/1720
f 1721/1721/1721 1720/1720/1720 1722/1722/1722
f 2061/2061/2061 1718/1718/1718 1721/1721/1721
f 1721/1721/1721 2062/2062/2062 2061/2061/2061
f 1720/1720/1720 1721/1721/1721 1718/1718/1718
f 2062/2062/2062 2060/2060/2060 1772/1772/1772
f 1772/1772/1772 2061/2061/2061 2062/2062/2062
f 1773/1773/1773 1772/1772/1772 2060/2060/2060
f 2063/2063/2063 2061/2061/2061 1772/1772/1772
f 1772/1772/1772 1773/1773/1773 1774/1774/1774
f 1773/1773/1773 1036/1036/1036 1778/1778/1778
f 1778/1778/1778 1774/1774/1774 1773/1773/1773
f 1774/1774/1774 1778/1778/1778 1777/1777/1777
f 1777/1777/1777 1776/1776/1776 1774/1774/1774
f 1776/1776/1776 1777/1777/1777 1828/1828/1828
f 1718/1718/1718 1719/1719/1719 1720/1720/1720
f 1719/1719/1719 686/686/686 685/685/685
f 685/685/685 1720/1720/1720 1719/1719/1719
f 1720/1720/1720 685/685/685 684/684/684
f 681/681/681 680/680/680 685/685/685
f 685/685/685 686/686/686 681/681/681
f 684/684/684 685/685/685 680/680/680
f 828/828/828 684/684/684 683/683/683
f 680/680/680 683/683/683 684/684/684
f 683/683/683 680/680/680 679/679/679
f 680/680/680 681/681/681 678/678/678
f 678/678/678 679/679/679 680/680/680
f 683/683/683 826/826/826 828/828/828
f 826/826/826 683/683/683 682/682/682
f 480/480/480 305/305/305 304/304/304
f 303/303/303 315/315/315 314/314/314
f 314/314/314 304/304/304 303/303/303
f 241/241/241 314/314/314 315/315/315
f 315/315/315 242/242/242 241/241/241
f 242/242/242 315/315/315 317/317/317
f 315/315/315 303/303/303 316/316/316
f 316/316/316 317/317/317 315/315/315
f 303/303/303 299/299/299 320/320/320
f 320/320/320 316/316/316 303/303/303
f 299/299/299 303/303/303 304/304/304
f 300/300/300 304/304/304 305/305/305
f 304/304/304 300/300/300 299/299/299
f 299/299/299 302/302/302 321/321/321
f 321/321/321 320/320/320 299/299/299
f 301/301/301 302/302/302 299/299/299
f 299/299/299 300/300/300 301/301/301
f 316/316/316 320/320/320 319/319/319
f 320/320/320 321/321/321 318/318/318
f 318/318/318 319/319/319 320/320/320
f 317/317/317 316/316/316 322/322/322
f 319/319/319 322/322/322 316/316/316
f 483/483/483 319/319/319 318/318/318
f 322/322/322 319/319/319 483/483/483
f 318/318/318 484/484/484 483/483/483
f 483/483/483 325/325/325 322/322/322
f 322/322/322 323/323/323 317/317/317
f 323/323/323 322/322/322 325/325/325
f 1054/1054/1054 324/324/324 325/325/325
f 325/325/325 1053/1053/1053 1054/1054/1054
f 325/325/325 324/324/324 323/323/323
f 921/921/921 960/960/960 961/961/961
f 961/961/961 922/922/922 921/921/921
f 921/921/921 922/922/922 920/920/920
f 920/920/920 917/917/917 921/921/921
f 917/917/917 920/920/920 919/919/919
f 919/919/919 918/918/918 917/917/917
f 956/956/956 918/918/918 919/919/919
f 918/918/918 956/956/956 951/951/951
f 1006/1006/1006 958/958/958 919/919/919
f 919/919/919 995/995/995 1006/1006/1006
f 995/995/995 919/919/919 920/920/920
f 919/919/919 958/958/958 956/956/956
f 994/994/994 920/920/920 922/922/922
f 920/920/920 994/994/994 995/995/995
f 998/998/998 922/922/922 961/961/961
f 922/922/922 998/998/998 994/994/994
f 996/996/996 994/994/994 998/998/998
f 997/997/997 995/995/995 994/994/994
f 994/994/994 996/996/996 997/997/997
f 1007/1007/1007 1006/1006/1006 995/995/995
f 995/995/995 997/997/997 1007/1007/1007
f 1018/1018/1018 1007/1007/1007 997/997/997
f 997/997/997 1013/1013/1013 1018/1018/1018
f 1013/1013/1013 997/997/997 996/996/996
f 1012/1012/1012 996/996/996 999/999/999
f 996/996/996 1012/1012/1012 1013/1013/1013
f 998/998/998 999/999/999 996/996/996
f 961/961/961 1010/1010/1010 998/998/998
f 999/999/999 998/998/998 1010/1010/1010
f 1014/1014/1014 999/999/999 1011/1011/1011
f 999/999/999 1014/1014/1014 1012/1012/1012
f 1010/1010/1010 1011/1011/1011 999/999/999
f 210/210/210 209/209/209 237/237/237
f 240/240/240 238/238/238 209/209/209
f 209/209/209 212/212/212 240/240/240
f 237/237/237 209/209/209 238/238/238
f 211/211/211 212/212/212 209/209/209
f 209/209/209 210/210/210 211/211/211
f 213/213/213 211/211/211 210/210/210
f 210/210/210 261/261/261 213/213/213
f 261/261/261 210/210/210 259/259/259
f 237/237/237 259/259/259 210/210/210
f 273/273/273 237/237/237 239/239/239
f 259/259/259 237/237/237 273/273/273
f 238/238/238 239/239/239 237/237/237
f 239/239/239 238/238/238 242/242/242
f 241/241/241 242/242/242 238/238/238
f 238/238/238 240/240/240 241/241/241
f 239/239/239 243/243/243 275/275/275
f 275/275/275 274/274/274 239/239/239
f 239/239/239 274/274/274 273/273/273
f 242/242/242 243/243/243 239/239/239
f 273/273/273 272/272/272 259/259/259
f 230/230/230 273/273/273 274/274/274
f 679/679/679 682/682/682 683/683/683
f 827/827/827 828/828/828 826/826/826
f 826/826/826 690/690/690 827/827/827
f 690/690/690 826/826/826 825/825/825
f 682/682/682 825/825/825 826/826/826
f 1725/1725/1725 827/827/827 1731/1731/1731
f 1731/1731/1731 1726/1726/1726 1725/1725/1725
f 1726/1726/1726 1731/1731/1731 1730/1730/1730
f 1730/1730/1730 1728/1728/1728 1726/1726/1726
f 1727/1727/1727 1726/1726/1726 1728/1728/1728
f 1732/1732/1732 1728/1728/1728 1730/1730/1730
f 1730/1730/1730 1734/1734/1734 1732/1732/1732
f 1729/1729/1729 1728/1728/1728 1732/1732/1732
f 1728/1728/1728 1729/1729/1729 1727/1727/1727
f 1727/1727/1727 1729/1729/1729 1739/1739/1739
f 1739/1739/1739 1738/1738/1738 1727/1727/1727
f 1742/1742/1742 1739/1739/1739 1729/1729/1729
f 1729/1729/1729 1733/1733/1733 1742/1742/1742
f 1732/1732/1732 1733/1733/1733 1729/1729/1729
f 1733/1733/1733 1732/1732/1732 1734/1734/1734
f 1734/1734/1734 1735/1735/1735 1733/1733/1733
f 1742/1742/1742 1743/1743/1743 1736/1736/1736
f 1736/1736/1736 1739/1739/1739 1742/1742/1742
f 1738/1738/1738 1739/1739/1739 1736/1736/1736
f 1736/1736/1736 1737/1737/1737 1738/1738/1738
f 825/825/825 687/687/687 690/690/690
f 710/710/710 688/688/688 687/687/687
f 689/689/689 690/690/690 687/687/687
f 687/687/687 688/688/688 689/689/689
f 1410/1410/1410 1411/1411/1411 1412/1412/1412
f 1635/1635/1635 1443/1443/1443 1445/1445/1445
f 544/544/544 602/602/602 1635/1635/1635
f 600/600/600 602/602/602 544/544/544
f 602/602/602 600/600/600 385/385/385
f 388/388/388 385/385/385 600/600/600
f 389/389/389 386/386/386 385/385/385
f 385/385/385 388/388/388 389/389/389
f 387/387/387 386/386/386 110/110/110
f 386/386/386 389/389/389 113/113/113
f 113/113/113 110/110/110 386/386/386
f 110/110/110 109/109/109 387/387/387
f 114/114/114 111/111/111 110/110/110
f 110/110/110 113/113/113 114/114/114
f 109/109/109 110/110/110 111/111/111
f 845/845/845 846/846/846 16/16/16
f 493/493/493 16/16/16 491/491/491
f 16/16/16 17/17/17 18/18/18
f 493/493/493 2078/2078/2078 2079/2079/2079
f 492/492/492 2078/2078/2078 493/493/493
f 491/491/491 492/492/492 493/493/493
f 560/560/560 573/573/573 571/571/571
f 556/556/556 571/571/571 570/570/570
f 570/570/570 554/554/554 556/556/556
f 570/570/570 569/569/569 550/550/550
f 550/550/550 554/554/554 570/570/570
f 556/556/556 555/555/555 559/559/559
f 559/559/559 560/560/560 556/556/556
f 555/555/555 556/556/556 554/554/554
f 794/794/794 573/573/573 560/560/560
f 560/560/560 793/793/793 794/794/794
f 574/574/574 573/573/573 794/794/794
f 794/794/794 578/578/578 574/574/574
f 574/574/574 578/578/578 577/577/577
f 577/577/577 578/578/578 575/575/575
f 577/577/577 580/580/580 574/574/574
f 580/580/580 577/577/577 576/576/576
f 575/575/575 576/576/576 577/577/577
f 576/576/576 579/579/579 580/580/580
f 558/558/558 559/559/559 555/555/555
f 555/555/555 557/557/557 558/558/558
f 557/557/557 555/555/555 553/553/553
f 554/554/554 553/553/553 555/555/555
f 557/557/557 552/552/552 1591/1591/1591
f 1591/1591/1591 1594/1594/1594 557/557/557
f 553/553/553 552/552/552 557/557/557
f 550/550/550 549/549/549 553/553/553
f 553/553/553 554/554/554 550/550/550
f 552/552/552 553/553/553 549/549/549
f 549/549/549 551/551/551 552/552/552
f 549/549/549 550/550/550 548/548/548
f 548/548/548 550/550/550 569/569/569
f 349/349/349 350/350/350 351/351/351
f 351/351/351 853/853/853 854/854/854
f 351/351/351 847/847/847 848/848/848
f 835/835/835 836/836/836 351/351/351
f 1407/1407/1407 1408/1408/1408 1409/1409/1409
f 1408/1408/1408 1868/1868/1868 1869/1869/1869
f 1865/1865/1865 1866/1866/1866 1408/1408/1408
f 1852/1852/1852 1408/1408/1408 1853/1853/1853
f 707/707/707 706/706/706 695/695/695
f 695/695/695 698/698/698 707/707/707
f 697/697/697 698/698/698 695/695/695
f 695/695/695 696/696/696 697/697/697
f 706/706/706 707/707/707 704/704/704
f 704/704/704 705/705/705 706/706/706
f 1597/1597/1597 1598/1598/1598 1595/1595/1595
f 1595/1595/1595 1596/1596/1596 1597/1597/1597
f 1810/1810/1810 1598/1598/1598 1813/1813/1813
f 1813/1813/1813 1811/1811/1811 1810/1810/1810
f 1809/1809/1809 1810/1810/1810 1811/1811/1811
f 1811/1811/1811 1812/1812/1812 1809/1809/1809
f 1854/1854/1854 1855/1855/1855 1856/1856/1856
f 1870/1870/1870 1871/1871/1871 1855/1855/1855
f 1855/1855/1855 1863/1863/1863 1864/1864/1864
f 352/352/352 353/353/353 354/354/354
f 865/865/865 354/354/354 866/866/866
f 855/855/855 354/354/354 856/856/856
f 849/849/849 354/354/354 850/850/850
f 837/837/837 838/838/838 354/354/354
f 1254/1254/1254 1259/1259/1259 1263/1263/1263
f 1254/1254/1254 1263/1263/1263 1262/1262/1262
f 1262/1262/1262 1255/1255/1255 1254/1254/1254
f 1254/1254/1254 1257/1257/1257 1258/1258/1258
f 1258/1258/1258 1259/1259/1259 1254/1254/1254
f 1256/1256/1256 1257/1257/1257 1254/1254/1254
f 1254/1254/1254 1255/1255/1255 1256/1256/1256
f 1263/1263/1263 1259/1259/1259 1261/1261/1261
f 1261/1261/1261 1259/1259/1259 1258/1258/1258
f 1288/1288/1288 1297/1297/1297 1258/1258/1258
f 1258/1258/1258 1257/1257/1257 1288/1288/1288
f 1260/1260/1260 1258/1258/1258 1297/1297/1297
f 1258/1258/1258 1260/1260/1260 1261/1261/1261
f 1288/1288/1288 1257/1257/1257 1256/1256/1256
f 1285/1285/1285 1256/1256/1256 1255/1255/1255
f 1256/1256/1256 1287/1287/1287 1288/1288/1288
f 1287/1287/1287 1256/1256/1256 1285/1285/1285
f 1308/1308/1308 1255/1255/1255 1262/1262/1262
f 1255/1255/1255 1308/1308/1308 1285/1285/1285
f 1286/1286/1286 1285/1285/1285 1321/1321/1321
f 1321/1321/1321 1285/1285/1285 1308/1308/1308
f 1285/1285/1285 1286/1286/1286 1287/1287/1287
f 905/905/905 900/900/900 899/899/899
f 899/899/899 907/907/907 905/905/905
f 901/901/901 902/902/902 899/899/899
f 899/899/899 900/900/900 901/901/901
f 954/954/954 905/905/905 907/907/907
f 905/905/905 954/954/954 953/953/953
f 953/953/953 906/906/906 905/905/905
f 905/905/905 906/906/906 903/903/903
f 903/903/903 900/900/900 905/905/905
f 904/904/904 901/901/901 900/900/900
f 900/900/900 903/903/903 904/904/904
f 949/949/949 901/901/901 904/904/904
f 901/901/901 949/949/949 948/948/948
f 948/948/948 902/902/902 901/901/901
f 951/951/951 904/904/904 918/918/918
f 904/904/904 951/951/951 949/949/949
f 917/917/917 918/918/918 904/904/904
f 904/904/904 903/903/903 917/917/917
f 921/921/921 917/917/917 903/903/903
f 903/903/903 906/906/906 921/921/921
f 960/960/960 921/921/921 906/906/906
f 906/906/906 953/953/953 960/960/960
f 1884/1884/1884 1885/1885/1885 1886/1886/1886
f 2083/2083/2083 2084/2084/2084 2085/2085/2085
f 2084/2084/2084 2086/2086/2086 2085/2085/2085
f 2088/2088/2088 2089/2089/2089 2085/2085/2085
f 2087/2087/2087 2088/2088/2088 2085/2085/2085
f 1861/1861/1861 1071/1071/1071 1862/1862/1862
f 1535/1535/1535 1071/1071/1071 1533/1533/1533
f 1071/1071/1071 1072/1072/1072 1073/1073/1073
f 1533/1533/1533 1534/1534/1534 1535/1535/1535
f 1533/1533/1533 1542/1542/1542 1534/1534/1534
f 1533/1533/1533 1543/1543/1543 1542/1542/1542
f 1542/1542/1542 1543/1543/1543 1540/1540/1540
f 1540/1540/1540 1541/1541/1541 1542/1542/1542
f 247/247/247 248/248/248 249/249/249
f 241/241/241 240/240/240 248/248/248
f 248/248/248 247/247/247 241/241/241
f 481/481/481 480/480/480 247/247/247
f 247/247/247 250/250/250 481/481/481
f 314/314/314 241/241/241 247/247/247
f 247/247/247 480/480/480 314/314/314
f 481/481/481 250/250/250 252/252/252
f 251/251/251 252/252/252 250/250/250
f 310/310/310 481/481/481 482/482/482
f 252/252/252 482/482/482 481/481/481
f 481/481/481 310/310/310 305/305/305
f 305/305/305 480/480/480 481/481/481
f 304/304/304 314/314/314 480/480/480
f 821/821/821 89/89/89 88/88/88
f 415/415/415 414/414/414 413/413/413
f 413/413/413 414/414/414 411/411/411
f 411/411/411 412/412/412 413/413/413
f 414/414/414 415/415/415 428/428/428
f 428/428/428 426/426/426 414/414/414
f 414/414/414 426/426/426 402/402/402
f 402/402/402 411/411/411 414/414/414
f 426/426/426 428/428/428 429/429/429
f 429/429/429 427/427/427 426/426/426
f 402/402/402 426/426/426 427/427/427
f 427/427/427 403/403/403 402/402/402
f 404/404/404 405/405/405 402/402/402
f 402/402/402 403/403/403 404/404/404
f 427/427/427 429/429/429 406/406/406
f 406/406/406 403/403/403 427/427/427
f 407/407/407 404/404/404 403/403/403
f 403/403/403 406/406/406 407/407/407
f 405/405/405 404/404/404 409/409/409
f 404/404/404 407/407/407 408/408/408
f 2034/2034/2034 2022/2022/2022 2037/2037/2037
f 2036/2036/2036 2037/2037/2037 2022/2022/2022
f 2037/2037/2037 2043/2043/2043 2034/2034/2034
f 2043/2043/2043 2037/2037/2037 1959/1959/1959
f 1959/1959/1959 2037/2037/2037 2036/2036/2036
f 2036/2036/2036 1955/1955/1955 1959/1959/1959
f 1959/1959/1959 1992/1992/1992 2043/2043/2043
f 1958/1958/1958 1959/1959/1959 1955/1955/1955
f 198/198/198 199/199/199 196/196/196
f 196/196/196 197/197/197 198/198/198
f 1445/1445/1445 1634/1634/1634 1635/1635/1635
f 1637/1637/1637 1636/1636/1636 1785/1785/1785
f 1475/1475/1475 1476/1476/1476 1455/1455/1455
f 1455/1455/1455 1458/1458/1458 1475/1475/1475
f 1457/1457/1457 1458/1458/1458 1455/1455/1455
f 1455/1455/1455 1456/1456/1456 1457/1457/1457
f 1475/1475/1475 1458/1458/1458 1460/1460/1460
f 1460/1460/1460 1477/1477/1477 1475/1475/1475
f 1459/1459/1459 1460/1460/1460 1458/1458/1458
f 1458/1458/1458 1457/1457/1457 1459/1459/1459
f 1462/1462/1462 1457/1457/1457 1456/1456/1456
f 1457/1457/1457 1462/1462/1462 1461/1461/1461
f 1461/1461/1461 1459/1459/1459 1457/1457/1457
f 1456/1456/1456 1463/1463/1463 1462/1462/1462
f 1470/1470/1470 1461/1461/1461 1462/1462/1462
f 1462/1462/1462 1469/1469/1469 1470/1470/1470
f 1469/1469/1469 1462/1462/1462 1463/1463/1463
f 1670/1670/1670 1461/1461/1461 1470/1470/1470
f 1139/1139/1139 1469/1469/1469 1468/1468/1468
f 1463/1463/1463 1468/1468/1468 1469/1469/1469
f 1471/1471/1471 1138/1138/1138 1139/1139/1139
f 1468/1468/1468 1471/1471/1471 1139/1139/1139
f 1138/1138/1138 1471/1471/1471 1841/1841/1841
f 1508/1508/1508 1507/1507/1507 1506/1506/1506
f 1507/1507/1507 1508/1508/1508 1514/1514/1514
f 1514/1514/1514 1510/1510/1510 1507/1507/1507
f 1510/1510/1510 1514/1514/1514 1513/1513/1513
f 1513/1513/1513 1511/1511/1511 1510/1510/1510
f 463/463/463 1510/1510/1510 1511/1511/1511
f 1829/1829/1829 1511/1511/1511 1513/1513/1513
f 1513/1513/1513 1831/1831/1831 1829/1829/1829
f 1512/1512/1512 1511/1511/1511 1829/1829/1829
f 1511/1511/1511 1512/1512/1512 463/463/463
f 1830/1830/1830 1829/1829/1829 1831/1831/1831
f 1829/1829/1829 1830/1830/1830 1512/1512/1512
f 1831/1831/1831 1832/1832/1832 1830/1830/1830
f 467/467/467 468/468/468 465/465/465
f 465/465/465 466/466/466 467/467/467
f 811/811/811 467/467/467 812/812/812
f 814/814/814 815/815/815 811/811/811
f 811/811/811 813/813/813 814/814/814
f 812/812/812 813/813/813 811/811/811
f 814/814/814 819/819/819 818/818/818
f 818/818/818 815/815/815 814/814/814
f 1561/1561/1561 1562/1562/1562 1559/1559/1559
f 1559/1559/1559 1560/1560/1560 1561/1561/1561
f 2055/2055/2055 2056/2056/2056 1416/1416/1416
f 1711/1711/1711 1708/1708/1708 1709/1709/1709
f 1709/1709/1709 1710/1710/1710 1711/1711/1711
f 1704/1704/1704 1709/1709/1709 1708/1708/1708
f 1710/1710/1710 1636/1636/1636 1639/1639/1639
f 1639/1639/1639 1711/1711/1711 1710/1710/1710
f 1711/1711/1711 1639/1639/1639 1445/1445/1445
f 1445/1445/1445 1444/1444/1444 1711/1711/1711
f 1708/1708/1708 1711/1711/1711 1444/1444/1444
f 1444/1444/1444 1164/1164/1164 1708/1708/1708
f 1708/1708/1708 1705/1705/1705 1704/1704/1704
f 1705/1705/1705 1708/1708/1708 1164/1164/1164
f 1704/1704/1704 1703/1703/1703 2056/2056/2056
f 1703/1703/1703 1704/1704/1704 1705/1705/1705
f 1164/1164/1164 1163/1163/1163 1705/1705/1705
f 1706/1706/1706 1705/1705/1705 1163/1163/1163
f 1705/1705/1705 1706/1706/1706 1703/1703/1703
f 1442/1442/1442 1161/1161/1161 1164/1164/1164
f 1164/1164/1164 1444/1444/1444 1442/1442/1442
f 1163/1163/1163 1164/1164/1164 1161/1161/1161
f 1444/1444/1444 1445/1445/1445 1443/1443/1443
f 1443/1443/1443 1442/1442/1442 1444/1444/1444
f 1161/1161/1161 1442/1442/1442 1441/1441/1441
f 1442/1442/1442 1443/1443/1443 384/384/384
f 384/384/384 1441/1441/1441 1442/1442/1442
f 1441/1441/1441 1446/1446/1446 1161/1161/1161
f 1161/1161/1161 1162/1162/1162 1163/1163/1163
f 1163/1163/1163 1707/1707/1707 1706/1706/1706
f 602/602/602 384/384/384 1443/1443/1443
f 385/385/385 384/384/384 602/602/602
f 386/386/386 387/387/387 384/384/384
f 384/384/384 385/385/385 386/386/386
f 1443/1443/1443 1635/1635/1635 602/602/602
f 1646/1646/1646 1647/1647/1647 1644/1644/1644
f 1644/1644/1644 1645/1645/1645 1646/1646/1646
f 1646/1646/1646 1651/1651/1651 1649/1649/1649
f 1649/1649/1649 1650/1650/1650 1646/1646/1646
f 1649/1649/1649 1651/1651/1651 1833/1833/1833
f 1833/1833/1833 1834/1834/1834 1649/1649/1649
f 1834/1834/1834 1833/1833/1833 1835/1835/1835
f 1835/1835/1835 1836/1836/1836 1834/1834/1834
f 523/523/523 524/524/524 521/521/521
f 521/521/521 522/522/522 523/523/523
f 424/424/424 425/425/425 423/423/423
f 1170/1170/1170 1171/1171/1171 1168/1168/1168
f 1168/1168/1168 1169/1169/1169 1170/1170/1170
f 1451/1451/1451 1454/1454/1454 2076/2076/2076
f 2076/2076/2076 2077/2077/2077 1451/1451/1451
f 1453/1453/1453 1454/1454/1454 1451/1451/1451
f 1451/1451/1451 1452/1452/1452 1453/1453/1453
f 1341/1341/1341 1342/1342/1342 1339/1339/1339
f 1339/1339/1339 1340/1340/1340 1341/1341/1341
f 1057/1057/1057 1058/1058/1058 1055/1055/1055
f 1055/1055/1055 1056/1056/1056 1057/1057/1057
f 400/400/400 401/401/401 398/398/398
f 398/398/398 399/399/399 400/400/400
f 1481/1481/1481 1482/1482/1482 1479/1479/1479
f 1193/1193/1193 1491/1491/1491 1490/1490/1490
f 1495/1495/1495 1491/1491/1491 1496/1496/1496
f 1496/1496/1496 441/441/441 1495/1495/1495
f 441/441/441 1496/1496/1496 1497/1497/1497
f 1497/1497/1497 1498/1498/1498 441/441/441
f 436/436/436 441/441/441 442/442/442
f 442/442/442 437/437/437 436/436/436
f 436/436/436 437/437/437 286/286/286
f 286/286/286 289/289/289 436/436/436
f 437/437/437 442/442/442 136/136/136
f 442/442/442 447/447/447 133/133/133
f 133/133/133 136/136/136 442/442/442
f 136/136/136 141/141/141 437/437/437
f 286/286/286 437/437/437 141/141/141
f 140/140/140 141/141/141 136/136/136
f 1337/1337/1337 1338/1338/1338 1335/1335/1335
f 1335/1335/1335 1336/1336/1336 1337/1337/1337
f 1488/1488/1488 1489/1489/1489 1337/1337/1337
f 1337/1337/1337 1487/1487/1487 1488/1488/1488
f 282/282/282 268/268/268 271/271/271
f 270/270/270 271/271/271 268/268/268
f 268/268/268 269/269/269 270/270/270
f 271/271/271 283/283/283 282/282/282
f 1317/1317/1317 1316/1316/1316 1333/1333/1333
f 1318/1318/1318 1319/1319/1319 1316/1316/1316
f 1316/1316/1316 1317/1317/1317 1318/1318/1318
f 1333/1333/1333 1334/1334/1334 1317/1317/1317
f 807/807/807 808/808/808 805/805/805
f 805/805/805 806/806/806 807/807/807
f 810/810/810 807/807/807 806/806/806
f 806/806/806 809/809/809 810/810/810
f 816/816/816 817/817/817 810/810/810
f 810/810/810 809/809/809 816/816/816
f 1159/1159/1159 1160/1160/1160 1157/1157/1157
f 1157/1157/1157 1158/1158/1158 1159/1159/1159
f 1159/1159/1159 1167/1167/1167 1165/1165/1165
f 1165/1165/1165 1166/1166/1166 1159/1159/1159
f 1838/1838/1838 1652/1652/1652 1655/1655/1655
f 1654/1654/1654 1655/1655/1655 1652/1652/1652
f 1652/1652/1652 1653/1653/1653 1654/1654/1654
f 1655/1655/1655 1837/1837/1837 1838/1838/1838
f 445/445/445 446/446/446 443/443/443
f 443/443/443 444/444/444 445/445/445
f 1043/1043/1043 678/678/678 758/758/758
f 681/681/681 759/759/759 758/758/758
f 758/758/758 678/678/678 681/681/681
f 488/488/488 759/759/759 760/760/760
f 759/759/759 681/681/681 686/686/686
f 686/686/686 760/760/760 759/759/759
f 760/760/760 489/489/489 488/488/488
f 486/486/486 488/488/488 489/489/489
f 488/488/488 486/486/486 485/485/485
f 536/536/536 485/485/485 104/104/104
f 104/104/104 485/485/485 486/486/486
f 104/104/104 360/360/360 536/536/536
f 486/486/486 105/105/105 104/104/104
f 105/105/105 486/486/486 490/490/490
f 489/489/489 490/490/490 486/486/486
f 1530/1530/1530 489/489/489 760/760/760
f 1528/1528/1528 1532/1532/1532 489/489/489
f 489/489/489 1530/1530/1530 1528/1528/1528
f 760/760/760 1779/1779/1779 1530/1530/1530
f 1779/1779/1779 760/760/760 686/686/686
f 1531/1531/1531 1530/1530/1530 1779/1779/1779
f 1530/1530/1530 1531/1531/1531 1529/1529/1529
f 1529/1529/1529 1528/1528/1528 1530/1530/1530
f 686/686/686 1719/1719/1719 1779/1779/1779
f 1780/1780/1780 1779/1779/1779 1719/1719/1719
f 1779/1779/1779 1780/1780/1780 1531/1531/1531
f 2065/2065/2065 1582/1582/1582 1531/1531/1531
f 1531/1531/1531 1780/1780/1780 2065/2065/2065
f 1529/1529/1529 1531/1531/1531 1582/1582/1582
f 1582/1582/1582 1579/1579/1579 1529/1529/1529
f 1783/1783/1783 1581/1581/1581 1582/1582/1582
f 1582/1582/1582 2065/2065/2065 1783/1783/1783
f 1579/1579/1579 1582/1582/1582 1581/1581/1581
f 2064/2064/2064 2065/2065/2065 1780/1780/1780
f 2065/2065/2065 2064/2064/2064 1784/1784/1784
f 1784/1784/1784 1783/1783/1783 2065/2065/2065
f 1780/1780/1780 1718/1718/1718 2064/2064/2064
f 1719/1719/1719 1718/1718/1718 1780/1780/1780
f 1784/1784/1784 2064/2064/2064 2063/2063/2063
f 2064/2064/2064 1718/1718/1718 2061/2061/2061
f 2061/2061/2061 2063/2063/2063 2064/2064/2064
f 2063/2063/2063 1848/1848/1848 1784/1784/1784
f 1849/1849/1849 1782/1782/1782 1784/1784/1784
f 1784/1784/1784 1848/1848/1848 1849/1849/1849
f 1783/1783/1783 1784/1784/1784 1782/1782/1782
f 1581/1581/1581 1783/1783/1783 1781/1781/1781
f 1782/1782/1782 1781/1781/1781 1783/1783/1783
f 1393/1393/1393 1394/1394/1394 1391/1391/1391
f 1391/1391/1391 1392/1392/1392 1393/1393/1393
f 1392/1392/1392 1576/1576/1576 1393/1393/1393
f 1577/1577/1577 1576/1576/1576 1578/1578/1578
f 1243/1243/1243 1244/1244/1244 1241/1241/1241
f 1241/1241/1241 1242/1242/1242 1243/1243/1243
f 693/693/693 694/694/694 691/691/691
f 691/691/691 692/692/692 693/693/693
f 703/703/703 693/693/693 692/692/692
f 692/692/692 702/702/702 703/703/703
f 702/702/702 719/719/719 717/717/717
f 717/717/717 718/718/718 702/702/702
f 724/724/724 721/721/721 717/717/717
f 717/717/717 723/723/723 724/724/724
f 718/718/718 717/717/717 721/721/721
f 721/721/721 722/722/722 718/718/718
f 724/724/724 736/736/736 734/734/734
f 734/734/734 735/735/735 724/724/724
f 701/701/701 694/694/694 699/699/699
f 699/699/699 700/700/700 701/701/701
f 287/287/287 141/141/141 140/140/140
f 141/141/141 287/287/287 286/286/286
f 140/140/140 432/432/432 287/287/287
f 433/433/433 432/432/432 140/140/140
f 431/431/431 287/287/287 432/432/432
f 287/287/287 431/431/431 430/430/430
f 430/430/430 284/284/284 287/287/287
f 286/286/286 287/287/287 284/284/284
f 432/432/432 435/435/435 431/431/431
f 434/434/434 435/435/435 432/432/432
f 432/432/432 433/433/433 434/434/434
f 633/633/633 434/434/434 433/433/433
f 289/289/289 286/286/286 285/285/285
f 284/284/284 285/285/285 286/286/286
f 285/285/285 288/288/288 289/289/289
f 133/133/133 290/290/290 233/233/233
f 290/290/290 133/133/133 292/292/292
f 231/231/231 233/233/233 290/290/290
f 292/292/292 291/291/291 290/290/290
f 290/290/290 291/291/291 220/220/220
f 220/220/220 231/231/231 290/290/290
f 235/235/235 233/233/233 232/232/232
f 231/231/231 232/232/232 233/233/233
f 205/205/205 235/235/235 234/234/234
f 235/235/235 205/205/205 190/190/190
f 232/232/232 234/234/234 235/235/235
f 190/190/190 205/205/205 208/208/208
f 234/234/234 206/206/206 205/205/205
f 207/207/207 208/208/208 205/205/205
f 205/205/205 206/206/206 207/207/207
f 208/208/208 191/191/191 190/190/190
f 190/190/190 191/191/191 188/188/188
f 219/219/219 208/208/208 207/207/207
f 208/208/208 219/219/219 186/186/186
f 186/186/186 191/191/191 208/208/208
f 207/207/207 221/221/221 219/219/219
f 219/219/219 221/221/221 220/220/220
f 186/186/186 219/219/219 220/220/220
f 186/186/186 220/220/220 291/291/291
f 188/188/188 191/191/191 186/186/186
f 291/291/291 280/280/280 186/186/186
f 278/278/278 187/187/187 186/186/186
f 1344/1344/1344 1279/1279/1279 1264/1264/1264
f 1264/1264/1264 1343/1343/1343 1344/1344/1344
f 1237/1237/1237 1330/1330/1330 1343/1343/1343
f 1329/1329/1329 1330/1330/1330 1237/1237/1237
f 1332/1332/1332 1345/1345/1345 1343/1343/1343
f 1343/1343/1343 1330/1330/1330 1332/1332/1332
f 1344/1344/1344 1343/1343/1343 1345/1345/1345
f 1280/1280/1280 1344/1344/1344 1185/1185/1185
f 1279/1279/1279 1344/1344/1344 1280/1280/1280
f 1345/1345/1345 1185/1185/1185 1344/1344/1344
f 1279/1279/1279 1280/1280/1280 1281/1281/1281
f 1185/1185/1185 1188/1188/1188 1280/1280/1280
f 1280/1280/1280 1188/1188/1188 1190/1190/1190
f 1282/1282/1282 1280/1280/1280 1190/1190/1190
f 1281/1281/1281 1280/1280/1280 1282/1282/1282
f 1496/1496/1496 1186/1186/1186 1185/1185/1185
f 1185/1185/1185 1497/1497/1497 1496/1496/1496
f 1187/1187/1187 1188/1188/1188 1185/1185/1185
f 1185/1185/1185 1186/1186/1186 1187/1187/1187
f 1189/1189/1189 1190/1190/1190 1188/1188/1188
f 1188/1188/1188 1187/1187/1187 1189/1189/1189
f 1192/1192/1192 1187/1187/1187 1186/1186/1186
f 1187/1187/1187 1192/1192/1192 1191/1191/1191
f 1191/1191/1191 1189/1189/1189 1187/1187/1187
f 1491/1491/1491 1193/1193/1193 1186/1186/1186
f 1186/1186/1186 1496/1496/1496 1491/1491/1491
f 1186/1186/1186 1193/1193/1193 1192/1192/1192
f 1481/1481/1481 1483/1483/1483 1192/1192/1192
f 1192/1192/1192 1193/1193/1193 1481/1481/1481
f 388/388/388 604/604/604 670/670/670
f 264/264/264 265/265/265 262/262/262
f 262/262/262 263/263/263 264/264/264
f 267/267/267 264/264/264 263/263/263
f 263/263/263 266/266/266 267/267/267
f 1326/1326/1326 1327/1327/1327 1324/1324/1324
f 1324/1324/1324 1325/1325/1325 1326/1326/1326
f 1387/1387/1387 1325/1325/1325 1575/1575/1575
f 1575/1575/1575 1388/1388/1388 1387/1387/1387
f 1389/1389/1389 1390/1390/1390 1387/1387/1387
f 1387/1387/1387 1388/1388/1388 1389/1389/1389
f 1538/1538/1538 1539/1539/1539 1536/1536/1536
f 1536/1536/1536 1537/1537/1537 1538/1538/1538
f 1308/1308/1308 1320/1320/1320 1321/1321/1321
f 1275/1275/1275 1321/1321/1321 1320/1320/1320
f 1320/1320/1320 1274/1274/1274 1275/1275/1275
f 1273/1273/1273 1274/1274/1274 1320/1320/1320
f 1321/1321/1321 1322/1322/1322 1286/1286/1286
f 1322/1322/1322 1321/1321/1321 1275/1275/1275
f 1275/1275/1275 1306/1306/1306 1322/1322/1322
f 1304/1304/1304 1306/1306/1306 1275/1275/1275
f 1275/1275/1275 1268/1268/1268 1304/1304/1304
f 1268/1268/1268 1275/1275/1275 1274/1274/1274
f 1274/1274/1274 1269/1269/1269 1268/1268/1268
f 1269/1269/1269 1274/1274/1274 1273/1273/1273
f 1268/1268/1268 1267/1267/1267 1305/1305/1305
f 1305/1305/1305 1304/1304/1304 1268/1268/1268
f 1267/1267/1267 1268/1268/1268 1269/1269/1269
f 1306/1306/1306 1304/1304/1304 1303/1303/1303
f 1304/1304/1304 1305/1305/1305 1302/1302/1302
f 1302/1302/1302 1303/1303/1303 1304/1304/1304
f 1322/1322/1322 1306/1306/1306 1307/1307/1307
f 1303/1303/1303 1307/1307/1307 1306/1306/1306
f 1307/1307/1307 1303/1303/1303 2074/2074/2074
f 1303/1303/1303 1302/1302/1302 2075/2075/2075
f 2075/2075/2075 2074/2074/2074 1303/1303/1303
f 2074/2074/2074 1376/1376/1376 1307/1307/1307
f 1323/1323/1323 1307/1307/1307 1376/1376/1376
f 1307/1307/1307 1323/1323/1323 1322/1322/1322
f 2074/2074/2074 2075/2075/2075 1378/1378/1378
f 1378/1378/1378 1376/1376/1376 2074/2074/2074
f 1377/1377/1377 1376/1376/1376 1378/1378/1378
f 1376/1376/1376 1377/1377/1377 1323/1323/1323
f 1323/1323/1323 1377/1377/1377 1370/1370/1370
f 186/186/186 280/280/280 278/278/278
f 186/186/186 187/187/187 188/188/188
f 187/187/187 189/189/189 188/188/188
f 187/187/187 278/278/278 277/277/277
f 277/277/277 189/189/189 187/187/187
f 279/279/279 278/278/278 280/280/280
f 278/278/278 279/279/279 276/276/276
f 276/276/276 277/277/277 278/278/278
f 281/281/281 280/280/280 291/291/291
f 280/280/280 281/281/281 279/279/279
f 291/291/291 292/292/292 281/281/281
f 535/535/535 279/279/279 281/281/281
f 281/281/281 334/334/334 535/535/535
f 333/333/333 334/334/334 281/281/281
f 281/281/281 292/292/292 333/333/333
f 276/276/276 279/279/279 535/535/535
f 334/334/334 335/335/335 535/535/535
f 335/335/335 334/334/334 333/333/333
f 333/333/333 336/336/336 335/335/335
f 1991/1991/1991 1992/1992/1992 1959/1959/1959
f 1959/1959/1959 1958/1958/1958 1991/1991/1991
f 1993/1993/1993 1960/1960/1960 2046/2046/2046
f 2046/2046/2046 2054/2054/2054 1993/1993/1993
f 1958/1958/1958 1960/1960/1960 1993/1993/1993
f 2054/2054/2054 2046/2046/2046 2001/2001/2001
f 2001/2001/2001 2014/2014/2014 2054/2054/2054
f 2049/2049/2049 2054/2054/2054 2014/2014/2014
f 2001/2001/2001 2046/2046/2046 2045/2045/2045
f 2045/2045/2045 2046/2046/2046 1960/1960/1960
f 1960/1960/1960 1957/1957/1957 2045/2045/2045
f 1957/1957/1957 1960/1960/1960 1958/1958/1958
f 2045/2045/2045 1994/1994/1994 2001/2001/2001
f 1995/1995/1995 1994/1994/1994 2045/2045/2045
f 496/496/496 497/497/497 494/494/494
f 494/494/494 495/495/495 496/496/496
f 497/497/497 496/496/496 498/498/498
f 498/498/498 499/499/499 497/497/497
f 1614/1614/1614 1818/1818/1818 1814/1814/1814
f 330/330/330 260/260/260 228/228/228
f 329/329/329 330/330/330 327/327/327
f 297/297/297 261/261/261 260/260/260
f 260/260/260 298/298/298 297/297/297
f 213/213/213 261/261/261 297/297/297
f 297/297/297 296/296/296 213/213/213
f 297/297/297 298/298/298 295/295/295
f 295/295/295 296/296/296 297/297/297
f 293/293/293 214/214/214 213/213/213
f 213/213/213 296/296/296 293/293/293
f 216/216/216 211/211/211 213/213/213
f 215/215/215 216/216/216 213/213/213
f 213/213/213 214/214/214 215/215/215
f 293/293/293 296/296/296 295/295/295
f 295/295/295 294/294/294 293/293/293
f 293/293/293 294/294/294 246/246/246
f 246/246/246 214/214/214 293/293/293
f 245/245/245 215/215/215 214/214/214
f 214/214/214 246/246/246 245/245/245
f 215/215/215 245/245/245 244/244/244
f 244/244/244 218/218/218 215/215/215
f 215/215/215 218/218/218 217/217/217
f 217/217/217 216/216/216 215/215/215
f 211/211/211 216/216/216 217/217/217
f 217/217/217 212/212/212 211/211/211
f 240/240/240 212/212/212 217/217/217
f 217/217/217 248/248/248 240/240/240
f 248/248/248 217/217/217 218/218/218
f 249/249/249 218/218/218 244/244/244
f 218/218/218 249/249/249 248/248/248
f 244/244/244 251/251/251 249/249/249
f 250/250/250 249/249/249 251/251/251
f 249/249/249 250/250/250 247/247/247
f 569/569/569 563/563/563 548/548/548
f 563/563/563 569/569/569 568/568/568
f 1359/1359/1359 1353/1353/1353 1352/1352/1352
f 1353/1353/1353 1359/1359/1359 1358/1358/1358
f 1352/1352/1352 1360/1360/1360 1359/1359/1359
f 1363/1363/1363 1358/1358/1358 1359/1359/1359
f 1359/1359/1359 1362/1362/1362 1363/1363/1363
f 1362/1362/1362 1359/1359/1359 1360/1360/1360
f 1524/1524/1524 1523/1523/1523 1358/1358/1358
f 1358/1358/1358 1363/1363/1363 1524/1524/1524
f 1363/1363/1363 1364/1364/1364 1525/1525/1525
f 1525/1525/1525 1524/1524/1524 1363/1363/1363
f 1364/1364/1364 1363/1363/1363 1362/1362/1362
f 1365/1365/1365 1362/1362/1362 1361/1361/1361
f 1362/1362/1362 1365/1365/1365 1364/1364/1364
f 1360/1360/1360 1361/1361/1361 1362/1362/1362
f 1361/1361/1361 1366/1366/1366 1365/1365/1365
f 1524/1524/1524 1525/1525/1525 1301/1301/1301
f 1301/1301/1301 1299/1299/1299 1524/1524/1524
f 1298/1298/1298 1523/1523/1523 1524/1524/1524
f 1524/1524/1524 1299/1299/1299 1298/1298/1298
f 1299/1299/1299 1301/1301/1301 1300/1300/1300
f 1300/1300/1300 1296/1296/1296 1299/1299/1299
f 1298/1298/1298 1299/1299/1299 1296/1296/1296
f 1296/1296/1296 1297/1297/1297 1298/1298/1298
f 1296/1296/1296 1300/1300/1300 1292/1292/1292
f 1292/1292/1292 1260/1260/1260 1296/1296/1296
f 1297/1297/1297 1296/1296/1296 1260/1260/1260
f 1261/1261/1261 1260/1260/1260 1292/1292/1292
f 1292/1292/1292 1293/1293/1293 1261/1261/1261
f 1261/1261/1261 1294/1294/1294 1263/1263/1263
f 1294/1294/1294 1261/1261/1261 1293/1293/1293
f 1293/1293/1293 1295/1295/1295 1294/1294/1294
f 1263/1263/1263 1294/1294/1294 1347/1347/1347
f 1347/1347/1347 1294/1294/1294 1295/1295/1295
f 955/955/955 916/916/916 915/915/915
f 911/911/911 915/915/915 916/916/916
f 907/907/907 955/955/955 954/954/954
f 916/916/916 908/908/908 911/911/911
f 910/910/910 911/911/911 908/908/908
f 908/908/908 909/909/909 910/910/910
f 926/926/926 1000/1000/1000 1001/1001/1001
f 1003/1003/1003 1001/1001/1001 1000/1000/1000
f 1000/1000/1000 1002/1002/1002 1003/1003/1003
f 1001/1001/1001 1003/1003/1003 1005/1005/1005
f 1017/1017/1017 1005/1005/1005 1003/1003/1003
f 1003/1003/1003 1016/1016/1016 1017/1017/1017
f 1016/1016/1016 1003/1003/1003 1002/1002/1002
f 1002/1002/1002 1015/1015/1015 1016/1016/1016
f 1331/1331/1331 1332/1332/1332 1330/1330/1330
f 1330/1330/1330 1329/1329/1329 1331/1331/1331
f 1472/1472/1472 1474/1474/1474 362/362/362
f 1474/1474/1474 1472/1472/1472 1313/1313/1313
f 1310/1310/1310 1313/1313/1313 1472/1472/1472
f 1313/1313/1313 1315/1315/1315 1474/1474/1474
f 1314/1314/1314 1315/1315/1315 1313/1313/1313
f 1313/1313/1313 1312/1312/1312 1314/1314/1314
f 1312/1312/1312 1313/1313/1313 1310/1310/1310
f 1840/1840/1840 1466/1466/1466 1310/1310/1310
f 1311/1311/1311 1310/1310/1310 1466/1466/1466
f 1310/1310/1310 1311/1311/1311 1312/1312/1312
f 1841/1841/1841 1840/1840/1840 1138/1138/1138
f 1840/1840/1840 1841/1841/1841 1467/1467/1467
f 1467/1467/1467 1466/1466/1466 1840/1840/1840
f 1466/1466/1466 1465/1465/1465 1311/1311/1311
f 1466/1466/1466 1467/1467/1467 1464/1464/1464
f 1464/1464/1464 1465/1465/1465 1466/1466/1466
f 1478/1478/1478 1311/1311/1311 1465/1465/1465
f 1465/1465/1465 1476/1476/1476 1478/1478/1478
f 1465/1465/1465 1464/1464/1464 1455/1455/1455
f 1455/1455/1455 1476/1476/1476 1465/1465/1465
f 1477/1477/1477 1478/1478/1478 1476/1476/1476
f 1476/1476/1476 1475/1475/1475 1477/1477/1477
f 1604/1604/1604 1605/1605/1605 1627/1627/1627
f 1602/1602/1602 1605/1605/1605 1604/1604/1604
f 1604/1604/1604 1603/1603/1603 1602/1602/1602
f 1601/1601/1601 1606/1606/1606 1605/1605/1605
f 1605/1605/1605 1602/1602/1602 1601/1601/1601
f 1583/1583/1583 1601/1601/1601 1602/1602/1602
f 1843/1843/1843 1606/1606/1606 1601/1601/1601
f 1601/1601/1601 1842/1842/1842 1843/1843/1843
f 1842/1842/1842 1601/1601/1601 1583/1583/1583
f 1606/1606/1606 1843/1843/1843 1851/1851/1851
f 1851/1851/1851 1843/1843/1843 1641/1641/1641
f 1641/1641/1641 1843/1843/1843 1842/1842/1842
f 1842/1842/1842 1640/1640/1640 1641/1641/1641
f 1583/1583/1583 1640/1640/1640 1842/1842/1842
f 1638/1638/1638 1640/1640/1640 1583/1583/1583
f 1583/1583/1583 1634/1634/1634 1638/1638/1638
f 1637/1637/1637 1641/1641/1641 1640/1640/1640
f 1640/1640/1640 1638/1638/1638 1637/1637/1637
f 1639/1639/1639 1638/1638/1638 1634/1634/1634
f 1638/1638/1638 1639/1639/1639 1636/1636/1636
f 1636/1636/1636 1637/1637/1637 1638/1638/1638
f 1634/1634/1634 1445/1445/1445 1639/1639/1639
f 1771/1771/1771 1770/1770/1770 2059/2059/2059
f 1037/1037/1037 2059/2059/2059 1770/1770/1770
f 2059/2059/2059 1037/1037/1037 1036/1036/1036
f 2060/2060/2060 2059/2059/2059 1773/1773/1773
f 2059/2059/2059 2060/2060/2060 1771/1771/1771
f 1036/1036/1036 1773/1773/1773 2059/2059/2059
f 1846/1846/1846 1771/1771/1771 2060/2060/2060
f 1771/1771/1771 1846/1846/1846 1847/1847/1847
f 1845/1845/1845 1847/1847/1847 1846/1846/1846
f 1847/1847/1847 1845/1845/1845 1724/1724/1724
f 1724/1724/1724 1740/1740/1740 1847/1847/1847
f 1740/1740/1740 1738/1738/1738 1737/1737/1737
f 1738/1738/1738 1740/1740/1740 1724/1724/1724
f 1725/1725/1725 1724/1724/1724 1845/1845/1845
f 1724/1724/1724 1727/1727/1727 1738/1738/1738
f 1726/1726/1726 1727/1727/1727 1724/1724/1724
f 637/637/637 636/636/636 652/652/652
f 653/653/653 672/672/672 651/651/651
f 651/651/651 637/637/637 653/653/653
f 637/637/637 651/651/651 649/649/649
f 649/649/649 635/635/635 637/637/637
f 636/636/636 637/637/637 635/635/635
f 636/636/636 139/139/139 138/138/138
f 139/139/139 636/636/636 634/634/634
f 635/635/635 634/634/634 636/636/636
f 135/135/135 138/138/138 139/139/139
f 138/138/138 135/135/135 134/134/134
f 233/233/233 134/134/134 133/133/133
f 133/133/133 134/134/134 135/135/135
f 136/136/136 135/135/135 140/140/140
f 139/139/139 140/140/140 135/135/135
f 135/135/135 136/136/136 133/133/133
f 140/140/140 139/139/139 433/433/433
f 634/634/634 433/433/433 139/139/139
f 1486/1486/1486 1191/1191/1191 1192/1192/1192
f 1192/1192/1192 1483/1483/1483 1486/1486/1486
f 1189/1189/1189 1191/1191/1191 1676/1676/1676
f 1191/1191/1191 1486/1486/1486 1673/1673/1673
f 1673/1673/1673 1676/1676/1676 1191/1191/1191
f 1190/1190/1190 1189/1189/1189 1692/1692/1692
f 1676/1676/1676 1692/1692/1692 1189/1189/1189
f 1692/1692/1692 1676/1676/1676 1675/1675/1675
f 1676/1676/1676 1673/1673/1673 1672/1672/1672
f 1672/1672/1672 1675/1675/1675 1676/1676/1676
f 1674/1674/1674 1673/1673/1673 1486/1486/1486
f 1673/1673/1673 1674/1674/1674 1671/1671/1671
f 1671/1671/1671 1672/1672/1672 1673/1673/1673
f 1486/1486/1486 1485/1485/1485 1674/1674/1674
f 1485/1485/1485 1486/1486/1486 1483/1483/1483
f 1483/1483/1483 1484/1484/1484 1485/1485/1485
f 1480/1480/1480 1484/1484/1484 1483/1483/1483
f 1483/1483/1483 1481/1481/1481 1480/1480/1480
f 1479/1479/1479 1480/1480/1480 1481/1481/1481
f 1490/1490/1490 1481/1481/1481 1193/1193/1193
f 1176/1176/1176 122/122/122 1175/1175/1175
f 119/119/119 893/893/893 892/892/892
f 892/892/892 122/122/122 119/119/119
f 396/396/396 892/892/892 893/893/893
f 396/396/396 397/397/397 1450/1450/1450
f 1450/1450/1450 1449/1449/1449 396/396/396
f 893/893/893 395/395/395 396/396/396
f 394/394/394 397/397/397 396/396/396
f 396/396/396 395/395/395 394/394/394
f 1198/1198/1198 1449/1449/1449 1450/1450/1450
f 1450/1450/1450 1199/1199/1199 1198/1198/1198
f 1198/1198/1198 1199/1199/1199 1197/1197/1197
f 1198/1198/1198 1196/1196/1196 1918/1918/1918
f 1197/1197/1197 1196/1196/1196 1198/1198/1198
f 1196/1196/1196 1197/1197/1197 1194/1194/1194
f 1196/1196/1196 1195/1195/1195 1919/1919/1919
f 1919/1919/1919 1918/1918/1918 1196/1196/1196
f 1194/1194/1194 1195/1195/1195 1196/1196/1196
f 1918/1918/1918 1919/1919/1919 1250/1250/1250
f 1921/1921/1921 1250/1250/1250 1919/1919/1919
f 1919/1919/1919 1920/1920/1920 1921/1921/1921
f 1920/1920/1920 1919/1919/1919 1195/1195/1195
f 1195/1195/1195 1686/1686/1686 1920/1920/1920
f 1195/1195/1195 1194/1194/1194 1687/1687/1687
f 1687/1687/1687 1686/1686/1686 1195/1195/1195
f 1920/1920/1920 1686/1686/1686 1668/1668/1668
f 1668/1668/1668 1921/1921/1921 1920/1920/1920
f 1251/1251/1251 1250/1250/1250 1921/1921/1921
f 1921/1921/1921 1685/1685/1685 1251/1251/1251
f 202/202/202 895/895/895 894/894/894
f 894/894/894 118/118/118 202/202/202
f 893/893/893 119/119/119 118/118/118
f 118/118/118 894/894/894 893/893/893
f 118/118/118 119/119/119 120/120/120
f 120/120/120 123/123/123 840/840/840
f 123/123/123 120/120/120 119/119/119
f 119/119/119 122/122/122 123/123/123
f 395/395/395 893/893/893 894/894/894
f 147/147/147 894/894/894 895/895/895
f 894/894/894 147/147/147 395/395/395
f 394/394/394 395/395/395 147/147/147
f 895/895/895 144/144/144 147/147/147
f 147/147/147 146/146/146 394/394/394
f 147/147/147 144/144/144 143/143/143
f 143/143/143 146/146/146 147/147/147
f 144/144/144 895/895/895 896/896/896
f 201/201/201 896/896/896 895/895/895
f 896/896/896 145/145/145 144/144/144
f 144/144/144 145/145/145 142/142/142
f 142/142/142 143/143/143 144/144/144
f 898/898/898 897/897/897 896/896/896
f 896/896/896 201/201/201 898/898/898
f 145/145/145 896/896/896 897/897/897
f 898/898/898 201/201/201 204/204/204
f 897/897/897 898/898/898 629/629/629
f 204/204/204 646/646/646 898/898/898
f 629/629/629 898/898/898 646/646/646
f 629/629/629 648/648/648 897/897/897
f 656/656/656 236/236/236 190/190/190
f 236/236/236 656/656/656 654/654/654
f 655/655/655 654/654/654 656/656/656
f 672/672/672 653/653/653 655/655/655
f 655/655/655 673/673/673 672/672/672
f 654/654/654 655/655/655 653/653/653
f 654/654/654 137/137/137 236/236/236
f 653/653/653 652/652/652 654/654/654
f 137/137/137 654/654/654 652/652/652
f 190/190/190 236/236/236 235/235/235
f 235/235/235 236/236/236 137/137/137
f 652/652/652 138/138/138 137/137/137
f 233/233/233 137/137/137 134/134/134
f 137/137/137 233/233/233 235/235/235
f 134/134/134 137/137/137 138/138/138
f 138/138/138 652/652/652 636/636/636
f 652/652/652 653/653/653 637/637/637
f 671/671/671 670/670/670 604/604/604
f 604/604/604 603/603/603 671/671/671
f 537/537/537 1035/1035/1035 765/765/765
f 603/603/603 765/765/765 1035/1035/1035
f 1035/1035/1035 537/537/537 359/359/359
f 360/360/360 359/359/359 537/537/537
f 765/765/765 538/538/538 537/537/537
f 536/536/536 537/537/537 538/538/538
f 537/537/537 536/536/536 360/360/360
f 606/606/606 762/762/762 765/765/765
f 765/765/765 603/603/603 606/606/606
f 538/538/538 765/765/765 762/762/762
f 605/605/605 606/606/606 603/603/603
f 603/603/603 604/604/604 605/605/605
f 762/762/762 606/606/606 608/608/608
f 606/606/606 605/605/605 607/607/607
f 607/607/607 608/608/608 606/606/606
f 762/762/762 764/764/764 538/538/538
f 764/764/764 762/762/762 761/761/761
f 608/608/608 761/761/761 762/762/762
f 539/539/539 538/538/538 764/764/764
f 538/538/538 539/539/539 536/536/536
f 764/764/764 1044/1044/1044 539/539/539
f 1044/1044/1044 764/764/764 763/763/763
f 761/761/761 763/763/763 764/764/764
f 833/833/833 831/831/831 761/761/761
f 761/761/761 608/608/608 833/833/833
f 763/763/763 761/761/761 831/831/831
f 763/763/763 1043/1043/1043 1044/1044/1044
f 1042/1042/1042 1043/1043/1043 763/763/763
f 763/763/763 832/832/832 1042/1042/1042
f 831/831/831 832/832/832 763/763/763
f 1044/1044/1044 758/758/758 487/487/487
f 487/487/487 539/539/539 1044/1044/1044
f 758/758/758 1044/1044/1044 1043/1043/1043
f 485/485/485 536/536/536 539/539/539
f 539/539/539 487/487/487 485/485/485
f 759/759/759 488/488/488 487/487/487
f 487/487/487 758/758/758 759/759/759
f 485/485/485 487/487/487 488/488/488
f 668/668/668 113/113/113 389/389/389
f 666/666/666 114/114/114 113/113/113
f 113/113/113 668/668/668 666/666/666
f 670/670/670 389/389/389 388/388/388
f 389/389/389 670/670/670 668/668/668
f 669/669/669 668/668/668 670/670/670
f 667/667/667 666/666/666 668/668/668
f 668/668/668 669/669/669 667/667/667
f 114/114/114 666/666/666 665/665/665
f 666/666/666 667/667/667 664/664/664
f 664/664/664 665/665/665 666/666/666
f 665/665/665 115/115/115 114/114/114
f 111/111/111 114/114/114 115/115/115
f 115/115/115 116/116/116 111/111/111
f 112/112/112 111/111/111 116/116/116
f 116/116/116 117/117/117 112/112/112
f 111/111/111 112/112/112 109/109/109
f 1032/1032/1032 664/664/664 667/667/667
f 1033/1033/1033 667/667/667 669/669/669
f 667/667/667 1033/1033/1033 1032/1032/1032
f 357/357/357 1032/1032/1032 1033/1033/1033
f 358/358/358 1033/1033/1033 1034/1034/1034
f 669/669/669 1034/1034/1034 1033/1033/1033
f 1033/1033/1033 358/358/358 357/357/357
f 355/355/355 357/357/357 358/358/358
f 1034/1034/1034 359/359/359 358/358/358
f 671/671/671 1035/1035/1035 1034/1034/1034
f 1034/1034/1034 669/669/669 671/671/671
f 359/359/359 1034/1034/1034 1035/1035/1035
f 670/670/670 671/671/671 669/669/669
f 1035/1035/1035 671/671/671 603/603/603
f 1370/1370/1370 1291/1291/1291 1323/1323/1323
f 1323/1323/1323 1291/1291/1291 1286/1286/1286
f 1286/1286/1286 1322/1322/1322 1323/1323/1323
f 1370/1370/1370 1377/1377/1377 1375/1375/1375
f 1378/1378/1378 1375/1375/1375 1377/1377/1377
f 1375/1375/1375 1378/1378/1378 1526/1526/1526
f 1526/1526/1526 1374/1374/1374 1375/1375/1375
f 1371/1371/1371 1374/1374/1374 1526/1526/1526
f 1526/1526/1526 1527/1527/1527 1371/1371/1371
f 1269/1269/1269 1270/1270/1270 1267/1267/1267
f 1273/1273/1273 1271/1271/1271 1269/1269/1269
f 1270/1270/1270 1269/1269/1269 1271/1271/1271
f 1271/1271/1271 1272/1272/1272 1270/1270/1270
f 1381/1381/1381 1272/1272/1272 1271/1271/1271
f 1271/1271/1271 1380/1380/1380 1381/1381/1381
f 1380/1380/1380 1271/1271/1271 1273/1273/1273
f 1383/1383/1383 1379/1379/1379 1273/1273/1273
f 1273/1273/1273 1379/1379/1379 1380/1380/1380
f 1380/1380/1380 1379/1379/1379 1382/1382/1382
f 1382/1382/1382 1381/1381/1381 1380/1380/1380
f 1382/1382/1382 1379/1379/1379 1383/1383/1383
f 1671/1671/1671 1689/1689/1689 1688/1688/1688
f 1688/1688/1688 1672/1672/1672 1671/1671/1671
f 1688/1688/1688 1689/1689/1689 1400/1400/1400
f 1675/1675/1675 1672/1672/1672 1688/1688/1688
f 1688/1688/1688 1690/1690/1690 1675/1675/1675
f 1690/1690/1690 1688/1688/1688 1399/1399/1399
f 1400/1400/1400 1399/1399/1399 1688/1688/1688
f 1399/1399/1399 1400/1400/1400 1398/1398/1398
f 1398/1398/1398 1397/1397/1397 1399/1399/1399
f 1397/1397/1397 1398/1398/1398 1395/1395/1395
f 1691/1691/1691 1675/1675/1675 1690/1690/1690
f 1675/1675/1675 1691/1691/1691 1692/1692/1692
f 1693/1693/1693 1692/1692/1692 1691/1691/1691
f 1692/1692/1692 1693/1693/1693 1190/1190/1190
f 1284/1284/1284 1190/1190/1190 1693/1693/1693
f 1190/1190/1190 1284/1284/1284 1282/1282/1282
f 1282/1282/1282 1283/1283/1283 1281/1281/1281
f 408/408/408 409/409/409 404/404/404
f 409/409/409 410/410/410 405/405/405
f 419/419/419 417/417/417 409/409/409
f 409/409/409 408/408/408 419/419/419
f 410/410/410 409/409/409 417/417/417
f 419/419/419 408/408/408 630/630/630
f 630/630/630 628/628/628 419/419/419
f 91/91/91 419/419/419 628/628/628
f 417/417/417 419/419/419 91/91/91
f 418/418/418 417/417/417 90/90/90
f 91/91/91 90/90/90 417/417/417
f 417/417/417 418/418/418 410/410/410
f 90/90/90 420/420/420 418/418/418
f 420/420/420 90/90/90 89/89/89
f 87/87/87 86/86/86 90/90/90
f 90/90/90 91/91/91 87/87/87
f 682/682/682 679/679/679 1040/1040/1040
f 830/830/830 1040/1040/1040 1039/1039/1039
f 1039/1039/1039 739/739/739 830/830/830
f 746/746/746 1038/1038/1038 1039/1039/1039
f 739/739/739 1039/1039/1039 1038/1038/1038
f 1038/1038/1038 746/746/746 1036/1036/1036
f 1038/1038/1038 740/740/740 739/739/739
f 740/740/740 1038/1038/1038 1037/1037/1037
f 1036/1036/1036 1037/1037/1037 1038/1038/1038
f 829/829/829 830/830/830 739/739/739
f 739/739/739 737/737/737 829/829/829
f 737/737/737 739/739/739 740/740/740
f 830/830/830 829/829/829 825/825/825
f 825/825/825 682/682/682 830/830/830
f 829/829/829 713/713/713 687/687/687
f 687/687/687 825/825/825 829/829/829
f 713/713/713 829/829/829 737/737/737
f 737/737/737 714/714/714 713/713/713
f 740/740/740 738/738/738 737/737/737
f 714/714/714 737/737/737 738/738/738
f 1037/1037/1037 741/741/741 740/740/740
f 738/738/738 740/740/740 741/741/741
f 731/731/731 738/738/738 742/742/742
f 741/741/741 742/742/742 738/738/738
f 738/738/738 731/731/731 714/714/714
f 711/711/711 714/714/714 731/731/731
f 713/713/713 714/714/714 711/711/711
f 711/711/711 710/710/710 713/713/713
f 687/687/687 713/713/713 710/710/710
f 688/688/688 710/710/710 709/709/709
f 708/708/708 709/709/709 710/710/710
f 709/709/709 712/712/712 688/688/688
f 712/712/712 709/709/709 716/716/716
f 716/716/716 709/709/709 708/708/708
f 729/729/729 730/730/730 708/708/708
f 708/708/708 715/715/715 716/716/716
f 716/716/716 720/720/720 712/712/712
f 732/732/732 733/733/733 729/729/729
f 433/433/433 634/634/634 633/633/633
f 634/634/634 635/635/635 632/632/632
f 632/632/632 633/633/633 634/634/634
f 632/632/632 635/635/635 649/649/649
f 649/649/649 650/650/650 632/632/632
f 342/342/342 649/649/649 651/651/651
f 341/341/341 650/650/650 649/649/649
f 649/649/649 342/342/342 341/341/341
f 342/342/342 452/452/452 451/451/451
f 451/451/451 339/339/339 342/342/342
f 651/651/651 452/452/452 342/342/342
f 342/342/342 339/339/339 338/338/338
f 338/338/338 341/341/341 342/342/342
f 452/452/452 651/651/651 672/672/672
f 672/672/672 449/449/449 452/452/452
f 451/451/451 452/452/452 449/449/449
f 340/340/340 339/339/339 451/451/451
f 451/451/451 438/438/438 340/340/340
f 449/449/449 448/448/448 451/451/451
f 438/438/438 451/451/451 448/448/448
f 339/339/339 340/340/340 337/337/337
f 337/337/337 338/338/338 339/339/339
f 392/392/392 340/340/340 438/438/438
f 340/340/340 392/392/392 391/391/391
f 391/391/391 337/337/337 340/340/340
f 453/453/453 439/439/439 438/438/438
f 438/438/438 439/439/439 392/392/392
f 440/440/440 393/393/393 392/392/392
f 392/392/392 439/439/439 440/440/440
f 478/478/478 129/129/129 128/128/128
f 125/125/125 128/128/128 129/129/129
f 455/455/455 458/458/458 478/478/478
f 458/458/458 457/457/457 462/462/462
f 457/457/457 458/458/458 455/455/455
f 609/609/609 462/462/462 461/461/461
f 461/461/461 462/462/462 457/457/457
f 457/457/457 460/460/460 461/461/461
f 460/460/460 457/457/457 456/456/456
f 455/455/455 456/456/456 457/457/457
f 611/611/611 461/461/461 470/470/470
f 461/461/461 611/611/611 609/609/609
f 470/470/470 461/461/461 460/460/460
f 460/460/460 464/464/464 470/470/470
f 464/464/464 460/460/460 459/459/459
f 456/456/456 459/459/459 460/460/460
f 1507/1507/1507 459/459/459 456/456/456
f 456/456/456 1506/1506/1506 1507/1507/1507
f 1506/1506/1506 456/456/456 455/455/455
f 1510/1510/1510 463/463/463 459/459/459
f 459/459/459 1507/1507/1507 1510/1510/1510
f 459/459/459 463/463/463 464/464/464
f 464/464/464 471/471/471 469/469/469
f 469/469/469 470/470/470 464/464/464
f 613/613/613 470/470/470 469/469/469
f 470/470/470 613/613/613 611/611/611
f 469/469/469 615/615/615 613/613/613
f 614/614/614 613/613/613 615/615/615
f 613/613/613 614/614/614 612/612/612
f 612/612/612 611/611/611 613/613/613
f 615/615/615 616/616/616 614/614/614
f 610/610/610 609/609/609 611/611/611
f 448/448/448 449/449/449 345/345/345
f 345/345/345 343/343/343 448/448/448
f 449/449/449 672/672/672 673/673/673
f 673/673/673 345/345/345 449/449/449
f 611/611/611 612/612/612 610/610/610
f 610/610/610 612/612/612 1643/1643/1643
f 1643/1643/1643 1642/1642/1642 610/610/610
f 132/132/132 610/610/610 1642/1642/1642
f 609/609/609 610/610/610 132/132/132
f 1514/1514/1514 1508/1508/1508 1643/1643/1643
f 1643/1643/1643 1648/1648/1648 1514/1514/1514
f 1642/1642/1642 1643/1643/1643 1508/1508/1508
f 1508/1508/1508 1509/1509/1509 1642/1642/1642
f 1184/1184/1184 1642/1642/1642 1509/1509/1509
f 1642/1642/1642 1184/1184/1184 132/132/132
f 1504/1504/1504 454/454/454 132/132/132
f 132/132/132 1178/1178/1178 1504/1504/1504
f 1178/1178/1178 132/132/132 1184/1184/1184
f 132/132/132 454/454/454 453/453/453
f 1509/1509/1509 1183/1183/1183 1184/1184/1184
f 1184/1184/1184 1179/1179/1179 1178/1178/1178
f 1179/1179/1179 1184/1184/1184 1183/1183/1183
f 1505/1505/1505 1183/1183/1183 1509/1509/1509
f 1509/1509/1509 1506/1506/1506 1505/1505/1505
f 1506/1506/1506 1509/1509/1509 1508/1508/1508
f 1181/1181/1181 1183/1183/1183 1505/1505/1505
f 1183/1183/1183 1181/1181/1181 1179/1179/1179
f 1180/1180/1180 1179/1179/1179 1181/1181/1181
f 1179/1179/1179 1180/1180/1180 1177/1177/1177
f 1177/1177/1177 1178/1178/1178 1179/1179/1179
f 1178/1178/1178 1177/1177/1177 1501/1501/1501
f 1501/1501/1501 1504/1504/1504 1178/1178/1178
f 1501/1501/1501 1177/1177/1177 1402/1402/1402
f 1401/1401/1401 1402/1402/1402 1177/1177/1177
f 1177/1177/1177 1180/1180/1180 1401/1401/1401
f 1180/1180/1180 1182/1182/1182 1406/1406/1406
f 1406/1406/1406 1401/1401/1401 1180/1180/1180
f 1493/1493/1493 1501/1501/1501 1500/1500/1500
f 1502/1502/1502 1397/1397/1397 1396/1396/1396
f 1396/1396/1396 1395/1395/1395 1448/1448/1448
f 1395/1395/1395 1396/1396/1396 1397/1397/1397
f 1399/1399/1399 1397/1397/1397 1502/1502/1502
f 1502/1502/1502 1503/1503/1503 1399/1399/1399
f 1499/1499/1499 1503/1503/1503 1502/1502/1502
f 1502/1502/1502 1500/1500/1500 1499/1499/1499
f 1402/1402/1402 1500/1500/1500 1501/1501/1501
f 1500/1500/1500 1402/1402/1402 1404/1404/1404
f 1404/1404/1404 1499/1499/1499 1500/1500/1500
f 1499/1499/1499 1404/1404/1404 1713/1713/1713
f 1713/1713/1713 1712/1712/1712 1499/1499/1499
f 1503/1503/1503 1499/1499/1499 1712/1712/1712
f 1712/1712/1712 1690/1690/1690 1503/1503/1503
f 1399/1399/1399 1503/1503/1503 1690/1690/1690
f 1712/1712/1712 1713/1713/1713 1694/1694/1694
f 1694/1694/1694 1691/1691/1691 1712/1712/1712
f 1690/1690/1690 1712/1712/1712 1691/1691/1691
f 1695/1695/1695 1694/1694/1694 1713/1713/1713
f 1713/1713/1713 1714/1714/1714 1695/1695/1695
f 1714/1714/1714 1713/1713/1713 1404/1404/1404
f 1404/1404/1404 1403/1403/1403 1714/1714/1714
f 1403/1403/1403 1404/1404/1404 1402/1402/1402
f 1715/1715/1715 1714/1714/1714 1403/1403/1403
f 1714/1714/1714 1715/1715/1715 1698/1698/1698
f 1698/1698/1698 1695/1695/1695 1714/1714/1714
f 1695/1695/1695 1698/1698/1698 1697/1697/1697
f 1697/1697/1697 1696/1696/1696 1695/1695/1695
f 1694/1694/1694 1695/1695/1695 1696/1696/1696
f 1696/1696/1696 1693/1693/1693 1694/1694/1694
f 1691/1691/1691 1694/1694/1694 1693/1693/1693
f 1696/1696/1696 1697/1697/1697 1240/1240/1240
f 568/568/568 582/582/582 586/586/586
f 582/582/582 568/568/568 567/567/567
f 567/567/567 572/572/572 799/799/799
f 571/571/571 572/572/572 567/567/567
f 567/567/567 570/570/570 571/571/571
f 569/569/569 570/570/570 567/567/567
f 567/567/567 568/568/568 569/569/569
f 580/580/580 799/799/799 572/572/572
f 799/799/799 580/580/580 579/579/579
f 579/579/579 798/798/798 799/799/799
f 572/572/572 574/574/574 580/580/580
f 572/572/572 571/571/571 573/573/573
f 573/573/573 574/574/574 572/572/572
f 571/571/571 556/556/556 560/560/560
f 661/661/661 676/676/676 675/675/675
f 675/675/675 659/659/659 661/661/661
f 346/346/346 674/674/674 675/675/675
f 659/659/659 675/675/675 674/674/674
f 674/674/674 346/346/346 345/345/345
f 346/346/346 344/344/344 343/343/343
f 343/343/343 345/345/345 346/346/346
f 674/674/674 657/657/657 659/659/659
f 657/657/657 674/674/674 673/673/673
f 345/345/345 673/673/673 674/674/674
f 660/660/660 661/661/661 659/659/659
f 659/659/659 658/658/658 660/660/660
f 658/658/658 659/659/659 657/657/657
f 661/661/661 660/660/660 662/662/662
f 662/662/662 663/663/663 661/661/661
f 660/660/660 188/188/188 189/189/189
f 189/189/189 662/662/662 660/660/660
f 188/188/188 660/660/660 658/658/658
f 658/658/658 190/190/190 188/188/188
f 657/657/657 656/656/656 658/658/658
f 190/190/190 658/658/658 656/656/656
f 673/673/673 655/655/655 657/657/657
f 656/656/656 657/657/657 655/655/655
f 1951/1951/1951 1950/1950/1950 1983/1983/1983
f 1946/1946/1946 1950/1950/1950 1951/1951/1951
f 1938/1938/1938 1950/1950/1950 1946/1946/1946
f 1946/1946/1946 1935/1935/1935 1938/1938/1938
f 1937/1937/1937 1938/1938/1938 1935/1935/1935
f 1951/1951/1951 1948/1948/1948 1946/1946/1946
f 1947/1947/1947 1946/1946/1946 1948/1948/1948
f 1935/1935/1935 1946/1946/1946 1947/1947/1947
f 2033/2033/2033 2027/2027/2027 1951/1951/1951
f 1951/1951/1951 1984/1984/1984 2033/2033/2033
f 1948/1948/1948 1951/1951/1951 2027/2027/2027
f 1984/1984/1984 1945/1945/1945 2021/2021/2021
f 2021/2021/2021 2033/2033/2033 1984/1984/1984
f 1944/1944/1944 1945/1945/1945 1984/1984/1984
f 2033/2033/2033 2021/2021/2021 2022/2022/2022
f 2022/2022/2022 2034/2034/2034 2033/2033/2033
f 2027/2027/2027 2033/2033/2033 2034/2034/2034
f 2034/2034/2034 2028/2028/2028 2027/2027/2027
f 2023/2023/2023 2027/2027/2027 2028/2028/2028
f 2027/2027/2027 2023/2023/2023 1948/1948/1948
f 1949/1949/1949 1948/1948/1948 2023/2023/2023
f 1948/1948/1948 1949/1949/1949 1947/1947/1947
f 1947/1947/1947 1936/1936/1936 1935/1935/1935
f 1935/1935/1935 1936/1936/1936 1933/1933/1933
f 1935/1935/1935 1932/1932/1932 1937/1937/1937
f 1933/1933/1933 1932/1932/1932 1935/1935/1935
f 1933/1933/1933 1934/1934/1934 1931/1931/1931
f 1931/1931/1931 1932/1932/1932 1933/1933/1933
f 1932/1932/1932 1931/1931/1931 1939/1939/1939
f 1939/1939/1939 1937/1937/1937 1932/1932/1932
f 1937/1937/1937 1939/1939/1939 1978/1978/1978
f 2023/2023/2023 2024/2024/2024 1949/1949/1949
f 2028/2028/2028 2025/2025/2025 2023/2023/2023
f 2024/2024/2024 2023/2023/2023 2025/2025/2025
f 2025/2025/2025 2026/2026/2026 2024/2024/2024
f 2040/2040/2040 2038/2038/2038 2025/2025/2025
f 2025/2025/2025 2028/2028/2028 2040/2040/2040
f 2026/2026/2026 2025/2025/2025 2038/2038/2038
f 2043/2043/2043 2040/2040/2040 2028/2028/2028
f 2028/2028/2028 2034/2034/2034 2043/2043/2043
f 1992/1992/1992 1967/1967/1967 2040/2040/2040
f 2040/2040/2040 2043/2043/2043 1992/1992/1992
f 1961/1961/1961 2038/2038/2038 2040/2040/2040
f 2040/2040/2040 1967/1967/1967 1961/1961/1961
f 1964/1964/1964 2039/2039/2039 2038/2038/2038
f 2038/2038/2038 1961/1961/1961 1964/1964/1964
f 2038/2038/2038 2039/2039/2039 2026/2026/2026
f 1962/1962/1962 1961/1961/1961 1967/1967/1967
f 1963/1963/1963 1964/1964/1964 1961/1961/1961
f 1961/1961/1961 1962/1962/1962 1963/1963/1963
f 1968/1968/1968 1967/1967/1967 1992/1992/1992
f 1967/1967/1967 1968/1968/1968 1962/1962/1962
f 1969/1969/1969 1965/1965/1965 1962/1962/1962
f 1962/1962/1962 1968/1968/1968 1969/1969/1969
f 1963/1963/1963 1962/1962/1962 1965/1965/1965
f 1965/1965/1965 1966/1966/1966 1963/1963/1963
f 2049/2049/2049 2047/2047/2047 1965/1965/1965
f 1965/1965/1965 1969/1969/1969 2049/2049/2049
f 1966/1966/1966 1965/1965/1965 2047/2047/2047
f 2054/2054/2054 2049/2049/2049 1969/1969/1969
f 1969/1969/1969 1993/1993/1993 2054/2054/2054
f 1991/1991/1991 1993/1993/1993 1969/1969/1969
f 1969/1969/1969 1968/1968/1968 1991/1991/1991
f 1992/1992/1992 1991/1991/1991 1968/1968/1968
f 1993/1993/1993 1991/1991/1991 1958/1958/1958
f 450/450/450 124/124/124 127/127/127
f 343/343/343 124/124/124 450/450/450
f 344/344/344 125/125/125 124/124/124
f 124/124/124 343/343/343 344/344/344
f 126/126/126 127/127/127 124/124/124
f 124/124/124 125/125/125 126/126/126
f 127/127/127 453/453/453 450/450/450
f 438/438/438 450/450/450 453/453/453
f 448/448/448 450/450/450 438/438/438
f 450/450/450 448/448/448 343/343/343
f 453/453/453 127/127/127 132/132/132
f 127/127/127 126/126/126 131/131/131
f 131/131/131 132/132/132 127/127/127
f 126/126/126 129/129/129 130/130/130
f 130/130/130 131/131/131 126/126/126
f 129/129/129 126/126/126 125/125/125
f 462/462/462 609/609/609 131/131/131
f 131/131/131 130/130/130 462/462/462
f 132/132/132 131/131/131 609/609/609
f 458/458/458 130/130/130 129/129/129
f 462/462/462 130/130/130 458/458/458
f 129/129/129 478/478/478 458/458/458
f 1240/1240/1240 1284/1284/1284 1696/1696/1696
f 1693/1693/1693 1696/1696/1696 1284/1284/1284
f 1236/1236/1236 1240/1240/1240 1697/1697/1697
f 1697/1697/1697 1700/1700/1700 1236/1236/1236
f 1700/1700/1700 1697/1697/1697 1698/1698/1698
f 1699/1699/1699 1698/1698/1698 1715/1715/1715
f 1698/1698/1698 1699/1699/1699 1700/1700/1700
f 1715/1715/1715 1716/1716/1716 1699/1699/1699
f 1702/1702/1702 1699/1699/1699 1716/1716/1716
f 1699/1699/1699 1702/1702/1702 1701/1701/1701
f 1701/1701/1701 1700/1700/1700 1699/1699/1699
f 1700/1700/1700 1701/1701/1701 1239/1239/1239
f 1239/1239/1239 1236/1236/1236 1700/1700/1700
f 1238/1238/1238 1239/1239/1239 1328/1328/1328
f 1238/1238/1238 1236/1236/1236 1239/1239/1239
f 1236/1236/1236 1238/1238/1238 1237/1237/1237
f 1237/1237/1237 1238/1238/1238 1329/1329/1329
f 1328/1328/1328 1329/1329/1329 1238/1238/1238
f 1240/1240/1240 1236/1236/1236 1235/1235/1235
f 1117/1117/1117 1120/1120/1120 1121/1121/1121
f 361/361/361 70/70/70 71/71/71
f 71/71/71 362/362/362 361/361/361
f 71/71/71 70/70/70 67/67/67
f 67/67/67 66/66/66 71/71/71
f 422/422/422 361/361/361 362/362/362
f 361/361/361 422/422/422 421/421/421
f 421/421/421 53/53/53 361/361/361
f 70/70/70 361/361/361 53/53/53
f 53/53/53 56/56/56 70/70/70
f 67/67/67 70/70/70 56/56/56
f 54/54/54 53/53/53 421/421/421
f 55/55/55 56/56/56 53/53/53
f 53/53/53 54/54/54 55/55/55
f 820/820/820 421/421/421 416/416/416
f 421/421/421 820/820/820 54/54/54
f 416/416/416 421/421/421 422/422/422
f 423/423/423 422/422/422 424/424/424
f 362/362/362 424/424/424 422/422/422
f 422/422/422 423/423/423 416/416/416
f 821/821/821 416/416/416 413/413/413
f 416/416/416 821/821/821 820/820/820
f 413/413/413 416/416/416 415/415/415
f 88/88/88 820/820/820 821/821/821
f 820/820/820 88/88/88 57/57/57
f 57/57/57 54/54/54 820/820/820
f 89/89/89 821/821/821 822/822/822
f 821/821/821 413/413/413 412/412/412
f 412/412/412 822/822/822 821/821/821
f 564/564/564 565/565/565 561/561/561
f 588/588/588 587/587/587 586/586/586
f 564/564/564 586/586/586 587/587/587
f 586/586/586 564/564/564 568/568/568
f 568/568/568 564/564/564 563/563/563
f 561/561/561 563/563/563 564/564/564
f 563/563/563 561/561/561 543/543/543
f 561/561/561 562/562/562 540/540/540
f 540/540/540 543/543/543 561/561/561
f 824/824/824 823/823/823 562/562/562
f 540/540/540 562/562/562 823/823/823
f 608/608/608 824/824/824 834/834/834
f 823/823/823 824/824/824 608/608/608
f 608/608/608 607/607/607 823/823/823
f 823/823/823 607/607/607 540/540/540
f 834/834/834 833/833/833 608/608/608
f 833/833/833 834/834/834 592/592/592
f 592/592/592 599/599/599 833/833/833
f 831/831/831 833/833/833 599/599/599
f 1172/1172/1172 1173/1173/1173 1174/1174/1174
f 1174/1174/1174 1857/1857/1857 840/840/840
f 183/183/183 840/840/840 1857/1857/1857
f 840/840/840 1176/1176/1176 1174/1174/1174
f 1175/1175/1175 1174/1174/1174 1176/1176/1176
f 1174/1174/1174 1175/1175/1175 1172/1172/1172
f 1253/1253/1253 1172/1172/1172 1917/1917/1917
f 1916/1916/1916 1917/1917/1917 1172/1172/1172
f 1172/1172/1172 1175/1175/1175 1916/1916/1916
f 1250/1250/1250 1253/1253/1253 1918/1918/1918
f 1917/1917/1917 1918/1918/1918 1253/1253/1253
f 1918/1918/1918 1917/1917/1917 1198/1198/1198
f 1449/1449/1449 1198/1198/1198 1917/1917/1917
f 1917/1917/1917 1916/1916/1916 1449/1449/1449
f 892/892/892 1916/1916/1916 1175/1175/1175
f 1916/1916/1916 892/892/892 396/396/396
f 396/396/396 1449/1449/1449 1916/1916/1916
f 1175/1175/1175 122/122/122 892/892/892
f 598/598/598 599/599/599 592/592/592
f 599/599/599 744/744/744 831/831/831
f 832/832/832 831/831/831 744/744/744
f 744/744/744 743/743/743 832/832/832
f 743/743/743 744/744/744 745/745/745
f 1042/1042/1042 832/832/832 743/743/743
f 743/743/743 1041/1041/1041 1042/1042/1042
f 1040/1040/1040 1041/1041/1041 743/743/743
f 743/743/743 1039/1039/1039 1040/1040/1040
f 1039/1039/1039 743/743/743 746/746/746
f 745/745/745 746/746/746 743/743/743
f 1043/1043/1043 1042/1042/1042 1041/1041/1041
f 1041/1041/1041 678/678/678 1043/1043/1043
f 1041/1041/1041 1040/1040/1040 679/679/679
f 679/679/679 678/678/678 1041/1041/1041
f 1040/1040/1040 830/830/830 682/682/682
f 272/272/272 273/273/273 230/230/230
f 260/260/260 259/259/259 272/272/272
f 259/259/259 260/260/260 261/261/261
f 272/272/272 228/228/228 260/260/260
f 230/230/230 229/229/229 272/272/272
f 228/228/228 272/272/272 229/229/229
f 274/274/274 257/257/257 230/230/230
f 255/255/255 225/225/225 230/230/230
f 230/230/230 257/257/257 255/255/255
f 229/229/229 230/230/230 225/225/225
f 274/274/274 275/275/275 258/258/258
f 258/258/258 257/257/257 274/274/274
f 256/256/256 255/255/255 257/257/257
f 257/257/257 258/258/258 256/256/256
f 225/225/225 255/255/255 254/254/254
f 255/255/255 256/256/256 253/253/253
f 253/253/253 254/254/254 255/255/255
f 254/254/254 222/222/222 225/225/225
f 225/225/225 224/224/224 229/229/229
f 224/224/224 225/225/225 222/222/222
f 228/228/228 229/229/229 224/224/224
f 224/224/224 227/227/227 228/228/228
f 227/227/227 224/224/224 223/223/223
f 222/222/222 223/223/223 224/224/224
f 328/328/328 326/326/326 227/227/227
f 227/227/227 226/226/226 328/328/328
f 228/228/228 227/227/227 326/326/326
f 223/223/223 226/226/226 227/227/227
f 326/326/326 328/328/328 329/329/329
f 329/329/329 327/327/327 326/326/326
f 326/326/326 327/327/327 228/228/228
f 228/228/228 327/327/327 330/330/330
f 1108/1108/1108 1109/1109/1109 1110/1110/1110
f 1419/1419/1419 1108/1108/1108 1473/1473/1473
f 1124/1124/1124 1109/1109/1109 1108/1108/1108
f 1108/1108/1108 1419/1419/1419 1124/1124/1124
f 1473/1473/1473 1472/1472/1472 1419/1419/1419
f 1472/1472/1472 1473/1473/1473 1310/1310/1310
f 362/362/362 1419/1419/1419 1472/1472/1472
f 1419/1419/1419 362/362/362 71/71/71
f 71/71/71 1124/1124/1124 1419/1419/1419
f 1120/1120/1120 1124/1124/1124 71/71/71
f 1109/1109/1109 1124/1124/1124 1120/1120/1120
f 1120/1120/1120 1116/1116/1116 1109/1109/1109
f 1109/1109/1109 1116/1116/1116 1114/1114/1114
f 71/71/71 1121/1121/1121 1120/1120/1120
f 1120/1120/1120 1117/1117/1117 1104/1104/1104
f 1104/1104/1104 1116/1116/1116 1120/1120/1120
f 1181/1181/1181 1182/1182/1182 1180/1180/1180
f 1505/1505/1505 1521/1521/1521 1181/1181/1181
f 1182/1182/1182 1181/1181/1181 1521/1521/1521
f 1521/1521/1521 1518/1518/1518 1182/1182/1182
f 1406/1406/1406 1182/1182/1182 1518/1518/1518
f 1405/1405/1405 1406/1406/1406 1517/1517/1517
f 1518/1518/1518 1517/1517/1517 1406/1406/1406
f 1401/1401/1401 1406/1406/1406 1405/1405/1405
f 1405/1405/1405 1403/1403/1403 1401/1401/1401
f 1402/1402/1402 1401/1401/1401 1403/1403/1403
f 1716/1716/1716 1715/1715/1715 1405/1405/1405
f 1405/1405/1405 1519/1519/1519 1716/1716/1716
f 1403/1403/1403 1405/1405/1405 1715/1715/1715
f 1517/1517/1517 1519/1519/1519 1405/1405/1405
f 392/392/392 393/393/393 390/390/390
f 390/390/390 391/391/391 392/392/392
f 439/439/439 453/453/453 454/454/454
f 454/454/454 440/440/440 439/439/439
f 1492/1492/1492 1494/1494/1494 454/454/454
f 454/454/454 1504/1504/1504 1492/1492/1492
f 1493/1493/1493 1492/1492/1492 1504/1504/1504
f 1494/1494/1494 1492/1492/1492 1447/1447/1447
f 1447/1447/1447 1492/1492/1492 1493/1493/1493
f 1447/1447/1447 393/393/393 1494/1494/1494
f 390/390/390 393/393/393 1447/1447/1447
f 1447/1447/1447 1448/1448/1448 390/390/390
f 1493/1493/1493 1396/1396/1396 1447/1447/1447
f 1448/1448/1448 1447/1447/1447 1396/1396/1396
f 1396/1396/1396 1493/1493/1493 1502/1502/1502
f 1504/1504/1504 1501/1501/1501 1493/1493/1493
f 1500/1500/1500 1502/1502/1502 1493/1493/1493
f 988/988/988 986/986/986 982/982/982
f 985/985/985 982/982/982 986/986/986
f 986/986/986 987/987/987 985/985/985
f 1025/1025/1025 1024/1024/1024 988/988/988
f 943/943/943 1024/1024/1024 1025/1025/1025
f 1049/1049/1049 1050/1050/1050 993/993/993
f 978/978/978 979/979/979 975/975/975
f 975/975/975 972/972/972 978/978/978
f 1048/1048/1048 976/976/976 975/975/975
f 975/975/975 1051/1051/1051 1048/1048/1048
f 972/972/972 975/975/975 976/976/976
f 1045/1045/1045 1048/1048/1048 1051/1051/1051
f 1051/1051/1051 1052/1052/1052 1045/1045/1045
f 897/897/897 648/648/648 145/145/145
f 647/647/647 142/142/142 145/145/145
f 145/145/145 648/648/648 647/647/647
f 647/647/647 648/648/648 629/629/629
f 629/629/629 631/631/631 647/647/647
f 646/646/646 627/627/627 629/629/629
f 630/630/630 631/631/631 629/629/629
f 629/629/629 628/628/628 630/630/630
f 628/628/628 629/629/629 627/627/627
f 627/627/627 626/626/626 628/628/628
f 626/626/626 627/627/627 624/624/624
f 628/628/628 626/626/626 91/91/91
f 624/624/624 623/623/623 626/626/626
f 91/91/91 626/626/626 623/623/623
f 91/91/91 625/625/625 891/891/891
f 623/623/623 625/625/625 91/91/91
f 625/625/625 623/623/623 621/621/621
f 1413/1413/1413 1414/1414/1414 1149/1149/1149
f 1149/1149/1149 1152/1152/1152 1413/1413/1413
f 1152/1152/1152 1154/1154/1154 1418/1418/1418
f 1418/1418/1418 1413/1413/1413 1152/1152/1152
f 1153/1153/1153 1154/1154/1154 1152/1152/1152
f 1153/1153/1153 1155/1155/1155 1532/1532/1532
f 1532/1532/1532 1528/1528/1528 1153/1153/1153
f 1154/1154/1154 1153/1153/1153 1528/1528/1528
f 1579/1579/1579 1418/1418/1418 1154/1154/1154
f 1154/1154/1154 1529/1529/1529 1579/1579/1579
f 1528/1528/1528 1529/1529/1529 1154/1154/1154
f 1580/1580/1580 1417/1417/1417 1418/1418/1418
f 1418/1418/1418 1579/1579/1579 1580/1580/1580
f 1413/1413/1413 1418/1418/1418 1417/1417/1417
f 1417/1417/1417 1415/1415/1415 1413/1413/1413
f 1414/1414/1414 1413/1413/1413 1415/1415/1415
f 1415/1415/1415 1416/1416/1416 1414/1414/1414
f 1415/1415/1415 1417/1417/1417 2057/2057/2057
f 2057/2057/2057 2055/2055/2055 1415/1415/1415
f 1416/1416/1416 1415/1415/1415 2055/2055/2055
f 2058/2058/2058 2057/2057/2057 1417/1417/1417
f 1417/1417/1417 1580/1580/1580 2058/2058/2058
f 1580/1580/1580 1581/1581/1581 1785/1785/1785
f 1785/1785/1785 2058/2058/2058 1580/1580/1580
f 1581/1581/1581 1580/1580/1580 1579/1579/1579
f 2058/2058/2058 1785/1785/1785 1636/1636/1636
f 1636/1636/1636 1710/1710/1710 2058/2058/2058
f 2057/2057/2057 2058/2058/2058 1710/1710/1710
f 1710/1710/1710 1709/1709/1709 2057/2057/2057
f 2055/2055/2055 2057/2057/2057 1709/1709/1709
f 1709/1709/1709 1704/1704/1704 2055/2055/2055
f 2056/2056/2056 2055/2055/2055 1704/1704/1704
f 1716/1716/1716 1717/1717/1717 1702/1702/1702
f 1717/1717/1717 1716/1716/1716 1519/1519/1519
f 1519/1519/1519 1520/1520/1520 1717/1717/1717
f 1516/1516/1516 1520/1520/1520 1519/1519/1519
f 1685/1685/1685 1921/1921/1921 1668/1668/1668
f 1668/1668/1668 1666/1666/1666 1685/1685/1685
f 1683/1683/1683 1685/1685/1685 1666/1666/1666
f 1687/1687/1687 1669/1669/1669 1668/1668/1668
f 1668/1668/1668 1686/1686/1686 1687/1687/1687
f 1670/1670/1670 1667/1667/1667 1668/1668/1668
f 1668/1668/1668 1669/1669/1669 1670/1670/1670
f 1666/1666/1666 1668/1668/1668 1667/1667/1667
f 1470/1470/1470 1667/1667/1667 1670/1670/1670
f 1667/1667/1667 1665/1665/1665 1666/1666/1666
f 1667/1667/1667 1470/1470/1470 1140/1140/1140
f 1140/1140/1140 1665/1665/1665 1667/1667/1667
f 1666/1666/1666 1662/1662/1662 1683/1683/1683
f 1662/1662/1662 1666/1666/1666 1665/1665/1665
f 1684/1684/1684 1683/1683/1683 1662/1662/1662
f 1662/1662/1662 1661/1661/1661 1684/1684/1684
f 1665/1665/1665 1663/1663/1663 1662/1662/1662
f 882/882/882 883/883/883 880/880/880
f 880/880/880 881/881/881 882/882/882
f 1902/1902/1902 1903/1903/1903 1900/1900/1900
f 1900/1900/1900 1901/1901/1901 1902/1902/1902
f 1766/1766/1766 1767/1767/1767 1764/1764/1764
f 1764/1764/1764 1765/1765/1765 1766/1766/1766
f 1012/1012/1012 1014/1014/1014 935/935/935
f 935/935/935 930/930/930 1012/1012/1012
f 1013/1013/1013 1012/1012/1012 930/930/930
f 1011/1011/1011 1020/1020/1020 1014/1014/1014
f 935/935/935 1014/1014/1014 1020/1020/1020
f 1020/1020/1020 1011/1011/1011 1005/1005/1005
f 1011/1011/1011 1010/1010/1010 1004/1004/1004
f 1004/1004/1004 1005/1005/1005 1011/1011/1011
f 1010/1010/1010 961/961/961 928/928/928
f 928/928/928 1004/1004/1004 1010/1010/1010
f 928/928/928 961/961/961 960/960/960
f 1004/1004/1004 928/928/928 925/925/925
f 960/960/960 927/927/927 928/928/928
f 924/924/924 925/925/925 928/928/928
f 928/928/928 927/927/927 924/924/924
f 1005/1005/1005 1004/1004/1004 1001/1001/1001
f 925/925/925 1001/1001/1001 1004/1004/1004
f 1001/1001/1001 925/925/925 926/926/926
f 923/923/923 926/926/926 925/925/925
f 925/925/925 924/924/924 923/923/923
f 924/924/924 927/927/927 914/914/914
f 914/914/914 912/912/912 924/924/924
f 923/923/923 924/924/924 912/912/912
f 927/927/927 960/960/960 953/953/953
f 953/953/953 914/914/914 927/927/927
f 954/954/954 915/915/915 914/914/914
f 914/914/914 953/953/953 954/954/954
f 912/912/912 914/914/914 915/915/915
f 912/912/912 913/913/913 923/923/923
f 915/915/915 911/911/911 912/912/912
f 910/910/910 913/913/913 912/912/912
f 912/912/912 911/911/911 910/910/910
f 915/915/915 954/954/954 955/955/955
f 1351/1351/1351 1262/1262/1262 1263/1263/1263
f 1263/1263/1263 1349/1349/1349 1351/1351/1351
f 1347/1347/1347 1349/1349/1349 1263/1263/1263
f 1347/1347/1347 1346/1346/1346 1348/1348/1348
f 1348/1348/1348 1349/1349/1349 1347/1347/1347
f 1295/1295/1295 1346/1346/1346 1347/1347/1347
f 1351/1351/1351 1349/1349/1349 1348/1348/1348
f 1351/1351/1351 1350/1350/1350 1309/1309/1309
f 1309/1309/1309 1262/1262/1262 1351/1351/1351
f 1348/1348/1348 1350/1350/1350 1351/1351/1351
f 1262/1262/1262 1309/1309/1309 1308/1308/1308
f 1273/1273/1273 1309/1309/1309 1383/1383/1383
f 1320/1320/1320 1308/1308/1308 1309/1309/1309
f 1309/1309/1309 1273/1273/1273 1320/1320/1320
f 1519/1519/1519 1517/1517/1517 1516/1516/1516
f 1517/1517/1517 1518/1518/1518 1515/1515/1515
f 1515/1515/1515 1516/1516/1516 1517/1517/1517
f 1522/1522/1522 1515/1515/1515 1518/1518/1518
f 1518/1518/1518 1521/1521/1521 1522/1522/1522
f 455/455/455 1522/1522/1522 1521/1521/1521
f 1521/1521/1521 1505/1505/1505 455/455/455
f 455/455/455 1505/1505/1505 1506/1506/1506
f 478/478/478 479/479/479 455/455/455
f 479/479/479 478/478/478 473/473/473
f 473/473/473 472/472/472 479/479/479
f 128/128/128 473/473/473 478/478/478
f 348/348/348 474/474/474 473/473/473
f 473/473/473 128/128/128 348/348/348
f 472/472/472 473/473/473 474/474/474
f 474/474/474 475/475/475 472/472/472
f 475/475/475 474/474/474 476/476/476
f 474/474/474 348/348/348 347/347/347
f 347/347/347 476/476/476 474/474/474
f 125/125/125 344/344/344 348/348/348
f 348/348/348 128/128/128 125/125/125
f 347/347/347 348/348/348 344/344/344
f 676/676/676 476/476/476 347/347/347
f 347/347/347 675/675/675 676/676/676
f 675/675/675 347/347/347 346/346/346
f 344/344/344 346/346/346 347/347/347
f 476/476/476 676/676/676 677/677/677
f 677/677/677 477/477/477 476/476/476
f 476/476/476 477/477/477 475/475/475
f 676/676/676 661/661/661 663/663/663
f 663/663/663 677/677/677 676/676/676
f 891/891/891 625/625/625 620/620/620
f 621/621/621 620/620/620 625/625/625
f 620/620/620 890/890/890 891/891/891
f 889/889/889 890/890/890 620/620/620
f 620/620/620 619/619/619 889/889/889
f 619/619/619 620/620/620 621/621/621
f 621/621/621 617/617/617 619/619/619
f 1753/1753/1753 1754/1754/1754 1744/1744/1744
f 1744/1744/1744 1752/1752/1752 1753/1753/1753
f 1746/1746/1746 1747/1747/1747 1744/1744/1744
f 1744/1744/1744 1745/1745/1745 1746/1746/1746
f 1754/1754/1754 1753/1753/1753 1757/1757/1757
f 1755/1755/1755 1753/1753/1753 1752/1752/1752
f 1757/1757/1757 1758/1758/1758 1754/1754/1754
f 1757/1757/1757 1763/1763/1763 1761/1761/1761
f 1761/1761/1761 1762/1762/1762 1757/1757/1757
f 1752/1752/1752 1756/1756/1756 1755/1755/1755
f 1661/1661/1661 1662/1662/1662 1663/1663/1663
f 1663/1663/1663 1665/1665/1665 1140/1140/1140
f 1140/1140/1140 1664/1664/1664 1663/1663/1663
f 1659/1659/1659 1663/1663/1663 1664/1664/1664
f 1663/1663/1663 1659/1659/1659 1661/1661/1661
f 1915/1915/1915 1664/1664/1664 1140/1140/1140
f 1140/1140/1140 1134/1134/1134 1915/1915/1915
f 1469/1469/1469 1139/1139/1139 1140/1140/1140
f 1140/1140/1140 1470/1470/1470 1469/1469/1469
f 1134/1134/1134 1140/1140/1140 1139/1139/1139
f 1660/1660/1660 1664/1664/1664 1915/1915/1915
f 1664/1664/1664 1660/1660/1660 1659/1659/1659
f 1659/1659/1659 1660/1660/1660 1658/1658/1658
f 1915/1915/1915 1914/1914/1914 1660/1660/1660
f 1913/1913/1913 1658/1658/1658 1660/1660/1660
f 1660/1660/1660 1914/1914/1914 1913/1913/1913
f 1781/1781/1781 1785/1785/1785 1581/1581/1581
f 1785/1785/1785 1781/1781/1781 1637/1637/1637
f 1781/1781/1781 1782/1782/1782 1641/1641/1641
f 1641/1641/1641 1637/1637/1637 1781/1781/1781
f 1850/1850/1850 1641/1641/1641 1782/1782/1782
f 1782/1782/1782 1849/1849/1849 1850/1850/1850
f 1775/1775/1775 1849/1849/1849 1848/1848/1848
f 1849/1849/1849 1775/1775/1775 1633/1633/1633
f 1633/1633/1633 1850/1850/1850 1849/1849/1849
f 1772/1772/1772 1848/1848/1848 2063/2063/2063
f 1848/1848/1848 1772/1772/1772 1775/1775/1775
f 1776/1776/1776 1633/1633/1633 1775/1775/1775
f 1775/1775/1775 1774/1774/1774 1776/1776/1776
f 1774/1774/1774 1775/1775/1775 1772/1772/1772
f 1850/1850/1850 1633/1633/1633 1629/1629/1629
f 1827/1827/1827 1632/1632/1632 1633/1633/1633
f 1633/1633/1633 1776/1776/1776 1827/1827/1827
f 161/161/161 162/162/162 159/159/159
f 159/159/159 160/160/160 161/161/161
f 154/154/154 162/162/162 161/161/161
f 161/161/161 164/164/164 154/154/154
f 164/164/164 161/161/161 160/160/160
f 160/160/160 163/163/163 164/164/164
f 154/154/154 164/164/164 166/166/166
f 166/166/166 164/164/164 163/163/163
f 154/154/154 172/172/172 174/174/174
f 170/170/170 172/172/172 154/154/154
f 154/154/154 168/168/168 170/170/170
f 166/166/166 168/168/168 154/154/154
f 168/168/168 166/166/166 165/165/165
f 163/163/163 165/165/165 166/166/166
f 170/170/170 168/168/168 167/167/167
f 165/165/165 167/167/167 168/168/168
f 172/172/172 170/170/170 169/169/169
f 167/167/167 169/169/169 170/170/170
f 174/174/174 172/172/172 171/171/171
f 169/169/169 171/171/171 172/172/172
f 490/490/490 106/106/106 105/105/105
f 317/317/317 323/323/323 275/275/275
f 275/275/275 323/323/323 324/324/324
f 275/275/275 243/243/243 317/317/317
f 317/317/317 243/243/243 242/242/242
f 324/324/324 258/258/258 275/275/275
f 258/258/258 324/324/324 1054/1054/1054
f 1054/1054/1054 256/256/256 258/258/258
f 256/256/256 1054/1054/1054 1053/1053/1053
f 1053/1053/1053 253/253/253 256/256/256
f 301/301/301 300/300/300 306/306/306
f 306/306/306 307/307/307 301/301/301
f 305/305/305 306/306/306 300/300/300
f 310/310/310 308/308/308 306/306/306
f 306/306/306 305/305/305 310/310/310
f 307/307/307 306/306/306 308/308/308
f 308/308/308 309/309/309 307/307/307
f 309/309/309 308/308/308 312/312/312
f 308/308/308 310/310/310 311/311/311
f 311/311/311 312/312/312 308/308/308
f 482/482/482 311/311/311 310/310/310
f 312/312/312 313/313/313 309/309/309
f 1922/1922/1922 1925/1925/1925 1929/1929/1929
f 1929/1929/1929 1930/1930/1930 1922/1922/1922
f 1924/1924/1924 1925/1925/1925 1922/1922/1922
f 1922/1922/1922 1923/1923/1923 1924/1924/1924
f 1929/1929/1929 1925/1925/1925 1927/1927/1927
f 1926/1926/1926 1927/1927/1927 1925/1925/1925
f 1925/1925/1925 1924/1924/1924 1926/1926/1926
f 1930/1930/1930 1929/1929/1929 1976/1976/1976
f 1929/1929/1929 1928/1928/1928 1977/1977/1977
f 1977/1977/1977 1976/1976/1976 1929/1929/1929
f 1927/1927/1927 1928/1928/1928 1929/1929/1929
f 1976/1976/1976 1978/1978/1978 1930/1930/1930
f 1978/1978/1978 1976/1976/1976 1937/1937/1937
f 1976/1976/1976 1977/1977/1977 1938/1938/1938
f 1938/1938/1938 1937/1937/1937 1976/1976/1976
f 1950/1950/1950 1938/1938/1938 1977/1977/1977
f 1977/1977/1977 1983/1983/1983 1950/1950/1950
f 1983/1983/1983 1977/1977/1977 1928/1928/1928
f 1928/1928/1928 1944/1944/1944 1983/1983/1983
f 1944/1944/1944 1928/1928/1928 1927/1927/1927
f 1984/1984/1984 1983/1983/1983 1944/1944/1944
f 1983/1983/1983 1984/1984/1984 1951/1951/1951
f 356/356/356 101/101/101 100/100/100
f 100/100/100 355/355/355 356/356/356
f 102/102/102 103/103/103 100/100/100
f 100/100/100 101/101/101 102/102/102
f 101/101/101 356/356/356 360/360/360
f 356/356/356 358/358/358 359/359/359
f 359/359/359 360/360/360 356/356/356
f 358/358/358 356/356/356 355/355/355
f 360/360/360 104/104/104 101/101/101
f 105/105/105 102/102/102 101/101/101
f 101/101/101 104/104/104 105/105/105
f 103/103/103 102/102/102 107/107/107
f 102/102/102 105/105/105 106/106/106
f 106/106/106 107/107/107 102/102/102
f 107/107/107 108/108/108 103/103/103
f 1150/1150/1150 108/108/108 1156/1156/1156
f 1156/1156/1156 1151/1151/1151 1150/1150/1150
f 1149/1149/1149 1150/1150/1150 1151/1151/1151
f 1151/1151/1151 1156/1156/1156 1155/1155/1155
f 1155/1155/1155 1153/1153/1153 1151/1151/1151
f 1152/1152/1152 1151/1151/1151 1153/1153/1153
f 1151/1151/1151 1152/1152/1152 1149/1149/1149
f 1235/1235/1235 1236/1236/1236 1237/1237/1237
f 1240/1240/1240 1235/1235/1235 1276/1276/1276
f 1282/1282/1282 1284/1284/1284 1240/1240/1240
f 1240/1240/1240 1277/1277/1277 1282/1282/1282
f 1240/1240/1240 1276/1276/1276 1277/1277/1277
f 1276/1276/1276 1235/1235/1235 1237/1237/1237
f 1277/1277/1277 1276/1276/1276 1278/1278/1278
f 1278/1278/1278 1276/1276/1276 1265/1265/1265
f 1237/1237/1237 1265/1265/1265 1276/1276/1276
f 1278/1278/1278 1384/1384/1384 1277/1277/1277
f 1277/1277/1277 1384/1384/1384 1283/1283/1283
f 1283/1283/1283 1282/1282/1282 1277/1277/1277
f 1265/1265/1265 1266/1266/1266 1278/1278/1278
f 1265/1265/1265 1264/1264/1264 1266/1266/1266
f 1237/1237/1237 1264/1264/1264 1265/1265/1265
f 1343/1343/1343 1264/1264/1264 1237/1237/1237
f 1914/1914/1914 1915/1915/1915 1134/1134/1134
f 1134/1134/1134 1133/1133/1133 1914/1914/1914
f 1914/1914/1914 1133/1133/1133 1912/1912/1912
f 1912/1912/1912 1913/1913/1913 1914/1914/1914
f 1139/1139/1139 1135/1135/1135 1134/1134/1134
f 1133/1133/1133 1134/1134/1134 1135/1135/1135
f 1565/1565/1565 1133/1133/1133 1136/1136/1136
f 1135/1135/1135 1136/1136/1136 1133/1133/1133
f 1135/1135/1135 1139/1139/1139 1138/1138/1138
f 1138/1138/1138 1137/1137/1137 1135/1135/1135
f 1136/1136/1136 1135/1135/1135 1137/1137/1137
f 1136/1136/1136 1564/1564/1564 1565/1565/1565
f 1564/1564/1564 1136/1136/1136 1113/1113/1113
f 1137/1137/1137 1113/1113/1113 1136/1136/1136
f 1566/1566/1566 1565/1565/1565 1564/1564/1564
f 1249/1249/1249 1564/1564/1564 1112/1112/1112
f 1564/1564/1564 1249/1249/1249 1566/1566/1566
f 1201/1201/1201 1200/1200/1200 1226/1226/1226
f 1202/1202/1202 1203/1203/1203 1200/1200/1200
f 1200/1200/1200 1201/1201/1201 1202/1202/1202
f 1206/1206/1206 1201/1201/1201 1225/1225/1225
f 1226/1226/1226 1225/1225/1225 1201/1201/1201
f 1202/1202/1202 1201/1201/1201 1206/1206/1206
f 1225/1225/1225 1226/1226/1226 1224/1224/1224
f 1225/1225/1225 1223/1223/1223 1206/1206/1206
f 1224/1224/1224 1223/1223/1223 1225/1225/1225
f 1223/1223/1223 1224/1224/1224 1222/1222/1222
f 1206/1206/1206 1223/1223/1223 1221/1221/1221
f 1222/1222/1222 1221/1221/1221 1223/1223/1223
f 1221/1221/1221 1222/1222/1222 1220/1220/1220
f 1221/1221/1221 1219/1219/1219 1206/1206/1206
f 1220/1220/1220 1219/1219/1219 1221/1221/1221
f 1219/1219/1219 1220/1220/1220 1218/1218/1218
f 1206/1206/1206 1219/1219/1219 1217/1217/1217
f 1218/1218/1218 1217/1217/1217 1219/1219/1219
f 1217/1217/1217 1218/1218/1218 1216/1216/1216
f 1217/1217/1217 1215/1215/1215 1206/1206/1206
f 1216/1216/1216 1215/1215/1215 1217/1217/1217
f 1215/1215/1215 1216/1216/1216 1214/1214/1214
f 1113/1113/1113 1112/1112/1112 1564/1564/1564
f 1839/1839/1839 1111/1111/1111 1113/1113/1113
f 1113/1113/1113 1137/1137/1137 1839/1839/1839
f 1112/1112/1112 1113/1113/1113 1111/1111/1111
f 1137/1137/1137 1138/1138/1138 1840/1840/1840
f 1840/1840/1840 1839/1839/1839 1137/1137/1137
f 1839/1839/1839 1840/1840/1840 1310/1310/1310
f 1310/1310/1310 1473/1473/1473 1839/1839/1839
f 1111/1111/1111 1839/1839/1839 1473/1473/1473
f 1473/1473/1473 1108/1108/1108 1111/1111/1111
f 1111/1111/1111 1110/1110/1110 1112/1112/1112
f 1110/1110/1110 1111/1111/1111 1108/1108/1108
f 1112/1112/1112 1115/1115/1115 1249/1249/1249
f 1115/1115/1115 1112/1112/1112 1110/1110/1110
f 1245/1245/1245 1249/1249/1249 1115/1115/1115
f 1106/1106/1106 1115/1115/1115 1114/1114/1114
f 1115/1115/1115 1106/1106/1106 1245/1245/1245
f 1110/1110/1110 1114/1114/1114 1115/1115/1115
f 1114/1114/1114 1110/1110/1110 1109/1109/1109
f 529/529/529 530/530/530 527/527/527
f 527/527/527 528/528/528 529/529/529
f 1910/1910/1910 1911/1911/1911 1908/1908/1908
f 1908/1908/1908 1909/1909/1909 1910/1910/1910
f 40/40/40 36/36/36 618/618/618
f 42/42/42 40/40/40 780/780/780
f 780/780/780 643/643/643 42/42/42
f 642/642/642 68/68/68 42/42/42
f 42/42/42 643/643/643 642/642/642
f 643/643/643 780/780/780 644/644/644
f 780/780/780 618/618/618 622/622/622
f 622/622/622 644/644/644 780/780/780
f 622/622/622 618/618/618 617/617/617
f 617/617/617 618/618/618 36/36/36
f 644/644/644 622/622/622 624/624/624
f 623/623/623 624/624/624 622/622/622
f 622/622/622 621/621/621 623/623/623
f 617/617/617 621/621/621 622/622/622
f 644/644/644 363/363/363 643/643/643
f 624/624/624 645/645/645 644/644/644
f 363/363/363 644/644/644 645/645/645
f 366/366/366 642/642/642 643/643/643
f 643/643/643 363/363/363 366/366/366
f 645/645/645 383/383/383 363/363/363
f 364/364/364 363/363/363 383/383/383
f 365/365/365 366/366/366 363/363/363
f 363/363/363 364/364/364 365/365/365
f 1017/1017/1017 1016/1016/1016 938/938/938
f 1016/1016/1016 1015/1015/1015 939/939/939
f 939/939/939 938/938/938 1016/1016/1016
f 968/968/968 1020/1020/1020 1017/1017/1017
f 1017/1017/1017 944/944/944 968/968/968
f 1005/1005/1005 1017/1017/1017 1020/1020/1020
f 938/938/938 944/944/944 1017/1017/1017
f 944/944/944 938/938/938 941/941/941
f 940/940/940 941/941/941 938/938/938
f 938/938/938 939/939/939 940/940/940
f 968/968/968 944/944/944 945/945/945
f 941/941/941 945/945/945 944/944/944
f 1020/1020/1020 968/968/968 935/935/935
f 945/945/945 969/969/969 968/968/968
f 935/935/935 968/968/968 969/969/969
f 969/969/969 945/945/945 946/946/946
f 946/946/946 945/945/945 941/941/941
f 941/941/941 942/942/942 946/946/946
f 942/942/942 941/941/941 940/940/940
f 940/940/940 943/943/943 942/942/942
f 1026/1026/1026 946/946/946 942/942/942
f 942/942/942 1025/1025/1025 1026/1026/1026
f 1025/1025/1025 942/942/942 943/943/943
f 1031/1031/1031 970/970/970 946/946/946
f 946/946/946 1026/1026/1026 1031/1031/1031
f 946/946/946 970/970/970 969/969/969
f 936/936/936 969/969/969 970/970/970
f 969/969/969 936/936/936 935/935/935
f 930/930/930 935/935/935 936/936/936
f 970/970/970 937/937/937 936/936/936
f 936/936/936 937/937/937 934/934/934
f 1680/1680/1680 1678/1678/1678 1425/1425/1425
f 1425/1425/1425 1679/1679/1679 1680/1680/1680
f 1680/1680/1680 1679/1679/1679 1074/1074/1074
f 1074/1074/1074 1077/1077/1077 1680/1680/1680
f 1678/1678/1678 1680/1680/1680 1077/1077/1077
f 1077/1077/1077 1079/1079/1079 1678/1678/1678
f 1677/1677/1677 1678/1678/1678 1079/1079/1079
f 1078/1078/1078 1079/1079/1079 1077/1077/1077
f 1077/1077/1077 1076/1076/1076 1078/1078/1078
f 1076/1076/1076 1077/1077/1077 1074/1074/1074
f 1074/1074/1074 1075/1075/1075 1076/1076/1076
f 1076/1076/1076 1075/1075/1075 1080/1080/1080
f 1080/1080/1080 1078/1078/1078 1076/1076/1076
f 1081/1081/1081 1078/1078/1078 1080/1080/1080
f 1079/1079/1079 1078/1078/1078 1081/1081/1081
f 1079/1079/1079 1082/1082/1082 1677/1677/1677
f 1081/1081/1081 1082/1082/1082 1079/1079/1079
f 731/731/731 729/729/729 711/711/711
f 708/708/708 711/711/711 729/729/729
f 710/710/710 711/711/711 708/708/708
f 742/742/742 732/732/732 731/731/731
f 729/729/729 731/731/731 732/732/732
f 1760/1760/1760 732/732/732 742/742/742
f 742/742/742 1768/1768/1768 1760/1760/1760
f 1768/1768/1768 742/742/742 741/741/741
f 1770/1770/1770 741/741/741 1037/1037/1037
f 741/741/741 1770/1770/1770 1768/1768/1768
f 1769/1769/1769 1768/1768/1768 1770/1770/1770
f 1768/1768/1768 1769/1769/1769 1741/1741/1741
f 1741/1741/1741 1760/1760/1760 1768/1768/1768
f 1760/1760/1760 1741/1741/1741 1737/1737/1737
f 1737/1737/1737 1759/1759/1759 1760/1760/1760
f 1740/1740/1740 1741/1741/1741 1769/1769/1769
f 1737/1737/1737 1741/1741/1741 1740/1740/1740
f 1769/1769/1769 1847/1847/1847 1740/1740/1740
f 1847/1847/1847 1769/1769/1769 1771/1771/1771
f 1770/1770/1770 1771/1771/1771 1769/1769/1769
f 887/887/887 885/885/885 884/884/884
f 884/884/884 886/886/886 887/887/887
f 372/372/372 885/885/885 888/888/888
f 885/885/885 372/372/372 374/374/374
f 374/374/374 884/884/884 885/885/885
f 782/782/782 878/878/878 884/884/884
f 884/884/884 374/374/374 782/782/782
f 782/782/782 374/374/374 373/373/373
f 371/371/371 373/373/373 374/374/374
f 374/374/374 372/372/372 371/371/371
f 888/888/888 369/369/369 372/372/372
f 371/371/371 372/372/372 369/369/369
f 890/890/890 889/889/889 888/888/888
f 369/369/369 888/888/888 889/889/889
f 889/889/889 619/619/619 369/369/369
f 617/617/617 370/370/370 369/369/369
f 369/369/369 619/619/619 617/617/617
f 369/369/369 370/370/370 371/371/371
f 373/373/373 371/371/371 370/370/370
f 370/370/370 617/617/617 39/39/39
f 39/39/39 30/30/30 370/370/370
f 370/370/370 30/30/30 373/373/373
f 727/727/727 728/728/728 725/725/725
f 725/725/725 726/726/726 727/727/727
f 382/382/382 381/381/381 203/203/203
f 204/204/204 203/203/203 381/381/381
f 839/839/839 382/382/382 121/121/121
f 382/382/382 839/839/839 182/182/182
f 203/203/203 121/121/121 382/382/382
f 183/183/183 182/182/182 839/839/839
f 179/179/179 182/182/182 183/183/183
f 183/183/183 184/184/184 179/179/179
f 1231/1231/1231 184/184/184 183/183/183
f 839/839/839 840/840/840 183/183/183
f 840/840/840 839/839/839 120/120/120
f 121/121/121 120/120/120 839/839/839
f 121/121/121 203/203/203 202/202/202
f 202/202/202 118/118/118 121/121/121
f 120/120/120 121/121/121 118/118/118
f 203/203/203 204/204/204 201/201/201
f 201/201/201 202/202/202 203/203/203
f 895/895/895 202/202/202 201/201/201
f 1432/1432/1432 1433/1433/1433 1434/1434/1434
f 1550/1550/1550 1551/1551/1551 1552/1552/1552
f 1551/1551/1551 1550/1550/1550 1067/1067/1067
f 1067/1067/1067 1066/1066/1066 1551/1551/1551
f 1143/1143/1143 1552/1552/1552 1797/1797/1797
f 1435/1435/1435 1797/1797/1797 1552/1552/1552
f 1552/1552/1552 1143/1143/1143 1550/1550/1550
f 1797/1797/1797 1435/1435/1435 1437/1437/1437
f 1436/1436/1436 1437/1437/1437 1435/1435/1435
f 1435/1435/1435 1434/1434/1434 1436/1436/1436
f 1434/1434/1434 1433/1433/1433 1084/1084/1084
f 1084/1084/1084 1436/1436/1436 1434/1434/1434
f 1082/1082/1082 1084/1084/1084 1433/1433/1433
f 1433/1433/1433 1677/1677/1677 1082/1082/1082
f 1798/1798/1798 1436/1436/1436 1084/1084/1084
f 1084/1084/1084 1142/1142/1142 1798/1798/1798
f 1142/1142/1142 1084/1084/1084 1083/1083/1083
f 1083/1083/1083 1084/1084/1084 1082/1082/1082
f 1437/1437/1437 1436/1436/1436 1798/1798/1798
f 1798/1798/1798 1547/1547/1547 1437/1437/1437
f 1437/1437/1437 1548/1548/1548 1797/1797/1797
f 1548/1548/1548 1437/1437/1437 1547/1547/1547
f 1801/1801/1801 1798/1798/1798 1142/1142/1142
f 1798/1798/1798 1801/1801/1801 1800/1800/1800
f 1800/1800/1800 1799/1799/1799 1798/1798/1798
f 1547/1547/1547 1798/1798/1798 1799/1799/1799
f 1142/1142/1142 1090/1090/1090 1801/1801/1801
f 1090/1090/1090 1142/1142/1142 1141/1141/1141
f 1083/1083/1083 1141/1141/1141 1142/1142/1142
f 1141/1141/1141 1083/1083/1083 1080/1080/1080
f 1080/1080/1080 1083/1083/1083 1081/1081/1081
f 1082/1082/1082 1081/1081/1081 1083/1083/1083
f 1141/1141/1141 1089/1089/1089 1090/1090/1090
f 373/373/373 781/781/781 782/782/782
f 781/781/781 373/373/373 30/30/30
f 30/30/30 33/33/33 781/781/781
f 38/38/38 31/31/31 30/30/30
f 30/30/30 39/39/39 38/38/38
f 32/32/32 33/33/33 30/30/30
f 30/30/30 31/31/31 32/32/32
f 36/36/36 39/39/39 617/617/617
f 38/38/38 39/39/39 36/36/36
f 31/31/31 38/38/38 37/37/37
f 36/36/36 37/37/37 38/38/38
f 37/37/37 25/25/25 31/31/31
f 34/34/34 32/32/32 31/31/31
f 31/31/31 25/25/25 34/34/34
f 32/32/32 34/34/34 35/35/35
f 35/35/35 33/33/33 32/32/32
f 779/779/779 781/781/781 33/33/33
f 33/33/33 35/35/35 779/779/779
f 779/779/779 35/35/35 93/93/93
f 92/92/92 93/93/93 35/35/35
f 35/35/35 34/34/34 92/92/92
f 92/92/92 34/34/34 25/25/25
f 93/93/93 92/92/92 29/29/29
f 25/25/25 29/29/29 92/92/92
f 776/776/776 93/93/93 28/28/28
f 93/93/93 776/776/776 779/779/779
f 29/29/29 28/28/28 93/93/93
f 781/781/781 779/779/779 778/778/778
f 778/778/778 779/779/779 776/776/776
f 28/28/28 380/380/380 776/776/776
f 776/776/776 777/777/777 778/778/778
f 777/777/777 776/776/776 501/501/501
f 1430/1430/1430 1431/1431/1431 1804/1804/1804
f 1804/1804/1804 1803/1803/1803 1430/1430/1430
f 1906/1906/1906 1907/1907/1907 1904/1904/1904
f 1904/1904/1904 1905/1905/1905 1906/1906/1906
f 1905/1905/1905 1904/1904/1904 1431/1431/1431
f 1431/1431/1431 1427/1427/1427 1905/1905/1905
f 1428/1428/1428 1427/1427/1427 1431/1431/1431
f 1431/1431/1431 1430/1430/1430 1428/1428/1428
f 1912/1912/1912 1905/1905/1905 1427/1427/1427
f 1427/1427/1427 1426/1426/1426 1912/1912/1912
f 1426/1426/1426 1427/1427/1427 1428/1428/1428
f 1913/1913/1913 1912/1912/1912 1426/1426/1426
f 1426/1426/1426 1658/1658/1658 1913/1913/1913
f 1251/1251/1251 1440/1440/1440 1439/1439/1439
f 1252/1252/1252 1439/1439/1439 1438/1438/1438
f 1439/1439/1439 1252/1252/1252 1251/1251/1251
f 1234/1234/1234 1438/1438/1438 1439/1439/1439
f 1438/1438/1438 1234/1234/1234 1233/1233/1233
f 1233/1233/1233 1234/1234/1234 1232/1232/1232
f 1232/1232/1232 1231/1231/1231 1233/1233/1233
f 1233/1233/1233 1857/1857/1857 1438/1438/1438
f 1857/1857/1857 1233/1233/1233 183/183/183
f 183/183/183 1233/1233/1233 1231/1231/1231
f 1173/1173/1173 1438/1438/1438 1857/1857/1857
f 1438/1438/1438 1173/1173/1173 1252/1252/1252
f 1253/1253/1253 1252/1252/1252 1173/1173/1173
f 1252/1252/1252 1253/1253/1253 1250/1250/1250
f 1250/1250/1250 1251/1251/1251 1252/1252/1252
f 1857/1857/1857 1174/1174/1174 1173/1173/1173
f 1173/1173/1173 1172/1172/1172 1253/1253/1253
f 1098/1098/1098 1097/1097/1097 1122/1122/1122
f 1122/1122/1122 1097/1097/1097 1080/1080/1080
f 1080/1080/1080 1075/1075/1075 1122/1122/1122
f 1123/1123/1123 1122/1122/1122 1075/1075/1075
f 1123/1123/1123 1074/1074/1074 1679/1679/1679
f 1679/1679/1679 1681/1681/1681 1123/1123/1123
f 1075/1075/1075 1074/1074/1074 1123/1123/1123
f 1682/1682/1682 1681/1681/1681 1421/1421/1421
f 1681/1681/1681 1679/1679/1679 1425/1425/1425
f 1425/1425/1425 1421/1421/1421 1681/1681/1681
f 1682/1682/1682 1420/1420/1420 1684/1684/1684
f 1421/1421/1421 1420/1420/1420 1682/1682/1682
f 1420/1420/1420 1421/1421/1421 1422/1422/1422
f 1683/1683/1683 1684/1684/1684 1420/1420/1420
f 1420/1420/1420 1440/1440/1440 1683/1683/1683
f 1440/1440/1440 1420/1420/1420 1423/1423/1423
f 1422/1422/1422 1423/1423/1423 1420/1420/1420
f 1423/1423/1423 1422/1422/1422 1232/1232/1232
f 1423/1423/1423 1439/1439/1439 1440/1440/1440
f 1439/1439/1439 1423/1423/1423 1234/1234/1234
f 1232/1232/1232 1234/1234/1234 1423/1423/1423
f 1440/1440/1440 1251/1251/1251 1685/1685/1685
f 1685/1685/1685 1683/1683/1683 1440/1440/1440
f 1080/1080/1080 1089/1089/1089 1141/1141/1141
f 1801/1801/1801 1090/1090/1090 1086/1086/1086
f 1087/1087/1087 1086/1086/1086 1090/1090/1090
f 1090/1090/1090 1089/1089/1089 1087/1087/1087
f 1089/1089/1089 1080/1080/1080 1088/1088/1088
f 1088/1088/1088 1087/1087/1087 1089/1089/1089
f 1087/1087/1087 1088/1088/1088 1085/1085/1085
f 1085/1085/1085 1086/1086/1086 1087/1087/1087
f 1086/1086/1086 1803/1803/1803 1801/1801/1801
f 1803/1803/1803 1086/1086/1086 1085/1085/1085
f 1085/1085/1085 1430/1430/1430 1803/1803/1803
f 1429/1429/1429 1085/1085/1085 1092/1092/1092
f 1430/1430/1430 1085/1085/1085 1429/1429/1429
f 1093/1093/1093 1092/1092/1092 1085/1085/1085
f 23/23/23 639/639/639 638/638/638
f 640/640/640 20/20/20 19/19/19
f 19/19/19 641/641/641 640/640/640
f 68/68/68 642/642/642 641/641/641
f 641/641/641 19/19/19 68/68/68
f 68/68/68 19/19/19 22/22/22
f 21/21/21 22/22/22 19/19/19
f 19/19/19 20/20/20 21/21/21
f 24/24/24 21/21/21 20/20/20
f 20/20/20 23/23/23 24/24/24
f 638/638/638 26/26/26 23/23/23
f 27/27/27 24/24/24 23/23/23
f 23/23/23 26/26/26 27/27/27
f 26/26/26 638/638/638 378/378/378
f 29/29/29 27/27/27 26/26/26
f 27/27/27 29/29/29 25/25/25
f 25/25/25 24/24/24 27/27/27
f 21/21/21 24/24/24 25/25/25
f 25/25/25 22/22/22 21/21/21
f 69/69/69 22/22/22 25/25/25
f 22/22/22 69/69/69 68/68/68
f 25/25/25 43/43/43 69/69/69
f 41/41/41 43/43/43 25/25/25
f 25/25/25 37/37/37 41/41/41
f 69/69/69 43/43/43 42/42/42
f 42/42/42 68/68/68 69/69/69
f 43/43/43 41/41/41 40/40/40
f 40/40/40 42/42/42 43/43/43
f 41/41/41 37/37/37 36/36/36
f 36/36/36 40/40/40 41/41/41
f 618/618/618 780/780/780 40/40/40
f 1085/1085/1085 1088/1088/1088 1093/1093/1093
f 1088/1088/1088 1080/1080/1080 1094/1094/1094
f 1094/1094/1094 1093/1093/1093 1088/1088/1088
f 1093/1093/1093 1094/1094/1094 1091/1091/1091
f 1091/1091/1091 1092/1092/1092 1093/1093/1093
f 1092/1092/1092 1657/1657/1657 1429/1429/1429
f 1657/1657/1657 1092/1092/1092 1091/1091/1091
f 1426/1426/1426 1429/1429/1429 1657/1657/1657
f 1429/1429/1429 1428/1428/1428 1430/1430/1430
f 1428/1428/1428 1429/1429/1429 1426/1426/1426
f 1657/1657/1657 1656/1656/1656 1661/1661/1661
f 1661/1661/1661 1659/1659/1659 1657/1657/1657
f 1658/1658/1658 1657/1657/1657 1659/1659/1659
f 1657/1657/1657 1658/1658/1658 1426/1426/1426
f 1091/1091/1091 1656/1656/1656 1657/1657/1657
f 1656/1656/1656 1091/1091/1091 1096/1096/1096
f 1095/1095/1095 1096/1096/1096 1091/1091/1091
f 1091/1091/1091 1094/1094/1094 1095/1095/1095
f 1095/1095/1095 1094/1094/1094 1080/1080/1080
f 1080/1080/1080 1097/1097/1097 1095/1095/1095
f 1096/1096/1096 1095/1095/1095 1097/1097/1097
f 1096/1096/1096 1802/1802/1802 1656/1656/1656
f 1802/1802/1802 1096/1096/1096 1098/1098/1098
f 1097/1097/1097 1098/1098/1098 1096/1096/1096
f 1661/1661/1661 1656/1656/1656 1802/1802/1802
f 1684/1684/1684 1802/1802/1802 1682/1682/1682
f 1802/1802/1802 1684/1684/1684 1661/1661/1661
f 1098/1098/1098 1682/1682/1682 1802/1802/1802
f 1681/1681/1681 1682/1682/1682 1098/1098/1098
f 1098/1098/1098 1123/1123/1123 1681/1681/1681
f 1122/1122/1122 1123/1123/1123 1098/1098/1098
f 1750/1750/1750 1751/1751/1751 1748/1748/1748
f 1748/1748/1748 1749/1749/1749 1750/1750/1750
f 383/383/383 645/645/645 646/646/646
f 645/645/645 624/624/624 627/627/627
f 627/627/627 646/646/646 645/645/645
f 646/646/646 204/204/204 383/383/383
f 381/381/381 383/383/383 204/204/204
f 383/383/383 381/381/381 364/364/364
f 181/181/181 364/364/364 381/381/381
f 178/178/178 365/365/365 364/364/364
f 364/364/364 181/181/181 178/178/178
f 366/366/366 365/365/365 367/367/367
f 365/365/365 178/178/178 177/177/177
f 177/177/177 367/367/367 365/365/365
f 182/182/182 179/179/179 178/178/178
f 178/178/178 181/181/181 182/182/182
f 177/177/177 178/178/178 179/179/179
f 182/182/182 181/181/181 382/382/382
f 381/381/381 382/382/382 181/181/181
f 1600/1600/1600 1593/1593/1593 1612/1612/1612
f 1593/1593/1593 1600/1600/1600 1599/1599/1599
f 1599/1599/1599 1594/1594/1594 1593/1593/1593
f 1613/1613/1613 1612/1612/1612 1611/1611/1611
f 1612/1612/1612 1613/1613/1613 1600/1600/1600
f 1607/1607/1607 1611/1611/1611 1612/1612/1612
f 1814/1814/1814 1815/1815/1815 1600/1600/1600
f 1600/1600/1600 1613/1613/1613 1814/1814/1814
f 1814/1814/1814 1613/1613/1613 1614/1614/1614
f 1611/1611/1611 1614/1614/1614 1613/1613/1613
f 1825/1825/1825 1611/1611/1611 1607/1607/1607
f 1607/1607/1607 1625/1625/1625 1825/1825/1825
f 1624/1624/1624 1625/1625/1625 1607/1607/1607
f 1607/1607/1607 1610/1610/1610 1624/1624/1624
f 584/584/584 583/583/583 1625/1625/1625
f 1625/1625/1625 1624/1624/1624 584/584/584
f 1626/1626/1626 1624/1624/1624 1610/1610/1610
f 1624/1624/1624 1626/1626/1626 585/585/585
f 585/585/585 584/584/584 1624/1624/1624
f 1610/1610/1610 1604/1604/1604 1626/1626/1626
f 1603/1603/1603 1604/1604/1604 1610/1610/1610
f 588/588/588 585/585/585 1626/1626/1626
f 1626/1626/1626 1627/1627/1627 588/588/588
f 1627/1627/1627 1626/1626/1626 1604/1604/1604
f 586/586/586 585/585/585 588/588/588
f 582/582/582 584/584/584 585/585/585
f 585/585/585 586/586/586 582/582/582
f 584/584/584 582/582/582 581/581/581
f 581/581/581 583/583/583 584/584/584
f 798/798/798 583/583/583 581/581/581
f 799/799/799 581/581/581 567/567/567
f 581/581/581 799/799/799 798/798/798
f 567/567/567 581/581/581 582/582/582
f 503/503/503 867/867/867 874/874/874
f 874/874/874 500/500/500 503/503/503
f 502/502/502 503/503/503 500/500/500
f 875/875/875 874/874/874 876/876/876
f 500/500/500 874/874/874 875/875/875
f 875/875/875 777/777/777 500/500/500
f 875/875/875 877/877/877 778/778/778
f 778/778/778 777/777/777 875/875/875
f 876/876/876 877/877/877 875/875/875
f 877/877/877 876/876/876 879/879/879
f 879/879/879 878/878/878 877/877/877
f 778/778/778 877/877/877 878/878/878
f 878/878/878 782/782/782 778/778/778
f 778/778/778 782/782/782 781/781/781
f 89/89/89 90/90/90 86/86/86
f 822/822/822 420/420/420 89/89/89
f 86/86/86 88/88/88 89/89/89
f 88/88/88 86/86/86 85/85/85
f 86/86/86 87/87/87 84/84/84
f 84/84/84 85/85/85 86/86/86
f 891/891/891 87/87/87 91/91/91
f 87/87/87 891/891/891 890/890/890
f 890/890/890 84/84/84 87/87/87
f 888/888/888 84/84/84 890/890/890
f 885/885/885 887/887/887 84/84/84
f 84/84/84 888/888/888 885/885/885
f 85/85/85 84/84/84 520/520/520
f 520/520/520 519/519/519 85/85/85
f 57/57/57 85/85/85 519/519/519
f 85/85/85 57/57/57 88/88/88
f 519/519/519 194/194/194 59/59/59
f 59/59/59 58/58/58 519/519/519
f 519/519/519 58/58/58 57/57/57
f 54/54/54 57/57/57 58/58/58
f 55/55/55 58/58/58 59/59/59
f 58/58/58 55/55/55 54/54/54
f 60/60/60 59/59/59 51/51/51
f 59/59/59 194/194/194 193/193/193
f 193/193/193 51/51/51 59/59/59
f 59/59/59 60/60/60 55/55/55
f 194/194/194 195/195/195 192/192/192
f 192/192/192 193/193/193 194/194/194
f 193/193/193 200/200/200 50/50/50
f 50/50/50 51/51/51 193/193/193
f 51/51/51 49/49/49 60/60/60
f 49/49/49 51/51/51 50/50/50
f 50/50/50 200/200/200 517/517/517
f 517/517/517 52/52/52 50/50/50
f 47/47/47 46/46/46 50/50/50
f 50/50/50 52/52/52 47/47/47
f 50/50/50 46/46/46 49/49/49
f 200/200/200 518/518/518 516/516/516
f 516/516/516 517/517/517 200/200/200
f 52/52/52 517/517/517 525/525/525
f 841/841/841 47/47/47 52/52/52
f 52/52/52 526/526/526 841/841/841
f 776/776/776 380/380/380 379/379/379
f 379/379/379 501/501/501 776/776/776
f 378/378/378 28/28/28 26/26/26
f 377/377/377 380/380/380 28/28/28
f 28/28/28 378/378/378 377/377/377
f 26/26/26 28/28/28 29/29/29
f 380/380/380 377/377/377 376/376/376
f 376/376/376 379/379/379 380/380/380
f 775/775/775 504/504/504 379/379/379
f 379/379/379 376/376/376 775/775/775
f 501/501/501 379/379/379 504/504/504
f 501/501/501 500/500/500 777/777/777
f 504/504/504 502/502/502 501/501/501
f 500/500/500 501/501/501 502/502/502
f 504/504/504 775/775/775 97/97/97
f 97/97/97 99/99/99 504/504/504
f 502/502/502 504/504/504 99/99/99
f 775/775/775 508/508/508 94/94/94
f 94/94/94 97/97/97 775/775/775
f 508/508/508 775/775/775 376/376/376
f 376/376/376 375/375/375 508/508/508
f 375/375/375 376/376/376 377/377/377
f 377/377/377 378/378/378 375/375/375
f 638/638/638 513/513/513 375/375/375
f 375/375/375 378/378/378 638/638/638
f 509/509/509 375/375/375 513/513/513
f 507/507/507 508/508/508 375/375/375
f 375/375/375 509/509/509 507/507/507
f 508/508/508 507/507/507 506/506/506
f 506/506/506 94/94/94 508/508/508
f 12/12/12 507/507/507 509/509/509
f 507/507/507 12/12/12 11/11/11
f 11/11/11 506/506/506 507/507/507
f 513/513/513 511/511/511 509/509/509
f 510/510/510 509/509/509 511/511/511
f 509/509/509 510/510/510 12/12/12
f 513/513/513 638/638/638 639/639/639
f 639/639/639 368/368/368 513/513/513
f 511/511/511 513/513/513 368/368/368
f 368/368/368 367/367/367 511/511/511
f 642/642/642 366/366/366 368/368/368
f 368/368/368 641/641/641 642/642/642
f 640/640/640 641/641/641 368/368/368
f 368/368/368 639/639/639 640/640/640
f 367/367/367 368/368/368 366/366/366
f 20/20/20 640/640/640 639/639/639
f 639/639/639 23/23/23 20/20/20
f 1145/1145/1145 1144/1144/1144 1148/1148/1148
f 1148/1148/1148 1147/1147/1147 1145/1145/1145
f 1548/1548/1548 1148/1148/1148 1144/1144/1144
f 1144/1144/1144 1797/1797/1797 1548/1548/1548
f 1887/1887/1887 1796/1796/1796 1148/1148/1148
f 1148/1148/1148 1545/1545/1545 1887/1887/1887
f 1147/1147/1147 1148/1148/1148 1796/1796/1796
f 1546/1546/1546 1545/1545/1545 1148/1148/1148
f 1148/1148/1148 1548/1548/1548 1546/1546/1546
f 1796/1796/1796 1786/1786/1786 1147/1147/1147
f 1888/1888/1888 1889/1889/1889 1796/1796/1796
f 1796/1796/1796 1887/1887/1887 1888/1888/1888
f 1894/1894/1894 1887/1887/1887 1545/1545/1545
f 1545/1545/1545 1544/1544/1544 1894/1894/1894
f 1544/1544/1544 1545/1545/1545 1546/1546/1546
f 1547/1547/1547 1546/1546/1546 1548/1548/1548
f 1546/1546/1546 1547/1547/1547 1544/1544/1544
f 1895/1895/1895 1894/1894/1894 1544/1544/1544
f 1544/1544/1544 1799/1799/1799 1895/1895/1895
f 1799/1799/1799 1544/1544/1544 1547/1547/1547
f 1894/1894/1894 1895/1895/1895 1896/1896/1896
f 1895/1895/1895 1897/1897/1897 1896/1896/1896
f 1895/1895/1895 1799/1799/1799 1800/1800/1800
f 1800/1800/1800 1897/1897/1897 1895/1895/1895
f 1899/1899/1899 1896/1896/1896 1897/1897/1897
f 1897/1897/1897 1898/1898/1898 1899/1899/1899
f 1898/1898/1898 1897/1897/1897 1800/1800/1800
f 1800/1800/1800 1804/1804/1804 1898/1898/1898
f 1803/1803/1803 1804/1804/1804 1800/1800/1800
f 1800/1800/1800 1801/1801/1801 1803/1803/1803
f 1904/1904/1904 1898/1898/1898 1804/1804/1804
f 1804/1804/1804 1431/1431/1431 1904/1904/1904
f 2093/2093/2093 2080/2080/2080 2082/2082/2082
f 2080/2080/2080 2081/2081/2081 2082/2082/2082
f 2091/2091/2091 2092/2092/2092 2082/2082/2082
f 2090/2090/2090 2091/2091/2091 2082/2082/2082
f 872/872/872 873/873/873 870/870/870
f 870/870/870 871/871/871 872/872/872
f 1892/1892/1892 1893/1893/1893 1890/1890/1890
f 1890/1890/1890 1891/1891/1891 1892/1892/1892
f 179/179/179 180/180/180 177/177/177
f 1230/1230/1230 185/185/185 184/184/184
f 1867/1867/1867 1230/1230/1230 1229/1229/1229
f 184/184/184 1231/1231/1231 1230/1230/1230
f 1229/1229/1229 1230/1230/1230 1231/1231/1231
f 1229/1229/1229 1555/1555/1555 1867/1867/1867
f 1063/1063/1063 1867/1867/1867 1555/1555/1555
f 1555/1555/1555 1554/1554/1554 1063/1063/1063
f 1063/1063/1063 1064/1064/1064 7/7/7
f 1555/1555/1555 1229/1229/1229 1424/1424/1424
f 1424/1424/1424 1556/1556/1556 1555/1555/1555
f 1554/1554/1554 1555/1555/1555 1556/1556/1556
f 1422/1422/1422 1424/1424/1424 1229/1229/1229
f 1229/1229/1229 1232/1232/1232 1422/1422/1422
f 1231/1231/1231 1232/1232/1232 1229/1229/1229
f 1556/1556/1556 1424/1424/1424 1425/1425/1425
f 1421/1421/1421 1425/1425/1425 1424/1424/1424
f 1424/1424/1424 1422/1422/1422 1421/1421/1421
f 1425/1425/1425 1557/1557/1557 1556/1556/1556
f 1553/1553/1553 1556/1556/1556 1557/1557/1557
f 1556/1556/1556 1553/1553/1553 1554/1554/1554
f 1066/1066/1066 1554/1554/1554 1553/1553/1553
f 1557/1557/1557 1432/1432/1432 1553/1553/1553
f 1553/1553/1553 1551/1551/1551 1066/1066/1066
f 1551/1551/1551 1553/1553/1553 1432/1432/1432
f 1557/1557/1557 1425/1425/1425 1678/1678/1678
f 1678/1678/1678 1677/1677/1677 1557/1557/1557
f 1432/1432/1432 1557/1557/1557 1677/1677/1677
f 1552/1552/1552 1432/1432/1432 1435/1435/1435
f 1677/1677/1677 1433/1433/1433 1432/1432/1432
f 1432/1432/1432 1552/1552/1552 1551/1551/1551
f 1434/1434/1434 1435/1435/1435 1432/1432/1432
f 596/596/596 597/597/597 594/594/594
f 594/594/594 595/595/595 596/596/596
f 748/748/748 595/595/595 804/804/804
f 804/804/804 749/749/749 748/748/748
f 747/747/747 748/748/748 749/749/749
f 749/749/749 750/750/750 747/747/747
f 757/757/757 750/750/750 755/755/755
f 755/755/755 756/756/756 757/757/757
f 3/3/3 4/4/4 1/1/1
f 1/1/1 2/2/2 3/3/3
f 512/512/512 851/851/851 5/5/5
f 5/5/5 510/510/510 512/512/512
f 6/6/6 5/5/5 851/851/851
f 7/7/7 8/8/8 5/5/5
f 5/5/5 6/6/6 7/7/7
f 851/851/851 512/512/512 177/177/177
f 512/512/512 511/511/511 367/367/367
f 367/367/367 177/177/177 512/512/512
f 511/511/511 512/512/512 510/510/510
f 852/852/852 851/851/851 180/180/180
f 177/177/177 180/180/180 851/851/851
f 851/851/851 852/852/852 6/6/6
f 1867/1867/1867 1063/1063/1063 6/6/6
f 6/6/6 852/852/852 1867/1867/1867
f 7/7/7 6/6/6 1063/1063/1063
f 852/852/852 185/185/185 1230/1230/1230
f 1230/1230/1230 1867/1867/1867 852/852/852
f 180/180/180 185/185/185 852/852/852
f 180/180/180 179/179/179 184/184/184
f 184/184/184 185/185/185 180/180/180
f 1206/1206/1206 1215/1215/1215 1213/1213/1213
f 1214/1214/1214 1213/1213/1213 1215/1215/1215
f 1213/1213/1213 1214/1214/1214 1211/1211/1211
f 1213/1213/1213 1212/1212/1212 1206/1206/1206
f 1211/1211/1211 1212/1212/1212 1213/1213/1213
f 1227/1227/1227 1212/1212/1212 1211/1211/1211
f 1211/1211/1211 1228/1228/1228 1227/1227/1227
f 1206/1206/1206 1212/1212/1212 1227/1227/1227
f 1209/1209/1209 1227/1227/1227 1228/1228/1228
f 1227/1227/1227 1209/1209/1209 1206/1206/1206
f 1207/1207/1207 1204/1204/1204 1206/1206/1206
f 1206/1206/1206 1209/1209/1209 1207/1207/1207
f 1206/1206/1206 1204/1204/1204 1202/1202/1202
f 1228/1228/1228 1210/1210/1210 1209/1209/1209
f 1209/1209/1209 1210/1210/1210 1208/1208/1208
f 1208/1208/1208 1207/1207/1207 1209/1209/1209
f 1207/1207/1207 1208/1208/1208 1205/1205/1205
f 1205/1205/1205 1204/1204/1204 1207/1207/1207
f 1204/1204/1204 1205/1205/1205 1203/1203/1203
f 1203/1203/1203 1202/1202/1202 1204/1204/1204
f 173/173/173 148/148/148 151/151/151
f 150/150/150 151/151/151 148/148/148
f 148/148/148 149/149/149 150/150/150
f 151/151/151 174/174/174 173/173/173
f 171/171/171 173/173/173 174/174/174
f 174/174/174 151/151/151 154/154/154
f 154/154/154 151/151/151 150/150/150
f 150/150/150 153/153/153 154/154/154
f 153/153/153 150/150/150 149/149/149
f 149/149/149 152/152/152 153/153/153
f 154/154/154 153/153/153 156/156/156
f 156/156/156 153/153/153 152/152/152
f 152/152/152 155/155/155 156/156/156
f 156/156/156 158/158/158 154/154/154
f 158/158/158 156/156/156 155/155/155
f 155/155/155 157/157/157 158/158/158
f 176/176/176 175/175/175 158/158/158
f 158/158/158 157/157/157 176/176/176
f 154/154/154 158/158/158 175/175/175
f 175/175/175 176/176/176 159/159/159
f 159/159/159 162/162/162 175/175/175
f 175/175/175 162/162/162 154/154/154
f 525/525/525 526/526/526 52/52/52
f 47/47/47 841/841/841 514/514/514
f 514/514/514 44/44/44 47/47/47
f 46/46/46 47/47/47 44/44/44
f 48/48/48 49/49/49 46/46/46
f 46/46/46 45/45/45 48/48/48
f 44/44/44 45/45/45 46/46/46
f 45/45/45 44/44/44 514/514/514
f 515/515/515 514/514/514 841/841/841
f 63/63/63 514/514/514 515/515/515
f 514/514/514 63/63/63 45/45/45
f 842/842/842 841/841/841 526/526/526
f 841/841/841 842/842/842 515/515/515
f 1858/1858/1858 1558/1558/1558 515/515/515
f 515/515/515 842/842/842 1858/1858/1858
f 1118/1118/1118 65/65/65 515/515/515
f 515/515/515 1558/1558/1558 1118/1118/1118
f 515/515/515 65/65/65 63/63/63
f 63/63/63 65/65/65 64/64/64
f 64/64/64 62/62/62 63/63/63
f 45/45/45 63/63/63 62/62/62
f 62/62/62 48/48/48 45/45/45
f 48/48/48 62/62/62 67/67/67
f 66/66/66 67/67/67 62/62/62
f 62/62/62 64/64/64 66/66/66
f 60/60/60 49/49/49 48/48/48
f 48/48/48 61/61/61 60/60/60
f 67/67/67 61/61/61 48/48/48
f 56/56/56 61/61/61 67/67/67
f 772/772/772 773/773/773 770/770/770
f 770/770/770 771/771/771 772/772/772
f 1794/1794/1794 1795/1795/1795 1792/1792/1792
f 1792/1792/1792 1793/1793/1793 1794/1794/1794
f 801/801/801 751/751/751 754/754/754
f 753/753/753 754/754/754 751/751/751
f 751/751/751 752/752/752 753/753/753
f 754/754/754 802/802/802 801/801/801
f 800/800/800 801/801/801 802/802/802
f 802/802/802 803/803/803 800/800/800
f 1573/1573/1573 1574/1574/1574 1571/1571/1571
f 1571/1571/1571 1572/1572/1572 1573/1573/1573
f 1605/1605/1605 1606/1606/1606 1628/1628/1628
f 1628/1628/1628 1627/1627/1627 1605/1605/1605
f 1627/1627/1627 1628/1628/1628 589/589/589
f 589/589/589 588/588/588 1627/1627/1627
f 587/587/587 588/588/588 589/589/589
f 589/589/589 590/590/590 587/587/587
f 566/566/566 590/590/590 591/591/591
f 565/565/565 587/587/587 590/590/590
f 590/590/590 566/566/566 565/565/565
f 592/592/592 591/591/591 598/598/598
f 591/591/591 592/592/592 566/566/566
f 834/834/834 824/824/824 566/566/566
f 566/566/566 592/592/592 834/834/834
f 562/562/562 566/566/566 824/824/824
f 565/565/565 566/566/566 562/562/562
f 587/587/587 565/565/565 564/564/564
f 562/562/562 561/561/561 565/565/565
f 1061/1061/1061 1062/1062/1062 1059/1059/1059
f 1059/1059/1059 1060/1060/1060 1061/1061/1061
f 2045/2045/2045 2044/2044/2044 1995/1995/1995
f 2044/2044/2044 2045/2045/2045 1957/1957/1957
f 2013/2013/2013 2014/2014/2014 2001/2001/2001
f 2001/2001/2001 2012/2012/2012 2013/2013/2013
f 2000/2000/2000 2001/2001/2001 1994/1994/1994
f 2014/2014/2014 2003/2003/2003 2049/2049/2049
f 2004/2004/2004 2003/2003/2003 2014/2014/2014
f 2014/2014/2014 2013/2013/2013 2004/2004/2004
f 2015/2015/2015 2013/2013/2013 2012/2012/2012
f 2013/2013/2013 2015/2015/2015 2007/2007/2007
f 2007/2007/2007 2004/2004/2004 2013/2013/2013
f 2012/2012/2012 2016/2016/2016 2015/2015/2015
f 2007/2007/2007 2015/2015/2015 2071/2071/2071
f 2071/2071/2071 2015/2015/2015 2016/2016/2016
f 2071/2071/2071 2008/2008/2008 2007/2007/2007
f 2007/2007/2007 2008/2008/2008 2005/2005/2005
f 2005/2005/2005 2004/2004/2004 2007/2007/2007
f 2003/2003/2003 2004/2004/2004 2005/2005/2005
f 2011/2011/2011 2006/2006/2006 2005/2005/2005
f 2005/2005/2005 2010/2010/2010 2011/2011/2011
f 2010/2010/2010 2005/2005/2005 2008/2008/2008
f 2005/2005/2005 2006/2006/2006 2003/2003/2003
f 2049/2049/2049 2003/2003/2003 2006/2006/2006
f 2006/2006/2006 2047/2047/2047 2049/2049/2049
f 2047/2047/2047 2006/2006/2006 2011/2011/2011
f 2011/2011/2011 2048/2048/2048 2047/2047/2047
f 2047/2047/2047 2048/2048/2048 1966/1966/1966
f 2008/2008/2008 2009/2009/2009 2010/2010/2010
f 2016/2016/2016 2070/2070/2070 2071/2071/2071
f 1999/1999/1999 2002/2002/2002 2000/2000/2000
f 2000/2000/2000 1997/1997/1997 1999/1999/1999
f 1629/1629/1629 1633/1633/1633 1632/1632/1632
f 1641/1641/1641 1850/1850/1850 1851/1851/1851
f 1629/1629/1629 1851/1851/1851 1850/1850/1850
f 1851/1851/1851 1629/1629/1629 1606/1606/1606
f 1632/1632/1632 1630/1630/1630 1629/1629/1629
f 1606/1606/1606 1629/1629/1629 1630/1630/1630
f 1631/1631/1631 1632/1632/1632 1827/1827/1827
f 1630/1630/1630 1632/1632/1632 1631/1631/1631
f 1828/1828/1828 1827/1827/1827 1776/1776/1776
f 1827/1827/1827 1828/1828/1828 1631/1631/1631
f 1631/1631/1631 593/593/593 1630/1630/1630
f 1628/1628/1628 1630/1630/1630 593/593/593
f 1630/1630/1630 1628/1628/1628 1606/1606/1606
f 593/593/593 589/589/589 1628/1628/1628
f 593/593/593 591/591/591 590/590/590
f 590/590/590 589/589/589 593/593/593
f 1790/1790/1790 1791/1791/1791 1788/1788/1788
f 1788/1788/1788 1789/1789/1789 1790/1790/1790
f 789/789/789 790/790/790 787/787/787
f 787/787/787 788/788/788 789/789/789
f 1616/1616/1616 1617/1617/1617 788/788/788
f 788/788/788 1615/1615/1615 1616/1616/1616
f 1617/1617/1617 1616/1616/1616 1618/1618/1618
f 1618/1618/1618 1619/1619/1619 1617/1617/1617
f 1619/1619/1619 1618/1618/1618 1819/1819/1819
f 1819/1819/1819 1820/1820/1820 1619/1619/1619
f 976/976/976 973/973/973 972/972/972
f 971/971/971 972/972/972 973/973/973
f 977/977/977 971/971/971 1021/1021/1021
f 978/978/978 972/972/972 971/971/971
f 971/971/971 977/977/977 978/978/978
f 1021/1021/1021 1023/1023/1023 977/977/977
f 1031/1031/1031 989/989/989 977/977/977
f 977/977/977 1023/1023/1023 1031/1031/1031
f 990/990/990 991/991/991 977/977/977
f 977/977/977 989/989/989 990/990/990
f 989/989/989 1031/1031/1031 1026/1026/1026
f 1026/1026/1026 980/980/980 989/989/989
f 983/983/983 990/990/990 989/989/989
f 989/989/989 980/980/980 983/983/983
f 991/991/991 990/990/990 992/992/992
f 990/990/990 983/983/983 984/984/984
f 984/984/984 992/992/992 990/990/990
f 992/992/992 993/993/993 991/991/991
f 1049/1049/1049 992/992/992 984/984/984
f 993/993/993 992/992/992 1049/1049/1049
f 984/984/984 985/985/985 1049/1049/1049
f 982/982/982 985/985/985 984/984/984
f 984/984/984 983/983/983 982/982/982
f 982/982/982 983/983/983 980/980/980
f 981/981/981 980/980/980 1026/1026/1026
f 980/980/980 981/981/981 982/982/982
f 1026/1026/1026 1025/1025/1025 981/981/981
f 988/988/988 981/981/981 1025/1025/1025
f 982/982/982 981/981/981 988/988/988
f 1128/1128/1128 1067/1067/1067 1550/1550/1550
f 1065/1065/1065 1067/1067/1067 1128/1128/1128
f 1128/1128/1128 1127/1127/1127 1065/1065/1065
f 1066/1066/1066 1067/1067/1067 1065/1065/1065
f 9/9/9 1065/1065/1065 1127/1127/1127
f 1065/1065/1065 1064/1064/1064 1066/1066/1066
f 1064/1064/1064 1065/1065/1065 9/9/9
f 76/76/76 1127/1127/1127 1126/1126/1126
f 1127/1127/1127 76/76/76 9/9/9
f 9/9/9 7/7/7 1064/1064/1064
f 8/8/8 7/7/7 9/9/9
f 1126/1126/1126 77/77/77 76/76/76
f 785/785/785 786/786/786 783/783/783
f 783/783/783 784/784/784 785/785/785
f 785/785/785 792/792/792 791/791/791
f 791/791/791 786/786/786 785/785/785
f 796/796/796 797/797/797 792/792/792
f 792/792/792 795/795/795 796/796/796
f 1623/1623/1623 795/795/795 1816/1816/1816
f 1816/1816/1816 1817/1817/1817 1623/1623/1623
f 1622/1622/1622 1623/1623/1623 1620/1620/1620
f 1620/1620/1620 1621/1621/1621 1622/1622/1622
f 1621/1621/1621 1620/1620/1620 1826/1826/1826
f 1826/1826/1826 1822/1822/1822 1621/1621/1621
f 1821/1821/1821 1822/1822/1822 1823/1823/1823
f 1823/1823/1823 1824/1824/1824 1821/1821/1821
f 60/60/60 61/61/61 56/56/56
f 56/56/56 55/55/55 60/60/60
f 1119/1119/1119 65/65/65 1118/1118/1118
f 1121/1121/1121 1119/1119/1119 1117/1117/1117
f 1118/1118/1118 1117/1117/1117 1119/1119/1119
f 1102/1102/1102 1118/1118/1118 1558/1558/1558
f 1117/1117/1117 1118/1118/1118 1102/1102/1102
f 1102/1102/1102 1104/1104/1104 1117/1117/1117
f 1558/1558/1558 1099/1099/1099 1102/1102/1102
f 1104/1104/1104 1102/1102/1102 1101/1101/1101
f 1101/1101/1101 1102/1102/1102 1099/1099/1099
f 1100/1100/1100 1099/1099/1099 1558/1558/1558
f 1558/1558/1558 1858/1858/1858 1100/1100/1100
f 1099/1099/1099 1100/1100/1100 1101/1101/1101
f 1105/1105/1105 1101/1101/1101 1100/1100/1100
f 1103/1103/1103 1101/1101/1101 1105/1105/1105
f 1101/1101/1101 1103/1103/1103 1104/1104/1104
f 1114/1114/1114 1116/1116/1116 1104/1104/1104
f 1104/1104/1104 1103/1103/1103 1114/1114/1114
f 1114/1114/1114 1103/1103/1103 1106/1106/1106
f 1105/1105/1105 1106/1106/1106 1103/1103/1103
f 1245/1245/1245 1106/1106/1106 1105/1105/1105
f 1105/1105/1105 1246/1246/1246 1245/1245/1245
f 1247/1247/1247 1248/1248/1248 1245/1245/1245
f 1245/1245/1245 1246/1246/1246 1247/1247/1247
f 1105/1105/1105 1107/1107/1107 1563/1563/1563
f 1563/1563/1563 1246/1246/1246 1105/1105/1105
f 1100/1100/1100 1107/1107/1107 1105/1105/1105
f 1858/1858/1858 1567/1567/1567 1107/1107/1107
f 1107/1107/1107 1100/1100/1100 1858/1858/1858
f 1568/1568/1568 1563/1563/1563 1107/1107/1107
f 1107/1107/1107 1567/1567/1567 1568/1568/1568
f 1569/1569/1569 1570/1570/1570 1563/1563/1563
f 1563/1563/1563 1568/1568/1568 1569/1569/1569
f 532/532/532 1568/1568/1568 1567/1567/1567
f 842/842/842 534/534/534 1567/1567/1567
f 1567/1567/1567 1858/1858/1858 842/842/842
f 506/506/506 11/11/11 73/73/73
f 73/73/73 11/11/11 10/10/10
f 10/10/10 11/11/11 12/12/12
f 73/73/73 505/505/505 506/506/506
f 94/94/94 506/506/506 505/505/505
f 505/505/505 73/73/73 72/72/72
f 10/10/10 74/74/74 73/73/73
f 72/72/72 73/73/73 74/74/74
f 74/74/74 10/10/10 9/9/9
f 12/12/12 8/8/8 10/10/10
f 9/9/9 10/10/10 8/8/8
f 75/75/75 74/74/74 76/76/76
f 9/9/9 76/76/76 74/74/74
f 74/74/74 75/75/75 72/72/72
f 72/72/72 79/79/79 505/505/505
f 78/78/78 79/79/79 72/72/72
f 72/72/72 75/75/75 78/78/78
f 505/505/505 95/95/95 94/94/94
f 95/95/95 505/505/505 79/79/79
f 79/79/79 83/83/83 95/95/95
f 79/79/79 78/78/78 82/82/82
f 82/82/82 83/83/83 79/79/79
f 1880/1880/1880 1131/1131/1131 1132/1132/1132
f 1129/1129/1129 1132/1132/1132 1131/1131/1131
f 1131/1131/1131 1130/1130/1130 1129/1129/1129
f 1132/1132/1132 1787/1787/1787 1880/1880/1880
f 1786/1786/1786 1787/1787/1787 1132/1132/1132
f 1132/1132/1132 1147/1147/1147 1786/1786/1786
f 1146/1146/1146 1132/1132/1132 1129/1129/1129
f 1147/1147/1147 1132/1132/1132 1146/1146/1146
f 1129/1129/1129 1549/1549/1549 1146/1146/1146
f 1549/1549/1549 1129/1129/1129 1125/1125/1125
f 1125/1125/1125 1129/1129/1129 1130/1130/1130
f 1130/1130/1130 1126/1126/1126 1125/1125/1125
f 1125/1125/1125 1128/1128/1128 1549/1549/1549
f 1127/1127/1127 1128/1128/1128 1125/1125/1125
f 1125/1125/1125 1126/1126/1126 1127/1127/1127
f 1550/1550/1550 1549/1549/1549 1128/1128/1128
f 1549/1549/1549 1550/1550/1550 1143/1143/1143
f 1143/1143/1143 1146/1146/1146 1549/1549/1549
f 1146/1146/1146 1145/1145/1145 1147/1147/1147
f 1145/1145/1145 1146/1146/1146 1143/1143/1143
f 1797/1797/1797 1144/1144/1144 1143/1143/1143
f 1143/1143/1143 1144/1144/1144 1145/1145/1145
f 863/863/863 864/864/864 861/861/861
f 861/861/861 862/862/862 863/863/863
f 78/78/78 80/80/80 81/81/81
f 81/81/81 82/82/82 78/78/78
f 80/80/80 78/78/78 75/75/75
f 75/75/75 77/77/77 80/80/80
f 76/76/76 77/77/77 75/75/75
f 81/81/81 80/80/80 1130/1130/1130
f 80/80/80 77/77/77 1126/1126/1126
f 1126/1126/1126 1130/1130/1130 80/80/80
f 1130/1130/1130 1131/1131/1131 81/81/81
f 82/82/82 81/81/81 860/860/860
f 860/860/860 859/859/859 82/82/82
f 83/83/83 82/82/82 859/859/859
f 859/859/859 860/860/860 857/857/857
f 859/859/859 766/766/766 83/83/83
f 857/857/857 858/858/858 859/859/859
f 769/769/769 767/767/767 766/766/766
f 766/766/766 768/768/768 769/769/769
f 83/83/83 766/766/766 767/767/767
f 767/767/767 98/98/98 83/83/83
f 95/95/95 83/83/83 98/98/98
f 98/98/98 767/767/767 774/774/774
f 774/774/774 99/99/99 98/98/98
f 96/96/96 98/98/98 99/99/99
f 98/98/98 96/96/96 95/95/95
f 94/94/94 95/95/95 96/96/96
f 99/99/99 97/97/97 96/96/96
f 96/96/96 97/97/97 94/94/94
f 867/867/867 503/503/503 99/99/99
f 99/99/99 774/774/774 867/867/867
f 99/99/99 503/503/503 502/502/502
f 869/869/869 867/867/867 774/774/774
f 774/774/774 868/868/868 869/869/869
f 1878/1878/1878 1879/1879/1879 1876/1876/1876
f 1876/1876/1876 1877/1877/1877 1878/1878/1878
f 1881/1881/1881 1877/1877/1877 1882/1882/1882
f 1882/1882/1882 1883/1883/1883 1881/1881/1881
f 1567/1567/1567 534/534/534 532/532/532
f 526/526/526 525/525/525 532/532/532
f 532/532/532 534/534/534 526/526/526
f 531/531/531 532/532/532 525/525/525
f 526/526/526 534/534/534 842/842/842
f 525/525/525 533/533/533 531/531/531
f 1874/1874/1874 1875/1875/1875 1872/1872/1872
f 1872/1872/1872 1873/1873/1873 1874/1874/1874
