# leviathan_battle reconstructed from live game memory
v -0.00000 31.60364 -96.55670
v 12.76908 35.28281 -117.98135
v 19.01583 35.21704 -101.35743
v 20.45990 30.56870 -86.57175
v 23.11087 32.57001 -86.56847
v 19.37804 33.30018 -101.35748
v 16.22220 31.64360 -101.35748
v 22.54537 34.44178 -86.57297
v 19.01583 35.21704 -101.35743
v 18.16560 54.09611 98.62367
v 16.17510 51.73121 112.50723
v 8.96480 56.74381 112.50718
v 10.08310 59.76730 98.62367
v 14.34220 49.52148 125.98412
v 7.93577 53.85814 125.98471
v -0.00000 55.70931 125.98501
v -0.00000 58.89060 112.50718
v 0.00000 62.20170 98.62366
v 22.77010 59.72561 70.08181
v 20.35730 56.47530 85.87185
v 11.31430 62.70821 85.87173
v 12.39423 65.02346 77.30099
v 0.00000 65.75753 85.87163
v -0.00000 68.14500 79.41880
v 23.19730 38.79441 98.62367
v 25.84820 39.61461 85.87189
v 24.60500 30.98761 85.87189
v 22.12940 30.87690 98.62367
v 28.61780 40.74880 70.08213
v 27.23240 31.40380 70.08214
v 22.18940 23.75261 70.08215
v 20.03900 23.96891 85.87189
v 18.05000 24.45730 98.62367
v 20.23730 79.93630 -12.45696
v 10.56110 82.92621 -12.45667
v 10.78310 81.97200 -26.50430
v 20.63020 79.11350 -26.50440
v 0.00000 83.92859 -12.45676
v 0.00000 82.92549 -26.50430
v -0.00000 81.53200 -41.20037
v 11.00990 80.63960 -41.20036
v 21.01890 77.93210 -41.20035
v 20.49250 70.92609 -92.66350
v 10.83150 73.02458 -92.66342
v 9.54420 71.99159 -111.92879
v 17.80550 69.85469 -111.92863
v 21.06740 71.78260 -85.35656
v 11.10320 73.91100 -85.35656
v -0.00000 74.61519 -85.35658
v -0.00000 73.73688 -92.66330
v -0.00000 72.78268 -111.92888
v 39.73130 37.16650 -41.20283
v 39.53490 37.55480 -26.34590
v 39.48060 43.13230 -26.50420
v 39.80010 44.02930 -41.20037
v 38.69621 35.08480 -12.40496
v 38.87080 41.66541 -12.45826
v 38.68930 49.49560 -12.46176
v 39.08150 50.41680 -26.50740
v 39.39200 51.09760 -41.20036
v 29.73550 20.67720 -41.19800
v 15.11910 19.45790 -41.19486
v 15.85390 17.21490 -23.74460
v 29.28850 17.99530 -23.50490
v -0.00000 18.96070 -41.19480
v -0.00000 16.71000 -23.76670
v 16.28170 17.50980 -11.89740
v 30.98090 19.36490 -12.03940
v -0.00000 16.57530 -11.88840
v 31.41730 42.35410 52.80360
v 30.08100 32.17260 52.79970
v 33.95930 44.11620 35.03586
v 32.73861 33.25120 35.03583
v 27.10600 24.19090 35.03579
v 24.69670 23.77390 52.79370
v 36.42610 36.47050 0.16058
v 37.38220 47.15660 0.16058
v 39.73130 37.16650 -41.20283
v 39.80010 44.02930 -41.20037
v 39.98100 44.84959 -52.25941
v 39.39030 38.90240 -52.24430
v 39.39200 51.09760 -41.20036
v 39.62870 51.46009 -52.26691
v 39.58292 51.12085 -63.17382
v 39.61092 45.11474 -63.19330
v 38.86553 39.75674 -63.18190
v 12.94880 36.82971 172.68533
v 13.44400 36.91431 166.47604
v 12.59660 32.71011 166.47154
v 12.13200 32.96781 172.68521
v 14.03060 36.98301 159.41133
v 13.15260 32.43051 159.41241
v 10.45170 28.64531 159.41351
v 9.99860 29.23041 166.47604
v 9.62540 29.81011 172.68509
v 40.99920 29.06700 -24.93470
v 43.26621 26.14570 -23.73420
v 39.93331 23.82060 -13.93740
v 37.32150 25.84550 -12.00880
v 46.73390 24.58960 -22.38490
v 44.97838 22.66990 -13.87690
v 57.18180 23.44090 -19.52920
v 51.51950 23.82680 -21.04500
v 53.52081 22.04800 -28.95240
v 60.19030 21.86740 -27.51170
v 47.57121 22.75890 -30.88110
v 37.84370 18.31670 -22.87400
v 29.28850 17.99530 -23.50490
v 37.55360 19.73650 -13.38680
v 44.48756 19.90250 -12.84680
v 46.24417 18.40160 -21.91530
v 50.72810 18.47240 -20.69220
v 57.57550 18.53910 -19.12270
v 60.57360 19.95440 -28.51060
v 53.33990 19.96490 -29.85260
v 47.67367 20.44970 -31.82535
v 59.63920 21.40140 -8.68430
v 53.57210 21.78690 -10.70610
v 63.28010 23.01570 -17.65250
v 69.65279 22.58920 -15.56660
v 66.12389 21.08600 -7.01700
v 66.65269 21.67520 -25.63140
v 72.98449 21.50220 -23.32760
v 64.57980 18.61170 -17.12470
v 53.14740 19.92170 -9.20790
v 59.39090 19.88050 -7.27120
v 65.97419 19.84820 -5.75850
v 71.45549 18.68960 -15.05080
v 67.33280 19.94500 -26.67980
v 73.78909 19.93960 -24.43380
v 72.82260 20.98230 -6.16840
v 76.13860 22.19960 -13.42330
v 81.79761 21.83610 -11.74186
v 78.64709 20.97220 -6.03250
v 79.26249 21.37920 -20.61660
v 84.31300 21.26160 -17.80460
v 77.91689 18.77250 -13.25350
v 72.62309 19.85020 -4.97850
v 78.47620 19.88250 -4.87630
v 83.91539 19.10239 -11.54540
v 80.11399 19.94100 -21.84650
v 85.26429 19.95370 -19.03490
v 60.78200 20.89350 -29.23240
v 53.73140 20.97830 -30.61030
v 47.64350 21.55120 -32.24960
v 53.14740 19.92170 -9.20790
v 52.75660 20.82880 -8.59900
v 58.84570 20.61120 -6.61490
v 59.39090 19.88050 -7.27120
v 65.35769 20.43990 -5.10340
v 65.97419 19.84820 -5.75850
v 67.39170 20.80460 -27.38960
v 73.74369 20.73000 -25.09530
v 72.06089 20.40920 -4.46780
v 72.62309 19.85020 -4.97850
v 78.06719 20.44040 -4.61850
v 78.47620 19.88250 -4.87630
v 80.02129 20.68790 -22.36280
v 85.11900 20.64510 -19.30990
v 51.21350 36.17801 233.37318
v 52.62850 35.42351 232.11539
v 54.25890 34.92931 235.16141
v 54.00560 35.07591 236.38539
v 53.02060 34.31351 231.72058
v 54.72610 34.13331 235.37509
v 55.89366 34.05781 238.44867
v 82.48859 20.45480 -5.46570
v 82.50949 20.93780 -6.50350
v 86.90889 20.94600 -9.95530
v 87.85880 20.46760 -9.67930
v 82.67199 19.94130 -5.39750
v 88.11810 19.95670 -9.67070
v 82.67199 19.94130 -5.39750
v 88.11810 19.95670 -9.67070
v 86.48251 19.34288 -10.47759
v 40.09000 34.41611 231.31680
v 40.44600 35.96021 230.79489
v 46.37580 35.61661 233.22141
v 45.92350 34.24891 233.73660
v 41.24710 37.25981 228.77548
v 46.81670 36.75021 231.60278
v 50.45010 35.28181 235.15558
v 50.10300 34.13771 235.70149
v 39.79830 32.10900 -19.59580
v 37.32150 25.84550 -12.00880
v 40.27940 32.74670 -31.84310
v 39.99560 33.93060 -25.88030
v 40.99920 29.06700 -24.93470
v 53.20060 34.06041 237.32318
v 53.03850 34.87101 236.71988
v 24.88470 31.50431 200.22218
v 28.03100 33.43270 198.38329
v 19.43790 33.42051 191.35529
v 17.35670 31.45281 192.50749
v 29.33880 35.91080 198.32199
v 20.56160 36.24430 191.34758
v 14.23310 36.49651 185.99207
v 13.37770 33.33741 185.99211
v 10.39030 30.77891 186.00774
v 43.63850 31.95160 221.46329
v 45.26880 33.27601 219.86150
v 37.34030 33.37601 209.07050
v 35.60680 31.84441 211.48279
v 46.14240 35.01261 219.49948
v 38.46440 35.47211 208.86069
v 48.03070 32.02321 228.04648
v 49.71960 33.15821 227.20139
v 50.32990 32.26661 233.12769
v 52.11180 33.14181 231.96739
v 50.57690 34.61641 226.77408
v 53.51230 33.09631 236.22940
v 53.86420 33.34561 235.03659
v 45.90459 31.65871 228.77939
v 45.95010 32.02731 231.46329
v 41.69930 31.57291 224.80049
v 40.55190 31.98751 228.70418
v 52.64390 33.28731 236.59508
v 49.92879 33.03681 235.00879
v 45.86900 32.97161 233.13309
v 40.07040 33.01361 230.74799
v 32.74830 31.92371 224.53119
v 32.13880 33.08491 227.63339
v 24.15610 31.88601 220.30508
v 23.52430 33.17651 224.21948
v 23.22140 34.93541 225.05450
v 32.03020 34.66171 228.33038
v 16.39220 31.92451 217.38649
v 15.67710 33.27951 220.93671
v 9.84470 32.03541 214.96150
v 9.05020 33.40971 217.66370
v 8.42310 35.41941 218.50031
v 15.14100 35.18721 221.76549
v 21.01890 77.93210 -41.20035
v 11.00990 80.63960 -41.20036
v 11.18070 79.14160 -52.26741
v 21.29810 76.56940 -52.26811
v -0.00000 81.53200 -41.20037
v -0.00000 79.97481 -52.26711
v -0.00000 78.33510 -63.18843
v 11.21673 77.56321 -63.18842
v 21.32476 75.13235 -63.18843
v 18.48552 37.66042 125.98184
v 20.75370 38.13131 112.50750
v 19.73670 31.02411 112.50728
v 17.48031 31.37399 125.97808
v 16.02680 25.25231 112.50702
v 14.08892 26.24101 125.97421
v 13.14860 47.98621 135.33081
v 7.26320 51.86770 135.33080
v 12.11720 46.70931 143.82367
v 6.68230 50.16811 143.82666
v -0.00000 51.65101 143.82718
v -0.00000 53.52971 135.33080
v 17.03730 37.36150 135.33087
v 16.23780 42.98961 135.33080
v 17.64907 43.91593 125.98352
v 15.78980 37.19701 143.80884
v 15.01640 42.26461 143.81656
v 5.15840 84.68810 68.63089
v 2.19550 88.75680 64.62819
v 3.43520 86.11700 62.18339
v 2.74950 89.68124 68.31079
v 0.00000 91.38623 68.27469
v -0.00000 89.87830 63.70379
v -0.00000 87.40280 59.69769
v 2.19550 90.43140 72.48129
v -0.00000 91.72473 79.92731
v -0.00000 91.97150 73.52019
v 16.05360 31.58580 135.33087
v 14.84710 31.86971 143.80414
v 12.87220 26.83780 135.33089
v 11.86330 27.46210 143.80116
v 10.65910 44.79340 159.41182
v 10.18260 44.10771 166.47604
v 5.59410 46.45861 166.47604
v 5.86100 47.45110 159.41133
v 9.78610 43.54381 172.68546
v 5.37290 45.63531 172.68558
v -0.00000 46.43842 172.68578
v -0.00000 47.39981 166.47154
v -0.00000 48.54710 159.41092
v 10.59770 32.23690 -116.84631
v 12.67747 33.53410 -117.42234
v 9.56339 33.67392 -121.87384
v 8.03030 32.57690 -121.05851
v 12.76908 35.28281 -117.98135
v 9.81479 35.36173 -122.86404
v 7.37789 35.18616 -124.87088
v 6.47864 33.75227 -124.32314
v 6.16870 32.93439 -122.82681
v 10.00600 20.92620 98.62367
v 8.86590 22.10931 112.50692
v -0.00000 19.88270 98.62382
v -0.00000 21.19501 112.50690
v -0.00000 22.63270 125.97233
v 7.76701 23.44586 125.97253
v 7.07890 24.29300 135.33089
v -0.00000 23.57140 135.33089
v -0.00000 24.52400 143.79736
v 6.51310 25.15351 143.79855
v -0.00000 26.23401 159.41351
v -0.00000 27.06951 166.47606
v 5.47140 27.49851 166.47604
v 5.72270 26.72671 159.41373
v -0.00000 27.90491 172.68492
v 5.26580 28.27031 172.68492
v 4.88600 29.87911 186.00571
v 4.77480 30.84641 196.49968
v 9.69110 30.97580 195.92709
v -0.00000 29.66391 186.00690
v -0.00000 30.76331 196.93369
v 5.09870 31.58920 205.02608
v 10.15620 31.48991 203.79118
v 37.97660 50.67619 -85.35654
v 36.88910 57.49449 -85.35656
v 35.47160 57.12869 -92.66293
v 35.92150 50.93299 -92.66278
v 33.99990 63.39009 -85.35656
v 32.74120 62.83249 -92.66298
v 27.10880 62.26589 -111.92842
v 29.35040 56.83969 -111.92867
v 29.74300 50.84849 -111.93030
v 34.04900 44.80979 -92.66217
v 35.69140 44.50959 -85.35623
v 27.84440 44.81099 -111.93428
v 30.75790 39.87169 -92.66138
v 24.67090 39.91389 -111.94066
v 32.52940 39.07839 -85.36252
v 29.17467 70.92757 -63.18854
v 29.24820 72.18610 -52.26950
v 34.73144 65.29178 -63.18869
v 34.90760 66.23430 -52.27041
v 34.69350 67.10451 -41.20035
v 28.98560 73.37890 -41.20035
v 28.98560 73.37890 -41.20035
v 28.56470 74.35180 -26.50510
v 34.69350 67.10451 -41.20035
v 34.30920 67.69791 -26.50621
v 33.85820 67.97840 -12.45966
v 28.10300 74.97620 -12.45796
v 27.09380 74.68940 0.16058
v 19.51390 79.79641 0.16058
v 32.70800 67.41840 0.16058
v 23.99634 71.96126 35.04707
v 16.64160 76.73101 35.05275
v 18.74834 78.54711 17.62622
v 25.97738 73.62910 17.62461
v 28.81790 64.68526 35.03740
v 31.36581 66.46932 17.62261
v 21.46820 69.84884 52.11990
v 14.82580 74.44879 50.60309
v 9.14040 30.70229 -101.35748
v 10.91750 29.42249 -86.56942
v -0.00000 30.40850 -101.35750
v 0.00000 29.05610 -86.56931
v 29.73550 20.67720 -41.19800
v 13.95590 21.35460 -52.19410
v 15.11910 19.45790 -41.19486
v 25.48440 22.84260 -52.18560
v 24.12414 25.18819 -63.17435
v 12.68964 23.58989 -63.18821
v -0.00000 23.06579 -63.18786
v -0.00000 20.83960 -52.20010
v -0.00000 18.96070 -41.19480
v 48.12610 22.10090 -12.61840
v 43.26870 24.54150 -33.81477
v 39.08450 26.96910 -41.19885
v 47.51810 19.94670 -11.26010
v 38.41031 20.39630 -34.91607
v 47.32200 20.99810 -10.65230
v 44.20999 21.24740 -12.11730
v 47.51810 19.94670 -11.26010
v 44.48756 19.90250 -12.84680
v 41.84050 23.17570 -35.74821
v 8.90340 79.39764 35.05817
v 9.79505 81.53538 17.62712
v 7.55880 77.88480 47.40759
v -0.00000 79.16991 45.39009
v -0.00000 80.36594 35.06082
v -0.00000 82.54710 17.62742
v 38.72110 44.99559 -73.38910
v 37.59580 42.76309 -76.57080
v 37.39560 42.01339 -74.93559
v 37.56840 42.37269 -73.29179
v 36.71450 40.51819 -77.61569
v 36.85670 40.67899 -75.55829
v 36.66880 40.44159 -73.19609
v 36.73430 36.51239 -69.66600
v 36.80870 38.69239 -71.56390
v 36.65130 38.03809 -73.02559
v 36.00350 36.42189 -73.36929
v 36.54250 38.71849 -74.58600
v 35.96800 37.17879 -75.80269
v 38.40720 40.81279 -68.84549
v 37.51290 40.73069 -70.86110
v 37.31860 39.37599 -70.36600
v 37.90960 38.98299 -68.82330
v 38.71160 42.93049 -70.07539
v 37.89220 42.06239 -71.61639
v 36.67990 39.36529 -75.87750
v 36.21050 38.54429 -77.39929
v 39.23727 52.72491 -73.48389
v 39.34344 49.64676 -73.44936
v 38.47900 47.14469 -78.49449
v 39.42790 44.18449 -67.06430
v 39.09210 41.02549 -66.41420
v 39.60960 47.37569 -68.46159
v 38.05900 37.75359 -66.34819
v 38.61108 39.22527 -66.06363
v 31.37880 36.21449 -80.94539
v 34.27230 37.42839 -79.31509
v 30.61830 34.08429 -78.20084
v 33.71730 35.54179 -77.34880
v 35.31860 40.09059 -80.21669
v 36.95070 43.71129 -79.76880
v 37.95980 58.56789 -63.18876
v 37.88917 58.37486 -73.52556
v 34.79287 64.52939 -73.57243
v 21.51427 73.64247 -73.65830
v 11.33653 75.86987 -73.69994
v -0.00000 76.57377 -73.69405
v 28.71280 68.21420 -85.35656
v 29.33383 69.76968 -73.62746
v 35.69060 28.71530 -52.19420
v 39.08450 26.96910 -41.19885
v 33.65405 30.03818 -63.17910
v 33.65300 31.58970 -67.46584
v 33.60230 33.14739 -71.56680
v 0.00000 71.91008 -130.37151
v 7.84950 71.16829 -130.08420
v 14.23130 69.20419 -129.88910
v 14.46900 62.31669 -137.36990
v 19.25780 62.22429 -131.10390
v 17.63690 66.27939 -130.45280
v 13.75210 66.35410 -136.20779
v 23.46040 66.60849 -111.92842
v 12.06020 68.56158 -134.21080
v 20.28570 56.86919 -131.17081
v 20.19230 50.78149 -130.48579
v 22.20650 46.81960 98.62367
v 19.83560 45.28031 112.50740
v 27.53740 50.35340 70.08215
v 24.81720 48.44390 85.87189
v 44.54270 37.73071 221.50078
v 45.81160 36.62801 219.88150
v 50.20810 35.95041 227.29439
v 48.87450 36.92991 228.19189
v 14.55212 66.82581 70.08113
v 10.14108 70.06176 70.08092
v 17.36180 68.06550 64.52960
v -0.00000 70.24580 75.94899
v -0.00000 72.57640 75.30711
v 6.91830 72.88451 70.08102
v -0.00000 70.24580 75.94899
v 11.79680 73.35948 61.75270
v 12.71930 40.81991 166.47159
v 13.29090 41.20400 159.41142
v 12.23910 40.48181 172.68546
v 10.66940 42.69841 186.00063
v 13.62810 39.75140 185.99203
v 20.19570 39.23401 191.34369
v 18.53620 41.55531 191.77429
v 29.16840 38.52980 198.36749
v 26.78100 40.75760 199.67639
v 27.77200 67.48019 -92.66327
v 38.15270 58.95700 -52.27011
v 37.92610 59.23340 -41.20035
v 37.92610 59.23340 -41.20035
v 37.58620 59.16250 -26.50750
v 37.20270 58.87580 -12.46157
v 36.14010 57.85670 0.16058
v 32.70070 55.06470 35.03588
v 30.23690 52.74830 52.80190
v 26.82540 62.64618 52.62910
v 14.80210 56.92439 -137.55280
v 14.42240 50.72739 -136.50490
v 11.11040 39.05019 -130.98061
v 15.90820 39.46189 -126.88849
v 18.44970 44.52849 -128.88120
v 13.00100 44.27619 -133.97440
v 5.93380 31.52839 -116.89362
v -0.00000 31.31739 -116.93391
v 39.08450 26.96910 -41.19885
v 21.23900 37.34399 -111.94952
v 26.95240 37.23149 -92.66069
v 13.41810 36.93339 -125.03920
v 18.14281 36.55828 -111.95108
v 10.19800 35.81638 -124.18440
v 24.49921 36.72218 -92.66029
v 28.10330 36.62929 -85.36740
v 25.45508 36.09305 -85.28897
v 5.69860 38.58369 -133.11450
v 4.76700 36.08519 -130.32860
v 9.32340 36.52909 -128.54269
v -0.00000 38.33669 -133.69189
v -0.00000 35.85339 -130.79221
v -0.00000 35.39265 -128.40860
v 4.49420 35.48805 -127.85379
v 8.04570 35.67198 -126.86450
v 34.87683 34.55986 17.61510
v 29.03171 25.10217 17.61169
v 36.04333 45.71112 17.61800
v 32.67510 25.62360 0.15329
v 10.18420 82.86610 0.16058
v -0.00000 83.89160 0.16058
v 34.79705 56.75542 17.62051
v 24.49921 36.72218 -92.66029
v 18.14281 36.55828 -111.95108
v 0.00000 39.77891 -96.38196
v 10.19800 35.81638 -124.18440
v 22.54537 34.44178 -86.57297
v 11.83660 32.99000 -86.57108
v -0.00000 32.25280 -86.57323
v -0.00000 35.14666 -126.16576
v 4.43239 35.26316 -125.90044
v -0.00000 34.02739 -121.45852
v 7.37789 35.18616 -124.87088
v 9.81479 35.36173 -122.86404
v -0.00000 44.76801 185.99200
v 4.94110 44.24111 185.99202
v 4.75170 43.63081 191.33870
v -0.00000 44.02711 191.33801
v 9.89450 42.92041 191.77229
v 10.03220 42.33010 197.74278
v 4.50330 42.92280 197.24580
v -0.00000 43.22891 197.06400
v 0.00000 50.65379 -140.78540
v 7.49130 50.67759 -139.81081
v 7.77640 57.05439 -141.01450
v -0.00000 57.13819 -142.01529
v 7.71550 62.62799 -140.67500
v -0.00000 62.83829 -141.58740
v 6.70270 43.98419 -136.72630
v 0.00000 43.82839 -137.51691
v 8.04570 35.67198 -126.86450
v 4.49420 35.48805 -127.85379
v -0.00000 35.39265 -128.40860
v -0.00000 38.03759 -85.36279
v 12.05370 37.10439 -85.26488
v 25.45508 36.09305 -85.28897
v -0.00000 70.39049 -136.33260
v -0.00000 67.31119 -139.88220
v 7.46610 66.91168 -139.12959
v 7.39020 69.79518 -135.79410
v 28.04330 35.09959 -81.61079
v 25.57140 34.85587 -81.48671
v 25.24831 32.41243 -77.37527
v 27.49860 32.88687 -77.99026
v 35.10930 23.77430 -41.18835
v 32.11780 25.24690 -52.18451
v 29.89733 26.83593 -63.19545
v 29.60570 28.40547 -68.19687
v 22.04584 28.23668 -74.41316
v 30.06900 30.08919 -72.22769
v 26.88880 29.09419 -73.54350
v 23.82426 30.83856 -79.57764
v 23.14751 34.28067 -81.43082
v 27.19560 31.31946 -76.15614
v 30.10670 32.44152 -75.95490
v 11.86850 26.83550 -74.16244
v -0.00000 26.34159 -74.27363
v 33.55890 34.24759 -74.60280
v 38.43690 21.70490 -12.33620
v 37.55360 19.73650 -13.38680
v 30.98090 19.36490 -12.03940
v 35.56960 22.33220 -11.02480
v 35.56960 22.33220 -11.02480
v 15.12890 18.65630 35.03574
v 13.73310 18.72790 52.78870
v 0.00000 16.77050 35.03572
v -0.00000 17.04310 52.78650
v -0.00000 17.75020 70.08214
v 12.29690 19.22970 70.08215
v 11.10210 19.96440 85.87191
v -0.00000 18.71560 85.87191
v 16.77460 19.50220 0.16048
v -0.00000 17.42330 0.16048
v 16.24182 19.13865 17.60768
v 0.00000 17.03039 17.60557
v 25.24831 32.41243 -77.37527
v 25.57140 34.85587 -81.48671
v 11.97731 35.55410 -76.37961
v 11.92941 33.99090 -74.99011
v -0.25589 36.31409 -75.63312
v -0.25589 34.41780 -73.99510
v 11.86591 33.19920 -76.12212
v -0.25589 33.02110 -75.26392
v 23.14751 34.28067 -81.43082
v 32.29100 36.39711 227.75409
v 23.36640 36.87091 224.37430
v 24.19740 38.66901 220.39929
v 33.20470 37.94171 224.70959
v 33.99020 31.43531 217.89209
v 24.99780 31.35581 211.74669
v 4.90170 32.21441 212.21609
v 4.09660 33.58281 214.27960
v -0.00000 32.44500 208.40439
v 5.03095 31.75251 209.38701
v -0.00000 31.66944 205.01559
v 0.00000 35.73800 213.70810
v 3.70220 35.63471 215.29539
v 0.00000 33.68010 212.55980
v 15.77880 42.37411 193.07028
v 17.57140 41.77660 198.50620
v 37.35120 43.10039 -73.28819
v 36.94020 42.23449 -74.98059
v 37.43090 41.68549 -74.38989
v 37.78050 41.98339 -73.25250
v 36.47230 40.55329 -76.05650
v 37.28870 40.56969 -74.82100
v 37.84950 40.39169 -73.18689
v 36.41390 37.93039 -71.17389
v 37.25480 39.06659 -72.05890
v 36.91540 38.49589 -73.07120
v 36.16700 37.45009 -73.00250
v 37.07080 38.96969 -74.15030
v 36.10100 37.75189 -74.87979
v 37.28140 40.66269 -70.31940
v 37.74220 40.63419 -71.57050
v 37.37730 39.59999 -71.22899
v 36.85980 39.10619 -70.23930
v 37.45500 42.28529 -71.53510
v 37.77410 41.71939 -72.09290
v 36.93590 39.47769 -75.04309
v 36.19770 38.92269 -75.96040
v 8.64290 39.90701 213.80960
v 8.29940 37.75281 217.57190
v 3.60580 38.14681 214.44580
v 3.75960 40.47321 211.09180
v 0.00000 35.73800 213.70810
v 0.00000 38.33551 212.94090
v -0.00000 40.74992 209.81070
v 15.12770 37.32511 220.93079
v 15.73280 39.31491 216.83910
v 42.60200 37.92881 224.85129
v 46.83710 37.32471 228.89618
v 25.95250 40.01590 211.34988
v 17.05170 40.77781 207.89671
v 9.41770 41.37920 206.14418
v 4.11570 41.96771 204.59428
v -0.00000 42.25881 203.87001
v 38.25270 37.57451 209.05960
v 37.01350 38.97021 211.49680
v 35.05479 38.94601 218.00189
v 10.47080 31.60801 209.33968
v 16.65300 31.32011 201.91978
v 16.94230 31.44461 210.05721
v 14.84980 31.03151 195.94499
v 24.94238 38.27169 -90.71370
v 25.08529 38.37909 -92.24179
v 23.99158 35.19889 -92.08260
v 23.87139 35.07689 -91.30400
v 24.15479 38.52939 -93.54430
v 23.47268 35.20579 -92.73889
v 23.47268 35.20579 -92.73889
v 24.15479 38.52939 -93.54430
v 22.41558 38.63689 -93.67769
v 22.60109 35.33219 -92.83049
v 20.93779 38.65839 -92.86769
v 21.84129 35.27149 -92.39589
v 21.84129 35.27149 -92.39589
v 20.93779 38.65839 -92.86769
v 20.79148 38.55039 -91.33969
v 21.75519 35.28879 -91.61279
v 21.71869 38.39969 -90.03720
v 22.23779 35.14229 -90.96100
v 22.23779 35.14229 -90.96100
v 21.71869 38.39969 -90.03720
v 23.46128 38.29269 -89.90370
v 23.14579 35.15549 -90.86490
v 24.94238 38.27169 -90.71370
v 23.87139 35.07689 -91.30400
v 22.93048 33.72559 -92.37729
v 23.37848 33.95839 -92.03160
v 22.45148 32.61468 -91.90799
v 23.14878 33.65529 -91.59100
v 22.03638 33.76169 -92.18939
v 22.48858 34.04349 -92.51030
v 22.93048 33.72559 -92.37729
v 22.25389 33.69129 -91.40309
v 21.94719 34.01609 -91.73090
v 22.45148 32.61468 -91.90799
v 22.03638 33.76169 -92.18939
v 23.14878 33.65529 -91.59100
v 22.83718 33.93099 -91.25229
v 22.25389 33.69129 -91.40309
v 26.23015 38.33319 -84.95816
v 26.42525 38.53659 -86.65109
v 25.31765 35.35879 -86.86349
v 25.17056 35.18789 -86.09720
v 26.42525 38.53659 -86.65109
v 25.53565 38.76979 -88.10849
v 24.81885 35.40779 -87.52859
v 24.81885 35.40779 -87.52859
v 25.53565 38.76979 -88.10849
v 23.79465 38.88769 -88.27649
v 23.94765 35.54089 -87.63379
v 22.28425 38.85999 -87.50330
v 23.17025 35.45379 -87.22180
v 23.17025 35.45379 -87.22180
v 22.28425 38.85999 -87.50330
v 22.08636 38.65629 -85.34848
v 23.05816 35.42159 -86.44330
v 22.08636 38.65629 -85.34848
v 22.97315 38.42259 -84.82954
v 23.52025 35.23359 -85.79039
v 23.52025 35.23359 -85.79039
v 22.97315 38.42259 -84.82954
v 24.71696 38.30509 -84.69304
v 24.42815 35.23949 -85.67299
v 24.71696 38.30509 -84.69304
v 26.23015 38.33319 -84.95816
v 25.17056 35.18789 -86.09720
v 24.25725 33.90789 -87.26100
v 24.69635 34.11809 -86.89479
v 23.75835 32.76827 -86.83380
v 24.44985 33.78769 -86.47670
v 23.35386 33.93319 -87.09290
v 23.81955 34.23449 -87.38780
v 23.75835 32.76827 -86.83380
v 24.25725 33.90789 -87.26100
v 23.54575 33.81279 -86.30859
v 23.25035 34.15839 -86.62590
v 23.35386 33.93319 -87.09290
v 24.44985 33.78769 -86.47670
v 24.12715 34.04199 -86.13289
v 23.54575 33.81279 -86.30859
v 22.50385 38.06059 -100.76059
v 22.57395 38.21099 -102.28819
v 21.51615 34.99969 -102.20219
v 21.43385 34.85569 -101.42459
v 21.59145 38.39249 -103.55359
v 20.97205 35.02119 -102.84050
v 20.97205 35.02119 -102.84050
v 21.59145 38.39249 -103.55359
v 19.86345 38.49489 -103.62599
v 20.10445 35.14619 -102.89900
v 18.43815 38.48649 -102.76730
v 19.37285 35.06959 -102.44189
v 19.37285 35.06959 -102.44189
v 18.43815 38.48649 -102.76730
v 18.36365 38.33559 -101.23979
v 19.32355 35.06569 -101.65619
v 19.34175 38.15349 -99.97429
v 19.83185 34.90369 -101.02600
v 19.83185 34.90369 -101.02600
v 19.34175 38.15349 -99.97429
v 21.07415 38.05159 -99.90199
v 20.73515 34.91929 -100.95940
v 22.50385 38.06059 -100.76059
v 21.43385 34.85569 -101.42459
v 20.46035 33.51869 -102.51219
v 20.91845 33.74639 -102.17369
v 20.01115 32.38908 -102.04730
v 20.71325 33.42859 -101.73639
v 19.58395 33.54529 -102.29379
v 20.01505 33.83989 -102.61960
v 20.01115 32.38908 -102.04730
v 20.46035 33.51869 -102.51219
v 19.83565 33.45499 -101.51790
v 19.51525 33.78889 -101.82420
v 19.58395 33.54529 -102.29379
v 20.71325 33.42859 -101.73639
v 20.41865 33.69549 -101.37830
v 19.83565 33.45499 -101.51790
v 20.52448 37.97679 -106.16760
v 20.59138 38.10949 -107.69670
v 19.54058 34.88509 -107.58139
v 19.46018 34.75009 -106.80229
v 19.61238 38.27649 -108.96399
v 18.99868 34.89869 -108.21989
v 18.99868 34.89869 -108.21989
v 19.61238 38.27649 -108.96399
v 17.89478 38.37849 -109.03729
v 18.13618 35.02349 -108.27960
v 16.47948 38.38049 -108.17839
v 17.40978 34.95219 -107.82170
v 17.40978 34.95219 -107.82170
v 16.47948 38.38049 -108.17839
v 16.40768 38.24729 -106.64929
v 17.36188 34.95819 -107.03589
v 17.38178 38.07959 -105.38210
v 17.86818 34.80329 -106.40410
v 17.86818 34.80329 -106.40410
v 17.38178 38.07959 -105.38210
v 19.10438 37.97819 -105.30879
v 18.76628 34.81969 -106.33769
v 20.52448 37.97679 -106.16760
v 19.46018 34.75009 -106.80229
v 18.49088 33.39369 -107.87779
v 18.94678 33.62659 -107.54129
v 18.04518 32.26727 -107.40750
v 18.74358 33.31289 -107.10109
v 17.62008 33.42319 -107.65959
v 18.04798 33.71489 -107.98819
v 18.04518 32.26727 -107.40750
v 18.49088 33.39369 -107.87779
v 17.87148 33.34219 -106.88280
v 17.55248 33.67369 -107.19220
v 17.62008 33.42319 -107.65959
v 18.74358 33.31289 -107.10109
v 18.45128 33.58539 -106.74539
v 17.87148 33.34219 -106.88280
v 18.63613 38.00419 -110.98810
v 18.55433 38.07389 -112.52490
v 17.58343 34.83599 -112.20219
v 17.58053 34.73269 -111.41299
v 17.46283 38.17999 -113.72009
v 16.98663 34.81819 -112.79790
v 16.98663 34.81819 -112.79790
v 17.46283 38.17999 -113.72009
v 15.75623 38.26439 -113.66310
v 16.12613 34.93359 -112.79500
v 14.43903 38.28999 -112.69539
v 15.45283 34.87529 -112.27840
v 15.45283 34.87529 -112.27840
v 14.43903 38.28999 -112.69539
v 14.51593 38.21949 -111.15860
v 15.48013 34.91379 -111.49060
v 15.60233 38.11259 -109.96339
v 16.04353 34.78929 -110.89349
v 16.04353 34.78929 -110.89349
v 15.60233 38.11259 -109.96339
v 17.31403 38.02889 -110.02049
v 16.93753 34.81619 -110.89780
v 18.63613 38.00419 -110.98810
v 17.58053 34.73269 -111.41299
v 16.54373 33.31939 -112.35809
v 17.02243 33.57089 -112.06680
v 16.15823 32.20757 -111.83080
v 16.86893 33.27319 -111.59929
v 15.70303 33.35089 -112.07350
v 16.08963 33.63299 -112.44620
v 16.54373 33.31939 -112.35809
v 16.02693 33.30439 -111.31459
v 15.67623 33.62109 -111.61139
v 16.15823 32.20757 -111.83080
v 15.70303 33.35089 -112.07350
v 16.86893 33.27319 -111.59929
v 16.60903 33.55889 -111.23199
v 16.02693 33.30439 -111.31459
v 16.16860 38.36769 -116.08740
v 15.92620 38.29249 -117.61639
v 15.20500 35.05259 -116.92880
v 15.28970 35.02239 -116.13359
v 14.72180 38.24499 -118.71950
v 14.55670 34.95639 -117.46800
v 14.55670 34.95639 -117.46800
v 14.72180 38.24499 -118.71950
v 13.04090 38.26679 -118.51930
v 13.70170 35.03779 -117.39909
v 11.84070 38.32909 -117.44170
v 13.09490 35.00079 -116.82019
v 13.09490 35.00079 -116.82019
v 11.84070 38.32909 -117.44170
v 12.07840 38.40319 -115.91269
v 13.20050 35.11289 -116.04149
v 13.27800 38.44969 -114.80960
v 13.82490 35.06609 -115.48590
v 13.82490 35.06609 -115.48590
v 13.27800 38.44969 -114.80960
v 14.96360 38.42899 -115.00990
v 14.70380 35.12779 -115.57129
v 16.16860 38.36769 -116.08740
v 15.28970 35.02239 -116.13359
v 14.25880 33.48469 -116.86099
v 14.74490 33.78119 -116.63490
v 13.96900 32.40817 -116.25200
v 14.66030 33.52149 -116.12990
v 13.45750 33.50929 -116.50610
v 13.78270 33.77149 -116.93590
v 13.96900 32.40817 -116.25200
v 14.25880 33.48469 -116.86099
v 13.85780 33.54579 -115.77490
v 13.46190 33.82039 -116.06700
v 13.45750 33.50929 -116.50610
v 14.66030 33.52149 -116.12990
v 14.42410 33.83009 -115.76610
v 13.85780 33.54579 -115.77490
v 5.13570 37.28649 -127.72969
v 3.76310 37.20099 -128.58998
v 3.75630 33.99739 -127.42729
v 4.44290 33.97479 -126.94719
v 2.11620 37.23119 -128.50348
v 2.91020 33.94539 -127.33939
v 2.91020 33.94539 -127.33939
v 2.11620 37.23119 -128.50348
v 1.19690 37.39609 -127.21219
v 2.41960 34.10189 -126.70969
v 1.28630 37.57929 -125.66309
v 2.49130 34.12729 -125.89948
v 2.49130 34.12729 -125.89948
v 1.28630 37.57929 -125.66309
v 2.66550 37.66399 -124.80278
v 3.18530 34.24629 -125.45479
v 4.31910 37.63289 -124.88928
v 4.02820 34.15619 -125.50719
v 4.02820 34.15619 -125.50719
v 4.31910 37.63289 -124.88928
v 5.23180 37.46879 -126.18048
v 4.52200 34.14179 -126.17238
v 5.13570 37.28649 -127.72969
v 4.44290 33.97479 -126.94719
v 3.16080 32.49609 -126.63309
v 3.66000 32.75789 -126.83318
v 3.44570 31.45077 -125.98929
v 4.00110 32.51249 -126.41808
v 2.93170 32.59679 -125.84398
v 2.80440 32.82529 -126.37389
v 3.44570 31.45077 -125.98929
v 3.16080 32.49609 -126.63309
v 3.77360 32.61289 -125.62909
v 3.29470 32.91869 -125.57079
v 2.93170 32.59679 -125.84398
v 4.00110 32.51249 -126.41808
v 4.15020 32.85129 -126.02998
v 3.77360 32.61289 -125.62909
v 23.78900 38.22199 -95.90919
v 23.92740 38.31489 -97.43810
v 22.83900 35.12709 -97.25589
v 22.72130 35.01259 -96.47630
v 22.99730 38.45279 -98.74170
v 22.32070 35.12739 -97.91229
v 22.32070 35.12739 -97.91229
v 22.99730 38.45279 -98.74170
v 21.26520 38.55939 -98.87599
v 21.45240 35.25319 -98.00479
v 19.79570 38.58879 -98.06599
v 20.69690 35.19679 -97.56970
v 20.69690 35.19679 -97.56970
v 19.79570 38.58879 -98.06599
v 19.65350 38.49539 -96.53709
v 20.61300 35.22189 -96.78670
v 20.57970 38.35689 -95.23349
v 21.09510 35.08169 -96.13379
v 21.09510 35.08169 -96.13379
v 20.57970 38.35689 -95.23349
v 22.31570 38.25089 -95.09920
v 21.99960 35.09579 -96.03780
v 23.78900 38.22199 -95.90919
v 22.72130 35.01259 -96.47630
v 21.78180 33.64659 -97.53990
v 22.22870 33.88359 -97.19589
v 21.30600 32.53877 -97.06639
v 22.00110 33.58409 -96.75310
v 20.89190 33.68469 -97.35220
v 21.34130 33.96409 -97.67520
v 21.78180 33.64659 -97.53990
v 21.11030 33.62209 -96.56540
v 20.80410 33.94449 -96.89560
v 21.30600 32.53877 -97.06639
v 20.89190 33.68469 -97.35220
v 22.00110 33.58409 -96.75310
v 21.69150 33.86399 -96.41629
v 21.11030 33.62209 -96.56540
v 4.43239 35.26316 -125.90044
v 3.07560 33.64666 -125.52883
v -0.00000 35.14666 -126.16576
v -0.00000 33.54789 -125.82079
v -0.00000 32.44729 -123.74991
v 3.54260 32.60789 -123.53611
v 4.48080 31.96479 -121.18552
v -0.00000 31.77479 -121.30630
v 84.13647 21.53307 -10.86280
v 86.96269 21.10500 -15.19750
v 88.19659 19.98240 -16.11610
v 35.10930 23.77430 -41.18835
v 38.58270 22.45180 -38.21450
v 29.73550 20.67720 -41.19800
v 87.93099 20.56840 -16.05440
v 88.19659 19.98240 -16.11610
v 9.68511 37.77899 -125.20399
v 8.98310 37.69759 -126.61020
v 8.52061 34.42859 -125.75430
v 8.84740 34.40149 -125.01199
v 7.51180 37.65409 -127.34770
v 7.74520 34.33439 -126.09869
v 7.74520 34.33439 -126.09869
v 7.51180 37.65409 -127.34770
v 5.99620 37.69119 -126.70180
v 6.96451 34.42509 -125.80209
v 5.20470 37.76949 -125.34149
v 6.57551 34.39639 -125.08159
v 6.57551 34.39639 -125.08159
v 5.20470 37.76949 -125.34149
v 5.90541 37.84949 -123.93530
v 6.91780 34.51289 -124.36110
v 7.37560 37.89149 -123.19780
v 7.67700 34.46259 -123.99490
v 7.67700 34.46259 -123.99490
v 7.37560 37.89149 -123.19780
v 8.89231 37.85589 -123.84360
v 8.47390 34.51639 -124.31340
v 9.68511 37.77899 -125.20399
v 8.84740 34.40149 -125.01199
v 7.65471 32.85199 -125.43449
v 8.18081 33.14839 -125.34770
v 7.57270 31.77547 -124.77049
v 8.25871 32.88939 -124.83899
v 7.01371 32.88659 -124.87720
v 7.18470 33.14609 -125.37830
v 7.57270 31.77547 -124.77049
v 7.65471 32.85199 -125.43449
v 7.61751 32.92359 -124.28169
v 7.15500 33.20339 -124.45610
v 7.01371 32.88659 -124.87720
v 8.25871 32.88939 -124.83899
v 8.15100 33.20569 -124.42549
v 7.61751 32.92359 -124.28169
v 14.23807 38.25769 -120.38449
v 13.87437 38.17859 -121.89459
v 13.21687 34.92439 -121.15700
v 13.36527 34.89619 -120.36879
v 12.59377 38.13019 -122.91159
v 12.53187 34.82749 -121.64990
v 12.53187 34.82749 -121.64990
v 12.59377 38.13019 -122.91159
v 9.84757 38.22369 -121.43250
v 11.13857 34.87719 -120.90010
v 11.13857 34.87719 -120.90010
v 9.84757 38.22369 -121.43250
v 10.20717 38.30159 -119.92239
v 11.30647 34.99189 -120.12990
v 11.48357 38.34869 -118.90529
v 11.96937 34.94499 -119.61900
v 11.96937 34.94499 -119.61900
v 11.48357 38.34869 -118.90529
v 13.13417 38.32419 -119.22369
v 12.83157 35.00489 -119.76599
v 14.23807 38.25769 -120.38449
v 13.36527 34.89619 -120.36879
v 12.28647 33.35049 -121.02280
v 12.78567 33.64819 -120.83119
v 12.04947 32.27357 -120.39420
v 12.74307 33.38879 -120.32080
v 11.52287 33.37809 -120.61189
v 12.28647 33.35049 -121.02280
v 12.04947 32.27357 -120.39420
v 11.97837 33.41609 -119.90990
v 11.56297 33.69209 -120.17380
v 11.52287 33.37809 -120.61189
v 12.74307 33.38879 -120.32080
v 12.53917 33.70059 -119.94090
v 11.97837 33.41609 -119.90990
v 6.41100 78.58600 52.86949
v 0.00000 80.07951 49.02329
v -0.00000 79.16991 45.39009
v 14.80000 37.07411 152.15717
v 13.89150 32.15081 152.15691
v 11.06490 28.06021 152.15677
v 9.25220 30.37871 179.61169
v 11.66740 33.18171 179.61179
v 10.39030 30.77891 186.00774
v 13.37770 33.33741 185.99211
v 14.23310 36.49651 185.99207
v 12.45370 36.69101 179.61188
v 9.38960 43.04981 179.61209
v 5.15170 44.90271 179.61209
v 10.66940 42.69841 186.00063
v 4.94110 44.24111 185.99202
v -0.00000 44.76801 185.99200
v -0.00000 45.56651 179.61212
v -0.00000 49.97721 152.15842
v 6.21930 48.69181 152.15842
v 11.29570 45.65281 152.15823
v -0.00000 28.74041 179.61169
v 5.06020 29.04211 179.61174
v -0.00000 29.66391 186.00690
v 4.88600 29.87911 186.00571
v 6.06550 25.95491 152.15659
v -0.00000 25.39850 152.15649
v 11.75900 40.14651 179.61197
v 13.62810 39.75140 185.99203
v 14.04530 41.67751 152.15770
v -0.00000 80.57980 76.17070
v 3.43520 81.44460 73.63710
v 4.93850 77.06530 71.49080
v -0.00000 76.03549 75.35130
v 7.41780 79.33580 65.26909
v 11.79680 73.35948 61.75270
v 6.91830 72.88451 70.08102
v -0.00000 72.57640 75.30711
v 2.74950 88.73120 74.51639
v 2.19550 85.78710 75.94839
v -0.00000 86.16610 77.85410
v 0.00000 80.07951 49.02329
v 6.41100 78.58600 52.86949
v 4.93850 82.02840 58.02929
v -0.00000 83.48019 54.29839
v -0.00000 32.93188 210.53186
v 30.98090 19.36490 -12.03940
v -19.01583 35.21704 -101.35743
v -12.76908 35.28281 -117.98135
v -20.45990 30.56870 -86.57175
v -16.22220 31.64359 -101.35747
v -19.37804 33.30018 -101.35748
v -23.11087 32.57001 -86.56847
v -19.01583 35.21704 -101.35743
v -22.54537 34.44178 -86.57297
v -18.16560 54.09611 98.62367
v -10.08310 59.76730 98.62367
v -8.96480 56.74381 112.50718
v -16.17510 51.73121 112.50723
v -7.93577 53.85814 125.98471
v -14.34220 49.52148 125.98411
v -22.77010 59.72561 70.08181
v -12.39423 65.02346 77.30099
v -11.31430 62.70820 85.87173
v -20.35730 56.47530 85.87185
v -23.19730 38.79440 98.62367
v -22.12940 30.87690 98.62367
v -24.60500 30.98761 85.87189
v -25.84820 39.61461 85.87189
v -27.23240 31.40380 70.08213
v -28.61780 40.74879 70.08212
v -22.18940 23.75261 70.08215
v -20.03900 23.96891 85.87189
v -18.05000 24.45730 98.62367
v -20.23730 79.93631 -12.45696
v -20.63020 79.11350 -26.50440
v -10.78310 81.97202 -26.50430
v -10.56110 82.92621 -12.45667
v -11.00990 80.63965 -41.20037
v -21.01890 77.93211 -41.20035
v -20.49249 70.92606 -92.66348
v -17.80550 69.85468 -111.92862
v -9.54420 71.99158 -111.92879
v -10.83150 73.02457 -92.66341
v -11.10320 73.91098 -85.35656
v -21.06740 71.78259 -85.35656
v -39.73131 37.16649 -41.20283
v -39.80010 44.02930 -41.20037
v -39.48060 43.13231 -26.50420
v -39.53490 37.55480 -26.34590
v -38.87080 41.66541 -12.45826
v -38.69621 35.08480 -12.40496
v -38.68930 49.49560 -12.46176
v -39.08150 50.41681 -26.50740
v -39.39200 51.09760 -41.20036
v -29.73550 20.67720 -41.19800
v -29.28850 17.99530 -23.50490
v -15.85390 17.21490 -23.74460
v -15.11910 19.45790 -41.19486
v -30.98090 19.36490 -12.03940
v -16.28170 17.50980 -11.89740
v -30.08101 32.17261 52.79971
v -31.41731 42.35411 52.80361
v -32.73861 33.25121 35.03584
v -33.95931 44.11621 35.03588
v -27.10600 24.19090 35.03579
v -24.69670 23.77390 52.79370
v -37.38220 47.15660 0.16058
v -36.42610 36.47050 0.16058
v -39.73131 37.16649 -41.20283
v -39.39030 38.90239 -52.24430
v -39.98100 44.84959 -52.25941
v -39.80010 44.02930 -41.20037
v -39.62870 51.46009 -52.26691
v -39.39200 51.09760 -41.20036
v -39.58292 51.12085 -63.17382
v -39.61092 45.11474 -63.19331
v -38.86553 39.75674 -63.18190
v -12.94880 36.82970 172.68533
v -12.13200 32.96781 172.68523
v -12.59660 32.71011 166.47154
v -13.44400 36.91431 166.47604
v -13.15260 32.43051 159.41243
v -14.03060 36.98301 159.41133
v -10.45170 28.64531 159.41353
v -9.99860 29.23041 166.47604
v -9.62540 29.81011 172.68512
v -40.99920 29.06700 -24.93470
v -37.32150 25.84550 -12.00880
v -39.93330 23.82060 -13.93740
v -43.26620 26.14570 -23.73420
v -44.97837 22.66990 -13.87690
v -46.73389 24.58959 -22.38490
v -57.18180 23.44090 -19.52920
v -60.19029 21.86739 -27.51170
v -53.52080 22.04799 -28.95240
v -51.51950 23.82679 -21.04500
v -47.57120 22.75889 -30.88110
v -37.84370 18.31669 -22.87400
v -37.55360 19.73650 -13.38680
v -29.28850 17.99530 -23.50490
v -46.24416 18.40159 -21.91530
v -44.48756 19.90250 -12.84680
v -50.72810 18.47240 -20.69220
v -53.33990 19.96490 -29.85260
v -60.57360 19.95440 -28.51060
v -57.57550 18.53910 -19.12270
v -47.67366 20.44969 -31.82535
v -59.63920 21.40140 -8.68430
v -63.28010 23.01570 -17.65250
v -53.57211 21.78689 -10.70610
v -66.12390 21.08600 -7.01700
v -69.65280 22.58920 -15.56660
v -66.65270 21.67520 -25.63140
v -72.98450 21.50220 -23.32760
v -64.57980 18.61170 -17.12470
v -59.39090 19.88050 -7.27120
v -53.14740 19.92170 -9.20790
v -71.45550 18.68960 -15.05080
v -65.97420 19.84820 -5.75850
v -67.33280 19.94500 -26.67980
v -73.78910 19.93960 -24.43380
v -72.82260 20.98230 -6.16840
v -76.13860 22.19960 -13.42330
v -78.64710 20.97220 -6.03250
v -81.79762 21.83610 -11.74186
v -79.26250 21.37920 -20.61660
v -84.31300 21.26160 -17.80460
v -77.91690 18.77250 -13.25350
v -72.62310 19.85020 -4.97850
v -83.91540 19.10239 -11.54540
v -78.47620 19.88250 -4.87630
v -80.11400 19.94100 -21.84650
v -85.26430 19.95370 -19.03490
v -53.73140 20.97829 -30.61030
v -60.78200 20.89349 -29.23240
v -47.64350 21.55120 -32.24960
v -53.14740 19.92170 -9.20790
v -59.39090 19.88050 -7.27120
v -58.84570 20.61120 -6.61490
v -52.75660 20.82880 -8.59900
v -65.35770 20.43990 -5.10340
v -65.97420 19.84820 -5.75850
v -67.39170 20.80459 -27.38960
v -73.74370 20.72999 -25.09530
v -72.62310 19.85020 -4.97850
v -72.06090 20.40920 -4.46780
v -78.06720 20.44040 -4.61850
v -78.47620 19.88250 -4.87630
v -80.02130 20.68789 -22.36280
v -85.11900 20.64510 -19.30990
v -51.21350 36.17802 233.37320
v -54.00560 35.07591 236.38538
v -54.25890 34.92931 235.16139
v -52.62850 35.42352 232.11539
v -54.72610 34.13331 235.37508
v -53.02060 34.31351 231.72057
v -55.89366 34.05781 238.44865
v -82.48860 20.45480 -5.46570
v -87.85880 20.46760 -9.67930
v -86.90890 20.94600 -9.95530
v -82.50950 20.93780 -6.50350
v -82.67200 19.94130 -5.39750
v -88.11810 19.95670 -9.67070
v -82.67200 19.94130 -5.39750
v -86.48251 19.34288 -10.47759
v -88.11810 19.95670 -9.67070
v -40.09001 34.41611 231.31680
v -45.92350 34.24892 233.73660
v -46.37580 35.61662 233.22141
v -40.44600 35.96021 230.79489
v -46.81670 36.75021 231.60280
v -41.24710 37.25980 228.77547
v -50.45010 35.28181 235.15558
v -50.10300 34.13772 235.70149
v -39.79831 32.10900 -19.59580
v -37.32150 25.84550 -12.00880
v -39.99561 33.93060 -25.88030
v -40.27940 32.74670 -31.84310
v -40.99920 29.06700 -24.93470
v -53.03851 34.87101 236.71988
v -53.20060 34.06041 237.32318
v -24.88470 31.50430 200.22218
v -17.35670 31.45280 192.50751
v -19.43790 33.42051 191.35529
v -28.03100 33.43271 198.38330
v -20.56160 36.24431 191.34758
v -29.33880 35.91081 198.32199
v -14.23310 36.49651 185.99205
v -13.37770 33.33740 185.99211
v -10.39030 30.77890 186.00774
v -43.63850 31.95161 221.46329
v -35.60680 31.84441 211.48279
v -37.34031 33.37601 209.07050
v -45.26880 33.27602 219.86150
v -38.46441 35.47211 208.86069
v -46.14240 35.01261 219.49948
v -49.71960 33.15821 227.20140
v -48.03070 32.02322 228.04648
v -52.11180 33.14181 231.96738
v -50.32990 32.26661 233.12767
v -50.57690 34.61641 226.77406
v -53.86420 33.34561 235.03658
v -53.51229 33.09631 236.22939
v -45.95010 32.02731 231.46327
v -45.90460 31.65871 228.77937
v -41.69930 31.57291 224.80049
v -40.55190 31.98751 228.70418
v -52.64390 33.28731 236.59508
v -49.92880 33.03682 235.00879
v -45.86900 32.97161 233.13307
v -40.07040 33.01361 230.74800
v -32.13880 33.08491 227.63342
v -32.74830 31.92371 224.53122
v -23.52430 33.17651 224.21951
v -24.15610 31.88601 220.30511
v -23.22140 34.93541 225.05450
v -32.03021 34.66171 228.33038
v -15.67710 33.27951 220.93672
v -16.39220 31.92451 217.38651
v -9.05020 33.40971 217.66370
v -9.84470 32.03541 214.96150
v -8.42310 35.41941 218.50029
v -15.14100 35.18721 221.76549
v -21.01890 77.93211 -41.20035
v -21.29810 76.56941 -52.26811
v -11.18070 79.14163 -52.26742
v -11.00990 80.63965 -41.20037
v -11.21673 77.56322 -63.18842
v -21.32476 75.13236 -63.18844
v -18.48552 37.66042 125.98185
v -17.48031 31.37398 125.97807
v -19.73670 31.02411 112.50728
v -20.75370 38.13131 112.50750
v -16.02680 25.25231 112.50703
v -14.08892 26.24101 125.97421
v -7.26320 51.86770 135.33078
v -13.14860 47.98620 135.33080
v -6.68230 50.16811 143.82666
v -12.11720 46.70931 143.82367
v -17.64907 43.91593 125.98352
v -16.23780 42.98960 135.33080
v -17.03730 37.36150 135.33087
v -15.01640 42.26461 143.81656
v -15.78980 37.19701 143.80884
v -5.15840 84.68810 68.63089
v -3.43520 86.11700 62.18340
v -2.19550 88.75680 64.62819
v -2.74950 89.68124 68.31079
v -2.19550 90.43140 72.48129
v -0.00000 91.72473 79.92731
v -14.84710 31.86969 143.80411
v -16.05360 31.58579 135.33084
v -12.87220 26.83779 135.33086
v -11.86330 27.46210 143.80112
v -10.65910 44.79340 159.41182
v -5.86100 47.45110 159.41133
v -5.59410 46.45861 166.47604
v -10.18260 44.10771 166.47604
v -5.37290 45.63531 172.68559
v -9.78610 43.54381 172.68546
v -10.59770 32.23689 -116.84628
v -8.03030 32.57690 -121.05853
v -9.56339 33.67392 -121.87385
v -12.67747 33.53409 -117.42232
v -9.81479 35.36173 -122.86403
v -12.76908 35.28281 -117.98135
v -7.37789 35.18617 -124.87088
v -6.47864 33.75229 -124.32319
v -6.16870 32.93441 -122.82684
v -8.86590 22.10931 112.50694
v -10.00600 20.92621 98.62367
v -7.76701 23.44586 125.97253
v -7.07890 24.29300 135.33089
v -6.51310 25.15350 143.79854
v -5.72270 26.72671 159.41373
v -5.47140 27.49851 166.47604
v -5.26580 28.27031 172.68494
v -9.69110 30.97580 195.92709
v -4.77480 30.84640 196.49966
v -4.88600 29.87911 186.00571
v -5.09870 31.58920 205.02608
v -10.15620 31.48991 203.79120
v -37.97660 50.67619 -85.35654
v -35.92150 50.93301 -92.66281
v -35.47160 57.12869 -92.66293
v -36.88910 57.49449 -85.35656
v -32.74120 62.83249 -92.66298
v -33.99990 63.39009 -85.35656
v -29.35040 56.83969 -111.92865
v -27.10880 62.26589 -111.92841
v -29.74300 50.84849 -111.93030
v -35.69140 44.50960 -85.35625
v -34.04900 44.80981 -92.66220
v -27.84440 44.81099 -111.93428
v -30.75790 39.87169 -92.66138
v -24.67090 39.91389 -111.94066
v -32.52939 39.07838 -85.36250
v -29.24820 72.18610 -52.26950
v -29.17467 70.92757 -63.18854
v -34.90760 66.23430 -52.27041
v -34.73143 65.29177 -63.18869
v -34.69350 67.10451 -41.20034
v -28.98560 73.37890 -41.20035
v -28.56470 74.35180 -26.50510
v -28.98560 73.37890 -41.20035
v -34.30920 67.69791 -26.50620
v -34.69350 67.10451 -41.20034
v -33.85820 67.97840 -12.45966
v -28.10300 74.97620 -12.45796
v -19.51390 79.79641 0.16058
v -27.09380 74.68941 0.16058
v -32.70800 67.41840 0.16058
v -23.99634 71.96127 35.04707
v -25.97738 73.62911 17.62461
v -18.74833 78.54711 17.62622
v -16.64160 76.73101 35.05275
v -28.81790 64.68526 35.03740
v -31.36581 66.46932 17.62261
v -14.82580 74.44879 50.60309
v -21.46820 69.84884 52.11990
v -10.91750 29.42250 -86.56940
v -9.14040 30.70230 -101.35748
v -29.73550 20.67720 -41.19800
v -15.11910 19.45790 -41.19486
v -13.95590 21.35460 -52.19410
v -25.48440 22.84260 -52.18560
v -12.68964 23.58989 -63.18821
v -24.12414 25.18819 -63.17435
v -48.12610 22.10090 -12.61840
v -43.26870 24.54150 -33.81477
v -39.08451 26.96909 -41.19885
v -47.51810 19.94670 -11.26010
v -38.41031 20.39629 -34.91608
v -44.20999 21.24740 -12.11730
v -47.32200 20.99810 -10.65230
v -47.51810 19.94670 -11.26010
v -44.48756 19.90250 -12.84680
v -41.84050 23.17569 -35.74821
v -9.79505 81.53537 17.62712
v -8.90340 79.39765 35.05817
v -7.55880 77.88481 47.40759
v -38.72109 44.99560 -73.38910
v -37.56840 42.37268 -73.29179
v -37.39560 42.01339 -74.93559
v -37.59579 42.76310 -76.57080
v -36.85670 40.67900 -75.55830
v -36.71450 40.51820 -77.61571
v -36.66880 40.44159 -73.19609
v -36.73429 36.51239 -69.66599
v -36.00350 36.42189 -73.36929
v -36.65129 38.03810 -73.02559
v -36.80870 38.69239 -71.56390
v -36.54250 38.71849 -74.58600
v -35.96800 37.17879 -75.80270
v -38.40721 40.81277 -68.84546
v -37.90960 38.98298 -68.82329
v -37.31860 39.37599 -70.36600
v -37.51291 40.73067 -70.86107
v -37.89220 42.06236 -71.61636
v -38.71159 42.93048 -70.07538
v -36.67991 39.36530 -75.87752
v -36.21051 38.54429 -77.39931
v -39.23727 52.72491 -73.48389
v -39.34343 49.64676 -73.44936
v -38.47899 47.14468 -78.49449
v -39.09211 41.02548 -66.41418
v -39.42789 44.18449 -67.06430
v -39.60960 47.37569 -68.46159
v -38.61109 39.22525 -66.06361
v -38.05899 37.75359 -66.34818
v -34.27230 37.42837 -79.31508
v -31.37880 36.21449 -80.94539
v -33.71730 35.54179 -77.34880
v -30.61830 34.08429 -78.20084
v -35.31859 40.09057 -80.21666
v -36.95069 43.71128 -79.76878
v -37.88916 58.37486 -73.52557
v -37.95980 58.56789 -63.18876
v -34.79287 64.52939 -73.57243
v -21.51427 73.64247 -73.65831
v -11.33654 75.86987 -73.69994
v -0.00000 76.57377 -73.69405
v -29.33384 69.76968 -73.62747
v -28.71280 68.21422 -85.35656
v -35.69061 28.71529 -52.19419
v -39.08451 26.96909 -41.19885
v -33.65405 30.03818 -63.17910
v -33.65300 31.58970 -67.46584
v -33.60230 33.14740 -71.56680
v -7.84950 71.16829 -130.08420
v -14.23130 69.20419 -129.88910
v -14.46900 62.31668 -137.36990
v -13.75210 66.35410 -136.20779
v -17.63690 66.27939 -130.45280
v -19.25780 62.22429 -131.10390
v -23.46040 66.60847 -111.92841
v -12.06020 68.56158 -134.21080
v -20.19230 50.78149 -130.48579
v -20.28570 56.86919 -131.17081
v -19.83560 45.28031 112.50740
v -22.20650 46.81960 98.62366
v -24.81720 48.44390 85.87189
v -27.53740 50.35340 70.08215
v -44.54270 37.73071 221.50076
v -48.87450 36.92992 228.19189
v -50.20810 35.95042 227.29439
v -45.81160 36.62801 219.88150
v -14.55212 66.82581 70.08113
v -17.36180 68.06550 64.52960
v -10.14108 70.06176 70.08092
v -6.91830 72.88451 70.08102
v -11.79680 73.35948 61.75270
v -13.29090 41.20400 159.41142
v -12.71930 40.81991 166.47159
v -12.23910 40.48181 172.68546
v -10.66941 42.69841 186.00063
v -18.53621 41.55531 191.77432
v -20.19570 39.23400 191.34369
v -13.62810 39.75141 185.99203
v -29.16839 38.52980 198.36749
v -26.78100 40.75760 199.67639
v -27.77200 67.48019 -92.66325
v -38.15270 58.95699 -52.27011
v -37.92611 59.23340 -41.20035
v -37.58620 59.16250 -26.50750
v -37.92611 59.23340 -41.20035
v -37.20270 58.87581 -12.46156
v -36.14010 57.85670 0.16058
v -26.82540 62.64618 52.62910
v -30.23690 52.74830 52.80190
v -32.70070 55.06471 35.03588
v -14.80210 56.92439 -137.55281
v -14.42240 50.72739 -136.50490
v -11.11040 39.05020 -130.98062
v -13.00100 44.27618 -133.97438
v -18.44970 44.52848 -128.88118
v -15.90820 39.46189 -126.88850
v -5.93380 31.52839 -116.89360
v -39.08451 26.96909 -41.19885
v -26.95240 37.23149 -92.66069
v -21.23900 37.34399 -111.94954
v -13.41810 36.93340 -125.03922
v -18.14281 36.55828 -111.95108
v -10.19800 35.81637 -124.18442
v -24.49921 36.72218 -92.66031
v -28.10330 36.62930 -85.36740
v -25.45508 36.09305 -85.28897
v -9.32340 36.52910 -128.54272
v -4.76700 36.08519 -130.32860
v -5.69860 38.58369 -133.11450
v -4.49420 35.48804 -127.85381
v -8.04570 35.67197 -126.86452
v -29.03171 25.10217 17.61169
v -34.87683 34.55986 17.61509
v -36.04333 45.71112 17.61800
v -32.67510 25.62360 0.15329
v -10.18420 82.86608 0.16058
v -34.79705 56.75542 17.62051
v -24.49921 36.72218 -92.66031
v -18.14281 36.55828 -111.95108
v -10.19800 35.81637 -124.18442
v -11.83660 32.98999 -86.57110
v -22.54537 34.44178 -86.57297
v -4.43239 35.26317 -125.90044
v -9.81479 35.36173 -122.86403
v -7.37789 35.18617 -124.87088
v -4.75170 43.63081 191.33870
v -4.94110 44.24111 185.99202
v -9.89450 42.92041 191.77228
v -10.03220 42.33011 197.74283
v -4.50330 42.92281 197.24582
v -7.77640 57.05439 -141.01450
v -7.49130 50.67759 -139.81081
v -7.71550 62.62799 -140.67500
v -6.70270 43.98419 -136.72630
v -8.04570 35.67197 -126.86452
v -4.49420 35.48804 -127.85381
v -12.05370 37.10439 -85.26488
v -25.45508 36.09305 -85.28897
v -7.39020 69.79518 -135.79410
v -7.46610 66.91168 -139.12959
v -28.04330 35.09959 -81.61079
v -25.57140 34.85586 -81.48669
v -25.24831 32.41243 -77.37527
v -27.49860 32.88687 -77.99026
v -32.11780 25.24690 -52.18451
v -35.10930 23.77430 -41.18835
v -29.89733 26.83593 -63.19545
v -29.60570 28.40546 -68.19687
v -22.04584 28.23669 -74.41316
v -30.06900 30.08919 -72.22769
v -26.88880 29.09419 -73.54350
v -23.14751 34.28067 -81.43082
v -23.82426 30.83857 -79.57764
v -27.19560 31.31946 -76.15614
v -30.10670 32.44152 -75.95490
v -11.86850 26.83550 -74.16244
v -0.00000 26.34159 -74.27363
v -33.55890 34.24759 -74.60280
v -38.43690 21.70490 -12.33620
v -37.55360 19.73650 -13.38680
v -30.98090 19.36490 -12.03940
v -35.56960 22.33220 -11.02480
v -35.56960 22.33220 -11.02480
v -13.73310 18.72790 52.78870
v -15.12890 18.65630 35.03575
v -12.29690 19.22970 70.08215
v -11.10210 19.96440 85.87191
v -16.77460 19.50220 0.16048
v -16.24182 19.13865 17.60768
v -25.24831 32.41243 -77.37527
v -12.44119 33.99090 -74.99011
v -12.48909 35.55410 -76.37962
v -25.57140 34.85586 -81.48669
v -12.37769 33.19920 -76.12212
v -23.14751 34.28067 -81.43082
v -32.29100 36.39711 227.75409
v -23.36640 36.87091 224.37430
v -24.19740 38.66901 220.39929
v -33.20470 37.94171 224.70956
v -33.99020 31.43531 217.89209
v -24.99780 31.35581 211.74669
v -4.09660 33.58281 214.27960
v -4.90170 32.21441 212.21609
v -5.03095 31.75251 209.38701
v -3.70220 35.63471 215.29538
v -15.77880 42.37411 193.07031
v -17.57140 41.77661 198.50623
v -37.35121 43.10040 -73.28821
v -37.78050 41.98339 -73.25250
v -37.43090 41.68549 -74.38989
v -36.94020 42.23449 -74.98059
v -37.28870 40.56969 -74.82100
v -36.47231 40.55328 -76.05649
v -37.84950 40.39169 -73.18689
v -36.41390 37.93039 -71.17389
v -36.16700 37.45009 -73.00250
v -36.91540 38.49589 -73.07120
v -37.25480 39.06659 -72.05890
v -37.07082 38.96969 -74.15031
v -36.10102 37.75188 -74.87981
v -37.28140 40.66269 -70.31938
v -36.85979 39.10619 -70.23929
v -37.37730 39.59999 -71.22899
v -37.74220 40.63419 -71.57050
v -37.77411 41.71940 -72.09291
v -37.45502 42.28531 -71.53511
v -36.93592 39.47769 -75.04311
v -36.19772 38.92268 -75.96042
v -8.64290 39.90701 213.80960
v -3.75960 40.47321 211.09178
v -3.60580 38.14681 214.44579
v -8.29940 37.75281 217.57188
v -15.73280 39.31491 216.83910
v -15.12770 37.32511 220.93079
v -46.83710 37.32471 228.89618
v -42.60200 37.92881 224.85129
v -17.05170 40.77781 207.89671
v -25.95250 40.01590 211.34988
v -9.41770 41.37921 206.14423
v -4.11570 41.96771 204.59428
v -38.25270 37.57451 209.05957
v -37.01350 38.97021 211.49677
v -35.05480 38.94601 218.00189
v -10.47080 31.60801 209.33969
v -16.94230 31.44461 210.05721
v -16.65300 31.32011 201.91978
v -14.84980 31.03150 195.94501
v -24.94191 38.27169 -90.71370
v -23.87091 35.07689 -91.30400
v -23.99111 35.19889 -92.08260
v -25.08481 38.37909 -92.24179
v -23.47221 35.20578 -92.73889
v -24.15431 38.52939 -93.54430
v -23.47221 35.20578 -92.73889
v -22.60061 35.33219 -92.83049
v -22.41511 38.63689 -93.67769
v -24.15431 38.52939 -93.54430
v -21.84081 35.27149 -92.39589
v -20.93731 38.65839 -92.86768
v -21.84081 35.27149 -92.39589
v -21.75471 35.28879 -91.61279
v -20.79101 38.55039 -91.33969
v -20.93731 38.65839 -92.86768
v -22.23731 35.14229 -90.96100
v -21.71821 38.39970 -90.03722
v -22.23731 35.14229 -90.96100
v -23.14531 35.15549 -90.86490
v -23.46081 38.29270 -89.90372
v -21.71821 38.39970 -90.03722
v -23.87091 35.07689 -91.30400
v -24.94191 38.27169 -90.71370
v -23.37801 33.95840 -92.03162
v -22.93001 33.72559 -92.37729
v -22.45101 32.61468 -91.90800
v -23.14831 33.65530 -91.59102
v -22.48811 34.04349 -92.51030
v -22.03591 33.76169 -92.18939
v -22.93001 33.72559 -92.37729
v -21.94671 34.01609 -91.73090
v -22.25341 33.69129 -91.40309
v -22.45101 32.61468 -91.90800
v -22.03591 33.76169 -92.18939
v -22.83671 33.93099 -91.25229
v -23.14831 33.65530 -91.59102
v -22.25341 33.69129 -91.40309
v -26.23034 38.33320 -84.95816
v -25.17074 35.18790 -86.09720
v -25.31784 35.35880 -86.86349
v -26.42544 38.53659 -86.65109
v -26.42544 38.53659 -86.65109
v -24.81904 35.40779 -87.52859
v -25.53584 38.76979 -88.10849
v -24.81904 35.40779 -87.52859
v -23.94784 35.54089 -87.63379
v -23.79484 38.88769 -88.27649
v -25.53584 38.76979 -88.10849
v -23.17044 35.45379 -87.22180
v -22.28444 38.85999 -87.50330
v -23.17044 35.45379 -87.22180
v -23.05834 35.42159 -86.44330
v -22.08654 38.65629 -85.34848
v -22.28444 38.85999 -87.50330
v -22.08654 38.65629 -85.34848
v -23.52044 35.23360 -85.79039
v -22.97334 38.42259 -84.82953
v -23.52044 35.23360 -85.79039
v -24.42834 35.23949 -85.67299
v -24.71714 38.30510 -84.69304
v -22.97334 38.42259 -84.82953
v -24.71714 38.30510 -84.69304
v -25.17074 35.18790 -86.09720
v -26.23034 38.33320 -84.95816
v -24.69654 34.11810 -86.89479
v -24.25744 33.90790 -87.26100
v -23.75854 32.76827 -86.83380
v -24.45004 33.78769 -86.47670
v -23.81974 34.23449 -87.38780
v -23.35404 33.93319 -87.09290
v -23.75854 32.76827 -86.83380
v -24.25744 33.90790 -87.26100
v -23.25054 34.15839 -86.62590
v -23.54594 33.81280 -86.30859
v -23.35404 33.93319 -87.09290
v -24.12734 34.04199 -86.13289
v -24.45004 33.78769 -86.47670
v -23.54594 33.81280 -86.30859
v -22.50374 38.06059 -100.76059
v -21.43374 34.85569 -101.42459
v -21.51604 34.99969 -102.20219
v -22.57384 38.21098 -102.28819
v -20.97194 35.02119 -102.84050
v -21.59134 38.39249 -103.55360
v -20.97194 35.02119 -102.84050
v -20.10434 35.14619 -102.89900
v -19.86333 38.49489 -103.62601
v -21.59134 38.39249 -103.55360
v -19.37273 35.06959 -102.44188
v -18.43803 38.48649 -102.76729
v -19.37273 35.06959 -102.44188
v -19.32343 35.06569 -101.65619
v -18.36353 38.33559 -101.23979
v -18.43803 38.48649 -102.76729
v -19.83174 34.90370 -101.02600
v -19.34163 38.15350 -99.97429
v -19.83174 34.90370 -101.02600
v -20.73504 34.91929 -100.95940
v -21.07404 38.05160 -99.90199
v -19.34163 38.15350 -99.97429
v -21.43374 34.85569 -101.42459
v -22.50374 38.06059 -100.76059
v -20.91833 33.74638 -102.17366
v -20.46024 33.51868 -102.51218
v -20.01103 32.38906 -102.04727
v -20.71314 33.42858 -101.73637
v -20.01494 33.83989 -102.61958
v -19.58383 33.54529 -102.29378
v -20.01103 32.38906 -102.04727
v -20.46024 33.51868 -102.51218
v -19.51513 33.78889 -101.82419
v -19.83554 33.45499 -101.51790
v -19.58383 33.54529 -102.29378
v -20.41854 33.69549 -101.37830
v -20.71314 33.42858 -101.73637
v -19.83554 33.45499 -101.51790
v -20.52402 37.97679 -106.16760
v -19.45973 34.75009 -106.80229
v -19.54013 34.88509 -107.58139
v -20.59093 38.10950 -107.69670
v -18.99823 34.89869 -108.21991
v -19.61193 38.27650 -108.96399
v -18.99823 34.89869 -108.21991
v -18.13573 35.02349 -108.27960
v -17.89433 38.37850 -109.03731
v -19.61193 38.27650 -108.96399
v -17.40933 34.95219 -107.82170
v -16.47903 38.38050 -108.17839
v -17.40933 34.95219 -107.82170
v -17.36143 34.95819 -107.03589
v -16.40722 38.24728 -106.64928
v -16.47903 38.38050 -108.17839
v -17.86773 34.80330 -106.40410
v -17.38132 38.07959 -105.38210
v -17.86773 34.80330 -106.40410
v -18.76583 34.81969 -106.33769
v -19.10393 37.97820 -105.30879
v -17.38132 38.07959 -105.38210
v -19.45973 34.75009 -106.80229
v -20.52402 37.97679 -106.16760
v -18.94633 33.62659 -107.54131
v -18.49043 33.39370 -107.87781
v -18.04473 32.26728 -107.40752
v -18.74313 33.31290 -107.10110
v -18.04753 33.71489 -107.98820
v -17.61963 33.42319 -107.65959
v -18.04473 32.26728 -107.40752
v -18.49043 33.39370 -107.87781
v -17.55203 33.67369 -107.19218
v -17.87103 33.34220 -106.88280
v -17.61963 33.42319 -107.65959
v -18.45083 33.58540 -106.74539
v -18.74313 33.31290 -107.10110
v -17.87103 33.34220 -106.88280
v -18.63641 38.00420 -110.98811
v -17.58081 34.73270 -111.41299
v -17.58371 34.83599 -112.20219
v -18.55461 38.07389 -112.52490
v -16.98691 34.81819 -112.79788
v -17.46311 38.17999 -113.72009
v -16.98691 34.81819 -112.79788
v -16.12641 34.93359 -112.79500
v -15.75651 38.26440 -113.66309
v -17.46311 38.17999 -113.72009
v -15.45311 34.87530 -112.27840
v -14.43931 38.29000 -112.69539
v -15.45311 34.87530 -112.27840
v -15.48041 34.91380 -111.49060
v -14.51621 38.21950 -111.15860
v -14.43931 38.29000 -112.69539
v -16.04381 34.78930 -110.89349
v -15.60261 38.11259 -109.96339
v -16.04381 34.78930 -110.89349
v -16.93781 34.81619 -110.89780
v -17.31431 38.02889 -110.02049
v -15.60261 38.11259 -109.96339
v -17.58081 34.73270 -111.41299
v -18.63641 38.00420 -110.98811
v -17.02271 33.57089 -112.06679
v -16.54400 33.31939 -112.35809
v -16.15850 32.20757 -111.83080
v -16.86921 33.27319 -111.59929
v -16.08991 33.63299 -112.44620
v -15.70331 33.35089 -112.07350
v -16.54400 33.31939 -112.35809
v -15.67651 33.62110 -111.61139
v -16.02721 33.30439 -111.31459
v -16.15850 32.20757 -111.83080
v -15.70331 33.35089 -112.07350
v -16.60931 33.55889 -111.23199
v -16.86921 33.27319 -111.59929
v -16.02721 33.30439 -111.31459
v -16.16900 38.36770 -116.08742
v -15.29010 35.02239 -116.13359
v -15.20540 35.05259 -116.92880
v -15.92660 38.29250 -117.61641
v -14.55709 34.95639 -117.46799
v -14.72220 38.24499 -118.71950
v -14.55709 34.95639 -117.46799
v -13.70210 35.03779 -117.39909
v -13.04130 38.26679 -118.51930
v -14.72220 38.24499 -118.71950
v -13.09529 35.00079 -116.82019
v -11.84109 38.32909 -117.44171
v -13.09529 35.00079 -116.82019
v -13.20089 35.11289 -116.04149
v -12.07880 38.40319 -115.91269
v -11.84109 38.32909 -117.44171
v -13.82529 35.06610 -115.48590
v -13.27840 38.44970 -114.80959
v -13.82529 35.06610 -115.48590
v -14.70420 35.12779 -115.57129
v -14.96400 38.42899 -115.00989
v -13.27840 38.44970 -114.80959
v -15.29010 35.02239 -116.13359
v -16.16900 38.36770 -116.08742
v -14.74529 33.78119 -116.63489
v -14.25919 33.48469 -116.86098
v -13.96939 32.40817 -116.25200
v -14.66070 33.52149 -116.12988
v -13.78310 33.77149 -116.93588
v -13.45790 33.50929 -116.50610
v -13.96939 32.40817 -116.25200
v -14.25919 33.48469 -116.86098
v -13.46229 33.82039 -116.06700
v -13.85820 33.54579 -115.77490
v -13.45790 33.50929 -116.50610
v -14.42450 33.83009 -115.76608
v -14.66070 33.52149 -116.12988
v -13.85820 33.54579 -115.77490
v -5.13570 37.28649 -127.72969
v -4.44290 33.97479 -126.94717
v -3.75630 33.99739 -127.42729
v -3.76310 37.20099 -128.58998
v -2.91020 33.94539 -127.33939
v -2.11620 37.23119 -128.50348
v -2.91020 33.94539 -127.33939
v -2.41960 34.10189 -126.70969
v -1.19690 37.39609 -127.21219
v -2.11620 37.23119 -128.50348
v -2.49130 34.12729 -125.89948
v -1.28630 37.57929 -125.66309
v -2.49130 34.12729 -125.89948
v -3.18530 34.24629 -125.45479
v -2.66550 37.66399 -124.80278
v -1.28630 37.57929 -125.66309
v -4.02820 34.15619 -125.50719
v -4.31910 37.63289 -124.88928
v -4.02820 34.15619 -125.50719
v -4.52200 34.14179 -126.17238
v -5.23180 37.46879 -126.18047
v -4.31910 37.63289 -124.88928
v -4.44290 33.97479 -126.94717
v -5.13570 37.28649 -127.72969
v -3.66000 32.75788 -126.83316
v -3.16080 32.49609 -126.63307
v -3.44570 31.45077 -125.98927
v -4.00110 32.51249 -126.41808
v -2.80440 32.82529 -126.37389
v -2.93170 32.59679 -125.84398
v -3.44570 31.45077 -125.98927
v -3.16080 32.49609 -126.63307
v -3.29470 32.91869 -125.57079
v -3.77360 32.61290 -125.62909
v -2.93170 32.59679 -125.84398
v -4.15020 32.85130 -126.02998
v -4.00110 32.51249 -126.41808
v -3.77360 32.61290 -125.62909
v -23.78929 38.22199 -95.90919
v -22.72158 35.01259 -96.47630
v -22.83928 35.12709 -97.25589
v -23.92768 38.31489 -97.43810
v -22.32099 35.12739 -97.91231
v -22.99759 38.45279 -98.74170
v -22.32099 35.12739 -97.91231
v -21.45268 35.25319 -98.00481
v -21.26548 38.55939 -98.87601
v -22.99759 38.45279 -98.74170
v -20.69719 35.19679 -97.56970
v -19.79598 38.58879 -98.06601
v -20.69719 35.19679 -97.56970
v -20.61329 35.22189 -96.78670
v -19.65379 38.49540 -96.53712
v -19.79598 38.58879 -98.06601
v -21.09538 35.08169 -96.13380
v -20.57998 38.35689 -95.23351
v -21.09538 35.08169 -96.13380
v -21.99989 35.09579 -96.03780
v -22.31598 38.25089 -95.09920
v -20.57998 38.35689 -95.23351
v -22.72158 35.01259 -96.47630
v -23.78929 38.22199 -95.90919
v -22.22898 33.88358 -97.19586
v -21.78208 33.64658 -97.53987
v -21.30628 32.53876 -97.06638
v -22.00138 33.58408 -96.75307
v -21.34159 33.96409 -97.67520
v -20.89219 33.68469 -97.35220
v -21.78208 33.64658 -97.53987
v -20.80438 33.94449 -96.89560
v -21.11058 33.62209 -96.56540
v -21.30628 32.53876 -97.06638
v -20.89219 33.68469 -97.35220
v -21.69178 33.86399 -96.41631
v -22.00138 33.58408 -96.75307
v -21.11058 33.62209 -96.56540
v -3.07560 33.64666 -125.52884
v -4.43239 35.26317 -125.90044
v -3.54260 32.60789 -123.53611
v -4.48080 31.96479 -121.18550
v -84.13647 21.53307 -10.86280
v -86.96270 21.10500 -15.19750
v -88.19660 19.98240 -16.11610
v -38.58270 22.45179 -38.21450
v -35.10930 23.77430 -41.18835
v -29.73550 20.67720 -41.19800
v -87.93100 20.56840 -16.05440
v -88.19660 19.98240 -16.11610
v -9.68518 37.77900 -125.20399
v -8.84748 34.40150 -125.01199
v -8.52068 34.42860 -125.75430
v -8.98318 37.69760 -126.61020
v -7.74528 34.33439 -126.09869
v -7.51189 37.65408 -127.34770
v -7.74528 34.33439 -126.09869
v -6.96458 34.42509 -125.80208
v -5.99628 37.69119 -126.70178
v -7.51189 37.65408 -127.34770
v -6.57558 34.39639 -125.08159
v -5.20478 37.76950 -125.34149
v -6.57558 34.39639 -125.08159
v -6.91788 34.51289 -124.36108
v -5.90548 37.84950 -123.93529
v -5.20478 37.76950 -125.34149
v -7.67708 34.46259 -123.99490
v -7.37568 37.89149 -123.19778
v -7.67708 34.46259 -123.99490
v -8.47398 34.51639 -124.31340
v -8.89238 37.85589 -123.84358
v -7.37568 37.89149 -123.19778
v -8.84748 34.40150 -125.01199
v -9.68518 37.77900 -125.20399
v -8.18088 33.14840 -125.34770
v -7.65478 32.85200 -125.43449
v -7.57278 31.77547 -124.77051
v -8.25878 32.88940 -124.83899
v -7.18478 33.14609 -125.37830
v -7.01378 32.88659 -124.87718
v -7.57278 31.77547 -124.77051
v -7.65478 32.85200 -125.43449
v -7.15508 33.20339 -124.45610
v -7.61758 32.92359 -124.28171
v -7.01378 32.88659 -124.87718
v -8.15108 33.20569 -124.42551
v -8.25878 32.88940 -124.83899
v -7.61758 32.92359 -124.28171
v -14.23762 38.25769 -120.38449
v -13.36481 34.89619 -120.36880
v -13.21641 34.92439 -121.15700
v -13.87391 38.17859 -121.89461
v -12.53141 34.82749 -121.64990
v -12.59331 38.13018 -122.91159
v -12.53141 34.82749 -121.64990
v -11.13811 34.87719 -120.90010
v -9.84711 38.22369 -121.43250
v -12.59331 38.13018 -122.91159
v -11.13811 34.87719 -120.90010
v -11.30601 34.99189 -120.12990
v -10.20671 38.30159 -119.92239
v -9.84711 38.22369 -121.43250
v -11.96891 34.94499 -119.61900
v -11.48311 38.34869 -118.90529
v -11.96891 34.94499 -119.61900
v -12.83111 35.00489 -119.76599
v -13.13371 38.32419 -119.22369
v -11.48311 38.34869 -118.90529
v -13.36481 34.89619 -120.36880
v -14.23762 38.25769 -120.38449
v -12.78521 33.64819 -120.83121
v -12.28601 33.35049 -121.02280
v -12.04901 32.27357 -120.39420
v -12.74261 33.38879 -120.32080
v -12.28601 33.35049 -121.02280
v -11.52242 33.37809 -120.61189
v -12.04901 32.27357 -120.39420
v -11.56251 33.69209 -120.17380
v -11.97791 33.41609 -119.90990
v -11.52242 33.37809 -120.61189
v -12.53871 33.70059 -119.94090
v -12.74261 33.38879 -120.32080
v -11.97791 33.41609 -119.90990
v -6.41100 78.58600 52.86948
v -13.89150 32.15081 152.15691
v -14.80000 37.07411 152.15717
v -11.06490 28.06021 152.15678
v -11.66740 33.18171 179.61179
v -9.25220 30.37871 179.61174
v -13.37770 33.33740 185.99211
v -10.39030 30.77890 186.00774
v -14.23310 36.49651 185.99205
v -12.45370 36.69101 179.61186
v -5.15170 44.90271 179.61211
v -9.38960 43.04981 179.61209
v -4.94110 44.24111 185.99202
v -10.66941 42.69841 186.00063
v -6.21930 48.69181 152.15843
v -11.29570 45.65281 152.15823
v -5.06020 29.04211 179.61176
v -4.88600 29.87911 186.00571
v -6.06550 25.95490 152.15657
v -11.75900 40.14651 179.61197
v -13.62810 39.75141 185.99203
v -14.04530 41.67751 152.15770
v -4.93850 77.06530 71.49080
v -3.43520 81.44460 73.63708
v -7.41780 79.33581 65.26909
v -11.79680 73.35948 61.75270
v -6.91830 72.88451 70.08102
v -2.19550 85.78710 75.94839
v -2.74950 88.73120 74.51639
v -4.93850 82.02840 58.02929
v -6.41100 78.58600 52.86948
v -30.98090 19.36490 -12.03940
v 21.14316 33.47108 -90.36217
v 21.33826 33.44606 -88.65746
v 20.23066 35.66600 -88.75866
v 20.08356 35.73204 -89.53806
v 21.33826 33.44606 -88.65746
v 20.44866 33.38420 -87.18416
v 19.73186 35.67763 -88.09197
v 20.23066 35.66600 -88.75866
v 19.73186 35.67763 -88.09197
v 20.44866 33.38420 -87.18416
v 18.70766 33.31390 -87.00539
v 18.86066 35.59247 -87.97419
v 18.70766 33.31390 -87.00539
v 17.19726 33.28008 -87.77756
v 18.08326 35.62465 -88.39275
v 18.86066 35.59247 -87.97419
v 18.08326 35.62465 -88.39275
v 17.19726 33.28008 -87.77756
v 16.99936 33.27362 -89.94196
v 17.97116 35.59359 -89.17065
v 16.99936 33.27362 -89.94196
v 17.88616 33.40022 -90.48137
v 18.43326 35.67928 -89.83888
v 17.97116 35.59359 -89.17065
v 18.43326 35.67928 -89.83888
v 17.88616 33.40022 -90.48137
v 19.62996 33.47239 -90.62876
v 19.34116 35.66713 -89.95514
v 19.62996 33.47239 -90.62876
v 21.14316 33.47108 -90.36217
v 20.08356 35.73204 -89.53806
v 19.34116 35.66713 -89.95514
v 19.73186 35.67763 -88.09197
v 19.17026 36.70018 -88.50581
v 19.60936 36.52919 -88.84957
v 20.23066 35.66600 -88.75866
v 19.60936 36.52919 -88.84957
v 19.17026 36.70018 -88.50581
v 18.67136 37.46177 -89.04305
v 19.36286 36.72980 -89.29813
v 20.08356 35.73204 -89.53806
v 20.23066 35.66600 -88.75866
v 19.60936 36.52919 -88.84957
v 19.36286 36.72980 -89.29813
v 18.08326 35.62465 -88.39275
v 18.26686 36.67110 -88.67061
v 18.73256 36.48223 -88.34750
v 18.86066 35.59247 -87.97419
v 18.73256 36.48223 -88.34750
v 18.26686 36.67110 -88.67061
v 18.67136 37.46177 -89.04305
v 19.17026 36.70018 -88.50581
v 19.73186 35.67763 -88.09197
v 18.86066 35.59247 -87.97419
v 18.73256 36.48223 -88.34750
v 19.17026 36.70018 -88.50581
v 18.43326 35.67928 -89.83888
v 18.45876 36.70085 -89.46295
v 18.16336 36.48277 -89.11320
v 17.97116 35.59359 -89.17065
v 18.16336 36.48277 -89.11320
v 18.45876 36.70085 -89.46295
v 18.67136 37.46177 -89.04305
v 18.26686 36.67110 -88.67061
v 18.08326 35.62465 -88.39275
v 17.97116 35.59359 -89.17065
v 18.16336 36.48277 -89.11320
v 18.26686 36.67110 -88.67061
v 20.08356 35.73204 -89.53806
v 19.36286 36.72980 -89.29813
v 19.04016 36.52974 -89.61526
v 19.34116 35.66713 -89.95514
v 19.04016 36.52974 -89.61526
v 19.36286 36.72980 -89.29813
v 18.67136 37.46177 -89.04305
v 18.45876 36.70085 -89.46295
v 18.43326 35.67928 -89.83888
v 19.34116 35.66713 -89.95514
v 19.04016 36.52974 -89.61526
v 18.45876 36.70085 -89.46295
v -21.14316 33.47107 -90.36217
v -20.08356 35.73204 -89.53806
v -20.23066 35.66600 -88.75866
v -21.33826 33.44606 -88.65746
v -21.33826 33.44606 -88.65746
v -20.23066 35.66600 -88.75866
v -19.73186 35.67762 -88.09198
v -20.44866 33.38419 -87.18417
v -19.73186 35.67762 -88.09198
v -18.86066 35.59247 -87.97421
v -18.70766 33.31390 -87.00539
v -20.44866 33.38419 -87.18417
v -18.70766 33.31390 -87.00539
v -18.86066 35.59247 -87.97421
v -18.08326 35.62466 -88.39275
v -17.19726 33.28008 -87.77757
v -18.08326 35.62466 -88.39275
v -17.97116 35.59359 -89.17065
v -16.99936 33.27363 -89.94196
v -17.19726 33.28008 -87.77757
v -16.99936 33.27363 -89.94196
v -17.97116 35.59359 -89.17065
v -18.43326 35.67928 -89.83888
v -17.88615 33.40022 -90.48138
v -18.43326 35.67928 -89.83888
v -19.34116 35.66712 -89.95515
v -19.62996 33.47239 -90.62877
v -17.88615 33.40022 -90.48138
v -19.62996 33.47239 -90.62877
v -19.34116 35.66712 -89.95515
v -20.08356 35.73204 -89.53806
v -21.14316 33.47107 -90.36217
v -19.73186 35.67762 -88.09198
v -20.23066 35.66600 -88.75866
v -19.60936 36.52919 -88.84957
v -19.17025 36.70018 -88.50581
v -18.67136 37.46177 -89.04305
v -19.17025 36.70018 -88.50581
v -19.60936 36.52919 -88.84957
v -19.36286 36.72980 -89.29813
v -20.08356 35.73204 -89.53806
v -19.36286 36.72980 -89.29813
v -19.60936 36.52919 -88.84957
v -20.23066 35.66600 -88.75866
v -18.08326 35.62466 -88.39275
v -18.86066 35.59247 -87.97421
v -18.73256 36.48223 -88.34750
v -18.26686 36.67110 -88.67061
v -18.67136 37.46177 -89.04305
v -18.26686 36.67110 -88.67061
v -18.73256 36.48223 -88.34750
v -19.17025 36.70018 -88.50581
v -19.73186 35.67762 -88.09198
v -19.17025 36.70018 -88.50581
v -18.73256 36.48223 -88.34750
v -18.86066 35.59247 -87.97421
v -18.43326 35.67928 -89.83888
v -17.97116 35.59359 -89.17065
v -18.16336 36.48277 -89.11320
v -18.45876 36.70085 -89.46295
v -18.67136 37.46177 -89.04305
v -18.45876 36.70085 -89.46295
v -18.16336 36.48277 -89.11320
v -18.26686 36.67110 -88.67061
v -18.08326 35.62466 -88.39275
v -18.26686 36.67110 -88.67061
v -18.16336 36.48277 -89.11320
v -17.97116 35.59359 -89.17065
v -20.08356 35.73204 -89.53806
v -19.34116 35.66712 -89.95515
v -19.04016 36.52974 -89.61526
v -19.36286 36.72980 -89.29813
v -18.67136 37.46177 -89.04305
v -19.36286 36.72980 -89.29813
v -19.04016 36.52974 -89.61526
v -18.45876 36.70085 -89.46295
v -18.43326 35.67928 -89.83888
v -18.45876 36.70085 -89.46295
v -19.04016 36.52974 -89.61526
v -19.34116 35.66712 -89.95515
v 20.14316 33.47108 -95.23901
v 20.33826 33.44606 -93.53430
v 19.23066 35.66600 -93.63551
v 19.08356 35.73204 -94.41491
v 20.33826 33.44606 -93.53430
v 19.44866 33.38420 -92.06101
v 18.73186 35.67763 -92.96882
v 19.23066 35.66600 -93.63551
v 18.73186 35.67763 -92.96882
v 19.44866 33.38420 -92.06101
v 17.70766 33.31390 -91.88223
v 17.86066 35.59247 -92.85104
v 17.70766 33.31390 -91.88223
v 16.19726 33.28008 -92.65440
v 17.08326 35.62465 -93.26960
v 17.86066 35.59247 -92.85104
v 17.08326 35.62465 -93.26960
v 16.19726 33.28008 -92.65440
v 15.99936 33.27362 -94.81880
v 16.97116 35.59359 -94.04749
v 15.99936 33.27362 -94.81880
v 16.88616 33.40021 -95.35822
v 17.43326 35.67928 -94.71573
v 16.97116 35.59359 -94.04749
v 17.43326 35.67928 -94.71573
v 16.88616 33.40021 -95.35822
v 18.62996 33.47239 -95.50562
v 18.34116 35.66712 -94.83199
v 18.62996 33.47239 -95.50562
v 20.14316 33.47108 -95.23901
v 19.08356 35.73204 -94.41491
v 18.34116 35.66712 -94.83199
v 18.73186 35.67763 -92.96882
v 18.17026 36.70018 -93.38266
v 18.60936 36.52919 -93.72642
v 19.23066 35.66600 -93.63551
v 18.60936 36.52919 -93.72642
v 18.17026 36.70018 -93.38266
v 17.67136 37.46177 -93.91990
v 18.36286 36.72980 -94.17498
v 19.08356 35.73204 -94.41491
v 19.23066 35.66600 -93.63551
v 18.60936 36.52919 -93.72642
v 18.36286 36.72980 -94.17498
v 17.08326 35.62465 -93.26960
v 17.26686 36.67110 -93.54745
v 17.73256 36.48223 -93.22435
v 17.86066 35.59247 -92.85104
v 17.73256 36.48223 -93.22435
v 17.26686 36.67110 -93.54745
v 17.67136 37.46177 -93.91990
v 18.17026 36.70018 -93.38266
v 18.73186 35.67763 -92.96882
v 17.86066 35.59247 -92.85104
v 17.73256 36.48223 -93.22435
v 18.17026 36.70018 -93.38266
v 17.43326 35.67928 -94.71573
v 17.45876 36.70085 -94.33979
v 17.16336 36.48277 -93.99004
v 16.97116 35.59359 -94.04749
v 17.16336 36.48277 -93.99004
v 17.45876 36.70085 -94.33979
v 17.67136 37.46177 -93.91990
v 17.26686 36.67110 -93.54745
v 17.08326 35.62465 -93.26960
v 16.97116 35.59359 -94.04749
v 17.16336 36.48277 -93.99004
v 17.26686 36.67110 -93.54745
v 19.08356 35.73204 -94.41491
v 18.36286 36.72980 -94.17498
v 18.04016 36.52973 -94.49211
v 18.34116 35.66712 -94.83199
v 18.04016 36.52973 -94.49211
v 18.36286 36.72980 -94.17498
v 17.67136 37.46177 -93.91990
v 17.45876 36.70085 -94.33979
v 17.43326 35.67928 -94.71573
v 18.34116 35.66712 -94.83199
v 18.04016 36.52973 -94.49211
v 17.45876 36.70085 -94.33979
v -20.14316 33.47107 -95.23902
v -19.08356 35.73204 -94.41491
v -19.23066 35.66600 -93.63551
v -20.33826 33.44606 -93.53430
v -20.33826 33.44606 -93.53430
v -19.23066 35.66600 -93.63551
v -18.73186 35.67762 -92.96883
v -19.44866 33.38419 -92.06102
v -18.73186 35.67762 -92.96883
v -17.86066 35.59247 -92.85105
v -17.70766 33.31390 -91.88224
v -19.44866 33.38419 -92.06102
v -17.70766 33.31390 -91.88224
v -17.86066 35.59247 -92.85105
v -17.08326 35.62466 -93.26960
v -16.19726 33.28008 -92.65441
v -17.08326 35.62466 -93.26960
v -16.97116 35.59359 -94.04749
v -15.99936 33.27362 -94.81880
v -16.19726 33.28008 -92.65441
v -15.99936 33.27362 -94.81880
v -16.97116 35.59359 -94.04749
v -17.43326 35.67927 -94.71573
v -16.88615 33.40021 -95.35822
v -17.43326 35.67927 -94.71573
v -18.34116 35.66712 -94.83199
v -18.62996 33.47239 -95.50562
v -16.88615 33.40021 -95.35822
v -18.62996 33.47239 -95.50562
v -18.34116 35.66712 -94.83199
v -19.08356 35.73204 -94.41491
v -20.14316 33.47107 -95.23902
v -18.73186 35.67762 -92.96883
v -19.23066 35.66600 -93.63551
v -18.60936 36.52919 -93.72642
v -18.17026 36.70018 -93.38266
v -17.67136 37.46177 -93.91990
v -18.17026 36.70018 -93.38266
v -18.60936 36.52919 -93.72642
v -18.36286 36.72980 -94.17498
v -19.08356 35.73204 -94.41491
v -18.36286 36.72980 -94.17498
v -18.60936 36.52919 -93.72642
v -19.23066 35.66600 -93.63551
v -17.08326 35.62466 -93.26960
v -17.86066 35.59247 -92.85105
v -17.73256 36.48223 -93.22435
v -17.26686 36.67110 -93.54745
v -17.67136 37.46177 -93.91990
v -17.26686 36.67110 -93.54745
v -17.73256 36.48223 -93.22435
v -18.17026 36.70018 -93.38266
v -18.73186 35.67762 -92.96883
v -18.17026 36.70018 -93.38266
v -17.73256 36.48223 -93.22435
v -17.86066 35.59247 -92.85105
v -17.43326 35.67927 -94.71573
v -16.97116 35.59359 -94.04749
v -17.16336 36.48277 -93.99004
v -17.45876 36.70085 -94.33979
v -17.67136 37.46177 -93.91990
v -17.45876 36.70085 -94.33979
v -17.16336 36.48277 -93.99004
v -17.26686 36.67110 -93.54745
v -17.08326 35.62466 -93.26960
v -17.26686 36.67110 -93.54745
v -17.16336 36.48277 -93.99004
v -16.97116 35.59359 -94.04749
v -19.08356 35.73204 -94.41491
v -18.34116 35.66712 -94.83199
v -18.04016 36.52973 -94.49212
v -18.36286 36.72980 -94.17498
v -17.67136 37.46177 -93.91990
v -18.36286 36.72980 -94.17498
v -18.04016 36.52973 -94.49212
v -17.45876 36.70085 -94.33979
v -17.43326 35.67927 -94.71573
v -17.45876 36.70085 -94.33979
v -18.04016 36.52973 -94.49212
v -18.34116 35.66712 -94.83199
v 18.64316 33.47108 -101.05420
v 18.83826 33.44606 -99.34949
v 17.73066 35.66600 -99.45070
v 17.58356 35.73204 -100.23010
v 18.83826 33.44606 -99.34949
v 17.94866 33.38420 -97.87621
v 17.23186 35.67762 -98.78401
v 17.73066 35.66600 -99.45070
v 17.23186 35.67762 -98.78401
v 17.94866 33.38420 -97.87621
v 16.20766 33.31390 -97.69742
v 16.36066 35.59247 -98.66624
v 16.20766 33.31390 -97.69742
v 14.69726 33.28008 -98.46959
v 15.58326 35.62465 -99.08479
v 16.36066 35.59247 -98.66624
v 15.58326 35.62465 -99.08479
v 14.69726 33.28008 -98.46959
v 14.49936 33.27362 -100.63400
v 15.47116 35.59359 -99.86269
v 14.49936 33.27362 -100.63400
v 15.38616 33.40021 -101.17341
v 15.93326 35.67928 -100.53092
v 15.47116 35.59359 -99.86269
v 15.93326 35.67928 -100.53092
v 15.38616 33.40021 -101.17341
v 17.12996 33.47239 -101.32081
v 16.84116 35.66712 -100.64717
v 17.12996 33.47239 -101.32081
v 18.64316 33.47108 -101.05420
v 17.58356 35.73204 -100.23010
v 16.84116 35.66712 -100.64717
v 17.23186 35.67762 -98.78401
v 16.67026 36.70018 -99.19785
v 17.10936 36.52919 -99.54161
v 17.73066 35.66600 -99.45070
v 17.10936 36.52919 -99.54161
v 16.67026 36.70018 -99.19785
v 16.17136 37.46177 -99.73509
v 16.86286 36.72980 -99.99017
v 17.58356 35.73204 -100.23010
v 17.73066 35.66600 -99.45070
v 17.10936 36.52919 -99.54161
v 16.86286 36.72980 -99.99017
v 15.58326 35.62465 -99.08479
v 15.76686 36.67110 -99.36265
v 16.23256 36.48222 -99.03954
v 16.36066 35.59247 -98.66624
v 16.23256 36.48222 -99.03954
v 15.76686 36.67110 -99.36265
v 16.17136 37.46177 -99.73509
v 16.67026 36.70018 -99.19785
v 17.23186 35.67762 -98.78401
v 16.36066 35.59247 -98.66624
v 16.23256 36.48222 -99.03954
v 16.67026 36.70018 -99.19785
v 15.93326 35.67928 -100.53092
v 15.95876 36.70085 -100.15498
v 15.66336 36.48277 -99.80524
v 15.47116 35.59359 -99.86269
v 15.66336 36.48277 -99.80524
v 15.95876 36.70085 -100.15498
v 16.17136 37.46177 -99.73509
v 15.76686 36.67110 -99.36265
v 15.58326 35.62465 -99.08479
v 15.47116 35.59359 -99.86269
v 15.66336 36.48277 -99.80524
v 15.76686 36.67110 -99.36265
v 17.58356 35.73204 -100.23010
v 16.86286 36.72980 -99.99017
v 16.54016 36.52973 -100.30730
v 16.84116 35.66712 -100.64717
v 16.54016 36.52973 -100.30730
v 16.86286 36.72980 -99.99017
v 16.17136 37.46177 -99.73509
v 15.95876 36.70085 -100.15498
v 15.93326 35.67928 -100.53092
v 16.84116 35.66712 -100.64717
v 16.54016 36.52973 -100.30730
v 15.95876 36.70085 -100.15498
v -18.64316 33.47107 -101.05421
v -17.58356 35.73204 -100.23010
v -17.73066 35.66600 -99.45070
v -18.83826 33.44606 -99.34949
v -18.83826 33.44606 -99.34949
v -17.73066 35.66600 -99.45070
v -17.23186 35.67762 -98.78402
v -17.94866 33.38419 -97.87621
v -17.23186 35.67762 -98.78402
v -16.36066 35.59247 -98.66624
v -16.20766 33.31390 -97.69743
v -17.94866 33.38419 -97.87621
v -16.20766 33.31390 -97.69743
v -16.36066 35.59247 -98.66624
v -15.58326 35.62465 -99.08479
v -14.69726 33.28008 -98.46960
v -15.58326 35.62465 -99.08479
v -15.47116 35.59359 -99.86269
v -14.49936 33.27362 -100.63400
v -14.69726 33.28008 -98.46960
v -14.49936 33.27362 -100.63400
v -15.47116 35.59359 -99.86269
v -15.93326 35.67927 -100.53092
v -15.38615 33.40021 -101.17342
v -15.93326 35.67927 -100.53092
v -16.84116 35.66712 -100.64719
v -17.12996 33.47239 -101.32081
v -15.38615 33.40021 -101.17342
v -17.12996 33.47239 -101.32081
v -16.84116 35.66712 -100.64719
v -17.58356 35.73204 -100.23010
v -18.64316 33.47107 -101.05421
v -17.23186 35.67762 -98.78402
v -17.73066 35.66600 -99.45070
v -17.10936 36.52919 -99.54161
v -16.67026 36.70018 -99.19785
v -16.17136 37.46177 -99.73509
v -16.67026 36.70018 -99.19785
v -17.10936 36.52919 -99.54161
v -16.86286 36.72980 -99.99017
v -17.58356 35.73204 -100.23010
v -16.86286 36.72980 -99.99017
v -17.10936 36.52919 -99.54161
v -17.73066 35.66600 -99.45070
v -15.58326 35.62465 -99.08479
v -16.36066 35.59247 -98.66624
v -16.23256 36.48222 -99.03954
v -15.76686 36.67110 -99.36265
v -16.17136 37.46177 -99.73509
v -15.76686 36.67110 -99.36265
v -16.23256 36.48222 -99.03954
v -16.67026 36.70018 -99.19785
v -17.23186 35.67762 -98.78402
v -16.67026 36.70018 -99.19785
v -16.23256 36.48222 -99.03954
v -16.36066 35.59247 -98.66624
v -15.93326 35.67927 -100.53092
v -15.47116 35.59359 -99.86269
v -15.66336 36.48277 -99.80524
v -15.95876 36.70085 -100.15498
v -16.17136 37.46177 -99.73509
v -15.95876 36.70085 -100.15498
v -15.66336 36.48277 -99.80524
v -15.76686 36.67110 -99.36265
v -15.58326 35.62465 -99.08479
v -15.76686 36.67110 -99.36265
v -15.66336 36.48277 -99.80524
v -15.47116 35.59359 -99.86269
v -17.58356 35.73204 -100.23010
v -16.84116 35.66712 -100.64719
v -16.54016 36.52973 -100.30731
v -16.86286 36.72980 -99.99017
v -16.17136 37.46177 -99.73509
v -16.86286 36.72980 -99.99017
v -16.54016 36.52973 -100.30731
v -15.95876 36.70085 -100.15498
v -15.93326 35.67927 -100.53092
v -15.95876 36.70085 -100.15498
v -16.54016 36.52973 -100.30731
v -16.84116 35.66712 -100.64719
v 16.64315 33.47108 -105.84595
v 16.83826 33.44606 -104.14124
v 15.73066 35.66600 -104.24246
v 15.58356 35.73204 -105.02185
v 16.83826 33.44606 -104.14124
v 15.94866 33.38420 -102.66795
v 15.23186 35.67762 -103.57576
v 15.73066 35.66600 -104.24246
v 15.23186 35.67762 -103.57576
v 15.94866 33.38420 -102.66795
v 14.20766 33.31390 -102.48917
v 14.36066 35.59247 -103.45798
v 14.20766 33.31390 -102.48917
v 12.69726 33.28008 -103.26134
v 13.58326 35.62465 -103.87656
v 14.36066 35.59247 -103.45798
v 13.58326 35.62465 -103.87656
v 12.69726 33.28008 -103.26134
v 12.49936 33.27362 -105.42574
v 13.47116 35.59359 -104.65445
v 12.49936 33.27362 -105.42574
v 13.38616 33.40021 -105.96516
v 13.93326 35.67928 -105.32267
v 13.47116 35.59359 -104.65445
v 13.93326 35.67928 -105.32267
v 13.38616 33.40021 -105.96516
v 15.12996 33.47239 -106.11256
v 14.84116 35.66712 -105.43893
v 15.12996 33.47239 -106.11256
v 16.64315 33.47108 -105.84595
v 15.58356 35.73204 -105.02185
v 14.84116 35.66712 -105.43893
v 15.23186 35.67762 -103.57576
v 14.67026 36.70018 -103.98961
v 15.10936 36.52919 -104.33336
v 15.73066 35.66600 -104.24246
v 15.10936 36.52919 -104.33336
v 14.67026 36.70018 -103.98961
v 14.17135 37.46177 -104.52684
v 14.86286 36.72980 -104.78194
v 15.58356 35.73204 -105.02185
v 15.73066 35.66600 -104.24246
v 15.10936 36.52919 -104.33336
v 14.86286 36.72980 -104.78194
v 13.58326 35.62465 -103.87656
v 13.76686 36.67110 -104.15440
v 14.23256 36.48222 -103.83129
v 14.36066 35.59247 -103.45798
v 14.23256 36.48222 -103.83129
v 13.76686 36.67110 -104.15440
v 14.17135 37.46177 -104.52684
v 14.67026 36.70018 -103.98961
v 15.23186 35.67762 -103.57576
v 14.36066 35.59247 -103.45798
v 14.23256 36.48222 -103.83129
v 14.67026 36.70018 -103.98961
v 13.93326 35.67928 -105.32267
v 13.95876 36.70085 -104.94675
v 13.66336 36.48277 -104.59700
v 13.47116 35.59359 -104.65445
v 13.66336 36.48277 -104.59700
v 13.95876 36.70085 -104.94675
v 14.17135 37.46177 -104.52684
v 13.76686 36.67110 -104.15440
v 13.58326 35.62465 -103.87656
v 13.47116 35.59359 -104.65445
v 13.66336 36.48277 -104.59700
v 13.76686 36.67110 -104.15440
v 15.58356 35.73204 -105.02185
v 14.86286 36.72980 -104.78194
v 14.54016 36.52974 -105.09905
v 14.84116 35.66712 -105.43893
v 14.54016 36.52974 -105.09905
v 14.86286 36.72980 -104.78194
v 14.17135 37.46177 -104.52684
v 13.95876 36.70085 -104.94675
v 13.93326 35.67928 -105.32267
v 14.84116 35.66712 -105.43893
v 14.54016 36.52974 -105.09905
v 13.95876 36.70085 -104.94675
v -16.64317 33.47107 -105.84596
v -15.58357 35.73204 -105.02185
v -15.73066 35.66600 -104.24246
v -16.83827 33.44606 -104.14124
v -16.83827 33.44606 -104.14124
v -15.73066 35.66600 -104.24246
v -15.23186 35.67762 -103.57577
v -15.94866 33.38419 -102.66796
v -15.23186 35.67762 -103.57577
v -14.36067 35.59247 -103.45801
v -14.20767 33.31390 -102.48918
v -15.94866 33.38419 -102.66796
v -14.20767 33.31390 -102.48918
v -14.36067 35.59247 -103.45801
v -13.58326 35.62465 -103.87656
v -12.69726 33.28008 -103.26135
v -13.58326 35.62465 -103.87656
v -13.47116 35.59359 -104.65445
v -12.49936 33.27362 -105.42574
v -12.69726 33.28008 -103.26135
v -12.49936 33.27362 -105.42574
v -13.47116 35.59359 -104.65445
v -13.93326 35.67927 -105.32267
v -13.38616 33.40021 -105.96518
v -13.93326 35.67927 -105.32267
v -14.84116 35.66712 -105.43893
v -15.12996 33.47239 -106.11256
v -13.38616 33.40021 -105.96518
v -15.12996 33.47239 -106.11256
v -14.84116 35.66712 -105.43893
v -15.58357 35.73204 -105.02185
v -16.64317 33.47107 -105.84596
v -15.23186 35.67762 -103.57577
v -15.73066 35.66600 -104.24246
v -15.10936 36.52919 -104.33336
v -14.67026 36.70018 -103.98961
v -14.17136 37.46177 -104.52684
v -14.67026 36.70018 -103.98961
v -15.10936 36.52919 -104.33336
v -14.86286 36.72980 -104.78194
v -15.58357 35.73204 -105.02185
v -14.86286 36.72980 -104.78194
v -15.10936 36.52919 -104.33336
v -15.73066 35.66600 -104.24246
v -13.58326 35.62465 -103.87656
v -14.36067 35.59247 -103.45801
v -14.23256 36.48222 -103.83129
v -13.76686 36.67110 -104.15440
v -14.17136 37.46177 -104.52684
v -13.76686 36.67110 -104.15440
v -14.23256 36.48222 -103.83129
v -14.67026 36.70018 -103.98961
v -15.23186 35.67762 -103.57577
v -14.67026 36.70018 -103.98961
v -14.23256 36.48222 -103.83129
v -14.36067 35.59247 -103.45801
v -13.93326 35.67927 -105.32267
v -13.47116 35.59359 -104.65445
v -13.66336 36.48277 -104.59700
v -13.95876 36.70085 -104.94675
v -14.17136 37.46177 -104.52684
v -13.95876 36.70085 -104.94675
v -13.66336 36.48277 -104.59700
v -13.76686 36.67110 -104.15440
v -13.58326 35.62465 -103.87656
v -13.76686 36.67110 -104.15440
v -13.66336 36.48277 -104.59700
v -13.47116 35.59359 -104.65445
v -15.58357 35.73204 -105.02185
v -14.84116 35.66712 -105.43893
v -14.54016 36.52974 -105.09906
v -14.86286 36.72980 -104.78194
v -14.17136 37.46177 -104.52684
v -14.86286 36.72980 -104.78194
v -14.54016 36.52974 -105.09906
v -13.95876 36.70085 -104.94675
v -13.93326 35.67927 -105.32267
v -13.95876 36.70085 -104.94675
v -14.54016 36.52974 -105.09906
v -14.84116 35.66712 -105.43893
v 13.93885 33.47108 -110.00230
v 14.11535 33.44606 -108.29759
v 13.11334 35.66600 -108.39881
v 12.98027 35.73204 -109.17820
v 14.11535 33.44606 -108.29759
v 13.31056 33.38420 -106.82430
v 12.66209 35.67763 -107.73211
v 13.11334 35.66600 -108.39881
v 12.66209 35.67763 -107.73211
v 13.31056 33.38420 -106.82430
v 11.73553 33.31390 -106.64552
v 11.87395 35.59247 -107.61433
v 11.73553 33.31390 -106.64552
v 10.36912 33.28008 -107.41769
v 11.17066 35.62465 -108.03291
v 11.87395 35.59247 -107.61433
v 11.17066 35.62465 -108.03291
v 10.36912 33.28008 -107.41769
v 10.19009 33.27362 -109.58209
v 11.06925 35.59359 -108.81080
v 10.19009 33.27362 -109.58209
v 10.99235 33.40022 -110.12152
v 11.48729 35.67928 -109.47902
v 11.06925 35.59359 -108.81080
v 11.48729 35.67928 -109.47902
v 10.99235 33.40022 -110.12152
v 12.56991 33.47239 -110.26891
v 12.30864 35.66713 -109.59528
v 12.56991 33.47239 -110.26891
v 13.93885 33.47108 -110.00230
v 12.98027 35.73204 -109.17820
v 12.30864 35.66713 -109.59528
v 12.66209 35.67763 -107.73211
v 12.15403 36.70018 -108.14597
v 12.55127 36.52919 -108.48971
v 13.11334 35.66600 -108.39881
v 12.55127 36.52919 -108.48971
v 12.15403 36.70018 -108.14597
v 11.70269 37.46177 -108.68319
v 12.32827 36.72980 -108.93829
v 12.98027 35.73204 -109.17820
v 13.11334 35.66600 -108.39881
v 12.55127 36.52919 -108.48971
v 12.32827 36.72980 -108.93829
v 11.17066 35.62465 -108.03291
v 11.33676 36.67110 -108.31076
v 11.75806 36.48223 -107.98764
v 11.87395 35.59247 -107.61433
v 11.75806 36.48223 -107.98764
v 11.33676 36.67110 -108.31076
v 11.70269 37.46177 -108.68319
v 12.15403 36.70018 -108.14597
v 12.66209 35.67763 -107.73211
v 11.87395 35.59247 -107.61433
v 11.75806 36.48223 -107.98764
v 12.15403 36.70018 -108.14597
v 11.48729 35.67928 -109.47902
v 11.51036 36.70085 -109.10310
v 11.24312 36.48277 -108.75335
v 11.06925 35.59359 -108.81080
v 11.24312 36.48277 -108.75335
v 11.51036 36.70085 -109.10310
v 11.70269 37.46177 -108.68319
v 11.33676 36.67110 -108.31076
v 11.17066 35.62465 -108.03291
v 11.06925 35.59359 -108.81080
v 11.24312 36.48277 -108.75335
v 11.33676 36.67110 -108.31076
v 12.98027 35.73204 -109.17820
v 12.32827 36.72980 -108.93829
v 12.03633 36.52974 -109.25540
v 12.30864 35.66713 -109.59528
v 12.03633 36.52974 -109.25540
v 12.32827 36.72980 -108.93829
v 11.70269 37.46177 -108.68319
v 11.51036 36.70085 -109.10310
v 11.48729 35.67928 -109.47902
v 12.30864 35.66713 -109.59528
v 12.03633 36.52974 -109.25540
v 11.51036 36.70085 -109.10310
v -13.93885 33.47107 -110.00231
v -12.98026 35.73204 -109.17820
v -13.11334 35.66600 -108.39881
v -14.11535 33.44606 -108.29759
v -14.11535 33.44606 -108.29759
v -13.11334 35.66600 -108.39881
v -12.66209 35.67762 -107.73212
v -13.31055 33.38419 -106.82431
v -12.66209 35.67762 -107.73212
v -11.87394 35.59247 -107.61436
v -11.73553 33.31390 -106.64553
v -13.31055 33.38419 -106.82431
v -11.73553 33.31390 -106.64553
v -11.87394 35.59247 -107.61436
v -11.17065 35.62466 -108.03291
v -10.36912 33.28008 -107.41770
v -11.17065 35.62466 -108.03291
v -11.06924 35.59359 -108.81080
v -10.19008 33.27363 -109.58209
v -10.36912 33.28008 -107.41770
v -10.19008 33.27363 -109.58209
v -11.06924 35.59359 -108.81080
v -11.48729 35.67928 -109.47902
v -10.99234 33.40022 -110.12153
v -11.48729 35.67928 -109.47902
v -12.30863 35.66712 -109.59528
v -12.56990 33.47239 -110.26892
v -10.99234 33.40022 -110.12153
v -12.56990 33.47239 -110.26892
v -12.30863 35.66712 -109.59528
v -12.98026 35.73204 -109.17820
v -13.93885 33.47107 -110.00231
v -12.66209 35.67762 -107.73212
v -13.11334 35.66600 -108.39881
v -12.55126 36.52919 -108.48971
v -12.15402 36.70018 -108.14597
v -11.70269 37.46177 -108.68319
v -12.15402 36.70018 -108.14597
v -12.55126 36.52919 -108.48971
v -12.32826 36.72980 -108.93829
v -12.98026 35.73204 -109.17820
v -12.32826 36.72980 -108.93829
v -12.55126 36.52919 -108.48971
v -13.11334 35.66600 -108.39881
v -11.17065 35.62466 -108.03291
v -11.87394 35.59247 -107.61436
v -11.75805 36.48223 -107.98764
v -11.33675 36.67110 -108.31076
v -11.70269 37.46177 -108.68319
v -11.33675 36.67110 -108.31076
v -11.75805 36.48223 -107.98764
v -12.15402 36.70018 -108.14597
v -12.66209 35.67762 -107.73212
v -12.15402 36.70018 -108.14597
v -11.75805 36.48223 -107.98764
v -11.87394 35.59247 -107.61436
v -11.48729 35.67928 -109.47902
v -11.06924 35.59359 -108.81080
v -11.24312 36.48277 -108.75335
v -11.51036 36.70085 -109.10310
v -11.70269 37.46177 -108.68319
v -11.51036 36.70085 -109.10310
v -11.24312 36.48277 -108.75335
v -11.33675 36.67110 -108.31076
v -11.17065 35.62466 -108.03291
v -11.33675 36.67110 -108.31076
v -11.24312 36.48277 -108.75335
v -11.06924 35.59359 -108.81080
v -12.98026 35.73204 -109.17820
v -12.30863 35.66712 -109.59528
v -12.03633 36.52974 -109.25541
v -12.32826 36.72980 -108.93829
v -11.70269 37.46177 -108.68319
v -12.32826 36.72980 -108.93829
v -12.03633 36.52974 -109.25541
v -11.51036 36.70085 -109.10310
v -11.48729 35.67928 -109.47902
v -11.51036 36.70085 -109.10310
v -12.03633 36.52974 -109.25541
v -12.30863 35.66712 -109.59528
v 11.91684 33.47108 -115.69567
v 12.09134 33.44606 -113.99096
v 11.10070 35.66600 -114.09218
v 10.96914 35.73204 -114.87157
v 12.09134 33.44606 -113.99096
v 11.29568 33.38420 -112.51767
v 10.65458 35.67763 -113.42548
v 11.10070 35.66600 -114.09218
v 10.65458 35.67763 -113.42548
v 11.29568 33.38420 -112.51767
v 9.73853 33.31390 -112.33889
v 9.87537 35.59247 -113.30771
v 9.73853 33.31390 -112.33889
v 8.38763 33.28008 -113.11106
v 9.18007 35.62465 -113.72627
v 9.87537 35.59247 -113.30771
v 9.18007 35.62465 -113.72627
v 8.38763 33.28008 -113.11106
v 8.21063 33.27362 -115.27546
v 9.07980 35.59359 -114.50417
v 8.21063 33.27362 -115.27546
v 9.00378 33.40022 -115.81489
v 9.49311 35.67928 -115.17239
v 9.07980 35.59359 -114.50417
v 9.49311 35.67928 -115.17239
v 9.00378 33.40022 -115.81489
v 10.56344 33.47239 -115.96228
v 10.30513 35.66713 -115.28864
v 10.56344 33.47239 -115.96228
v 11.91684 33.47108 -115.69567
v 10.96914 35.73204 -114.87157
v 10.30513 35.66713 -115.28864
v 10.65458 35.67763 -113.42548
v 10.15228 36.70018 -113.83933
v 10.54501 36.52919 -114.18307
v 11.10070 35.66600 -114.09218
v 10.54501 36.52919 -114.18307
v 10.15228 36.70018 -113.83933
v 9.70606 37.46177 -114.37656
v 10.32454 36.72980 -114.63165
v 10.96914 35.73204 -114.87157
v 11.10070 35.66600 -114.09218
v 10.54501 36.52919 -114.18307
v 10.32454 36.72980 -114.63165
v 9.18007 35.62465 -113.72627
v 9.34428 36.67110 -114.00413
v 9.76080 36.48223 -113.68102
v 9.87537 35.59247 -113.30771
v 9.76080 36.48223 -113.68102
v 9.34428 36.67110 -114.00413
v 9.70606 37.46177 -114.37656
v 10.15228 36.70018 -113.83933
v 10.65458 35.67763 -113.42548
v 9.87537 35.59247 -113.30771
v 9.76080 36.48223 -113.68102
v 10.15228 36.70018 -113.83933
v 9.49311 35.67928 -115.17239
v 9.51591 36.70085 -114.79646
v 9.25171 36.48277 -114.44672
v 9.07980 35.59359 -114.50417
v 9.25171 36.48277 -114.44672
v 9.51591 36.70085 -114.79646
v 9.70606 37.46177 -114.37656
v 9.34428 36.67110 -114.00413
v 9.18007 35.62465 -113.72627
v 9.07980 35.59359 -114.50417
v 9.25171 36.48277 -114.44672
v 9.34428 36.67110 -114.00413
v 10.96914 35.73204 -114.87157
v 10.32454 36.72980 -114.63165
v 10.03592 36.52974 -114.94877
v 10.30513 35.66713 -115.28864
v 10.03592 36.52974 -114.94877
v 10.32454 36.72980 -114.63165
v 9.70606 37.46177 -114.37656
v 9.51591 36.70085 -114.79646
v 9.49311 35.67928 -115.17239
v 10.30513 35.66713 -115.28864
v 10.03592 36.52974 -114.94877
v 9.51591 36.70085 -114.79646
v -11.91685 33.47107 -115.69568
v -10.96914 35.73204 -114.87157
v -11.10071 35.66600 -114.09218
v -12.09135 33.44606 -113.99096
v -12.09135 33.44606 -113.99096
v -11.10071 35.66600 -114.09218
v -10.65458 35.67762 -113.42548
v -11.29569 33.38419 -112.51768
v -10.65458 35.67762 -113.42548
v -9.87538 35.59247 -113.30772
v -9.73854 33.31390 -112.33890
v -11.29569 33.38419 -112.51768
v -9.73854 33.31390 -112.33890
v -9.87538 35.59247 -113.30772
v -9.18007 35.62466 -113.72627
v -8.38763 33.28008 -113.11107
v -9.18007 35.62466 -113.72627
v -9.07981 35.59359 -114.50417
v -8.21063 33.27363 -115.27546
v -8.38763 33.28008 -113.11107
v -8.21063 33.27363 -115.27546
v -9.07981 35.59359 -114.50417
v -9.49311 35.67928 -115.17239
v -9.00378 33.40022 -115.81490
v -9.49311 35.67928 -115.17239
v -10.30514 35.66712 -115.28865
v -10.56344 33.47239 -115.96229
v -9.00378 33.40022 -115.81490
v -10.56344 33.47239 -115.96229
v -10.30514 35.66712 -115.28865
v -10.96914 35.73204 -114.87157
v -11.91685 33.47107 -115.69568
v -10.65458 35.67762 -113.42548
v -11.10071 35.66600 -114.09218
v -10.54501 36.52919 -114.18307
v -10.15228 36.70018 -113.83933
v -9.70607 37.46177 -114.37656
v -10.15228 36.70018 -113.83933
v -10.54501 36.52919 -114.18307
v -10.32455 36.72980 -114.63165
v -10.96914 35.73204 -114.87157
v -10.32455 36.72980 -114.63165
v -10.54501 36.52919 -114.18307
v -11.10071 35.66600 -114.09218
v -9.18007 35.62466 -113.72627
v -9.87538 35.59247 -113.30772
v -9.76081 36.48223 -113.68102
v -9.34428 36.67110 -114.00413
v -9.70607 37.46177 -114.37656
v -9.34428 36.67110 -114.00413
v -9.76081 36.48223 -113.68102
v -10.15228 36.70018 -113.83933
v -10.65458 35.67762 -113.42548
v -10.15228 36.70018 -113.83933
v -9.76081 36.48223 -113.68102
v -9.87538 35.59247 -113.30772
v -9.49311 35.67928 -115.17239
v -9.07981 35.59359 -114.50417
v -9.25171 36.48277 -114.44672
v -9.51592 36.70085 -114.79646
v -9.70607 37.46177 -114.37656
v -9.51592 36.70085 -114.79646
v -9.25171 36.48277 -114.44672
v -9.34428 36.67110 -114.00413
v -9.18007 35.62466 -113.72627
v -9.34428 36.67110 -114.00413
v -9.25171 36.48277 -114.44672
v -9.07981 35.59359 -114.50417
v -10.96914 35.73204 -114.87157
v -10.30514 35.66712 -115.28865
v -10.03592 36.52974 -114.94878
v -10.32455 36.72980 -114.63165
v -9.70607 37.46177 -114.37656
v -10.32455 36.72980 -114.63165
v -10.03592 36.52974 -114.94878
v -9.51592 36.70085 -114.79646
v -9.49311 35.67928 -115.17239
v -9.51592 36.70085 -114.79646
v -10.03592 36.52974 -114.94878
v -10.30514 35.66712 -115.28865
v 9.84769 33.74893 -119.84148
v 10.01590 33.72714 -118.31940
v 9.06100 35.66094 -118.40977
v 8.93418 35.71847 -119.10567
v 10.01590 33.72714 -118.31940
v 9.24894 33.67325 -117.00396
v 8.63096 35.67107 -117.81451
v 9.06100 35.66094 -118.40977
v 8.63096 35.67107 -117.81451
v 9.24894 33.67325 -117.00396
v 7.74797 33.61202 -116.84434
v 7.87987 35.59689 -117.70936
v 7.74797 33.61202 -116.84434
v 6.44580 33.58255 -117.53378
v 7.20965 35.62492 -118.08307
v 7.87987 35.59689 -117.70936
v 7.20965 35.62492 -118.08307
v 6.44580 33.58255 -117.53378
v 6.27518 33.57693 -119.46629
v 7.11300 35.59787 -118.77763
v 6.27518 33.57693 -119.46629
v 7.03972 33.68721 -119.94791
v 7.51140 35.67251 -119.37425
v 7.11300 35.59787 -118.77763
v 7.51140 35.67251 -119.37425
v 7.03972 33.68721 -119.94791
v 8.54311 33.75008 -120.07951
v 8.29413 35.66193 -119.47807
v 8.54311 33.75008 -120.07951
v 9.84769 33.74893 -119.84148
v 8.93418 35.71847 -119.10567
v 8.29413 35.66193 -119.47807
v 8.63096 35.67107 -117.81451
v 8.14679 36.56182 -118.18401
v 8.52535 36.41288 -118.49094
v 9.06100 35.66094 -118.40977
v 8.52535 36.41288 -118.49094
v 8.14679 36.56182 -118.18401
v 7.71667 37.22524 -118.66370
v 8.31284 36.58763 -118.89146
v 8.93418 35.71847 -119.10567
v 9.06100 35.66094 -118.40977
v 8.52535 36.41288 -118.49094
v 8.31284 36.58763 -118.89146
v 7.20965 35.62492 -118.08307
v 7.36794 36.53649 -118.33115
v 7.76943 36.37196 -118.04267
v 7.87987 35.59689 -117.70936
v 7.76943 36.37196 -118.04267
v 7.36794 36.53649 -118.33115
v 7.71667 37.22524 -118.66370
v 8.14679 36.56182 -118.18401
v 8.63096 35.67107 -117.81451
v 7.87987 35.59689 -117.70936
v 7.76943 36.37196 -118.04267
v 8.14679 36.56182 -118.18401
v 7.51140 35.67251 -119.37425
v 7.53338 36.56240 -119.03861
v 7.27871 36.37244 -118.72633
v 7.11300 35.59787 -118.77763
v 7.27871 36.37244 -118.72633
v 7.53338 36.56240 -119.03861
v 7.71667 37.22524 -118.66370
v 7.36794 36.53649 -118.33115
v 7.20965 35.62492 -118.08307
v 7.11300 35.59787 -118.77763
v 7.27871 36.37244 -118.72633
v 7.36794 36.53649 -118.33115
v 8.93418 35.71847 -119.10567
v 8.31284 36.58763 -118.89146
v 8.03462 36.41335 -119.17460
v 8.29413 35.66193 -119.47807
v 8.03462 36.41335 -119.17460
v 8.31284 36.58763 -118.89146
v 7.71667 37.22524 -118.66370
v 7.53338 36.56240 -119.03861
v 7.51140 35.67251 -119.37425
v 8.29413 35.66193 -119.47807
v 8.03462 36.41335 -119.17460
v 7.53338 36.56240 -119.03861
v -9.84770 33.74893 -119.84148
v -8.93418 35.71847 -119.10567
v -9.06100 35.66094 -118.40977
v -10.01590 33.72714 -118.31940
v -10.01590 33.72714 -118.31940
v -9.06100 35.66094 -118.40977
v -8.63096 35.67107 -117.81451
v -9.24894 33.67325 -117.00397
v -8.63096 35.67107 -117.81451
v -7.87988 35.59689 -117.70937
v -7.74797 33.61202 -116.84435
v -9.24894 33.67325 -117.00397
v -7.74797 33.61202 -116.84435
v -7.87988 35.59689 -117.70937
v -7.20965 35.62493 -118.08307
v -6.44580 33.58256 -117.53379
v -7.20965 35.62493 -118.08307
v -7.11301 35.59787 -118.77763
v -6.27518 33.57694 -119.46629
v -6.44580 33.58256 -117.53379
v -6.27518 33.57694 -119.46629
v -7.11301 35.59787 -118.77763
v -7.51140 35.67250 -119.37425
v -7.03972 33.68721 -119.94792
v -7.51140 35.67250 -119.37425
v -8.29413 35.66192 -119.47807
v -8.54311 33.75008 -120.07952
v -7.03972 33.68721 -119.94792
v -8.54311 33.75008 -120.07952
v -8.29413 35.66192 -119.47807
v -8.93418 35.71847 -119.10567
v -9.84770 33.74893 -119.84148
v -8.63096 35.67107 -117.81451
v -9.06100 35.66094 -118.40977
v -8.52535 36.41286 -118.49094
v -8.14679 36.56182 -118.18401
v -7.71667 37.22524 -118.66370
v -8.14679 36.56182 -118.18401
v -8.52535 36.41286 -118.49094
v -8.31284 36.58763 -118.89146
v -8.93418 35.71847 -119.10567
v -8.31284 36.58763 -118.89146
v -8.52535 36.41286 -118.49094
v -9.06100 35.66094 -118.40977
v -7.20965 35.62493 -118.08307
v -7.87988 35.59689 -117.70937
v -7.76943 36.37196 -118.04267
v -7.36794 36.53649 -118.33115
v -7.71667 37.22524 -118.66370
v -7.36794 36.53649 -118.33115
v -7.76943 36.37196 -118.04267
v -8.14679 36.56182 -118.18401
v -8.63096 35.67107 -117.81451
v -8.14679 36.56182 -118.18401
v -7.76943 36.37196 -118.04267
v -7.87988 35.59689 -117.70937
v -7.51140 35.67250 -119.37425
v -7.11301 35.59787 -118.77763
v -7.27871 36.37244 -118.72633
v -7.53338 36.56240 -119.03861
v -7.71667 37.22524 -118.66370
v -7.53338 36.56240 -119.03861
v -7.27871 36.37244 -118.72633
v -7.36794 36.53649 -118.33115
v -7.20965 35.62493 -118.08307
v -7.36794 36.53649 -118.33115
v -7.27871 36.37244 -118.72633
v -7.11301 35.59787 -118.77763
v -8.93418 35.71847 -119.10567
v -8.29413 35.66192 -119.47807
v -8.03463 36.41335 -119.17461
v -8.31284 36.58763 -118.89146
v -7.71667 37.22524 -118.66370
v -8.31284 36.58763 -118.89146
v -8.03463 36.41335 -119.17461
v -7.53338 36.56240 -119.03861
v -7.51140 35.67250 -119.37425
v -7.53338 36.56240 -119.03861
v -8.03463 36.41335 -119.17461
v -8.29413 35.66192 -119.47807
v 5.74502 33.81145 -123.41316
v 5.90387 33.79038 -121.94481
v 5.00204 35.65981 -122.03198
v 4.88226 35.71542 -122.70332
v 5.90387 33.79038 -121.94481
v 5.17954 33.73829 -120.67580
v 4.59590 35.66959 -121.45773
v 5.00204 35.65981 -122.03198
v 4.59590 35.66959 -121.45773
v 5.17954 33.73829 -120.67580
v 3.76197 33.67908 -120.52180
v 3.88655 35.59788 -121.35629
v 3.76197 33.67908 -120.52180
v 2.53216 33.65061 -121.18691
v 3.25357 35.62498 -121.71681
v 3.88655 35.59788 -121.35629
v 3.25357 35.62498 -121.71681
v 2.53216 33.65061 -121.18691
v 2.37103 33.64517 -123.05122
v 3.16229 35.59883 -122.38686
v 2.37103 33.64517 -123.05122
v 3.09308 33.75177 -123.51585
v 3.53855 35.67099 -122.96243
v 3.16229 35.59883 -122.38686
v 3.53855 35.67099 -122.96243
v 3.09308 33.75177 -123.51585
v 4.51293 33.81255 -123.64280
v 4.27778 35.66075 -123.06256
v 4.51293 33.81255 -123.64280
v 5.74502 33.81145 -123.41316
v 4.88226 35.71542 -122.70332
v 4.27778 35.66075 -123.06256
v 4.59590 35.66959 -121.45773
v 4.13863 36.53070 -121.81420
v 4.49616 36.38671 -122.11029
v 5.00204 35.65981 -122.03198
v 4.49616 36.38671 -122.11029
v 4.13863 36.53070 -121.81420
v 3.73241 37.17204 -122.27694
v 4.29545 36.55564 -122.49666
v 4.88226 35.71542 -122.70332
v 5.00204 35.65981 -122.03198
v 4.49616 36.38671 -122.11029
v 4.29545 36.55564 -122.49666
v 3.25357 35.62498 -121.71681
v 3.40306 36.50620 -121.95614
v 3.78224 36.34716 -121.67783
v 3.88655 35.59788 -121.35629
v 3.78224 36.34716 -121.67783
v 3.40306 36.50620 -121.95614
v 3.73241 37.17204 -122.27694
v 4.13863 36.53070 -121.81420
v 4.59590 35.66959 -121.45773
v 3.88655 35.59788 -121.35629
v 3.78224 36.34716 -121.67783
v 4.13863 36.53070 -121.81420
v 3.53855 35.67099 -122.96243
v 3.55931 36.53126 -122.63863
v 3.31879 36.34761 -122.33736
v 3.16229 35.59883 -122.38686
v 3.31879 36.34761 -122.33736
v 3.55931 36.53126 -122.63863
v 3.73241 37.17204 -122.27694
v 3.40306 36.50620 -121.95614
v 3.25357 35.62498 -121.71681
v 3.16229 35.59883 -122.38686
v 3.31879 36.34761 -122.33736
v 3.40306 36.50620 -121.95614
v 4.88226 35.71542 -122.70332
v 4.29545 36.55564 -122.49666
v 4.03270 36.38716 -122.76981
v 4.27778 35.66075 -123.06256
v 4.03270 36.38716 -122.76981
v 4.29545 36.55564 -122.49666
v 3.73241 37.17204 -122.27694
v 3.55931 36.53126 -122.63863
v 3.53855 35.67099 -122.96243
v 4.27778 35.66075 -123.06256
v 4.03270 36.38716 -122.76981
v 3.55931 36.53126 -122.63863
v -5.74502 33.81144 -123.41317
v -4.88226 35.71542 -122.70332
v -5.00203 35.65980 -122.03198
v -5.90387 33.79038 -121.94481
v -5.90387 33.79038 -121.94481
v -5.00203 35.65980 -122.03198
v -4.59590 35.66959 -121.45774
v -5.17953 33.73828 -120.67580
v -4.59590 35.66959 -121.45774
v -3.88655 35.59788 -121.35629
v -3.76197 33.67908 -120.52180
v -5.17953 33.73828 -120.67580
v -3.76197 33.67908 -120.52180
v -3.88655 35.59788 -121.35629
v -3.25357 35.62499 -121.71681
v -2.53216 33.65061 -121.18691
v -3.25357 35.62499 -121.71681
v -3.16229 35.59883 -122.38686
v -2.37102 33.64517 -123.05122
v -2.53216 33.65061 -121.18691
v -2.37102 33.64517 -123.05122
v -3.16229 35.59883 -122.38686
v -3.53854 35.67098 -122.96243
v -3.09308 33.75177 -123.51585
v -3.53854 35.67098 -122.96243
v -4.27778 35.66075 -123.06258
v -4.51293 33.81255 -123.64281
v -3.09308 33.75177 -123.51585
v -4.51293 33.81255 -123.64281
v -4.27778 35.66075 -123.06258
v -4.88226 35.71542 -122.70332
v -5.74502 33.81144 -123.41317
v -4.59590 35.66959 -121.45774
v -5.00203 35.65980 -122.03198
v -4.49615 36.38670 -122.11029
v -4.13863 36.53069 -121.81420
v -3.73241 37.17204 -122.27694
v -4.13863 36.53069 -121.81420
v -4.49615 36.38670 -122.11029
v -4.29545 36.55564 -122.49666
v -4.88226 35.71542 -122.70332
v -4.29545 36.55564 -122.49666
v -4.49615 36.38670 -122.11029
v -5.00203 35.65980 -122.03198
v -3.25357 35.62499 -121.71681
v -3.88655 35.59788 -121.35629
v -3.78224 36.34716 -121.67783
v -3.40306 36.50620 -121.95614
v -3.73241 37.17204 -122.27694
v -3.40306 36.50620 -121.95614
v -3.78224 36.34716 -121.67783
v -4.13863 36.53069 -121.81420
v -4.59590 35.66959 -121.45774
v -4.13863 36.53069 -121.81420
v -3.78224 36.34716 -121.67783
v -3.88655 35.59788 -121.35629
v -3.53854 35.67098 -122.96243
v -3.16229 35.59883 -122.38686
v -3.31879 36.34761 -122.33736
v -3.55931 36.53126 -122.63863
v -3.73241 37.17204 -122.27694
v -3.55931 36.53126 -122.63863
v -3.31879 36.34761 -122.33736
v -3.40306 36.50620 -121.95614
v -3.25357 35.62499 -121.71681
v -3.40306 36.50620 -121.95614
v -3.31879 36.34761 -122.33736
v -3.16229 35.59883 -122.38686
v -4.88226 35.71542 -122.70332
v -4.27778 35.66075 -123.06258
v -4.03270 36.38716 -122.76982
v -4.29545 36.55564 -122.49666
v -3.73241 37.17204 -122.27694
v -4.29545 36.55564 -122.49666
v -4.03270 36.38716 -122.76982
v -3.55931 36.53126 -122.63863
v -3.53854 35.67098 -122.96243
v -3.55931 36.53126 -122.63863
v -4.03270 36.38716 -122.76982
v -4.27778 35.66075 -123.06258
vt 0.599483 0.981667
vt 0.556700 0.938900
vt 0.593875 0.924406
vt 0.771894 0.163650
vt 0.769065 0.180467
vt 0.704202 0.166545
vt 0.705069 0.148647
vt 0.768173 0.186817
vt 0.700587 0.175887
vt 0.606168 0.788328
vt 0.665759 0.783690
vt 0.669604 0.825474
vt 0.611239 0.835032
vt 0.723586 0.780084
vt 0.726403 0.817056
vt 0.731714 0.855153
vt 0.676125 0.867292
vt 0.619019 0.878597
vt 0.482520 0.799599
vt 0.550881 0.792554
vt 0.557114 0.844019
vt 0.521222 0.849805
vt 0.567693 0.896075
vt 0.541845 0.906946
vt 0.608484 0.708584
vt 0.553390 0.706327
vt 0.557529 0.665995
vt 0.612454 0.670776
vt 0.485572 0.704620
vt 0.489853 0.660929
vt 0.496830 0.614019
vt 0.564302 0.623187
vt 0.618871 0.631678
vt 0.134254 0.895038
vt 0.136902 0.942850
vt 0.076400 0.942700
vt 0.074900 0.894000
vt 0.141228 0.991983
vt 0.078578 0.993602
vt 0.011019 0.994789
vt 0.009659 0.941548
vt 0.008502 0.890302
vt 0.745645 0.438145
vt 0.734779 0.482608
vt 0.647239 0.463949
vt 0.659350 0.426361
vt 0.778133 0.443697
vt 0.767674 0.490081
vt 0.757484 0.533655
vt 0.722669 0.529800
vt 0.633606 0.503754
vt 0.010542 0.658498
vt 0.076500 0.661300
vt 0.075000 0.687000
vt 0.008196 0.689858
vt 0.136386 0.651386
vt 0.134689 0.682123
vt 0.133154 0.718029
vt 0.073900 0.721000
vt 0.007390 0.722482
vt 0.020254 0.547870
vt 0.033808 0.477363
vt 0.105700 0.491200
vt 0.098500 0.564300
vt 0.044796 0.412258
vt 0.119789 0.419905
vt 0.155600 0.502600
vt 0.141700 0.574900
vt 0.167324 0.431646
vt 0.411400 0.704600
vt 0.415700 0.656900
vt 0.335365 0.706078
vt 0.339486 0.655916
vt 0.346307 0.600869
vt 0.422700 0.605700
vt 0.190319 0.657955
vt 0.187247 0.708599
vt 0.986874 0.256366
vt 0.983834 0.286493
vt 0.938100 0.287200
vt 0.938900 0.260100
vt 0.982589 0.318121
vt 0.937000 0.317600
vt 0.888693 0.312950
vt 0.889234 0.285232
vt 0.889725 0.260445
vt 0.925738 0.741801
vt 0.899394 0.738469
vt 0.901966 0.717788
vt 0.928148 0.722732
vt 0.869391 0.734475
vt 0.872159 0.712083
vt 0.876372 0.688333
vt 0.905873 0.695655
vt 0.931708 0.702153
vt 0.072600 0.207400
vt 0.083700 0.210100
vt 0.094900 0.166700
vt 0.081900 0.158600
vt 0.102400 0.214000
vt 0.116590 0.174099
vt 0.151900 0.224000
vt 0.125400 0.218800
vt 0.115900 0.259600
vt 0.147200 0.264000
vt 0.085500 0.255100
vt 0.054400 0.338900
vt 0.028600 0.349300
vt 0.064300 0.387400
vt 0.092918 0.378175
vt 0.090719 0.330969
vt 0.111400 0.331500
vt 0.143100 0.332000
vt 0.145800 0.284400
vt 0.111800 0.283000
vt 0.085586 0.280088
vt 0.187200 0.186400
vt 0.158400 0.180100
vt 0.181000 0.229000
vt 0.211500 0.234000
vt 0.216900 0.194600
vt 0.177900 0.267900
vt 0.208500 0.271300
vt 0.176200 0.334000
vt 0.132100 0.390900
vt 0.162700 0.392100
vt 0.193200 0.393300
vt 0.208800 0.335900
vt 0.177600 0.286900
vt 0.208400 0.290100
vt 0.245600 0.204800
vt 0.242300 0.239500
vt 0.268633 0.245166
vt 0.269200 0.215800
vt 0.239500 0.274400
vt 0.265700 0.274900
vt 0.239400 0.336200
vt 0.223600 0.386500
vt 0.253900 0.379700
vt 0.268303 0.336169
vt 0.239300 0.293400
vt 0.265800 0.295600
vt 0.146300 0.273700
vt 0.113100 0.270700
vt 0.082600 0.267200
vt 0.161000 0.160900
vt 0.160600 0.168700
vt 0.189100 0.175200
vt 0.190500 0.168000
vt 0.218500 0.183800
vt 0.219900 0.175000
vt 0.177500 0.276800
vt 0.208100 0.280100
vt 0.246700 0.195400
vt 0.247600 0.189000
vt 0.270400 0.208300
vt 0.275200 0.202900
vt 0.239000 0.283400
vt 0.265900 0.283300
vt 0.193200 0.040500
vt 0.184900 0.052000
vt 0.169500 0.039200
vt 0.169500 0.031200
vt 0.173500 0.058000
vt 0.159400 0.039600
vt 0.145300 0.021300
vt 0.286100 0.221400
vt 0.283500 0.225800
vt 0.293300 0.249500
vt 0.298100 0.250500
vt 0.288500 0.217600
vt 0.302300 0.251200
vt 0.270500 0.368800
vt 0.291800 0.339900
vt 0.280772 0.337868
vt 0.243900 0.016900
vt 0.252000 0.026700
vt 0.216500 0.027400
vt 0.214400 0.017900
vt 0.253800 0.041300
vt 0.219900 0.038600
vt 0.191200 0.027700
vt 0.185000 0.019000
vt 0.105900 0.636500
vt 0.142400 0.609100
vt 0.053500 0.638200
vt 0.078900 0.644300
vt 0.084300 0.619400
vt 0.165100 0.020100
vt 0.173300 0.026200
vt 0.392400 0.163800
vt 0.377000 0.185700
vt 0.435800 0.208400
vt 0.447000 0.190900
vt 0.367500 0.205500
vt 0.422003 0.221700
vt 0.471810 0.235681
vt 0.483192 0.228358
vt 0.494451 0.208923
vt 0.252000 0.088400
vt 0.244700 0.103100
vt 0.307300 0.145700
vt 0.313800 0.125600
vt 0.224200 0.107800
vt 0.295900 0.156600
vt 0.215700 0.062700
vt 0.206900 0.072600
vt 0.193200 0.040500
vt 0.184900 0.052000
vt 0.198800 0.082900
vt 0.169500 0.031200
vt 0.169500 0.039200
vt 0.225800 0.053400
vt 0.219900 0.038600
vt 0.255900 0.065500
vt 0.253800 0.041300
vt 0.173300 0.026200
vt 0.191200 0.027700
vt 0.216500 0.027400
vt 0.252000 0.026700
vt 0.303200 0.047800
vt 0.300200 0.027000
vt 0.356800 0.053300
vt 0.352500 0.028200
vt 0.354300 0.014000
vt 0.299100 0.015400
vt 0.404100 0.054200
vt 0.400400 0.030000
vt 0.447100 0.056100
vt 0.442000 0.033900
vt 0.449600 0.017100
vt 0.401900 0.015600
vt 0.970089 0.481409
vt 0.961770 0.532226
vt 0.916400 0.521500
vt 0.924200 0.473200
vt 0.952058 0.587972
vt 0.906613 0.574059
vt 0.857936 0.562344
vt 0.867457 0.512658
vt 0.875893 0.463957
vt 0.726136 0.717471
vt 0.668207 0.712481
vt 0.671953 0.678368
vt 0.729697 0.686977
vt 0.678022 0.643102
vt 0.735282 0.655350
vt 0.763750 0.778202
vt 0.765837 0.811997
vt 0.800209 0.777321
vt 0.801677 0.808296
vt 0.804771 0.839071
vt 0.769849 0.845954
vt 0.766342 0.721486
vt 0.764138 0.748928
vt 0.723826 0.747716
vt 0.802735 0.725814
vt 0.800686 0.750806
vt 0.889700 0.919900
vt 0.864600 0.940900
vt 0.855600 0.924800
vt 0.881979 0.945214
vt 0.876422 0.965916
vt 0.852718 0.954071
vt 0.830035 0.943080
vt 0.899800 0.955200
vt 0.952942 0.988847
vt 0.904391 0.974947
vt 0.769722 0.693328
vt 0.805896 0.699640
vt 0.774961 0.664056
vt 0.810782 0.672393
vt 0.866853 0.777780
vt 0.896952 0.778669
vt 0.897216 0.803710
vt 0.867409 0.804327
vt 0.923387 0.779646
vt 0.923437 0.803508
vt 0.923911 0.827133
vt 0.897982 0.828618
vt 0.868869 0.830538
vt 0.635100 0.126400
vt 0.633800 0.138700
vt 0.614100 0.125400
vt 0.615700 0.115900
vt 0.625500 0.145600
vt 0.611000 0.131200
vt 0.596500 0.116900
vt 0.602600 0.112100
vt 0.606800 0.108400
vt 0.628959 0.588638
vt 0.687465 0.604708
vt 0.641626 0.541046
vt 0.699407 0.563436
vt 0.754884 0.587623
vt 0.743962 0.621195
vt 0.782851 0.632867
vt 0.792580 0.601251
vt 0.826857 0.615349
vt 0.817992 0.643655
vt 0.890095 0.637654
vt 0.918283 0.647470
vt 0.911520 0.671909
vt 0.882492 0.663249
vt 0.942193 0.658541
vt 0.936775 0.679559
vt 0.522837 0.194873
vt 0.506200 0.141500
vt 0.481400 0.154700
vt 0.549327 0.185480
vt 0.528887 0.132709
vt 0.493279 0.108880
vt 0.463200 0.113800
vt 0.792120 0.307802
vt 0.792042 0.339826
vt 0.760199 0.338990
vt 0.759200 0.309391
vt 0.790059 0.370967
vt 0.758242 0.369050
vt 0.671657 0.370561
vt 0.673479 0.343383
vt 0.671768 0.315193
vt 0.755302 0.278737
vt 0.788535 0.276129
vt 0.665633 0.286079
vt 0.749558 0.250626
vt 0.657245 0.260390
vt 0.784316 0.245626
vt 0.881529 0.422186
vt 0.929600 0.430500
vt 0.885153 0.384389
vt 0.933200 0.391200
vt 0.978799 0.398650
vt 0.975090 0.439024
vt 0.007275 0.846913
vt 0.073500 0.849700
vt 0.006446 0.805210
vt 0.072800 0.806800
vt 0.131593 0.807854
vt 0.132447 0.851232
vt 0.185287 0.851765
vt 0.187280 0.895163
vt 0.184520 0.807633
vt 0.332429 0.846091
vt 0.335255 0.888787
vt 0.260907 0.890138
vt 0.258496 0.849149
vt 0.331809 0.805598
vt 0.257685 0.806890
vt 0.405381 0.843453
vt 0.401800 0.881700
vt 0.702822 0.114805
vt 0.769113 0.118107
vt 0.699184 0.072983
vt 0.765868 0.068039
vt 0.988301 0.166308
vt 0.925400 0.102200
vt 0.977361 0.099511
vt 0.934400 0.154800
vt 0.883281 0.159865
vt 0.873499 0.102808
vt 0.863839 0.041222
vt 0.914326 0.039442
vt 0.967186 0.040502
vt 0.132500 0.175000
vt 0.058719 0.249915
vt 0.018497 0.252544
vt 0.108100 0.386300
vt 0.045190 0.285238
vt 0.135000 0.164000
vt 0.119896 0.162091
vt 0.137200 0.157400
vt 0.120643 0.153906
vt 0.050684 0.263640
vt 0.340316 0.927882
vt 0.264268 0.934404
vt 0.392500 0.922000
vt 0.380423 0.962472
vt 0.343412 0.966463
vt 0.268606 0.983890
vt 0.843600 0.281400
vt 0.828600 0.269600
vt 0.835900 0.266400
vt 0.843500 0.268500
vt 0.823400 0.258300
vt 0.833000 0.259900
vt 0.843600 0.259100
vt 0.860000 0.241900
vt 0.851200 0.251700
vt 0.844700 0.248500
vt 0.842900 0.239800
vt 0.837600 0.251200
vt 0.831800 0.242800
vt 0.864100 0.263300
vt 0.854600 0.261700
vt 0.856800 0.255500
vt 0.864100 0.254600
vt 0.858500 0.272800
vt 0.851300 0.267800
vt 0.831700 0.254000
vt 0.824400 0.248900
vt 0.843444 0.317653
vt 0.843580 0.303398
vt 0.821200 0.290100
vt 0.872000 0.279800
vt 0.875200 0.265500
vt 0.865500 0.293900
vt 0.875400 0.249800
vt 0.872300 0.256400
vt 0.803400 0.227100
vt 0.813900 0.239700
vt 0.814100 0.216100
vt 0.823100 0.230500
vt 0.810200 0.253500
vt 0.813800 0.272300
vt 0.887307 0.348608
vt 0.842458 0.344692
vt 0.840229 0.377747
vt 0.829811 0.454164
vt 0.820506 0.501763
vt 0.809852 0.553602
vt 0.785576 0.404765
vt 0.836161 0.413497
vt 0.939900 0.210200
vt 0.990995 0.212735
vt 0.889129 0.209476
vt 0.869394 0.215319
vt 0.850300 0.221000
vt 0.546805 0.471694
vt 0.565400 0.441300
vt 0.579400 0.414700
vt 0.548000 0.379700
vt 0.583200 0.375500
vt 0.583700 0.394600
vt 0.552500 0.397800
vt 0.667199 0.396759
vt 0.557000 0.412600
vt 0.582800 0.351800
vt 0.581900 0.324400
vt 0.605877 0.747153
vt 0.665739 0.746858
vt 0.482688 0.749382
vt 0.550562 0.747899
vt 0.252000 0.088400
vt 0.244700 0.103100
vt 0.206900 0.072600
vt 0.215700 0.062700
vt 0.488118 0.850469
vt 0.493447 0.872607
vt 0.460900 0.847200
vt 0.537576 0.909008
vt 0.538099 0.908801
vt 0.495756 0.890217
vt 0.538101 0.908799
vt 0.453522 0.878696
vt 0.897681 0.757889
vt 0.867543 0.755484
vt 0.924158 0.759920
vt 0.494451 0.208923
vt 0.483192 0.228358
vt 0.435800 0.208400
vt 0.447000 0.190900
vt 0.377000 0.185700
vt 0.392400 0.163800
vt 0.753485 0.401102
vt 0.935500 0.352900
vt 0.981027 0.357460
vt 0.006746 0.762704
vt 0.073100 0.762400
vt 0.132068 0.761684
vt 0.185252 0.759217
vt 0.332608 0.756996
vt 0.408500 0.753300
vt 0.406408 0.801805
vt 0.545400 0.356200
vt 0.544800 0.327900
vt 0.547900 0.266300
vt 0.577500 0.266500
vt 0.579900 0.294100
vt 0.546100 0.295600
vt 0.633900 0.104200
vt 0.627093 0.077174
vt 0.012468 0.611738
vt 0.647901 0.241729
vt 0.742994 0.228723
vt 0.575400 0.247300
vt 0.640302 0.225576
vt 0.573300 0.232400
vt 0.736596 0.209363
vt 0.777400 0.221200
vt 0.779100 0.202400
vt 0.521000 0.262400
vt 0.525100 0.243400
vt 0.548700 0.247300
vt 0.496511 0.251367
vt 0.503645 0.236646
vt 0.509376 0.225799
vt 0.528200 0.230600
vt 0.547000 0.235300
vt 0.264795 0.655909
vt 0.271330 0.597839
vt 0.261147 0.707246
vt 0.194849 0.601293
vt 0.189618 0.941529
vt 0.190552 0.988370
vt 0.258687 0.758689
vt 0.673002 0.917225
vt 0.715994 0.923568
vt 0.691142 0.980806
vt 0.742900 0.937400
vt 0.627144 0.918003
vt 0.624218 0.950937
vt 0.621891 0.986245
vt 0.537900 0.975000
vt 0.540000 0.964700
vt 0.547400 0.976300
vt 0.542200 0.954400
vt 0.549500 0.946700
vt 0.549377 0.185455
vt 0.522837 0.194873
vt 0.512200 0.168600
vt 0.538154 0.159631
vt 0.484300 0.176000
vt 0.472000 0.144800
vt 0.502000 0.136900
vt 0.527278 0.130678
vt 0.473796 0.331522
vt 0.510200 0.329500
vt 0.510500 0.361600
vt 0.476024 0.368105
vt 0.515200 0.389000
vt 0.481466 0.402734
vt 0.514900 0.293800
vt 0.484502 0.290142
vt 0.752100 0.944300
vt 0.756000 0.954100
vt 0.759800 0.963900
vt 0.665098 0.985381
vt 0.660760 0.950441
vt 0.653500 0.917300
vt 0.513298 0.451739
vt 0.495466 0.428328
vt 0.523800 0.410500
vt 0.539500 0.427500
vt 0.795800 0.211800
vt 0.789700 0.195100
vt 0.800300 0.187800
vt 0.807300 0.201800
vt 0.992061 0.191555
vt 0.938700 0.187200
vt 0.887430 0.186920
vt 0.864120 0.191890
vt 0.829377 0.163563
vt 0.845700 0.199700
vt 0.836800 0.185400
vt 0.801926 0.180294
vt 0.791800 0.189600
vt 0.821400 0.193200
vt 0.827600 0.208100
vt 0.824860 0.115711
vt 0.816037 0.062485
vt 0.836000 0.225000
vt 0.098500 0.155600
vt 0.101900 0.148800
vt 0.090500 0.143800
vt 0.086200 0.151200
vt 0.142000 0.592000
vt 0.357119 0.535808
vt 0.433600 0.546200
vt 0.370697 0.459884
vt 0.446626 0.481194
vt 0.521049 0.501941
vt 0.507498 0.560689
vt 0.574704 0.575461
vt 0.588109 0.522351
vt 0.206265 0.517450
vt 0.216833 0.446353
vt 0.281867 0.527232
vt 0.294385 0.450176
vt 0.642000 0.919400
vt 0.647800 0.918300
vt 0.650300 0.953600
vt 0.643600 0.954300
vt 0.652796 0.988977
vt 0.644594 0.990050
vt 0.637800 0.954100
vt 0.637934 0.989415
vt 0.638000 0.919100
vt 0.300200 0.027000
vt 0.352500 0.028200
vt 0.356800 0.053300
vt 0.303200 0.047800
vt 0.310100 0.086700
vt 0.369400 0.101600
vt 0.474000 0.057200
vt 0.475000 0.041500
vt 0.512039 0.082126
vt 0.486838 0.091059
vt 0.516170 0.096968
vt 0.500642 0.034682
vt 0.475100 0.025900
vt 0.503462 0.050296
vt 0.457063 0.179306
vt 0.431300 0.155100
vt 0.389700 0.395700
vt 0.354500 0.379500
vt 0.367100 0.369300
vt 0.390700 0.374800
vt 0.330900 0.346400
vt 0.357500 0.347500
vt 0.391300 0.343500
vt 0.426900 0.287600
vt 0.411800 0.313900
vt 0.390600 0.302800
vt 0.389800 0.279600
vt 0.369700 0.314200
vt 0.352300 0.288200
vt 0.446800 0.344700
vt 0.423200 0.346500
vt 0.428600 0.324200
vt 0.446800 0.311800
vt 0.424100 0.378400
vt 0.413500 0.368600
vt 0.351800 0.325100
vt 0.331500 0.313200
vt 0.447100 0.056100
vt 0.442000 0.033900
vt 0.475000 0.041500
vt 0.474000 0.057200
vt 0.500695 0.034710
vt 0.503530 0.049398
vt 0.503991 0.058463
vt 0.400400 0.030000
vt 0.404100 0.054200
vt 0.255900 0.065500
vt 0.225800 0.053400
vt 0.369400 0.101600
vt 0.415300 0.105000
vt 0.458500 0.099600
vt 0.489415 0.098144
vt 0.515411 0.093811
vt 0.307300 0.145700
vt 0.313800 0.125600
vt 0.310100 0.086700
vt 0.458500 0.099600
vt 0.427334 0.138491
vt 0.415300 0.105000
vt 0.451597 0.172349
vt 0.019700 0.017400
vt 0.073600 0.015000
vt 0.069800 0.076100
vt 0.044700 0.079400
vt 0.127500 0.012500
vt 0.094300 0.078000
vt 0.044700 0.079400
vt 0.019700 0.017400
vt 0.073600 0.015000
vt 0.069800 0.076100
vt 0.127500 0.012500
vt 0.094300 0.078000
vt 0.045200 0.079500
vt 0.021200 0.017900
vt 0.073900 0.015200
vt 0.069900 0.076200
vt 0.126600 0.012500
vt 0.094000 0.078000
vt 0.044700 0.079400
vt 0.019700 0.017400
vt 0.073600 0.015000
vt 0.069800 0.076100
vt 0.127500 0.012500
vt 0.094300 0.078000
vt 0.080700 0.110700
vt 0.068700 0.100300
vt 0.067200 0.143500
vt 0.056000 0.111500
vt 0.080700 0.110700
vt 0.068700 0.100300
vt 0.056000 0.111500
vt 0.080200 0.110900
vt 0.068500 0.100400
vt 0.066400 0.143800
vt 0.055800 0.111700
vt 0.080700 0.110700
vt 0.068700 0.100300
vt 0.056000 0.111500
vt 0.022466 0.017409
vt 0.022659 0.012818
vt 0.069800 0.076100
vt 0.044700 0.079400
vt 0.034454 0.017173
vt 0.127500 0.012500
vt 0.094300 0.078000
vt 0.045200 0.079500
vt 0.021200 0.017900
vt 0.073900 0.015200
vt 0.069900 0.076200
vt 0.126600 0.012500
vt 0.094000 0.078000
vt 0.045200 0.079500
vt 0.021200 0.017900
vt 0.095259 0.013160
vt 0.069900 0.076200
vt 0.093142 0.010654
vt 0.106038 0.017363
vt 0.094000 0.078000
vt 0.044700 0.079400
vt 0.017276 0.022063
vt 0.070230 0.020903
vt 0.069800 0.076100
vt 0.085293 0.019338
vt 0.128358 0.012880
vt 0.094300 0.078000
vt 0.080700 0.110700
vt 0.068700 0.100300
vt 0.067200 0.143500
vt 0.056000 0.111500
vt 0.080200 0.110900
vt 0.068500 0.100400
vt 0.066400 0.143800
vt 0.055800 0.111700
vt 0.080200 0.110900
vt 0.068500 0.100400
vt 0.055800 0.111700
vt 0.080700 0.110700
vt 0.068700 0.100300
vt 0.056000 0.111500
vt 0.019700 0.017400
vt 0.073600 0.015000
vt 0.069800 0.076100
vt 0.044700 0.079400
vt 0.127500 0.012500
vt 0.094300 0.078000
vt 0.045200 0.079500
vt 0.021200 0.017900
vt 0.073900 0.015200
vt 0.069900 0.076200
vt 0.126600 0.012500
vt 0.094000 0.078000
vt 0.045200 0.079500
vt 0.021200 0.017900
vt 0.073900 0.015200
vt 0.069900 0.076200
vt 0.126600 0.012500
vt 0.094000 0.078000
vt 0.044700 0.079400
vt 0.019700 0.017400
vt 0.073600 0.015000
vt 0.069800 0.076100
vt 0.127500 0.012500
vt 0.094300 0.078000
vt 0.080700 0.110700
vt 0.068700 0.100300
vt 0.067200 0.143500
vt 0.056000 0.111500
vt 0.080200 0.110900
vt 0.068500 0.100400
vt 0.066400 0.143800
vt 0.055800 0.111700
vt 0.080200 0.110900
vt 0.068500 0.100400
vt 0.055800 0.111700
vt 0.080700 0.110700
vt 0.068700 0.100300
vt 0.056000 0.111500
vt 0.019700 0.017400
vt 0.073600 0.015000
vt 0.069800 0.076100
vt 0.044700 0.079400
vt 0.127500 0.012500
vt 0.094300 0.078000
vt 0.045200 0.079500
vt 0.021200 0.017900
vt 0.073900 0.015200
vt 0.069900 0.076200
vt 0.126600 0.012500
vt 0.094000 0.078000
vt 0.045200 0.079500
vt 0.021200 0.017900
vt 0.073900 0.015200
vt 0.069900 0.076200
vt 0.126600 0.012500
vt 0.094000 0.078000
vt 0.044700 0.079400
vt 0.019700 0.017400
vt 0.073600 0.015000
vt 0.069800 0.076100
vt 0.127500 0.012500
vt 0.094300 0.078000
vt 0.080700 0.110700
vt 0.068700 0.100300
vt 0.067200 0.143500
vt 0.056000 0.111500
vt 0.080200 0.110900
vt 0.068500 0.100400
vt 0.066400 0.143800
vt 0.055800 0.111700
vt 0.080200 0.110900
vt 0.068500 0.100400
vt 0.055800 0.111700
vt 0.080700 0.110700
vt 0.068700 0.100300
vt 0.056000 0.111500
vt 0.019700 0.017400
vt 0.073600 0.015000
vt 0.069800 0.076100
vt 0.044700 0.079400
vt 0.127500 0.012500
vt 0.094300 0.078000
vt 0.044700 0.079400
vt 0.019700 0.017400
vt 0.073600 0.015000
vt 0.069800 0.076100
vt 0.127500 0.012500
vt 0.094300 0.078000
vt 0.045200 0.079500
vt 0.021200 0.017900
vt 0.073900 0.015200
vt 0.069900 0.076200
vt 0.126600 0.012500
vt 0.094000 0.078000
vt 0.044700 0.079400
vt 0.019700 0.017400
vt 0.073600 0.015000
vt 0.069800 0.076100
vt 0.127500 0.012500
vt 0.094300 0.078000
vt 0.080700 0.110700
vt 0.068700 0.100300
vt 0.067200 0.143500
vt 0.056000 0.111500
vt 0.080700 0.110700
vt 0.068700 0.100300
vt 0.056000 0.111500
vt 0.080200 0.110900
vt 0.068500 0.100400
vt 0.066400 0.143800
vt 0.055800 0.111700
vt 0.080700 0.110700
vt 0.068700 0.100300
vt 0.056000 0.111500
vt 0.019700 0.017400
vt 0.073600 0.015000
vt 0.069800 0.076100
vt 0.044700 0.079400
vt 0.127500 0.012500
vt 0.094300 0.078000
vt 0.045200 0.079500
vt 0.021200 0.017900
vt 0.073900 0.015200
vt 0.069900 0.076200
vt 0.126600 0.012500
vt 0.094000 0.078000
vt 0.045200 0.079500
vt 0.021200 0.017900
vt 0.073900 0.015200
vt 0.069900 0.076200
vt 0.126600 0.012500
vt 0.094000 0.078000
vt 0.044700 0.079400
vt 0.019700 0.017400
vt 0.073600 0.015000
vt 0.069800 0.076100
vt 0.127500 0.012500
vt 0.094300 0.078000
vt 0.080700 0.110700
vt 0.068700 0.100300
vt 0.067200 0.143500
vt 0.056000 0.111500
vt 0.080200 0.110900
vt 0.068500 0.100400
vt 0.066400 0.143800
vt 0.055800 0.111700
vt 0.080200 0.110900
vt 0.068500 0.100400
vt 0.055800 0.111700
vt 0.080700 0.110700
vt 0.068700 0.100300
vt 0.056000 0.111500
vt 0.019700 0.017400
vt 0.073600 0.015000
vt 0.069800 0.076100
vt 0.044700 0.079400
vt 0.127500 0.012500
vt 0.094300 0.078000
vt 0.045200 0.079500
vt 0.021200 0.017900
vt 0.073900 0.015200
vt 0.069900 0.076200
vt 0.126600 0.012500
vt 0.094000 0.078000
vt 0.045200 0.079500
vt 0.021200 0.017900
vt 0.073900 0.015200
vt 0.069900 0.076200
vt 0.126600 0.012500
vt 0.094000 0.078000
vt 0.044700 0.079400
vt 0.019700 0.017400
vt 0.073600 0.015000
vt 0.069800 0.076100
vt 0.127500 0.012500
vt 0.094300 0.078000
vt 0.080700 0.110700
vt 0.068700 0.100300
vt 0.067200 0.143500
vt 0.056000 0.111500
vt 0.080200 0.110900
vt 0.068500 0.100400
vt 0.066400 0.143800
vt 0.055800 0.111700
vt 0.080200 0.110900
vt 0.068500 0.100400
vt 0.055800 0.111700
vt 0.080700 0.110700
vt 0.068700 0.100300
vt 0.056000 0.111500
vt 0.019700 0.017400
vt 0.073600 0.015000
vt 0.069800 0.076100
vt 0.044700 0.079400
vt 0.127500 0.012500
vt 0.094300 0.078000
vt 0.044700 0.079400
vt 0.019700 0.017400
vt 0.073600 0.015000
vt 0.069800 0.076100
vt 0.127500 0.012500
vt 0.094300 0.078000
vt 0.045200 0.079500
vt 0.021200 0.017900
vt 0.073900 0.015200
vt 0.069900 0.076200
vt 0.126600 0.012500
vt 0.094000 0.078000
vt 0.044700 0.079400
vt 0.019700 0.017400
vt 0.073600 0.015000
vt 0.069800 0.076100
vt 0.127500 0.012500
vt 0.094300 0.078000
vt 0.080700 0.110700
vt 0.068700 0.100300
vt 0.067200 0.143500
vt 0.056000 0.111500
vt 0.080700 0.110700
vt 0.068700 0.100300
vt 0.056000 0.111500
vt 0.080200 0.110900
vt 0.068500 0.100400
vt 0.066400 0.143800
vt 0.055800 0.111700
vt 0.080700 0.110700
vt 0.068700 0.100300
vt 0.056000 0.111500
vt 0.590600 0.100500
vt 0.595700 0.097500
vt 0.584598 0.084077
vt 0.591115 0.083004
vt 0.598012 0.079945
vt 0.603000 0.096300
vt 0.614500 0.099100
vt 0.611200 0.078690
vt 0.279976 0.246897
vt 0.282000 0.270600
vt 0.283300 0.307400
vt 0.017635 0.265068
vt 0.035800 0.269300
vt 0.012225 0.277477
vt 0.284300 0.276600
vt 0.286500 0.281600
vt 0.019700 0.017400
vt 0.073600 0.015000
vt 0.069800 0.076100
vt 0.044700 0.079400
vt 0.127500 0.012500
vt 0.094300 0.078000
vt 0.045200 0.079500
vt 0.021200 0.017900
vt 0.073900 0.015200
vt 0.069900 0.076200
vt 0.126600 0.012500
vt 0.094000 0.078000
vt 0.045200 0.079500
vt 0.021200 0.017900
vt 0.073900 0.015200
vt 0.069900 0.076200
vt 0.126600 0.012500
vt 0.094000 0.078000
vt 0.044700 0.079400
vt 0.019700 0.017400
vt 0.073600 0.015000
vt 0.069800 0.076100
vt 0.127500 0.012500
vt 0.094300 0.078000
vt 0.080700 0.110700
vt 0.068700 0.100300
vt 0.067200 0.143500
vt 0.056000 0.111500
vt 0.080200 0.110900
vt 0.068500 0.100400
vt 0.066400 0.143800
vt 0.055800 0.111700
vt 0.080200 0.110900
vt 0.068500 0.100400
vt 0.055800 0.111700
vt 0.080700 0.110700
vt 0.068700 0.100300
vt 0.056000 0.111500
vt 0.019700 0.017400
vt 0.073600 0.015000
vt 0.069800 0.076100
vt 0.044700 0.079400
vt 0.127500 0.012500
vt 0.094300 0.078000
vt 0.045200 0.079500
vt 0.021200 0.017900
vt 0.126600 0.012500
vt 0.094000 0.078000
vt 0.045200 0.079500
vt 0.021200 0.017900
vt 0.073900 0.015200
vt 0.069900 0.076200
vt 0.126600 0.012500
vt 0.094000 0.078000
vt 0.044700 0.079400
vt 0.019700 0.017400
vt 0.073600 0.015000
vt 0.069800 0.076100
vt 0.127500 0.012500
vt 0.094300 0.078000
vt 0.080700 0.110700
vt 0.068700 0.100300
vt 0.067200 0.143500
vt 0.056000 0.111500
vt 0.080200 0.110900
vt 0.055800 0.111700
vt 0.066400 0.143800
vt 0.080200 0.110900
vt 0.068500 0.100400
vt 0.055800 0.111700
vt 0.080700 0.110700
vt 0.068700 0.100300
vt 0.056000 0.111500
vt 0.416800 0.920600
vt 0.380505 0.962499
vt 0.380395 0.962501
vt 0.838424 0.730391
vt 0.841396 0.706302
vt 0.845921 0.680957
vt 0.959766 0.707485
vt 0.957513 0.726617
vt 0.983921 0.715240
vt 0.984840 0.732396
vt 0.983499 0.748027
vt 0.955545 0.745222
vt 0.952537 0.782502
vt 0.952833 0.804125
vt 0.978724 0.781838
vt 0.980184 0.806231
vt 0.981599 0.824917
vt 0.953672 0.826571
vt 0.839041 0.834476
vt 0.836754 0.805639
vt 0.835825 0.777225
vt 0.969097 0.667243
vt 0.963726 0.687041
vt 0.988434 0.670047
vt 0.986632 0.694189
vt 0.852521 0.654254
vt 0.860821 0.627327
vt 0.953793 0.763395
vt 0.981673 0.764033
vt 0.836473 0.753100
vt 0.951688 0.912405
vt 0.921900 0.912300
vt 0.921918 0.883198
vt 0.962570 0.887709
vt 0.880400 0.886900
vt 0.874510 0.841608
vt 0.922612 0.854547
vt 0.973312 0.866120
vt 0.912400 0.948500
vt 0.925500 0.937600
vt 0.943818 0.947354
vt 0.765101 0.895900
vt 0.818800 0.871600
vt 0.839100 0.900300
vt 0.796948 0.918853
vt 0.506569 0.063362
vt 0.036575 0.394641
vt 0.593875 0.924406
vt 0.556700 0.938900
vt 0.771894 0.163650
vt 0.705069 0.148647
vt 0.704202 0.166545
vt 0.769065 0.180467
vt 0.700587 0.175887
vt 0.768173 0.186817
vt 0.606168 0.788328
vt 0.611239 0.835032
vt 0.669604 0.825474
vt 0.665759 0.783690
vt 0.726403 0.817056
vt 0.723586 0.780084
vt 0.482520 0.799599
vt 0.521222 0.849805
vt 0.557114 0.844019
vt 0.550881 0.792554
vt 0.608484 0.708584
vt 0.612454 0.670776
vt 0.557529 0.665995
vt 0.553390 0.706327
vt 0.489853 0.660929
vt 0.485572 0.704620
vt 0.496830 0.614019
vt 0.564302 0.623187
vt 0.618871 0.631678
vt 0.134254 0.895038
vt 0.074900 0.894000
vt 0.076400 0.942700
vt 0.136902 0.942850
vt 0.009659 0.941548
vt 0.008502 0.890302
vt 0.745645 0.438145
vt 0.659350 0.426361
vt 0.647239 0.463949
vt 0.734779 0.482608
vt 0.767674 0.490081
vt 0.778133 0.443697
vt 0.010542 0.658498
vt 0.008196 0.689858
vt 0.075000 0.687000
vt 0.076500 0.661300
vt 0.134689 0.682123
vt 0.136386 0.651386
vt 0.133154 0.718029
vt 0.073900 0.721000
vt 0.007390 0.722482
vt 0.020254 0.547870
vt 0.098500 0.564300
vt 0.105700 0.491200
vt 0.033808 0.477363
vt 0.141700 0.574900
vt 0.155600 0.502600
vt 0.415700 0.656900
vt 0.411400 0.704600
vt 0.339486 0.655916
vt 0.335365 0.706078
vt 0.346307 0.600869
vt 0.422700 0.605700
vt 0.187247 0.708599
vt 0.190319 0.657955
vt 0.986874 0.256366
vt 0.938900 0.260100
vt 0.938100 0.287200
vt 0.983834 0.286493
vt 0.937000 0.317600
vt 0.982589 0.318121
vt 0.888693 0.312950
vt 0.889234 0.285232
vt 0.889725 0.260445
vt 0.925738 0.741801
vt 0.928148 0.722732
vt 0.901966 0.717788
vt 0.899394 0.738469
vt 0.872159 0.712083
vt 0.869391 0.734475
vt 0.876372 0.688333
vt 0.905873 0.695655
vt 0.931708 0.702153
vt 0.072600 0.207400
vt 0.081900 0.158600
vt 0.094900 0.166700
vt 0.083700 0.210100
vt 0.116590 0.174099
vt 0.102400 0.214000
vt 0.151900 0.224000
vt 0.147200 0.264000
vt 0.115900 0.259600
vt 0.125400 0.218800
vt 0.085500 0.255100
vt 0.054400 0.338900
vt 0.064300 0.387400
vt 0.028600 0.349300
vt 0.090719 0.330969
vt 0.092918 0.378175
vt 0.111400 0.331500
vt 0.111800 0.283000
vt 0.145800 0.284400
vt 0.143100 0.332000
vt 0.085586 0.280088
vt 0.187200 0.186400
vt 0.181000 0.229000
vt 0.158400 0.180100
vt 0.216900 0.194600
vt 0.211500 0.234000
vt 0.177900 0.267900
vt 0.208500 0.271300
vt 0.176200 0.334000
vt 0.162700 0.392100
vt 0.132100 0.390900
vt 0.208800 0.335900
vt 0.193200 0.393300
vt 0.177600 0.286900
vt 0.208400 0.290100
vt 0.245600 0.204800
vt 0.242300 0.239500
vt 0.269200 0.215800
vt 0.268633 0.245166
vt 0.239500 0.274400
vt 0.265700 0.274900
vt 0.239400 0.336200
vt 0.223600 0.386500
vt 0.268303 0.336169
vt 0.253900 0.379700
vt 0.239300 0.293400
vt 0.265800 0.295600
vt 0.113100 0.270700
vt 0.146300 0.273700
vt 0.082600 0.267200
vt 0.161000 0.160900
vt 0.190500 0.168000
vt 0.189100 0.175200
vt 0.160600 0.168700
vt 0.218500 0.183800
vt 0.219900 0.175000
vt 0.177500 0.276800
vt 0.208100 0.280100
vt 0.247600 0.189000
vt 0.246700 0.195400
vt 0.270400 0.208300
vt 0.275200 0.202900
vt 0.239000 0.283400
vt 0.265900 0.283300
vt 0.193200 0.040500
vt 0.169500 0.031200
vt 0.169500 0.039200
vt 0.184900 0.052000
vt 0.159400 0.039600
vt 0.173500 0.058000
vt 0.145300 0.021300
vt 0.286100 0.221400
vt 0.298100 0.250500
vt 0.293300 0.249500
vt 0.283500 0.225800
vt 0.288500 0.217600
vt 0.302300 0.251200
vt 0.270500 0.368800
vt 0.280772 0.337868
vt 0.291800 0.339900
vt 0.243900 0.016900
vt 0.214400 0.017900
vt 0.216500 0.027400
vt 0.252000 0.026700
vt 0.219900 0.038600
vt 0.253800 0.041300
vt 0.191200 0.027700
vt 0.185000 0.019000
vt 0.105900 0.636500
vt 0.142400 0.609100
vt 0.078900 0.644300
vt 0.053500 0.638200
vt 0.084300 0.619400
vt 0.173300 0.026200
vt 0.165100 0.020100
vt 0.392400 0.163800
vt 0.447000 0.190900
vt 0.435800 0.208400
vt 0.377000 0.185700
vt 0.422003 0.221700
vt 0.367500 0.205500
vt 0.471810 0.235681
vt 0.483192 0.228358
vt 0.494451 0.208923
vt 0.252000 0.088400
vt 0.313800 0.125600
vt 0.307300 0.145700
vt 0.244700 0.103100
vt 0.295900 0.156600
vt 0.224200 0.107800
vt 0.206900 0.072600
vt 0.215700 0.062700
vt 0.184900 0.052000
vt 0.193200 0.040500
vt 0.198800 0.082900
vt 0.169500 0.039200
vt 0.169500 0.031200
vt 0.219900 0.038600
vt 0.225800 0.053400
vt 0.255900 0.065500
vt 0.253800 0.041300
vt 0.173300 0.026200
vt 0.191200 0.027700
vt 0.216500 0.027400
vt 0.252000 0.026700
vt 0.300200 0.027000
vt 0.303200 0.047800
vt 0.352500 0.028200
vt 0.356800 0.053300
vt 0.354300 0.014000
vt 0.299100 0.015400
vt 0.400400 0.030000
vt 0.404100 0.054200
vt 0.442000 0.033900
vt 0.447100 0.056100
vt 0.449600 0.017100
vt 0.401900 0.015600
vt 0.970089 0.481409
vt 0.924200 0.473200
vt 0.916400 0.521500
vt 0.961770 0.532226
vt 0.867457 0.512658
vt 0.875893 0.463957
vt 0.726136 0.717471
vt 0.729697 0.686977
vt 0.671953 0.678368
vt 0.668207 0.712481
vt 0.678022 0.643102
vt 0.735282 0.655350
vt 0.765837 0.811997
vt 0.763750 0.778202
vt 0.801677 0.808296
vt 0.800209 0.777321
vt 0.723826 0.747716
vt 0.764138 0.748928
vt 0.766342 0.721486
vt 0.800686 0.750806
vt 0.802735 0.725814
vt 0.889700 0.919900
vt 0.855600 0.924800
vt 0.864600 0.940900
vt 0.881979 0.945214
vt 0.899800 0.955200
vt 0.952942 0.988847
vt 0.805896 0.699640
vt 0.769722 0.693328
vt 0.774961 0.664056
vt 0.810782 0.672393
vt 0.866853 0.777780
vt 0.867409 0.804327
vt 0.897216 0.803710
vt 0.896952 0.778669
vt 0.923437 0.803508
vt 0.923387 0.779646
vt 0.635100 0.126400
vt 0.615700 0.115900
vt 0.614100 0.125400
vt 0.633800 0.138700
vt 0.611000 0.131200
vt 0.625500 0.145600
vt 0.596500 0.116900
vt 0.602600 0.112100
vt 0.606800 0.108400
vt 0.687465 0.604708
vt 0.628959 0.588638
vt 0.743962 0.621195
vt 0.782851 0.632867
vt 0.817992 0.643655
vt 0.882492 0.663249
vt 0.911520 0.671909
vt 0.936775 0.679559
vt 0.481400 0.154700
vt 0.506200 0.141500
vt 0.522837 0.194873
vt 0.493279 0.108880
vt 0.463200 0.113800
vt 0.792120 0.307802
vt 0.759200 0.309391
vt 0.760199 0.338990
vt 0.792042 0.339826
vt 0.758242 0.369050
vt 0.790059 0.370967
vt 0.673479 0.343383
vt 0.671657 0.370561
vt 0.671768 0.315193
vt 0.788535 0.276129
vt 0.755302 0.278737
vt 0.665633 0.286079
vt 0.749558 0.250626
vt 0.657245 0.260390
vt 0.784316 0.245626
vt 0.929600 0.430500
vt 0.881529 0.422186
vt 0.933200 0.391200
vt 0.885153 0.384389
vt 0.978799 0.398650
vt 0.975090 0.439024
vt 0.073500 0.849700
vt 0.007275 0.846913
vt 0.072800 0.806800
vt 0.006446 0.805210
vt 0.131593 0.807854
vt 0.132447 0.851232
vt 0.187280 0.895163
vt 0.185287 0.851765
vt 0.184520 0.807633
vt 0.332429 0.846091
vt 0.258496 0.849149
vt 0.260907 0.890138
vt 0.335255 0.888787
vt 0.331809 0.805598
vt 0.257685 0.806890
vt 0.401800 0.881700
vt 0.405381 0.843453
vt 0.769113 0.118107
vt 0.702822 0.114805
vt 0.988301 0.166308
vt 0.977361 0.099511
vt 0.925400 0.102200
vt 0.934400 0.154800
vt 0.873499 0.102808
vt 0.883281 0.159865
vt 0.132500 0.175000
vt 0.058719 0.249915
vt 0.018497 0.252544
vt 0.108100 0.386300
vt 0.045190 0.285238
vt 0.119896 0.162091
vt 0.135000 0.164000
vt 0.137200 0.157400
vt 0.120643 0.153906
vt 0.050684 0.263640
vt 0.264268 0.934404
vt 0.340316 0.927882
vt 0.392500 0.922000
vt 0.843600 0.281400
vt 0.843500 0.268500
vt 0.835900 0.266400
vt 0.828600 0.269600
vt 0.833000 0.259900
vt 0.823400 0.258300
vt 0.843600 0.259100
vt 0.860000 0.241900
vt 0.842900 0.239800
vt 0.844700 0.248500
vt 0.851200 0.251700
vt 0.837600 0.251200
vt 0.831800 0.242800
vt 0.864100 0.263300
vt 0.864100 0.254600
vt 0.856800 0.255500
vt 0.854600 0.261700
vt 0.851300 0.267800
vt 0.858500 0.272800
vt 0.831700 0.254000
vt 0.824400 0.248900
vt 0.843398 0.317629
vt 0.843587 0.303444
vt 0.821200 0.290100
vt 0.875200 0.265500
vt 0.872000 0.279800
vt 0.865500 0.293900
vt 0.872300 0.256400
vt 0.875400 0.249800
vt 0.813900 0.239700
vt 0.803400 0.227100
vt 0.823100 0.230500
vt 0.814100 0.216100
vt 0.810200 0.253500
vt 0.813800 0.272300
vt 0.842411 0.344666
vt 0.887307 0.348608
vt 0.840229 0.377696
vt 0.829833 0.454122
vt 0.820488 0.501760
vt 0.810004 0.552912
vt 0.836149 0.413453
vt 0.785576 0.404765
vt 0.939900 0.210200
vt 0.990995 0.212735
vt 0.889129 0.209476
vt 0.869394 0.215319
vt 0.850300 0.221000
vt 0.565400 0.441300
vt 0.579400 0.414700
vt 0.548000 0.379700
vt 0.552500 0.397800
vt 0.583700 0.394600
vt 0.583200 0.375500
vt 0.667199 0.396759
vt 0.557000 0.412600
vt 0.581900 0.324400
vt 0.582800 0.351800
vt 0.665739 0.746858
vt 0.605877 0.747153
vt 0.550562 0.747899
vt 0.482688 0.749382
vt 0.252000 0.088400
vt 0.215700 0.062700
vt 0.206900 0.072600
vt 0.244700 0.103100
vt 0.488118 0.850469
vt 0.460900 0.847200
vt 0.493447 0.872607
vt 0.495756 0.890217
vt 0.453522 0.878696
vt 0.867543 0.755484
vt 0.897681 0.757889
vt 0.924158 0.759920
vt 0.494451 0.208923
vt 0.447000 0.190900
vt 0.435800 0.208400
vt 0.483192 0.228358
vt 0.377000 0.185700
vt 0.392400 0.163800
vt 0.753485 0.401102
vt 0.935500 0.352900
vt 0.981027 0.357460
vt 0.073100 0.762400
vt 0.006746 0.762704
vt 0.132068 0.761684
vt 0.185252 0.759217
vt 0.406408 0.801805
vt 0.408500 0.753300
vt 0.332608 0.756996
vt 0.545400 0.356200
vt 0.544800 0.327900
vt 0.547900 0.266300
vt 0.546100 0.295600
vt 0.579900 0.294100
vt 0.577500 0.266500
vt 0.633900 0.104200
vt 0.012468 0.611738
vt 0.742994 0.228723
vt 0.647901 0.241729
vt 0.575400 0.247300
vt 0.640302 0.225576
vt 0.573300 0.232400
vt 0.736596 0.209363
vt 0.777400 0.221200
vt 0.779100 0.202400
vt 0.548700 0.247300
vt 0.525100 0.243400
vt 0.521000 0.262400
vt 0.528200 0.230600
vt 0.547000 0.235300
vt 0.271330 0.597839
vt 0.264795 0.655909
vt 0.261147 0.707246
vt 0.194849 0.601293
vt 0.189618 0.941529
vt 0.258687 0.758689
vt 0.673002 0.917225
vt 0.715994 0.923568
vt 0.742900 0.937400
vt 0.624218 0.950937
vt 0.627144 0.918003
vt 0.540000 0.964700
vt 0.549500 0.946700
vt 0.542200 0.954400
vt 0.512200 0.168600
vt 0.522837 0.194873
vt 0.484300 0.176000
vt 0.472000 0.144800
vt 0.502000 0.136900
vt 0.510500 0.361600
vt 0.510200 0.329500
vt 0.515200 0.389000
vt 0.514900 0.293800
vt 0.752100 0.944300
vt 0.756000 0.954100
vt 0.660760 0.950441
vt 0.653500 0.917300
vt 0.539500 0.427500
vt 0.523800 0.410500
vt 0.795800 0.211800
vt 0.789700 0.195100
vt 0.800300 0.187800
vt 0.807300 0.201800
vt 0.938700 0.187200
vt 0.992061 0.191555
vt 0.887430 0.186920
vt 0.864120 0.191890
vt 0.829369 0.163462
vt 0.845700 0.199700
vt 0.836800 0.185400
vt 0.791800 0.189600
vt 0.801926 0.180294
vt 0.821400 0.193200
vt 0.827600 0.208100
vt 0.824875 0.115699
vt 0.815832 0.061318
vt 0.836000 0.225000
vt 0.098500 0.155600
vt 0.101900 0.148800
vt 0.090500 0.143800
vt 0.086200 0.151200
vt 0.142000 0.592000
vt 0.433600 0.546200
vt 0.357119 0.535808
vt 0.507498 0.560689
vt 0.574704 0.575461
vt 0.206265 0.517450
vt 0.281867 0.527232
vt 0.642000 0.919400
vt 0.643600 0.954300
vt 0.650300 0.953600
vt 0.647800 0.918300
vt 0.637800 0.954100
vt 0.638000 0.919100
vt 0.300200 0.027000
vt 0.352500 0.028200
vt 0.356800 0.053300
vt 0.303200 0.047800
vt 0.310100 0.086700
vt 0.369400 0.101600
vt 0.475000 0.041500
vt 0.474000 0.057200
vt 0.486838 0.091059
vt 0.475100 0.025900
vt 0.457063 0.179306
vt 0.431300 0.155100
vt 0.389700 0.395700
vt 0.390700 0.374800
vt 0.367100 0.369300
vt 0.354500 0.379500
vt 0.357500 0.347500
vt 0.330900 0.346400
vt 0.391300 0.343500
vt 0.426900 0.287600
vt 0.389800 0.279600
vt 0.390600 0.302800
vt 0.411800 0.313900
vt 0.369700 0.314200
vt 0.352300 0.288200
vt 0.446800 0.344700
vt 0.446800 0.311800
vt 0.428600 0.324200
vt 0.423200 0.346500
vt 0.413500 0.368600
vt 0.424100 0.378400
vt 0.351800 0.325100
vt 0.331500 0.313200
vt 0.447100 0.056100
vt 0.474000 0.057200
vt 0.475000 0.041500
vt 0.442000 0.033900
vt 0.404100 0.054200
vt 0.400400 0.030000
vt 0.225800 0.053400
vt 0.255900 0.065500
vt 0.415300 0.105000
vt 0.369400 0.101600
vt 0.458500 0.099600
vt 0.489415 0.098144
vt 0.307300 0.145700
vt 0.313800 0.125600
vt 0.310100 0.086700
vt 0.458500 0.099600
vt 0.415300 0.105000
vt 0.427334 0.138491
vt 0.451597 0.172349
vt 0.019700 0.017400
vt 0.044700 0.079400
vt 0.069800 0.076100
vt 0.073600 0.015000
vt 0.094300 0.078000
vt 0.127500 0.012500
vt 0.044700 0.079400
vt 0.069800 0.076100
vt 0.073600 0.015000
vt 0.019700 0.017400
vt 0.094300 0.078000
vt 0.127500 0.012500
vt 0.045200 0.079500
vt 0.069900 0.076200
vt 0.073900 0.015200
vt 0.021200 0.017900
vt 0.094000 0.078000
vt 0.126600 0.012500
vt 0.044700 0.079400
vt 0.069800 0.076100
vt 0.073600 0.015000
vt 0.019700 0.017400
vt 0.094300 0.078000
vt 0.127500 0.012500
vt 0.068700 0.100300
vt 0.080700 0.110700
vt 0.067200 0.143500
vt 0.056000 0.111500
vt 0.068700 0.100300
vt 0.080700 0.110700
vt 0.056000 0.111500
vt 0.068500 0.100400
vt 0.080200 0.110900
vt 0.066400 0.143800
vt 0.055800 0.111700
vt 0.068700 0.100300
vt 0.080700 0.110700
vt 0.056000 0.111500
vt 0.022466 0.017409
vt 0.044700 0.079400
vt 0.069800 0.076100
vt 0.022659 0.012818
vt 0.034454 0.017173
vt 0.094300 0.078000
vt 0.127500 0.012500
vt 0.045200 0.079500
vt 0.069900 0.076200
vt 0.073900 0.015200
vt 0.021200 0.017900
vt 0.094000 0.078000
vt 0.126600 0.012500
vt 0.045200 0.079500
vt 0.069900 0.076200
vt 0.095259 0.013160
vt 0.021200 0.017900
vt 0.093142 0.010654
vt 0.094000 0.078000
vt 0.106038 0.017363
vt 0.044700 0.079400
vt 0.069800 0.076100
vt 0.070230 0.020903
vt 0.017276 0.022063
vt 0.085293 0.019338
vt 0.094300 0.078000
vt 0.128358 0.012880
vt 0.068700 0.100300
vt 0.080700 0.110700
vt 0.067200 0.143500
vt 0.056000 0.111500
vt 0.068500 0.100400
vt 0.080200 0.110900
vt 0.066400 0.143800
vt 0.055800 0.111700
vt 0.068500 0.100400
vt 0.080200 0.110900
vt 0.055800 0.111700
vt 0.068700 0.100300
vt 0.080700 0.110700
vt 0.056000 0.111500
vt 0.019700 0.017400
vt 0.044700 0.079400
vt 0.069800 0.076100
vt 0.073600 0.015000
vt 0.094300 0.078000
vt 0.127500 0.012500
vt 0.045200 0.079500
vt 0.069900 0.076200
vt 0.073900 0.015200
vt 0.021200 0.017900
vt 0.094000 0.078000
vt 0.126600 0.012500
vt 0.045200 0.079500
vt 0.069900 0.076200
vt 0.073900 0.015200
vt 0.021200 0.017900
vt 0.094000 0.078000
vt 0.126600 0.012500
vt 0.044700 0.079400
vt 0.069800 0.076100
vt 0.073600 0.015000
vt 0.019700 0.017400
vt 0.094300 0.078000
vt 0.127500 0.012500
vt 0.068700 0.100300
vt 0.080700 0.110700
vt 0.067200 0.143500
vt 0.056000 0.111500
vt 0.068500 0.100400
vt 0.080200 0.110900
vt 0.066400 0.143800
vt 0.055800 0.111700
vt 0.068500 0.100400
vt 0.080200 0.110900
vt 0.055800 0.111700
vt 0.068700 0.100300
vt 0.080700 0.110700
vt 0.056000 0.111500
vt 0.019700 0.017400
vt 0.044700 0.079400
vt 0.069800 0.076100
vt 0.073600 0.015000
vt 0.094300 0.078000
vt 0.127500 0.012500
vt 0.045200 0.079500
vt 0.069900 0.076200
vt 0.073900 0.015200
vt 0.021200 0.017900
vt 0.094000 0.078000
vt 0.126600 0.012500
vt 0.045200 0.079500
vt 0.069900 0.076200
vt 0.073900 0.015200
vt 0.021200 0.017900
vt 0.094000 0.078000
vt 0.126600 0.012500
vt 0.044700 0.079400
vt 0.069800 0.076100
vt 0.073600 0.015000
vt 0.019700 0.017400
vt 0.094300 0.078000
vt 0.127500 0.012500
vt 0.068700 0.100300
vt 0.080700 0.110700
vt 0.067200 0.143500
vt 0.056000 0.111500
vt 0.068500 0.100400
vt 0.080200 0.110900
vt 0.066400 0.143800
vt 0.055800 0.111700
vt 0.068500 0.100400
vt 0.080200 0.110900
vt 0.055800 0.111700
vt 0.068700 0.100300
vt 0.080700 0.110700
vt 0.056000 0.111500
vt 0.019700 0.017400
vt 0.044700 0.079400
vt 0.069800 0.076100
vt 0.073600 0.015000
vt 0.094300 0.078000
vt 0.127500 0.012500
vt 0.044700 0.079400
vt 0.069800 0.076100
vt 0.073600 0.015000
vt 0.019700 0.017400
vt 0.094300 0.078000
vt 0.127500 0.012500
vt 0.045200 0.079500
vt 0.069900 0.076200
vt 0.073900 0.015200
vt 0.021200 0.017900
vt 0.094000 0.078000
vt 0.126600 0.012500
vt 0.044700 0.079400
vt 0.069800 0.076100
vt 0.073600 0.015000
vt 0.019700 0.017400
vt 0.094300 0.078000
vt 0.127500 0.012500
vt 0.068700 0.100300
vt 0.080700 0.110700
vt 0.067200 0.143500
vt 0.056000 0.111500
vt 0.068700 0.100300
vt 0.080700 0.110700
vt 0.056000 0.111500
vt 0.068500 0.100400
vt 0.080200 0.110900
vt 0.066400 0.143800
vt 0.055800 0.111700
vt 0.068700 0.100300
vt 0.080700 0.110700
vt 0.056000 0.111500
vt 0.019700 0.017400
vt 0.044700 0.079400
vt 0.069800 0.076100
vt 0.073600 0.015000
vt 0.094300 0.078000
vt 0.127500 0.012500
vt 0.045200 0.079500
vt 0.069900 0.076200
vt 0.073900 0.015200
vt 0.021200 0.017900
vt 0.094000 0.078000
vt 0.126600 0.012500
vt 0.045200 0.079500
vt 0.069900 0.076200
vt 0.073900 0.015200
vt 0.021200 0.017900
vt 0.094000 0.078000
vt 0.126600 0.012500
vt 0.044700 0.079400
vt 0.069800 0.076100
vt 0.073600 0.015000
vt 0.019700 0.017400
vt 0.094300 0.078000
vt 0.127500 0.012500
vt 0.068700 0.100300
vt 0.080700 0.110700
vt 0.067200 0.143500
vt 0.056000 0.111500
vt 0.068500 0.100400
vt 0.080200 0.110900
vt 0.066400 0.143800
vt 0.055800 0.111700
vt 0.068500 0.100400
vt 0.080200 0.110900
vt 0.055800 0.111700
vt 0.068700 0.100300
vt 0.080700 0.110700
vt 0.056000 0.111500
vt 0.019700 0.017400
vt 0.044700 0.079400
vt 0.069800 0.076100
vt 0.073600 0.015000
vt 0.094300 0.078000
vt 0.127500 0.012500
vt 0.045200 0.079500
vt 0.069900 0.076200
vt 0.073900 0.015200
vt 0.021200 0.017900
vt 0.094000 0.078000
vt 0.126600 0.012500
vt 0.045200 0.079500
vt 0.069900 0.076200
vt 0.073900 0.015200
vt 0.021200 0.017900
vt 0.094000 0.078000
vt 0.126600 0.012500
vt 0.044700 0.079400
vt 0.069800 0.076100
vt 0.073600 0.015000
vt 0.019700 0.017400
vt 0.094300 0.078000
vt 0.127500 0.012500
vt 0.068700 0.100300
vt 0.080700 0.110700
vt 0.067200 0.143500
vt 0.056000 0.111500
vt 0.068500 0.100400
vt 0.080200 0.110900
vt 0.066400 0.143800
vt 0.055800 0.111700
vt 0.068500 0.100400
vt 0.080200 0.110900
vt 0.055800 0.111700
vt 0.068700 0.100300
vt 0.080700 0.110700
vt 0.056000 0.111500
vt 0.019700 0.017400
vt 0.044700 0.079400
vt 0.069800 0.076100
vt 0.073600 0.015000
vt 0.094300 0.078000
vt 0.127500 0.012500
vt 0.044700 0.079400
vt 0.069800 0.076100
vt 0.073600 0.015000
vt 0.019700 0.017400
vt 0.094300 0.078000
vt 0.127500 0.012500
vt 0.045200 0.079500
vt 0.069900 0.076200
vt 0.073900 0.015200
vt 0.021200 0.017900
vt 0.094000 0.078000
vt 0.126600 0.012500
vt 0.044700 0.079400
vt 0.069800 0.076100
vt 0.073600 0.015000
vt 0.019700 0.017400
vt 0.094300 0.078000
vt 0.127500 0.012500
vt 0.068700 0.100300
vt 0.080700 0.110700
vt 0.067200 0.143500
vt 0.056000 0.111500
vt 0.068700 0.100300
vt 0.080700 0.110700
vt 0.056000 0.111500
vt 0.068500 0.100400
vt 0.080200 0.110900
vt 0.066400 0.143800
vt 0.055800 0.111700
vt 0.068700 0.100300
vt 0.080700 0.110700
vt 0.056000 0.111500
vt 0.595700 0.097500
vt 0.590600 0.100500
vt 0.603000 0.096300
vt 0.614500 0.099100
vt 0.279976 0.246897
vt 0.282000 0.270600
vt 0.283300 0.307400
vt 0.035800 0.269300
vt 0.017635 0.265068
vt 0.012225 0.277477
vt 0.284300 0.276600
vt 0.286500 0.281600
vt 0.019700 0.017400
vt 0.044700 0.079400
vt 0.069800 0.076100
vt 0.073600 0.015000
vt 0.094300 0.078000
vt 0.127500 0.012500
vt 0.045200 0.079500
vt 0.069900 0.076200
vt 0.073900 0.015200
vt 0.021200 0.017900
vt 0.094000 0.078000
vt 0.126600 0.012500
vt 0.045200 0.079500
vt 0.069900 0.076200
vt 0.073900 0.015200
vt 0.021200 0.017900
vt 0.094000 0.078000
vt 0.126600 0.012500
vt 0.044700 0.079400
vt 0.069800 0.076100
vt 0.073600 0.015000
vt 0.019700 0.017400
vt 0.094300 0.078000
vt 0.127500 0.012500
vt 0.068700 0.100300
vt 0.080700 0.110700
vt 0.067200 0.143500
vt 0.056000 0.111500
vt 0.068500 0.100400
vt 0.080200 0.110900
vt 0.066400 0.143800
vt 0.055800 0.111700
vt 0.068500 0.100400
vt 0.080200 0.110900
vt 0.055800 0.111700
vt 0.068700 0.100300
vt 0.080700 0.110700
vt 0.056000 0.111500
vt 0.019700 0.017400
vt 0.044700 0.079400
vt 0.069800 0.076100
vt 0.073600 0.015000
vt 0.094300 0.078000
vt 0.127500 0.012500
vt 0.045200 0.079500
vt 0.094000 0.078000
vt 0.126600 0.012500
vt 0.021200 0.017900
vt 0.045200 0.079500
vt 0.069900 0.076200
vt 0.073900 0.015200
vt 0.021200 0.017900
vt 0.094000 0.078000
vt 0.126600 0.012500
vt 0.044700 0.079400
vt 0.069800 0.076100
vt 0.073600 0.015000
vt 0.019700 0.017400
vt 0.094300 0.078000
vt 0.127500 0.012500
vt 0.068700 0.100300
vt 0.080700 0.110700
vt 0.067200 0.143500
vt 0.056000 0.111500
vt 0.055800 0.111700
vt 0.080200 0.110900
vt 0.066400 0.143800
vt 0.068500 0.100400
vt 0.080200 0.110900
vt 0.055800 0.111700
vt 0.068700 0.100300
vt 0.080700 0.110700
vt 0.056000 0.111500
vt 0.416800 0.920600
vt 0.841396 0.706302
vt 0.838424 0.730391
vt 0.845921 0.680957
vt 0.957513 0.726617
vt 0.959766 0.707485
vt 0.984840 0.732396
vt 0.983921 0.715240
vt 0.983499 0.748027
vt 0.955545 0.745222
vt 0.952833 0.804125
vt 0.952537 0.782502
vt 0.980184 0.806231
vt 0.978724 0.781838
vt 0.836754 0.805639
vt 0.835825 0.777225
vt 0.963726 0.687041
vt 0.986632 0.694189
vt 0.852521 0.654254
vt 0.953793 0.763395
vt 0.981673 0.764033
vt 0.836473 0.753100
vt 0.921918 0.883198
vt 0.921900 0.912300
vt 0.880400 0.886900
vt 0.874510 0.841608
vt 0.922612 0.854547
vt 0.925500 0.937600
vt 0.912400 0.948500
vt 0.839100 0.900300
vt 0.818800 0.871600
vt 0.036575 0.394641
vt 0.027854 0.017672
vt 0.033341 0.027009
vt 0.070027 0.072964
vt 0.044622 0.075987
vt 0.032594 0.031112
vt 0.123481 0.029081
vt 0.094366 0.074973
vt 0.068739 0.073211
vt 0.045637 0.076203
vt 0.020520 0.032419
vt 0.074668 0.030087
vt 0.070102 0.074005
vt 0.073895 0.030015
vt 0.121838 0.029471
vt 0.093995 0.075406
vt 0.070346 0.074065
vt 0.045974 0.076519
vt 0.022124 0.033141
vt 0.095470 0.030233
vt 0.069871 0.074058
vt 0.088003 0.026569
vt 0.103433 0.031568
vt 0.093785 0.075141
vt 0.070825 0.074022
vt 0.044494 0.076190
vt 0.019103 0.036161
vt 0.072735 0.034122
vt 0.069553 0.073466
vt 0.086517 0.032057
vt 0.124739 0.028613
vt 0.093681 0.074530
vt 0.070413 0.073392
vt 0.095581 0.075039
vt 0.083230 0.097707
vt 0.074766 0.092338
vt 0.069954 0.073533
vt 0.075551 0.080849
vt 0.081895 0.097360
vt 0.068260 0.122949
vt 0.058554 0.097029
vt 0.044873 0.075948
vt 0.069294 0.073640
vt 0.070160 0.090141
vt 0.053375 0.100146
vt 0.095161 0.075048
vt 0.083824 0.097216
vt 0.074347 0.091856
vt 0.069899 0.073881
vt 0.079852 0.078191
vt 0.082711 0.096002
vt 0.070509 0.122006
vt 0.058102 0.096658
vt 0.045379 0.076237
vt 0.070244 0.074041
vt 0.071059 0.090093
vt 0.057307 0.099134
vt 0.094623 0.074209
vt 0.080946 0.095508
vt 0.070309 0.090991
vt 0.069525 0.073802
vt 0.077260 0.076741
vt 0.081710 0.093812
vt 0.068915 0.119690
vt 0.056662 0.095751
vt 0.045047 0.076482
vt 0.069783 0.073846
vt 0.070124 0.089554
vt 0.054684 0.098602
vt 0.094240 0.074059
vt 0.079792 0.096388
vt 0.067005 0.091067
vt 0.069551 0.073363
vt 0.072963 0.079521
vt 0.078051 0.095040
vt 0.064386 0.119407
vt 0.052863 0.096730
vt 0.044317 0.075926
vt 0.068789 0.073326
vt 0.067386 0.090782
vt 0.051354 0.099091
vt 0.026985 0.030459
vt 0.045024 0.076124
vt 0.067692 0.073333
vt 0.033913 0.013326
vt 0.037470 0.033368
vt 0.069834 0.073554
vt 0.094371 0.074395
vt 0.125597 0.027282
vt 0.045452 0.076590
vt 0.069805 0.074030
vt 0.073187 0.030093
vt 0.022710 0.033300
vt 0.070588 0.029826
vt 0.069885 0.074004
vt 0.094336 0.075086
vt 0.126616 0.027982
vt 0.045154 0.077028
vt 0.069947 0.073781
vt 0.096173 0.028252
vt 0.023041 0.034003
vt 0.087176 0.026000
vt 0.069741 0.073891
vt 0.094505 0.075184
vt 0.101985 0.030813
vt 0.044425 0.076526
vt 0.069346 0.073466
vt 0.071981 0.034133
vt 0.020885 0.037037
vt 0.082158 0.032914
vt 0.069261 0.073336
vt 0.094505 0.073973
vt 0.129673 0.026211
vt 0.094491 0.074940
vt 0.070879 0.073708
vt 0.069371 0.090684
vt 0.085472 0.099668
vt 0.068669 0.122737
vt 0.081054 0.097137
vt 0.066510 0.082890
vt 0.056980 0.097818
vt 0.043910 0.075983
vt 0.056034 0.097791
vt 0.065353 0.091923
vt 0.069998 0.073570
vt 0.094031 0.074988
vt 0.070779 0.074068
vt 0.069821 0.090613
vt 0.085128 0.098359
vt 0.070321 0.120278
vt 0.083154 0.096518
vt 0.064647 0.081190
vt 0.058826 0.097472
vt 0.045550 0.076145
vt 0.057314 0.097781
vt 0.070671 0.091659
vt 0.070085 0.074031
vt 0.093553 0.074379
vt 0.070205 0.073871
vt 0.067522 0.089200
vt 0.082372 0.096773
vt 0.069154 0.117591
vt 0.080829 0.093734
vt 0.061243 0.077654
vt 0.057374 0.096425
vt 0.044927 0.076420
vt 0.055809 0.097018
vt 0.067207 0.090810
vt 0.069815 0.073872
vt 0.094046 0.074273
vt 0.069588 0.073370
vt 0.066638 0.089472
vt 0.080241 0.097497
vt 0.064068 0.120169
vt 0.078637 0.094635
vt 0.056551 0.076683
vt 0.054054 0.095941
vt 0.043447 0.076057
vt 0.052353 0.098218
vt 0.062517 0.090837
vt 0.069493 0.073223
vt 0.027854 0.017672
vt 0.033341 0.027009
vt 0.070027 0.072964
vt 0.044622 0.075987
vt 0.032594 0.031112
vt 0.123481 0.029081
vt 0.094366 0.074973
vt 0.068739 0.073211
vt 0.045637 0.076203
vt 0.020520 0.032419
vt 0.074668 0.030087
vt 0.070102 0.074005
vt 0.073895 0.030015
vt 0.121838 0.029471
vt 0.093995 0.075406
vt 0.070346 0.074065
vt 0.045974 0.076519
vt 0.022124 0.033141
vt 0.095470 0.030233
vt 0.069871 0.074058
vt 0.088003 0.026569
vt 0.103433 0.031568
vt 0.093785 0.075141
vt 0.070825 0.074022
vt 0.044494 0.076190
vt 0.019103 0.036161
vt 0.072735 0.034122
vt 0.069553 0.073466
vt 0.086517 0.032057
vt 0.124739 0.028613
vt 0.093681 0.074530
vt 0.070413 0.073392
vt 0.095581 0.075039
vt 0.083230 0.097707
vt 0.074766 0.092338
vt 0.069954 0.073533
vt 0.075551 0.080849
vt 0.081895 0.097360
vt 0.068260 0.122949
vt 0.058554 0.097029
vt 0.044873 0.075948
vt 0.069294 0.073640
vt 0.070160 0.090141
vt 0.053375 0.100146
vt 0.095161 0.075048
vt 0.083824 0.097216
vt 0.074347 0.091856
vt 0.069899 0.073881
vt 0.079852 0.078191
vt 0.082711 0.096002
vt 0.070509 0.122006
vt 0.058102 0.096658
vt 0.045379 0.076237
vt 0.070244 0.074041
vt 0.071059 0.090093
vt 0.057307 0.099134
vt 0.094623 0.074209
vt 0.080946 0.095508
vt 0.070309 0.090991
vt 0.069525 0.073802
vt 0.077260 0.076741
vt 0.081710 0.093812
vt 0.068915 0.119690
vt 0.056662 0.095751
vt 0.045047 0.076482
vt 0.069783 0.073846
vt 0.070124 0.089554
vt 0.054684 0.098602
vt 0.094240 0.074059
vt 0.079792 0.096388
vt 0.067005 0.091067
vt 0.069551 0.073363
vt 0.072963 0.079520
vt 0.078051 0.095040
vt 0.064386 0.119407
vt 0.052863 0.096730
vt 0.044317 0.075926
vt 0.068789 0.073326
vt 0.067386 0.090782
vt 0.051354 0.099091
vt 0.026985 0.030459
vt 0.045024 0.076124
vt 0.067692 0.073333
vt 0.033913 0.013326
vt 0.037470 0.033368
vt 0.069834 0.073554
vt 0.094371 0.074395
vt 0.125597 0.027282
vt 0.045452 0.076590
vt 0.069805 0.074030
vt 0.073187 0.030093
vt 0.022710 0.033300
vt 0.070588 0.029826
vt 0.069885 0.074004
vt 0.094336 0.075086
vt 0.126616 0.027982
vt 0.045154 0.077028
vt 0.069947 0.073781
vt 0.096173 0.028252
vt 0.023041 0.034003
vt 0.087176 0.026000
vt 0.069741 0.073891
vt 0.094505 0.075184
vt 0.101985 0.030813
vt 0.044425 0.076526
vt 0.069346 0.073466
vt 0.071981 0.034133
vt 0.020885 0.037037
vt 0.082158 0.032914
vt 0.069261 0.073336
vt 0.094505 0.073973
vt 0.129673 0.026211
vt 0.094491 0.074940
vt 0.070879 0.073708
vt 0.069371 0.090684
vt 0.085472 0.099668
vt 0.068669 0.122737
vt 0.081054 0.097137
vt 0.066510 0.082890
vt 0.056980 0.097818
vt 0.043910 0.075983
vt 0.056034 0.097791
vt 0.065353 0.091923
vt 0.069998 0.073570
vt 0.094031 0.074988
vt 0.070779 0.074068
vt 0.069821 0.090613
vt 0.085128 0.098359
vt 0.070321 0.120278
vt 0.083154 0.096518
vt 0.064647 0.081190
vt 0.058826 0.097472
vt 0.045550 0.076145
vt 0.057314 0.097781
vt 0.070671 0.091659
vt 0.070085 0.074031
vt 0.093553 0.074378
vt 0.070205 0.073871
vt 0.067522 0.089200
vt 0.082372 0.096773
vt 0.069154 0.117591
vt 0.080829 0.093734
vt 0.061243 0.077654
vt 0.057374 0.096425
vt 0.044927 0.076420
vt 0.055809 0.097018
vt 0.067207 0.090810
vt 0.069815 0.073872
vt 0.094046 0.074273
vt 0.069588 0.073370
vt 0.066638 0.089472
vt 0.080241 0.097496
vt 0.064068 0.120169
vt 0.078637 0.094635
vt 0.056551 0.076683
vt 0.054054 0.095941
vt 0.043447 0.076057
vt 0.052353 0.098218
vt 0.062517 0.090837
vt 0.069493 0.073223
vt 0.027854 0.017672
vt 0.033341 0.027009
vt 0.070027 0.072964
vt 0.044622 0.075987
vt 0.032594 0.031112
vt 0.123481 0.029081
vt 0.094366 0.074973
vt 0.068739 0.073211
vt 0.045637 0.076203
vt 0.020520 0.032419
vt 0.074668 0.030087
vt 0.070102 0.074005
vt 0.073895 0.030014
vt 0.121838 0.029471
vt 0.093995 0.075406
vt 0.070346 0.074065
vt 0.045974 0.076519
vt 0.022124 0.033141
vt 0.095470 0.030233
vt 0.069871 0.074058
vt 0.088003 0.026569
vt 0.103433 0.031568
vt 0.093785 0.075141
vt 0.070825 0.074022
vt 0.044494 0.076190
vt 0.019103 0.036161
vt 0.072735 0.034122
vt 0.069553 0.073466
vt 0.086517 0.032057
vt 0.124739 0.028613
vt 0.093681 0.074530
vt 0.070413 0.073392
vt 0.095581 0.075039
vt 0.083230 0.097707
vt 0.074766 0.092338
vt 0.069954 0.073533
vt 0.075551 0.080849
vt 0.081895 0.097360
vt 0.068260 0.122949
vt 0.058554 0.097029
vt 0.044873 0.075948
vt 0.069294 0.073640
vt 0.070160 0.090141
vt 0.053375 0.100146
vt 0.095161 0.075048
vt 0.083824 0.097216
vt 0.074347 0.091856
vt 0.069899 0.073881
vt 0.079852 0.078191
vt 0.082711 0.096002
vt 0.070509 0.122006
vt 0.058102 0.096658
vt 0.045379 0.076237
vt 0.070244 0.074041
vt 0.071059 0.090092
vt 0.057307 0.099134
vt 0.094623 0.074209
vt 0.080946 0.095508
vt 0.070309 0.090991
vt 0.069525 0.073802
vt 0.077260 0.076741
vt 0.081710 0.093812
vt 0.068915 0.119690
vt 0.056662 0.095751
vt 0.045047 0.076482
vt 0.069783 0.073846
vt 0.070124 0.089554
vt 0.054684 0.098602
vt 0.094240 0.074059
vt 0.079792 0.096388
vt 0.067005 0.091067
vt 0.069551 0.073363
vt 0.072963 0.079520
vt 0.078051 0.095040
vt 0.064386 0.119407
vt 0.052863 0.096730
vt 0.044317 0.075926
vt 0.068789 0.073326
vt 0.067386 0.090782
vt 0.051354 0.099091
vt 0.026985 0.030459
vt 0.045024 0.076124
vt 0.067692 0.073333
vt 0.033913 0.013326
vt 0.037470 0.033368
vt 0.069834 0.073554
vt 0.094371 0.074395
vt 0.125597 0.027282
vt 0.045452 0.076590
vt 0.069805 0.074030
vt 0.073187 0.030093
vt 0.022710 0.033300
vt 0.070588 0.029826
vt 0.069885 0.074004
vt 0.094336 0.075086
vt 0.126616 0.027982
vt 0.045154 0.077028
vt 0.069947 0.073781
vt 0.096173 0.028252
vt 0.023041 0.034003
vt 0.087176 0.026000
vt 0.069741 0.073891
vt 0.094505 0.075184
vt 0.101985 0.030813
vt 0.044425 0.076526
vt 0.069346 0.073466
vt 0.071981 0.034133
vt 0.020885 0.037037
vt 0.082158 0.032914
vt 0.069261 0.073336
vt 0.094505 0.073973
vt 0.129673 0.026211
vt 0.094491 0.074940
vt 0.070879 0.073708
vt 0.069371 0.090684
vt 0.085472 0.099668
vt 0.068669 0.122737
vt 0.081054 0.097136
vt 0.066510 0.082890
vt 0.056980 0.097818
vt 0.043910 0.075983
vt 0.056034 0.097791
vt 0.065353 0.091923
vt 0.069998 0.073570
vt 0.094031 0.074988
vt 0.070779 0.074068
vt 0.069821 0.090613
vt 0.085128 0.098359
vt 0.070321 0.120278
vt 0.083154 0.096518
vt 0.064647 0.081189
vt 0.058826 0.097472
vt 0.045550 0.076145
vt 0.057314 0.097781
vt 0.070671 0.091659
vt 0.070085 0.074031
vt 0.093553 0.074378
vt 0.070205 0.073871
vt 0.067522 0.089200
vt 0.082372 0.096773
vt 0.069154 0.117591
vt 0.080829 0.093734
vt 0.061243 0.077654
vt 0.057374 0.096425
vt 0.044927 0.076420
vt 0.055809 0.097018
vt 0.067207 0.090810
vt 0.069815 0.073872
vt 0.094046 0.074273
vt 0.069588 0.073370
vt 0.066638 0.089472
vt 0.080241 0.097496
vt 0.064068 0.120169
vt 0.078637 0.094635
vt 0.056551 0.076683
vt 0.054054 0.095941
vt 0.043447 0.076057
vt 0.052353 0.098218
vt 0.062517 0.090837
vt 0.069493 0.073223
vt 0.027854 0.017672
vt 0.033341 0.027009
vt 0.070027 0.072964
vt 0.044622 0.075987
vt 0.032594 0.031112
vt 0.123481 0.029081
vt 0.094366 0.074973
vt 0.068739 0.073211
vt 0.045637 0.076203
vt 0.020520 0.032419
vt 0.074668 0.030087
vt 0.070102 0.074005
vt 0.073895 0.030014
vt 0.121838 0.029471
vt 0.093995 0.075406
vt 0.070346 0.074065
vt 0.045974 0.076519
vt 0.022124 0.033141
vt 0.095470 0.030233
vt 0.069871 0.074058
vt 0.088003 0.026569
vt 0.103433 0.031568
vt 0.093785 0.075141
vt 0.070825 0.074022
vt 0.044494 0.076190
vt 0.019103 0.036161
vt 0.072735 0.034122
vt 0.069553 0.073466
vt 0.086517 0.032057
vt 0.124739 0.028613
vt 0.093681 0.074530
vt 0.070413 0.073392
vt 0.095581 0.075039
vt 0.083230 0.097707
vt 0.074766 0.092338
vt 0.069954 0.073533
vt 0.075551 0.080849
vt 0.081895 0.097360
vt 0.068260 0.122949
vt 0.058554 0.097029
vt 0.044873 0.075948
vt 0.069294 0.073640
vt 0.070160 0.090141
vt 0.053375 0.100146
vt 0.095161 0.075048
vt 0.083824 0.097216
vt 0.074347 0.091856
vt 0.069899 0.073881
vt 0.079852 0.078191
vt 0.082711 0.096002
vt 0.070509 0.122006
vt 0.058102 0.096658
vt 0.045379 0.076237
vt 0.070244 0.074041
vt 0.071059 0.090092
vt 0.057307 0.099134
vt 0.094623 0.074209
vt 0.080946 0.095508
vt 0.070309 0.090991
vt 0.069525 0.073802
vt 0.077260 0.076741
vt 0.081710 0.093812
vt 0.068915 0.119690
vt 0.056662 0.095751
vt 0.045047 0.076482
vt 0.069783 0.073846
vt 0.070124 0.089554
vt 0.054684 0.098602
vt 0.094240 0.074059
vt 0.079792 0.096388
vt 0.067005 0.091067
vt 0.069551 0.073363
vt 0.072963 0.079521
vt 0.078051 0.095040
vt 0.064386 0.119407
vt 0.052863 0.096730
vt 0.044317 0.075926
vt 0.068789 0.073326
vt 0.067386 0.090782
vt 0.051354 0.099091
vt 0.026985 0.030459
vt 0.045024 0.076124
vt 0.067692 0.073333
vt 0.033913 0.013326
vt 0.037470 0.033368
vt 0.069834 0.073554
vt 0.094371 0.074395
vt 0.125597 0.027282
vt 0.045452 0.076590
vt 0.069805 0.074030
vt 0.073187 0.030093
vt 0.022710 0.033300
vt 0.070588 0.029826
vt 0.069885 0.074004
vt 0.094336 0.075086
vt 0.126616 0.027982
vt 0.045154 0.077028
vt 0.069947 0.073781
vt 0.096173 0.028252
vt 0.023041 0.034003
vt 0.087176 0.026000
vt 0.069741 0.073891
vt 0.094505 0.075184
vt 0.101985 0.030813
vt 0.044425 0.076526
vt 0.069346 0.073466
vt 0.071981 0.034133
vt 0.020885 0.037037
vt 0.082158 0.032914
vt 0.069261 0.073336
vt 0.094505 0.073973
vt 0.129673 0.026211
vt 0.094491 0.074940
vt 0.070879 0.073708
vt 0.069371 0.090684
vt 0.085472 0.099668
vt 0.068669 0.122737
vt 0.081054 0.097136
vt 0.066510 0.082890
vt 0.056980 0.097818
vt 0.043910 0.075983
vt 0.056034 0.097791
vt 0.065353 0.091923
vt 0.069998 0.073570
vt 0.094031 0.074988
vt 0.070779 0.074068
vt 0.069821 0.090613
vt 0.085128 0.098359
vt 0.070321 0.120278
vt 0.083154 0.096518
vt 0.064647 0.081189
vt 0.058826 0.097472
vt 0.045550 0.076145
vt 0.057314 0.097781
vt 0.070671 0.091659
vt 0.070085 0.074031
vt 0.093553 0.074378
vt 0.070205 0.073871
vt 0.067522 0.089200
vt 0.082372 0.096773
vt 0.069154 0.117591
vt 0.080829 0.093734
vt 0.061243 0.077654
vt 0.057374 0.096425
vt 0.044927 0.076420
vt 0.055809 0.097018
vt 0.067207 0.090810
vt 0.069815 0.073872
vt 0.094046 0.074273
vt 0.069588 0.073370
vt 0.066638 0.089472
vt 0.080241 0.097496
vt 0.064068 0.120169
vt 0.078637 0.094635
vt 0.056551 0.076683
vt 0.054054 0.095941
vt 0.043447 0.076057
vt 0.052353 0.098218
vt 0.062517 0.090837
vt 0.069493 0.073223
vt 0.027854 0.017672
vt 0.033341 0.027009
vt 0.070027 0.072964
vt 0.044622 0.075987
vt 0.032594 0.031112
vt 0.123481 0.029081
vt 0.094366 0.074973
vt 0.068739 0.073211
vt 0.045637 0.076203
vt 0.020520 0.032419
vt 0.074668 0.030087
vt 0.070102 0.074005
vt 0.073895 0.030015
vt 0.121838 0.029471
vt 0.093995 0.075406
vt 0.070346 0.074065
vt 0.045974 0.076519
vt 0.022124 0.033141
vt 0.095470 0.030233
vt 0.069871 0.074058
vt 0.088003 0.026569
vt 0.103433 0.031568
vt 0.093785 0.075141
vt 0.070825 0.074022
vt 0.044494 0.076190
vt 0.019103 0.036161
vt 0.072735 0.034122
vt 0.069553 0.073466
vt 0.086517 0.032057
vt 0.124739 0.028613
vt 0.093681 0.074530
vt 0.070413 0.073392
vt 0.095581 0.075039
vt 0.083230 0.097707
vt 0.074766 0.092338
vt 0.069954 0.073533
vt 0.075551 0.080849
vt 0.081895 0.097360
vt 0.068260 0.122949
vt 0.058554 0.097029
vt 0.044873 0.075948
vt 0.069294 0.073640
vt 0.070160 0.090141
vt 0.053375 0.100146
vt 0.095161 0.075048
vt 0.083824 0.097216
vt 0.074347 0.091856
vt 0.069899 0.073881
vt 0.079852 0.078191
vt 0.082711 0.096002
vt 0.070509 0.122006
vt 0.058102 0.096658
vt 0.045379 0.076237
vt 0.070244 0.074041
vt 0.071059 0.090093
vt 0.057307 0.099134
vt 0.094623 0.074209
vt 0.080946 0.095508
vt 0.070309 0.090991
vt 0.069525 0.073802
vt 0.077260 0.076741
vt 0.081710 0.093812
vt 0.068915 0.119690
vt 0.056662 0.095751
vt 0.045047 0.076482
vt 0.069783 0.073846
vt 0.070124 0.089554
vt 0.054684 0.098602
vt 0.094240 0.074059
vt 0.079792 0.096388
vt 0.067005 0.091067
vt 0.069551 0.073363
vt 0.072963 0.079521
vt 0.078051 0.095040
vt 0.064386 0.119407
vt 0.052863 0.096730
vt 0.044317 0.075926
vt 0.068789 0.073326
vt 0.067386 0.090782
vt 0.051354 0.099091
vt 0.026985 0.030459
vt 0.045024 0.076124
vt 0.067692 0.073333
vt 0.033913 0.013326
vt 0.037470 0.033368
vt 0.069834 0.073554
vt 0.094371 0.074395
vt 0.125597 0.027282
vt 0.045452 0.076590
vt 0.069805 0.074030
vt 0.073187 0.030093
vt 0.022710 0.033300
vt 0.070588 0.029826
vt 0.069885 0.074004
vt 0.094336 0.075086
vt 0.126616 0.027982
vt 0.045154 0.077028
vt 0.069947 0.073781
vt 0.096173 0.028252
vt 0.023041 0.034003
vt 0.087176 0.026000
vt 0.069741 0.073891
vt 0.094505 0.075184
vt 0.101985 0.030813
vt 0.044425 0.076526
vt 0.069346 0.073466
vt 0.071981 0.034133
vt 0.020885 0.037037
vt 0.082158 0.032914
vt 0.069261 0.073336
vt 0.094505 0.073973
vt 0.129673 0.026211
vt 0.094491 0.074940
vt 0.070879 0.073708
vt 0.069371 0.090684
vt 0.085472 0.099668
vt 0.068669 0.122737
vt 0.081054 0.097137
vt 0.066510 0.082890
vt 0.056980 0.097818
vt 0.043910 0.075983
vt 0.056034 0.097791
vt 0.065353 0.091923
vt 0.069998 0.073570
vt 0.094031 0.074988
vt 0.070779 0.074068
vt 0.069821 0.090613
vt 0.085128 0.098359
vt 0.070321 0.120278
vt 0.083154 0.096518
vt 0.064647 0.081190
vt 0.058826 0.097472
vt 0.045550 0.076145
vt 0.057314 0.097781
vt 0.070671 0.091659
vt 0.070085 0.074031
vt 0.093553 0.074379
vt 0.070205 0.073871
vt 0.067522 0.089200
vt 0.082372 0.096773
vt 0.069154 0.117591
vt 0.080829 0.093734
vt 0.061243 0.077654
vt 0.057374 0.096425
vt 0.044927 0.076420
vt 0.055809 0.097018
vt 0.067207 0.090810
vt 0.069815 0.073872
vt 0.094046 0.074273
vt 0.069588 0.073370
vt 0.066638 0.089472
vt 0.080241 0.097497
vt 0.064068 0.120169
vt 0.078637 0.094635
vt 0.056551 0.076683
vt 0.054054 0.095941
vt 0.043447 0.076057
vt 0.052353 0.098218
vt 0.062517 0.090837
vt 0.069493 0.073223
vt 0.027854 0.017672
vt 0.033341 0.027009
vt 0.070027 0.072964
vt 0.044622 0.075987
vt 0.032594 0.031112
vt 0.123481 0.029081
vt 0.094366 0.074973
vt 0.068739 0.073211
vt 0.045637 0.076203
vt 0.020520 0.032419
vt 0.074668 0.030087
vt 0.070102 0.074005
vt 0.073895 0.030015
vt 0.121838 0.029471
vt 0.093995 0.075406
vt 0.070346 0.074065
vt 0.045974 0.076519
vt 0.022124 0.033141
vt 0.095470 0.030233
vt 0.069871 0.074058
vt 0.088003 0.026569
vt 0.103433 0.031568
vt 0.093785 0.075141
vt 0.070825 0.074022
vt 0.044494 0.076190
vt 0.019103 0.036161
vt 0.072735 0.034122
vt 0.069553 0.073466
vt 0.086517 0.032057
vt 0.124739 0.028613
vt 0.093681 0.074530
vt 0.070413 0.073392
vt 0.095581 0.075039
vt 0.083230 0.097707
vt 0.074766 0.092338
vt 0.069954 0.073533
vt 0.075551 0.080849
vt 0.081895 0.097360
vt 0.068260 0.122949
vt 0.058554 0.097029
vt 0.044873 0.075948
vt 0.069294 0.073640
vt 0.070160 0.090141
vt 0.053375 0.100146
vt 0.095161 0.075048
vt 0.083824 0.097216
vt 0.074347 0.091856
vt 0.069899 0.073881
vt 0.079852 0.078191
vt 0.082711 0.096002
vt 0.070509 0.122006
vt 0.058102 0.096658
vt 0.045379 0.076237
vt 0.070244 0.074041
vt 0.071059 0.090093
vt 0.057307 0.099134
vt 0.094623 0.074209
vt 0.080946 0.095508
vt 0.070309 0.090991
vt 0.069525 0.073802
vt 0.077260 0.076741
vt 0.081710 0.093812
vt 0.068915 0.119690
vt 0.056662 0.095751
vt 0.045047 0.076482
vt 0.069783 0.073846
vt 0.070124 0.089554
vt 0.054684 0.098602
vt 0.094240 0.074059
vt 0.079792 0.096388
vt 0.067005 0.091067
vt 0.069551 0.073363
vt 0.072963 0.079521
vt 0.078051 0.095040
vt 0.064386 0.119407
vt 0.052863 0.096730
vt 0.044317 0.075926
vt 0.068789 0.073326
vt 0.067386 0.090782
vt 0.051354 0.099091
vt 0.026985 0.030459
vt 0.045024 0.076124
vt 0.067692 0.073333
vt 0.033913 0.013326
vt 0.037470 0.033368
vt 0.069834 0.073554
vt 0.094371 0.074395
vt 0.125597 0.027282
vt 0.045452 0.076590
vt 0.069805 0.074030
vt 0.073187 0.030093
vt 0.022710 0.033300
vt 0.070588 0.029826
vt 0.069885 0.074004
vt 0.094336 0.075086
vt 0.126616 0.027982
vt 0.045154 0.077028
vt 0.069947 0.073781
vt 0.096173 0.028252
vt 0.023041 0.034003
vt 0.087176 0.026000
vt 0.069741 0.073891
vt 0.094505 0.075184
vt 0.101985 0.030813
vt 0.044425 0.076526
vt 0.069346 0.073466
vt 0.071981 0.034133
vt 0.020885 0.037037
vt 0.082158 0.032914
vt 0.069261 0.073336
vt 0.094505 0.073973
vt 0.129673 0.026211
vt 0.094491 0.074940
vt 0.070879 0.073708
vt 0.069371 0.090684
vt 0.085472 0.099668
vt 0.068669 0.122737
vt 0.081054 0.097137
vt 0.066510 0.082890
vt 0.056980 0.097818
vt 0.043910 0.075983
vt 0.056034 0.097791
vt 0.065353 0.091923
vt 0.069998 0.073570
vt 0.094031 0.074988
vt 0.070779 0.074068
vt 0.069821 0.090613
vt 0.085128 0.098359
vt 0.070321 0.120278
vt 0.083154 0.096518
vt 0.064647 0.081190
vt 0.058826 0.097472
vt 0.045550 0.076145
vt 0.057314 0.097781
vt 0.070671 0.091659
vt 0.070085 0.074031
vt 0.093553 0.074379
vt 0.070205 0.073871
vt 0.067522 0.089200
vt 0.082372 0.096773
vt 0.069154 0.117591
vt 0.080829 0.093734
vt 0.061243 0.077654
vt 0.057374 0.096425
vt 0.044927 0.076420
vt 0.055809 0.097018
vt 0.067207 0.090810
vt 0.069815 0.073872
vt 0.094046 0.074273
vt 0.069588 0.073370
vt 0.066638 0.089472
vt 0.080241 0.097497
vt 0.064068 0.120169
vt 0.078637 0.094635
vt 0.056551 0.076683
vt 0.054054 0.095941
vt 0.043447 0.076057
vt 0.052353 0.098218
vt 0.062517 0.090837
vt 0.069493 0.073223
vt 0.027854 0.017672
vt 0.033341 0.027009
vt 0.070027 0.072964
vt 0.044622 0.075987
vt 0.032594 0.031112
vt 0.123481 0.029081
vt 0.094366 0.074973
vt 0.068739 0.073211
vt 0.045637 0.076203
vt 0.020520 0.032419
vt 0.074668 0.030087
vt 0.070102 0.074005
vt 0.073895 0.030015
vt 0.121838 0.029471
vt 0.093995 0.075406
vt 0.070346 0.074065
vt 0.045974 0.076519
vt 0.022124 0.033141
vt 0.095470 0.030233
vt 0.069871 0.074058
vt 0.088003 0.026569
vt 0.103433 0.031568
vt 0.093785 0.075141
vt 0.070825 0.074022
vt 0.044494 0.076190
vt 0.019103 0.036161
vt 0.072735 0.034122
vt 0.069553 0.073466
vt 0.086517 0.032057
vt 0.124739 0.028613
vt 0.093681 0.074530
vt 0.070413 0.073392
vt 0.095581 0.075039
vt 0.083230 0.097707
vt 0.074766 0.092338
vt 0.069954 0.073533
vt 0.075551 0.080849
vt 0.081895 0.097360
vt 0.068260 0.122949
vt 0.058554 0.097029
vt 0.044873 0.075948
vt 0.069294 0.073640
vt 0.070160 0.090141
vt 0.053375 0.100146
vt 0.095161 0.075048
vt 0.083824 0.097216
vt 0.074347 0.091856
vt 0.069899 0.073881
vt 0.079852 0.078191
vt 0.082711 0.096002
vt 0.070509 0.122006
vt 0.058102 0.096658
vt 0.045379 0.076237
vt 0.070244 0.074041
vt 0.071059 0.090093
vt 0.057307 0.099134
vt 0.094623 0.074209
vt 0.080946 0.095508
vt 0.070309 0.090991
vt 0.069525 0.073802
vt 0.077260 0.076741
vt 0.081710 0.093812
vt 0.068915 0.119690
vt 0.056662 0.095751
vt 0.045047 0.076482
vt 0.069783 0.073846
vt 0.070124 0.089554
vt 0.054684 0.098602
vt 0.094240 0.074059
vt 0.079792 0.096388
vt 0.067005 0.091067
vt 0.069551 0.073363
vt 0.072963 0.079521
vt 0.078051 0.095040
vt 0.064386 0.119407
vt 0.052863 0.096730
vt 0.044317 0.075926
vt 0.068789 0.073326
vt 0.067386 0.090782
vt 0.051354 0.099091
vt 0.026985 0.030459
vt 0.045024 0.076124
vt 0.067692 0.073333
vt 0.033913 0.013326
vt 0.037470 0.033368
vt 0.069834 0.073554
vt 0.094371 0.074395
vt 0.125597 0.027282
vt 0.045452 0.076590
vt 0.069805 0.074030
vt 0.073187 0.030093
vt 0.022710 0.033300
vt 0.070588 0.029826
vt 0.069885 0.074004
vt 0.094336 0.075086
vt 0.126616 0.027982
vt 0.045154 0.077028
vt 0.069947 0.073781
vt 0.096173 0.028252
vt 0.023041 0.034003
vt 0.087176 0.026000
vt 0.069741 0.073891
vt 0.094505 0.075184
vt 0.101985 0.030813
vt 0.044425 0.076526
vt 0.069346 0.073466
vt 0.071981 0.034133
vt 0.020885 0.037037
vt 0.082158 0.032914
vt 0.069261 0.073336
vt 0.094505 0.073973
vt 0.129673 0.026211
vt 0.094491 0.074940
vt 0.070879 0.073708
vt 0.069371 0.090684
vt 0.085472 0.099668
vt 0.068669 0.122737
vt 0.081054 0.097137
vt 0.066510 0.082890
vt 0.056980 0.097818
vt 0.043910 0.075983
vt 0.056034 0.097791
vt 0.065353 0.091923
vt 0.069998 0.073570
vt 0.094031 0.074988
vt 0.070779 0.074068
vt 0.069821 0.090613
vt 0.085128 0.098359
vt 0.070321 0.120278
vt 0.083154 0.096518
vt 0.064647 0.081190
vt 0.058826 0.097472
vt 0.045550 0.076145
vt 0.057314 0.097781
vt 0.070671 0.091659
vt 0.070085 0.074031
vt 0.093553 0.074379
vt 0.070205 0.073871
vt 0.067522 0.089200
vt 0.082372 0.096773
vt 0.069154 0.117591
vt 0.080829 0.093734
vt 0.061243 0.077654
vt 0.057374 0.096425
vt 0.044927 0.076420
vt 0.055809 0.097018
vt 0.067207 0.090810
vt 0.069815 0.073872
vt 0.094046 0.074273
vt 0.069588 0.073370
vt 0.066638 0.089472
vt 0.080241 0.097497
vt 0.064068 0.120169
vt 0.078637 0.094635
vt 0.056551 0.076683
vt 0.054054 0.095941
vt 0.043447 0.076057
vt 0.052353 0.098218
vt 0.062517 0.090837
vt 0.069493 0.073223
vt 0.027854 0.017672
vt 0.033341 0.027009
vt 0.070027 0.072964
vt 0.044622 0.075987
vt 0.032594 0.031112
vt 0.123481 0.029081
vt 0.094366 0.074973
vt 0.068739 0.073211
vt 0.045637 0.076203
vt 0.020520 0.032419
vt 0.074668 0.030087
vt 0.070102 0.074005
vt 0.073895 0.030015
vt 0.121838 0.029471
vt 0.093995 0.075406
vt 0.070346 0.074065
vt 0.045974 0.076519
vt 0.022124 0.033141
vt 0.095470 0.030233
vt 0.069871 0.074058
vt 0.088003 0.026569
vt 0.103433 0.031568
vt 0.093785 0.075141
vt 0.070825 0.074022
vt 0.044494 0.076190
vt 0.019103 0.036161
vt 0.072735 0.034122
vt 0.069553 0.073466
vt 0.086517 0.032057
vt 0.124739 0.028613
vt 0.093681 0.074530
vt 0.070413 0.073392
vt 0.095581 0.075039
vt 0.083230 0.097707
vt 0.074766 0.092338
vt 0.069954 0.073533
vt 0.075551 0.080849
vt 0.081895 0.097360
vt 0.068260 0.122949
vt 0.058554 0.097029
vt 0.044873 0.075948
vt 0.069294 0.073640
vt 0.070160 0.090141
vt 0.053375 0.100146
vt 0.095161 0.075048
vt 0.083824 0.097216
vt 0.074347 0.091856
vt 0.069899 0.073881
vt 0.079852 0.078191
vt 0.082711 0.096002
vt 0.070509 0.122006
vt 0.058102 0.096658
vt 0.045379 0.076237
vt 0.070244 0.074041
vt 0.071059 0.090093
vt 0.057307 0.099134
vt 0.094623 0.074209
vt 0.080946 0.095508
vt 0.070309 0.090991
vt 0.069525 0.073802
vt 0.077260 0.076741
vt 0.081710 0.093812
vt 0.068915 0.119690
vt 0.056662 0.095751
vt 0.045047 0.076482
vt 0.069783 0.073846
vt 0.070124 0.089554
vt 0.054684 0.098602
vt 0.094240 0.074059
vt 0.079792 0.096388
vt 0.067005 0.091067
vt 0.069551 0.073363
vt 0.072963 0.079521
vt 0.078051 0.095040
vt 0.064386 0.119407
vt 0.052863 0.096730
vt 0.044317 0.075926
vt 0.068789 0.073326
vt 0.067386 0.090782
vt 0.051354 0.099091
vt 0.026985 0.030459
vt 0.045024 0.076124
vt 0.067692 0.073333
vt 0.033913 0.013326
vt 0.037470 0.033368
vt 0.069834 0.073554
vt 0.094371 0.074395
vt 0.125597 0.027282
vt 0.045452 0.076590
vt 0.069805 0.074030
vt 0.073187 0.030093
vt 0.022710 0.033300
vt 0.070588 0.029826
vt 0.069885 0.074004
vt 0.094336 0.075086
vt 0.126616 0.027982
vt 0.045154 0.077028
vt 0.069947 0.073781
vt 0.096173 0.028252
vt 0.023041 0.034003
vt 0.087176 0.026000
vt 0.069741 0.073891
vt 0.094505 0.075184
vt 0.101985 0.030813
vt 0.044425 0.076526
vt 0.069346 0.073466
vt 0.071981 0.034133
vt 0.020885 0.037037
vt 0.082158 0.032914
vt 0.069261 0.073336
vt 0.094505 0.073973
vt 0.129673 0.026211
vt 0.094491 0.074940
vt 0.070879 0.073708
vt 0.069371 0.090684
vt 0.085472 0.099668
vt 0.068669 0.122737
vt 0.081054 0.097137
vt 0.066510 0.082890
vt 0.056980 0.097818
vt 0.043910 0.075983
vt 0.056034 0.097791
vt 0.065353 0.091923
vt 0.069998 0.073570
vt 0.094031 0.074988
vt 0.070779 0.074068
vt 0.069821 0.090613
vt 0.085128 0.098359
vt 0.070321 0.120278
vt 0.083154 0.096518
vt 0.064647 0.081190
vt 0.058826 0.097472
vt 0.045550 0.076145
vt 0.057314 0.097781
vt 0.070671 0.091659
vt 0.070085 0.074031
vt 0.093553 0.074379
vt 0.070205 0.073871
vt 0.067522 0.089200
vt 0.082372 0.096773
vt 0.069154 0.117591
vt 0.080829 0.093734
vt 0.061243 0.077654
vt 0.057374 0.096425
vt 0.044927 0.076420
vt 0.055809 0.097018
vt 0.067207 0.090810
vt 0.069815 0.073872
vt 0.094046 0.074273
vt 0.069588 0.073370
vt 0.066638 0.089472
vt 0.080241 0.097497
vt 0.064068 0.120169
vt 0.078637 0.094635
vt 0.056551 0.076683
vt 0.054054 0.095941
vt 0.043447 0.076057
vt 0.052353 0.098218
vt 0.062517 0.090837
vt 0.069493 0.073223
vn 0.00000 0.99800 0.06323
vn 0.75301 0.56228 -0.34180
vn 0.67961 0.71308 -0.17220
vn 0.37231 -0.90916 -0.18660
vn 0.95756 -0.19134 -0.21558
vn 0.79477 -0.53203 -0.29202
vn 0.29830 -0.94273 -0.14922
vn 0.55426 0.83127 -0.04236
vn 0.67961 0.71308 -0.17220
vn 0.72292 0.65329 0.22492
vn 0.71932 0.66236 0.20943
vn 0.39847 0.88953 0.22350
vn 0.39857 0.88635 0.23566
vn 0.68069 0.70287 0.20648
vn 0.39221 0.89338 0.21919
vn -0.00000 0.97376 0.22759
vn -0.00000 0.97300 0.23079
vn -0.00000 0.96853 0.24889
vn 0.71780 0.63068 0.29497
vn 0.71924 0.65067 0.24356
vn 0.40874 0.87425 0.26194
vn 0.41673 0.82766 0.37593
vn -0.00000 0.95324 0.30222
vn 0.00000 0.90076 0.43432
vn 0.98121 -0.00830 0.19274
vn 0.98318 -0.01480 0.18205
vn 0.92368 -0.34795 0.16046
vn 0.92495 -0.34143 0.16699
vn 0.98627 -0.01462 0.16449
vn 0.92546 -0.35130 0.14184
vn 0.64676 -0.75638 0.09794
vn 0.64496 -0.75458 0.12102
vn 0.64402 -0.75318 0.13399
vn 0.41990 0.90757 -0.00213
vn 0.18388 0.98273 -0.02086
vn 0.18548 0.97988 -0.07371
vn 0.40012 0.91495 -0.05257
vn 0.00000 0.99942 -0.03417
vn 0.00000 0.99700 -0.07734
vn 0.00000 0.99419 -0.10763
vn 0.17276 0.97913 -0.10702
vn 0.38154 0.92050 -0.08428
vn 0.30854 0.94420 -0.11529
vn 0.11672 0.98903 -0.09054
vn 0.16250 0.98464 -0.06386
vn 0.40956 0.90437 -0.11992
vn 0.31444 0.93769 -0.14785
vn 0.16051 0.97622 -0.14570
vn -0.00000 0.98962 -0.14370
vn -0.00000 0.99643 -0.08446
vn -0.00000 0.99865 -0.05193
vn 0.99821 -0.03261 -0.05010
vn 0.99780 0.05186 0.04135
vn 0.99926 0.02395 0.03015
vn 0.99919 0.03387 0.02152
vn 0.99102 -0.00274 0.13367
vn 0.99444 0.00126 0.10534
vn 0.99423 0.07068 0.08068
vn 0.99310 0.11372 0.02862
vn 0.99085 0.13284 0.02385
vn 0.21052 -0.94393 -0.25433
vn 0.04957 -0.98726 -0.15120
vn 0.05363 -0.99661 -0.06237
vn 0.06795 -0.99761 -0.01234
vn -0.00000 -0.98896 -0.14822
vn -0.00000 -0.99598 -0.08954
vn 0.09090 -0.99194 0.08831
vn 0.23322 -0.88020 0.41334
vn -0.00000 -0.99963 0.02723
vn 0.98883 -0.00549 0.14895
vn 0.93117 -0.34138 0.12797
vn 0.99147 0.00112 0.13033
vn 0.96015 -0.25664 0.11067
vn 0.69073 -0.72069 0.05919
vn 0.65155 -0.75382 0.08506
vn 0.96871 -0.18775 0.16231
vn 0.99550 0.03093 0.08962
vn 0.99821 -0.03261 -0.05010
vn 0.99919 0.03387 0.02152
vn 0.99977 -0.01613 -0.01436
vn 0.97701 -0.20477 -0.05932
vn 0.99085 0.13284 0.02385
vn 0.99182 0.12757 0.00502
vn 0.99478 0.10107 -0.01436
vn 0.99695 -0.07264 -0.02843
vn 0.94529 -0.32343 -0.04273
vn 0.99700 -0.00560 0.07717
vn 0.99654 -0.00491 0.08297
vn 0.91039 -0.40437 0.08755
vn 0.90315 -0.42143 0.08199
vn 0.99538 -0.00544 0.09584
vn 0.91507 -0.39109 0.09843
vn 0.61496 -0.78111 0.10817
vn 0.59862 -0.79400 0.10589
vn 0.57591 -0.81090 0.10376
vn 0.93590 0.32977 0.12387
vn 0.53437 0.84342 0.05555
vn 0.50684 0.55943 0.65586
vn 0.92041 -0.07004 0.38462
vn 0.27127 0.96146 0.04485
vn 0.07870 0.88380 0.46120
vn 0.05505 0.99845 0.00801
vn 0.09779 0.99422 0.04440
vn 0.14404 0.92848 -0.34231
vn 0.10935 0.94883 -0.29623
vn 0.38829 0.82891 -0.40266
vn 0.02195 -0.99945 0.02477
vn 0.06795 -0.99761 -0.01234
vn 0.03547 -0.82791 0.55974
vn -0.11403 -0.87669 0.46734
vn 0.01179 -0.99980 -0.01604
vn 0.01041 -0.99813 -0.06021
vn 0.00434 -0.99999 -0.00144
vn 0.10588 -0.86725 -0.48648
vn 0.12614 -0.78572 -0.60558
vn 0.20494 -0.78622 -0.58298
vn -0.02363 0.96637 0.25606
vn -0.03008 0.96212 0.27095
vn 0.06359 0.99763 -0.02628
vn 0.03328 0.99595 0.08348
vn -0.02320 0.96504 0.26106
vn 0.11814 0.95259 -0.28038
vn 0.11195 0.97291 -0.20225
vn -0.00398 -0.99939 0.03475
vn -0.18110 -0.84346 0.50574
vn -0.12309 -0.88788 0.44330
vn -0.05511 -0.93353 0.35424
vn 0.02442 -0.99871 -0.04447
vn 0.12766 -0.89758 -0.42196
vn 0.19663 -0.82389 -0.53154
vn -0.00675 0.97352 0.22848
vn 0.05335 0.99857 0.00121
vn 0.05901 0.99491 0.08165
vn 0.02271 0.96694 0.25400
vn 0.12949 0.96841 -0.21311
vn 0.16625 0.97602 -0.14051
vn 0.02040 -0.99884 0.04353
vn -0.01807 -0.82457 0.56547
vn 0.07060 -0.73665 0.67258
vn 0.06539 -0.99785 0.00431
vn 0.20618 -0.87629 -0.43543
vn 0.42697 -0.67646 -0.60008
vn 0.23658 0.18632 -0.95358
vn 0.25292 0.12665 -0.95916
vn 0.39908 0.02686 -0.91652
vn -0.18110 -0.84346 0.50574
vn -0.23226 0.61029 0.75737
vn -0.24950 0.23454 0.93954
vn -0.12309 -0.88788 0.44330
vn -0.16221 0.19270 0.96776
vn -0.05511 -0.93353 0.35424
vn 0.30678 0.22249 -0.92541
vn 0.36173 0.27872 -0.88964
vn -0.04762 0.21902 0.97456
vn -0.01807 -0.82457 0.56547
vn 0.08127 0.34447 0.93527
vn 0.07060 -0.73665 0.67258
vn 0.42767 0.38963 -0.81565
vn 0.53040 0.58771 -0.61096
vn 0.12809 0.96776 0.21688
vn 0.68068 0.68804 -0.25153
vn 0.63768 0.75058 -0.17318
vn 0.20819 0.95372 0.21697
vn 0.88230 -0.19364 -0.42901
vn 0.92151 -0.19702 -0.33466
vn 0.50536 0.20565 0.83805
vn 0.31564 0.55395 0.77040
vn 0.12549 0.94239 0.31010
vn 0.28920 0.93246 0.21651
vn 0.62130 0.69144 0.36863
vn 0.39134 -0.52818 0.75358
vn 0.91963 -0.21736 0.32717
vn 0.39134 -0.52818 0.75358
vn 0.91963 -0.21736 0.32717
vn 0.18438 -0.97903 0.08663
vn -0.36100 0.06516 0.93029
vn -0.22101 0.73285 0.64350
vn -0.25028 0.66394 0.70466
vn -0.40403 0.02480 0.91441
vn -0.06398 0.95787 0.27999
vn -0.08638 0.91062 0.40411
vn -0.30136 0.65020 0.69743
vn -0.44838 -0.07603 0.89060
vn 0.98583 0.04646 0.16117
vn 0.92041 -0.07004 0.38462
vn 0.99654 0.06960 -0.04539
vn 0.98445 0.16886 0.04832
vn 0.93590 0.32977 0.12387
vn -0.42655 0.12822 0.89533
vn -0.19073 0.78233 0.59295
vn 0.18128 -0.96795 -0.17381
vn 0.52251 -0.64462 -0.55809
vn 0.55309 -0.54354 -0.63139
vn 0.31381 -0.91102 -0.26753
vn 0.69459 -0.11857 -0.70957
vn 0.62999 -0.09305 -0.77101
vn 0.83979 -0.10509 -0.53264
vn 0.71093 -0.57755 -0.40128
vn 0.26230 -0.96388 -0.04623
vn 0.27582 -0.94171 -0.19263
vn 0.63998 -0.62904 -0.44129
vn 0.56568 -0.68061 -0.46559
vn 0.21160 -0.96159 -0.17486
vn 0.82671 -0.09846 -0.55395
vn 0.78565 -0.13529 -0.60369
vn 0.28044 -0.94940 -0.14141
vn 0.59229 -0.73152 -0.33775
vn 0.11117 -0.98612 0.12332
vn 0.53240 -0.80891 -0.24944
vn 0.86652 -0.09409 -0.49020
vn 0.24087 -0.95984 0.14386
vn 0.57391 -0.79653 -0.19017
vn 0.03373 -0.99845 0.04433
vn -0.12145 -0.93535 0.33223
vn 0.02703 -0.99963 0.00141
vn -0.11766 -0.96253 0.24432
vn -0.27678 -0.69491 0.66370
vn -0.27687 -0.73323 0.62106
vn -0.28260 -0.66925 0.68720
vn -0.28472 -0.66556 0.68990
vn -0.09261 -0.97648 0.19473
vn -0.26349 -0.71967 0.64238
vn -0.08226 -0.97937 0.18456
vn -0.25891 -0.75201 0.60618
vn -0.36239 -0.13652 0.92197
vn -0.34990 -0.02363 0.93649
vn -0.09515 -0.97303 0.21016
vn -0.28471 -0.74818 0.59931
vn -0.14946 -0.95827 0.24366
vn -0.36201 -0.72201 0.58961
vn -0.48008 -0.07877 0.87368
vn -0.39855 -0.06500 0.91484
vn 0.38154 0.92050 -0.08428
vn 0.17276 0.97913 -0.10702
vn 0.16117 0.97782 -0.13375
vn 0.36584 0.92390 -0.11209
vn 0.00000 0.99419 -0.10763
vn 0.00000 0.99011 -0.14028
vn 0.00000 0.98811 -0.15374
vn 0.17643 0.97398 -0.14222
vn 0.37944 0.91746 -0.11955
vn 0.98656 0.01066 0.16307
vn 0.98511 -0.00670 0.17181
vn 0.92394 -0.34655 0.16195
vn 0.92058 -0.35807 0.15596
vn 0.64076 -0.75436 0.14269
vn 0.63782 -0.75804 0.13627
vn 0.70443 0.68260 0.19453
vn 0.38512 0.89826 0.21168
vn 0.69227 0.70043 0.17364
vn 0.37566 0.90625 0.19391
vn 0.00000 0.97818 0.20776
vn -0.00000 0.97500 0.22222
vn 0.98850 -0.01037 0.15086
vn 0.92597 0.33773 0.16890
vn 0.90508 0.38342 0.18388
vn 0.99105 -0.00893 0.13317
vn 0.92288 0.35502 0.14915
vn 0.93881 0.33589 0.07622
vn 0.69929 0.64271 -0.31291
vn 0.71198 0.61553 -0.33796
vn 0.69982 0.69303 -0.17309
vn 0.00000 0.98450 -0.17536
vn -0.00000 0.92041 -0.39096
vn -0.00000 0.83321 -0.55296
vn 0.74883 0.66220 0.02749
vn 0.00000 0.60704 0.79467
vn 0.00000 0.99929 -0.03760
vn 0.91893 -0.36667 0.14533
vn 0.91873 -0.37290 0.12991
vn 0.63466 -0.76147 0.13178
vn 0.67483 -0.72782 0.12200
vn 0.65460 0.74437 0.13194
vn 0.63440 0.76441 0.11492
vn 0.31391 0.93934 0.13821
vn 0.33674 0.92839 0.15715
vn 0.61546 0.78158 0.10170
vn 0.29077 0.94911 0.12103
vn 0.00000 0.99041 0.13813
vn -0.00000 0.98825 0.15285
vn 0.00000 0.98419 0.17709
vn 0.30473 -0.93128 -0.19965
vn 0.73048 -0.53678 -0.42222
vn 0.52169 -0.68346 -0.51061
vn 0.27373 -0.89328 -0.35655
vn 0.75301 0.56228 -0.34180
vn 0.63044 0.57210 -0.52464
vn 0.46862 -0.26545 -0.84257
vn 0.31071 -0.76775 -0.56037
vn 0.21001 -0.89667 -0.38972
vn 0.25560 -0.96180 0.09804
vn 0.25394 -0.96102 0.10938
vn -0.00000 -0.99596 0.08978
vn 0.00000 -0.99520 0.09785
vn 0.00000 -0.99454 0.10438
vn 0.25473 -0.96055 0.11165
vn 0.25280 -0.96116 0.11071
vn -0.00000 -0.99468 0.10306
vn 0.00000 -0.99437 0.10596
vn 0.29715 -0.94850 0.10979
vn 0.00000 -0.99342 0.11450
vn 0.00000 -0.99208 0.12558
vn 0.21552 -0.96931 0.11831
vn 0.22969 -0.96680 0.11196
vn 0.00000 -0.99254 0.12196
vn 0.19807 -0.97295 0.11891
vn 0.08224 -0.98992 0.11532
vn 0.04389 -0.99568 0.08187
vn 0.01654 -0.99853 0.05160
vn 0.00000 -0.99259 0.12154
vn 0.00000 -0.99487 0.10120
vn -0.02552 -0.99569 0.08921
vn -0.01014 -0.99898 0.04403
vn 0.97265 -0.10937 -0.20490
vn 0.93866 0.30883 -0.15344
vn 0.93298 0.25335 -0.25567
vn 0.95370 -0.07314 -0.29173
vn 0.77822 0.61186 -0.14142
vn 0.80849 0.54991 -0.20964
vn 0.81577 0.50756 -0.27733
vn 0.91746 0.18363 -0.35290
vn 0.90759 -0.16240 -0.38718
vn 0.88773 -0.38086 -0.25863
vn 0.86711 -0.42669 -0.25701
vn 0.83729 -0.42666 -0.34192
vn 0.72306 -0.65257 -0.22658
vn 0.70598 -0.63037 -0.32283
vn 0.62780 -0.71030 -0.31834
vn 0.59481 0.79877 -0.09036
vn 0.61042 0.78793 -0.08091
vn 0.81707 0.57436 -0.04996
vn 0.83146 0.55398 -0.04225
vn 0.84521 0.53426 -0.01384
vn 0.62632 0.77787 -0.05140
vn 0.62632 0.77787 -0.05140
vn 0.64411 0.76461 -0.02246
vn 0.84521 0.53426 -0.01384
vn 0.85701 0.51524 0.00810
vn 0.84686 0.52976 0.04673
vn 0.66198 0.74891 0.03017
vn 0.63857 0.76603 0.07366
vn 0.39519 0.91695 0.05493
vn 0.86029 0.50100 0.09439
vn 0.68903 0.70593 0.16401
vn 0.43021 0.88829 0.16082
vn 0.47754 0.87115 0.11426
vn 0.72859 0.67375 0.12339
vn 0.88227 0.44267 0.16013
vn 0.88786 0.44253 0.12596
vn 0.62903 0.74029 0.23725
vn 0.44998 0.86928 0.20459
vn 0.08321 -0.99291 -0.08484
vn 0.08617 -0.98296 -0.16239
vn -0.00000 -0.99721 -0.07467
vn -0.00000 -0.98852 -0.15112
vn 0.21052 -0.94393 -0.25433
vn 0.07417 -0.97685 -0.20067
vn 0.04957 -0.98726 -0.15120
vn 0.21945 -0.94670 -0.23581
vn 0.21266 -0.93953 -0.26843
vn 0.09968 -0.96316 -0.24978
vn -0.00000 -0.96997 -0.24322
vn -0.00000 -0.98363 -0.18019
vn -0.00000 -0.98896 -0.14822
vn -0.03715 0.93598 0.35009
vn 0.73646 0.52590 -0.42552
vn 0.91216 -0.09771 -0.39803
vn -0.19745 -0.86719 0.45716
vn 0.19987 -0.89574 -0.39711
vn -0.33063 0.22306 0.91702
vn -0.23361 -0.08010 0.96902
vn -0.19745 -0.86719 0.45716
vn -0.11403 -0.87669 0.46734
vn 0.62782 -0.20912 -0.74974
vn 0.20984 0.96800 0.13761
vn 0.24610 0.96344 0.10592
vn 0.34258 0.93880 0.03598
vn 0.00000 0.99999 0.00420
vn 0.00000 0.99282 0.11959
vn -0.00000 0.99483 0.10153
vn 0.95889 -0.25744 -0.11937
vn 0.93785 -0.31746 -0.14023
vn 0.92081 -0.38964 -0.01719
vn 0.89902 -0.41120 -0.15062
vn 0.92567 -0.29444 -0.23756
vn 0.96345 -0.26317 -0.05000
vn 0.95788 -0.26989 -0.09807
vn 0.89843 -0.38628 -0.20882
vn 0.97355 -0.14047 -0.18019
vn 0.96969 -0.21034 -0.12434
vn 0.82243 -0.53859 -0.18312
vn 0.98762 -0.14035 -0.07008
vn 0.84855 -0.47984 -0.22297
vn 0.90418 -0.29835 -0.30569
vn 0.89596 -0.31140 -0.31668
vn 0.90431 -0.25513 -0.34224
vn 0.90703 -0.28806 -0.30712
vn 0.92946 -0.29187 -0.22565
vn 0.87463 -0.39322 -0.28353
vn 0.97913 -0.19218 -0.06606
vn 0.89494 -0.33286 -0.29714
vn 0.98772 0.13788 -0.07354
vn 0.99554 -0.04102 -0.08493
vn 0.95795 -0.22465 -0.17850
vn 0.98859 -0.13064 -0.07497
vn 0.96746 -0.21591 -0.13194
vn 0.99687 -0.05201 -0.05954
vn 0.88577 -0.46082 -0.05524
vn 0.93831 -0.30585 -0.16136
vn 0.42936 -0.77809 -0.45850
vn 0.68702 -0.59577 -0.41601
vn 0.37722 -0.78284 -0.49483
vn 0.57714 -0.71205 -0.39987
vn 0.83681 -0.39353 -0.38063
vn 0.90511 -0.31970 -0.28031
vn 0.94560 0.32473 -0.01979
vn 0.93969 0.33747 -0.05572
vn 0.82518 0.56139 -0.06259
vn 0.33126 0.93292 -0.14118
vn 0.11289 0.98019 -0.16275
vn 0.00000 0.98621 -0.16548
vn 0.51042 0.84728 -0.14692
vn 0.61353 0.78324 -0.10057
vn 0.83960 -0.49770 -0.21761
vn 0.91216 -0.09771 -0.39803
vn 0.72570 -0.64840 -0.23008
vn 0.75132 -0.63943 -0.16326
vn 0.71524 -0.65927 -0.23194
vn -0.00000 0.99317 -0.11665
vn 0.18968 0.96889 -0.15897
vn 0.45160 0.85251 -0.26322
vn 0.62181 0.21606 -0.75278
vn 0.83573 0.29790 -0.46132
vn 0.71565 0.60217 -0.35388
vn 0.53205 0.62529 -0.57091
vn 0.62874 0.75333 -0.19284
vn 0.42133 0.81097 -0.40597
vn 0.84016 0.05279 -0.53976
vn 0.76479 -0.23781 -0.59879
vn 0.92953 0.30292 0.21026
vn 0.93192 0.30968 0.18872
vn 0.94436 0.25963 0.20194
vn 0.93111 0.29432 0.21543
vn 0.36740 0.91857 -0.14573
vn 0.74175 0.50342 -0.44315
vn 0.68851 0.65508 -0.31116
vn 0.33038 0.94139 -0.06804
vn 0.57139 0.71736 0.39863
vn 0.51582 0.67251 0.53072
vn 0.60611 0.71558 0.34724
vn 0.00000 0.71759 0.69647
vn 0.00000 0.31791 0.94812
vn 0.66892 0.31628 0.67269
vn 0.00000 0.71759 0.69647
vn 0.68577 0.67159 0.28049
vn 0.90833 0.40731 0.09503
vn 0.91353 0.39186 0.10913
vn 0.90392 0.41862 0.08761
vn 0.46445 0.85482 -0.23145
vn 0.79553 0.32714 -0.51001
vn 0.60687 0.30832 -0.73256
vn 0.40096 0.85220 -0.33614
vn 0.61149 0.55052 -0.56833
vn 0.22033 0.97257 -0.07457
vn 0.59307 0.78790 -0.16574
vn 0.95263 0.30401 -0.00904
vn 0.95886 0.28348 0.01478
vn 0.95886 0.28348 0.01478
vn 0.96349 0.26644 0.02652
vn 0.96276 0.26000 0.07406
vn 0.96415 0.24827 0.09364
vn 0.96864 0.19953 0.14804
vn 0.95957 0.22647 0.16717
vn 0.83700 0.49881 0.22500
vn 0.60216 -0.08192 -0.79416
vn 0.52707 -0.31953 -0.78746
vn 0.43715 -0.68309 -0.58505
vn 0.58785 -0.68611 -0.42859
vn 0.72435 -0.44660 -0.52523
vn 0.50414 -0.48010 -0.71788
vn 0.09331 -0.99040 -0.10203
vn 0.00000 -0.99646 -0.08403
vn 0.91216 -0.09771 -0.39803
vn 0.43424 -0.88259 -0.18019
vn 0.40756 -0.90139 -0.14624
vn 0.38711 -0.87741 -0.28337
vn 0.11684 -0.99263 -0.03225
vn 0.15254 -0.98593 -0.06841
vn 0.07731 -0.99430 -0.07343
vn 0.26928 -0.93403 -0.23468
vn 0.05755 -0.97751 -0.20287
vn 0.21957 -0.66986 -0.70928
vn 0.16927 -0.89268 -0.41770
vn 0.28642 -0.89470 -0.34275
vn -0.00000 -0.63826 -0.76982
vn -0.00000 -0.85950 -0.51114
vn 0.00000 -0.99541 -0.09568
vn 0.08008 -0.99091 -0.10806
vn 0.10812 -0.99057 -0.08413
vn 0.94465 -0.32055 0.06985
vn 0.68815 -0.72321 0.05841
vn 0.99436 0.00300 0.10598
vn 0.66501 -0.70086 0.25800
vn 0.18646 0.98112 0.05129
vn -0.00000 0.99957 0.02916
vn 0.96597 0.22975 0.11877
vn 0.07731 -0.99430 -0.07343
vn 0.11684 -0.99263 -0.03225
vn 0.00000 -0.99924 0.03894
vn 0.15254 -0.98593 -0.06841
vn 0.55426 0.83127 -0.04236
vn -0.09957 0.99501 -0.00717
vn -0.00001 0.99873 -0.05035
vn 0.00000 0.67409 -0.73864
vn 0.12595 0.58539 -0.80091
vn 0.00000 0.99228 0.12403
vn 0.46862 -0.26545 -0.84257
vn 0.63044 0.57210 -0.52464
vn 0.00000 0.99261 0.12131
vn 0.21082 0.97465 0.07487
vn 0.10329 0.98760 0.11824
vn 0.00000 0.99117 0.13260
vn 0.13722 0.98894 0.05636
vn 0.08410 0.99038 0.10992
vn 0.07355 0.98862 0.13126
vn 0.00000 0.99021 0.13959
vn 0.00000 -0.27180 -0.96236
vn 0.27367 -0.31111 -0.91012
vn 0.28828 -0.06496 -0.95534
vn -0.00000 -0.01655 -0.99986
vn 0.22963 0.20808 -0.95077
vn -0.00000 0.21781 -0.97599
vn 0.24619 -0.49927 -0.83074
vn 0.00000 -0.47919 -0.87771
vn 0.10812 -0.99057 -0.08413
vn 0.08008 -0.99091 -0.10806
vn 0.00000 -0.99541 -0.09568
vn -0.00002 -0.98596 -0.16698
vn -0.08623 -0.98200 -0.16804
vn 0.05755 -0.97751 -0.20287
vn 0.00000 0.88720 -0.46138
vn -0.00000 0.49936 -0.86639
vn 0.26440 0.55727 -0.78711
vn 0.26670 0.85770 -0.43957
vn 0.22961 -0.86650 -0.44323
vn -0.01859 -0.92888 -0.36991
vn 0.25171 -0.39718 -0.88255
vn 0.21160 -0.80687 -0.55152
vn 0.46834 -0.75350 -0.46141
vn 0.52934 -0.81124 -0.24838
vn 0.43194 -0.86594 -0.25215
vn 0.43938 -0.85385 -0.27909
vn 0.21972 -0.93826 -0.26719
vn 0.53389 -0.75797 -0.37477
vn 0.38262 -0.83299 -0.39967
vn 0.83119 -0.37660 -0.40901
vn 0.49936 0.86444 -0.05809
vn 0.43796 -0.62020 -0.65080
vn 0.42101 -0.77204 -0.47614
vn 0.06831 -0.96604 -0.24920
vn -0.00000 -0.96834 -0.24963
vn 0.64432 -0.70347 -0.29998
vn 0.19492 0.01079 0.98076
vn 0.03547 -0.82791 0.55974
vn 0.23322 -0.88020 0.41334
vn 0.59594 -0.34951 0.72298
vn 0.59594 -0.34951 0.72298
vn 0.27508 -0.96139 0.00787
vn 0.27282 -0.96131 0.03809
vn 0.00000 -0.99998 -0.00642
vn 0.00000 -0.99973 0.02330
vn 0.00000 -0.99890 0.04695
vn 0.26950 -0.96121 0.05864
vn 0.26253 -0.96160 0.07997
vn 0.00000 -0.99761 0.06905
vn 0.20157 -0.97304 0.11208
vn 0.00000 -0.99763 0.06881
vn 0.26702 -0.96369 0.00057
vn 0.00000 -0.99984 -0.01810
vn 0.25171 -0.39718 -0.88255
vn -0.01859 -0.92888 -0.36991
vn -0.13815 -0.88783 -0.43894
vn -0.11390 0.08494 -0.98985
vn -0.00003 -0.80778 -0.58948
vn -0.00000 0.01378 -0.99990
vn -0.02749 0.98749 -0.15528
vn -0.00001 0.87491 -0.48428
vn 0.49936 0.86444 -0.05809
vn -0.23025 0.67743 0.69862
vn -0.27692 0.57075 0.77302
vn -0.07199 0.94355 0.32332
vn -0.06530 0.95161 0.30028
vn 0.01534 -0.99987 0.00445
vn -0.00014 -0.99985 0.01717
vn -0.17700 -0.94389 0.27882
vn -0.34946 -0.68960 0.63429
vn -0.00000 -0.98692 0.16120
vn -0.09606 -0.98986 0.10461
vn 0.00000 -0.99003 0.14089
vn -0.00000 -0.10965 0.99397
vn -0.50553 -0.10066 0.85692
vn 0.00000 -0.80543 0.59269
vn 0.15142 0.98842 0.00964
vn 0.11300 0.99114 0.06986
vn 0.91014 0.35405 -0.21514
vn 0.83993 0.19688 -0.50571
vn 0.90400 0.16752 -0.39335
vn 0.96602 0.24272 -0.08880
vn 0.83420 -0.02521 -0.55089
vn 0.87071 -0.05141 -0.48909
vn 0.97669 -0.15707 -0.14634
vn 0.83795 -0.53234 0.12023
vn 0.89993 -0.43331 0.04869
vn 0.83449 -0.54917 -0.04514
vn 0.81133 -0.58323 -0.03993
vn 0.87828 -0.44009 -0.18696
vn 0.82145 -0.50892 -0.25732
vn 0.93404 -0.03374 0.35558
vn 0.97103 -0.14616 0.18902
vn 0.90734 -0.34918 0.23411
vn 0.88845 -0.35970 0.28510
vn 0.92874 0.31751 0.19137
vn 0.97140 0.15605 0.17898
vn 0.86346 -0.30928 -0.39847
vn 0.82514 -0.25230 -0.50545
vn -0.09057 0.93297 0.34836
vn -0.35596 0.62805 0.69199
vn -0.33635 0.58222 0.74019
vn -0.08616 0.91179 0.40152
vn -0.00000 -0.10965 0.99397
vn -0.00000 0.67114 0.74133
vn -0.00000 0.93042 0.36650
vn -0.27520 0.66977 0.68969
vn -0.05830 0.95095 0.30379
vn 0.08887 0.99414 0.06157
vn 0.07997 0.98970 0.11877
vn 0.02917 0.99175 0.12484
vn 0.04578 0.98986 0.13449
vn 0.04562 0.98630 0.15856
vn 0.04657 0.98256 0.18004
vn 0.00000 0.98490 0.17314
vn 0.68449 0.54219 -0.48735
vn 0.30807 0.94190 -0.13382
vn 0.04927 0.99362 0.10148
vn -0.03414 -0.99760 0.06024
vn 0.02517 -0.99957 0.01509
vn -0.01793 -0.99919 0.03598
vn 0.05981 -0.99799 0.02096
vn 0.86056 -0.35357 0.36665
vn 0.86401 -0.31861 -0.38984
vn 0.90499 -0.37503 -0.20087
vn 0.71914 -0.41318 0.55868
vn 0.44762 -0.29632 -0.84370
vn 0.43323 -0.32077 -0.84227
vn 0.43323 -0.32077 -0.84227
vn 0.44762 -0.29632 -0.84370
vn -0.21053 -0.25413 -0.94398
vn -0.21159 -0.23587 -0.94847
vn -0.79469 -0.28654 -0.53513
vn -0.81035 -0.23324 -0.53753
vn -0.81035 -0.23324 -0.53753
vn -0.79469 -0.28654 -0.53513
vn -0.92915 -0.29235 0.22631
vn -0.94409 -0.23078 0.23543
vn -0.48693 -0.30926 0.81686
vn -0.49532 -0.28083 0.82207
vn -0.49532 -0.28083 0.82207
vn -0.48693 -0.30926 0.81686
vn 0.19177 -0.30661 0.93232
vn 0.18978 -0.32189 0.92756
vn 0.86056 -0.35357 0.36665
vn 0.71914 -0.41318 0.55868
vn 0.39151 -0.42445 -0.81644
vn 0.83009 -0.49210 -0.26227
vn -0.09313 -0.99461 -0.04568
vn 0.70544 -0.53032 0.47024
vn -0.80384 -0.28990 -0.51943
vn -0.20783 -0.27810 -0.93780
vn 0.39151 -0.42445 -0.81644
vn -0.50370 -0.34934 0.79009
vn -0.94282 -0.23435 0.23702
vn -0.09313 -0.99461 -0.04568
vn -0.80384 -0.28990 -0.51943
vn 0.70544 -0.53032 0.47024
vn 0.18374 -0.39631 0.89954
vn -0.50370 -0.34934 0.79009
vn 0.80230 -0.42018 0.42398
vn 0.88222 -0.28923 -0.37153
vn 0.90957 -0.36502 -0.19861
vn 0.67520 -0.45554 0.58016
vn 0.88222 -0.28923 -0.37153
vn 0.48968 -0.24855 -0.83572
vn 0.45938 -0.27108 -0.84586
vn 0.45938 -0.27108 -0.84586
vn 0.48968 -0.24855 -0.83572
vn -0.18594 -0.19390 -0.96324
vn -0.18689 -0.17858 -0.96601
vn -0.79140 -0.25189 -0.55699
vn -0.79792 -0.19426 -0.57059
vn -0.79792 -0.19426 -0.57059
vn -0.79140 -0.25189 -0.55699
vn -0.90252 -0.33704 0.26806
vn -0.94935 -0.25598 0.18225
vn -0.90252 -0.33704 0.26806
vn -0.32679 -0.32361 0.88797
vn -0.46994 -0.32497 0.82070
vn -0.46994 -0.32497 0.82070
vn -0.32679 -0.32361 0.88797
vn 0.10463 -0.33185 0.93751
vn 0.16858 -0.35218 0.92063
vn 0.10463 -0.33185 0.93751
vn 0.80230 -0.42018 0.42398
vn 0.67520 -0.45554 0.58016
vn 0.40629 -0.38945 -0.82659
vn 0.83396 -0.48378 -0.26547
vn -0.09313 -0.99096 -0.09654
vn 0.69412 -0.55328 0.46052
vn -0.78561 -0.26281 -0.56013
vn -0.18362 -0.23097 -0.95548
vn -0.09313 -0.99096 -0.09654
vn 0.40629 -0.38945 -0.82659
vn -0.52643 -0.38299 0.75907
vn -0.95054 -0.24233 0.19428
vn -0.78561 -0.26281 -0.56013
vn 0.69412 -0.55328 0.46052
vn 0.16230 -0.43950 0.88346
vn -0.52643 -0.38299 0.75907
vn 0.87867 -0.35648 0.31759
vn 0.85176 -0.29408 -0.43362
vn 0.90031 -0.35610 -0.25025
vn 0.74496 -0.42393 0.51509
vn 0.42077 -0.26107 -0.86879
vn 0.40709 -0.28554 -0.86761
vn 0.40709 -0.28554 -0.86761
vn 0.42077 -0.26107 -0.86879
vn -0.24432 -0.22278 -0.94376
vn -0.24558 -0.20439 -0.94758
vn -0.81709 -0.27193 -0.50834
vn -0.83286 -0.21910 -0.50827
vn -0.83286 -0.21910 -0.50827
vn -0.81709 -0.27193 -0.50834
vn -0.91824 -0.30117 0.25718
vn -0.93263 -0.24099 0.26857
vn -0.45675 -0.33552 0.82390
vn -0.46499 -0.30774 0.83011
vn -0.46499 -0.30774 0.83011
vn -0.45675 -0.33552 0.82390
vn 0.22669 -0.33495 0.91456
vn 0.22455 -0.34996 0.90945
vn 0.87867 -0.35648 0.31759
vn 0.74496 -0.42393 0.51509
vn 0.36548 -0.39608 -0.84234
vn 0.82483 -0.47263 -0.31029
vn -0.08986 -0.99378 -0.06581
vn 0.73018 -0.53625 0.42341
vn -0.82407 -0.27886 -0.49311
vn -0.24145 -0.25063 -0.93749
vn -0.08986 -0.99378 -0.06581
vn 0.36548 -0.39608 -0.84234
vn -0.47467 -0.36906 0.79905
vn -0.93136 -0.24314 0.27103
vn -0.82407 -0.27886 -0.49311
vn 0.73018 -0.53625 0.42341
vn 0.21799 -0.42011 0.88090
vn -0.47467 -0.36906 0.79905
vn 0.88021 -0.35060 0.31986
vn 0.85320 -0.29530 -0.42994
vn 0.90170 -0.35510 -0.24666
vn 0.74714 -0.41616 0.51826
vn 0.42222 -0.26751 -0.86612
vn 0.40878 -0.29192 -0.86468
vn 0.40878 -0.29192 -0.86468
vn 0.42222 -0.26751 -0.86612
vn -0.24594 -0.23063 -0.94145
vn -0.24716 -0.21235 -0.94542
vn -0.81920 -0.27468 -0.50346
vn -0.83474 -0.22223 -0.50381
vn -0.83474 -0.22223 -0.50381
vn -0.81920 -0.27468 -0.50346
vn -0.91884 -0.29610 0.26088
vn -0.93296 -0.23636 0.27151
vn -0.45778 -0.32598 0.82715
vn -0.46598 -0.29833 0.83299
vn -0.46598 -0.29833 0.83299
vn -0.45778 -0.32598 0.82715
vn 0.22785 -0.32503 0.91784
vn 0.22572 -0.33998 0.91294
vn 0.88021 -0.35060 0.31986
vn 0.74714 -0.41616 0.51826
vn 0.36786 -0.40116 -0.83890
vn 0.82715 -0.47176 -0.30539
vn -0.08980 -0.99433 -0.05687
vn 0.73205 -0.52989 0.42816
vn -0.82634 -0.28101 -0.48806
vn -0.24305 -0.25771 -0.93515
vn -0.08980 -0.99433 -0.05687
vn 0.36786 -0.40116 -0.83890
vn -0.47535 -0.36131 0.80218
vn -0.93167 -0.23887 0.27373
vn -0.82634 -0.28101 -0.48806
vn 0.73205 -0.52989 0.42816
vn 0.21901 -0.41117 0.88486
vn -0.47535 -0.36131 0.80218
vn 0.91237 -0.32424 0.24990
vn 0.81879 -0.29636 -0.49169
vn 0.88329 -0.34806 -0.31410
vn 0.79788 -0.38480 0.46401
vn 0.35550 -0.29376 -0.88731
vn 0.34294 -0.31822 -0.88382
vn 0.34294 -0.31822 -0.88382
vn 0.35550 -0.29376 -0.88731
vn -0.32031 -0.27237 -0.90731
vn -0.32215 -0.25423 -0.91192
vn -0.85777 -0.30518 -0.41364
vn -0.87401 -0.25325 -0.41470
vn -0.87401 -0.25325 -0.41470
vn -0.85777 -0.30518 -0.41364
vn -0.88784 -0.29346 0.35442
vn -0.90153 -0.23442 0.36372
vn -0.38568 -0.29579 0.87393
vn -0.39373 -0.26846 0.87915
vn -0.39373 -0.26846 0.87915
vn -0.38568 -0.29579 0.87393
vn 0.30688 -0.28553 0.90791
vn 0.30449 -0.30077 0.90378
vn 0.91237 -0.32424 0.24990
vn 0.79788 -0.38480 0.46401
vn 0.30811 -0.42227 -0.85250
vn 0.80654 -0.46759 -0.36173
vn -0.08260 -0.99645 -0.01631
vn 0.77381 -0.50723 0.37939
vn -0.86505 -0.30565 -0.39783
vn -0.31683 -0.29495 -0.90146
vn 0.30811 -0.42227 -0.85250
vn -0.40318 -0.33743 0.85064
vn -0.90035 -0.23671 0.36516
vn -0.08260 -0.99645 -0.01631
vn -0.86505 -0.30565 -0.39783
vn 0.77381 -0.50723 0.37939
vn 0.29525 -0.37769 0.87760
vn -0.40318 -0.33743 0.85064
vn 0.95145 -0.24993 0.17964
vn 0.78702 -0.29233 -0.54327
vn 0.86957 -0.32428 -0.37242
vn 0.86175 -0.29820 0.41044
vn 0.29242 -0.35291 -0.88879
vn 0.28170 -0.37764 -0.88206
vn 0.28170 -0.37764 -0.88206
vn 0.29242 -0.35291 -0.88879
vn -0.38795 -0.37226 -0.84316
vn -0.39119 -0.35482 -0.84916
vn -0.87565 -0.38453 -0.29220
vn -0.89473 -0.33455 -0.29586
vn -0.89473 -0.33455 -0.29586
vn -0.87565 -0.38453 -0.29220
vn -0.83300 -0.30114 0.46414
vn -0.84857 -0.24347 0.46974
vn -0.29337 -0.23275 0.92723
vn -0.30233 -0.20599 0.93068
vn -0.30233 -0.20599 0.93068
vn -0.29337 -0.23275 0.92723
vn 0.40275 -0.18573 0.89627
vn 0.40073 -0.20171 0.89372
vn 0.95145 -0.24993 0.17964
vn 0.86175 -0.29820 0.41044
vn 0.25946 -0.47044 -0.84343
vn 0.79476 -0.45311 -0.40378
vn -0.04071 -0.99720 0.06266
vn 0.82927 -0.44350 0.34003
vn -0.88694 -0.36972 -0.27687
vn -0.38459 -0.38405 -0.83940
vn -0.04071 -0.99720 0.06266
vn 0.25946 -0.47044 -0.84343
vn -0.30667 -0.28869 0.90698
vn -0.84853 -0.24425 0.46940
vn -0.88694 -0.36972 -0.27687
vn 0.82927 -0.44350 0.34003
vn 0.39041 -0.29274 0.87286
vn -0.30667 -0.28869 0.90698
vn 0.74722 -0.29475 -0.59564
vn 0.13523 -0.33995 -0.93067
vn 0.30100 -0.36987 -0.87897
vn 0.85832 -0.33665 -0.38724
vn -0.45998 -0.39320 -0.79612
vn -0.46356 -0.41714 -0.78174
vn -0.46356 -0.41714 -0.78174
vn -0.45998 -0.39320 -0.79612
vn -0.90310 -0.36908 -0.21953
vn -0.90958 -0.35168 -0.22135
vn -0.79915 -0.31406 0.51257
vn -0.81143 -0.26529 0.52078
vn -0.81143 -0.26529 0.52078
vn -0.79915 -0.31406 0.51257
vn -0.23728 -0.21578 0.94717
vn -0.24122 -0.16096 0.95703
vn 0.46492 -0.19249 0.86418
vn 0.46092 -0.16605 0.87177
vn 0.46092 -0.16605 0.87177
vn 0.46492 -0.19249 0.86418
vn 0.93672 -0.20082 0.28675
vn 0.93251 -0.21711 0.28860
vn 0.74722 -0.29475 -0.59564
vn 0.85832 -0.33665 -0.38724
vn -0.45740 -0.50324 -0.73317
vn 0.22915 -0.48699 -0.84281
vn -0.01363 -0.99148 0.12953
vn 0.78654 -0.47200 -0.39820
vn -0.79044 -0.30993 0.52834
vn -0.89740 -0.38373 -0.21775
vn -0.01363 -0.99148 0.12953
vn -0.45740 -0.50324 -0.73317
vn 0.43403 -0.25820 0.86310
vn -0.24146 -0.16977 0.95545
vn -0.79044 -0.30993 0.52834
vn 0.78654 -0.47200 -0.39820
vn 0.90564 -0.31041 0.28891
vn 0.43403 -0.25820 0.86310
vn 0.86195 -0.34907 0.36768
vn 0.86473 -0.31932 -0.38765
vn 0.90581 -0.37412 -0.19884
vn 0.72088 -0.40735 0.56071
vn 0.44846 -0.30114 -0.84155
vn 0.43425 -0.32563 -0.83987
vn 0.43425 -0.32563 -0.83987
vn 0.44846 -0.30114 -0.84155
vn -0.21171 -0.26052 -0.94197
vn -0.21277 -0.24234 -0.94657
vn -0.79666 -0.28931 -0.53069
vn -0.81218 -0.23626 -0.53342
vn -0.81218 -0.23626 -0.53342
vn -0.79666 -0.28931 -0.53069
vn -0.92928 -0.28882 0.23028
vn -0.94402 -0.22757 0.23883
vn -0.48728 -0.30192 0.81939
vn -0.49563 -0.27357 0.82432
vn -0.49563 -0.27357 0.82432
vn -0.48728 -0.30192 0.81939
vn 0.19256 -0.29898 0.93463
vn 0.19053 -0.31421 0.93004
vn 0.86195 -0.34907 0.36768
vn 0.72088 -0.40735 0.56071
vn 0.39311 -0.42834 -0.81363
vn 0.83156 -0.49133 -0.25905
vn -0.09303 -0.99493 -0.03828
vn 0.70686 -0.52556 0.47343
vn -0.80591 -0.29217 -0.51492
vn -0.20901 -0.28389 -0.93580
vn 0.39311 -0.42834 -0.81363
vn -0.50378 -0.34326 0.79270
vn -0.94273 -0.23139 0.24027
vn -0.09303 -0.99493 -0.03828
vn -0.80591 -0.29217 -0.51492
vn 0.70686 -0.52556 0.47343
vn 0.18437 -0.38942 0.90242
vn -0.50378 -0.34326 0.79270
vn 0.12595 0.58539 -0.80091
vn 0.18154 -0.67773 -0.71255
vn 0.00000 0.67409 -0.73864
vn 0.00000 -0.50323 -0.86415
vn 0.00000 -0.92661 -0.37604
vn 0.15264 -0.90135 -0.40530
vn 0.11183 -0.96754 -0.22662
vn 0.00000 -0.98268 -0.18531
vn 0.11127 0.99062 0.07932
vn 0.31103 0.94954 -0.04040
vn 0.73313 -0.57129 -0.36899
vn 0.46834 -0.75350 -0.46141
vn 0.42421 -0.67548 -0.60314
vn 0.21052 -0.94393 -0.25433
vn 0.65879 0.72859 -0.18750
vn 0.73313 -0.57129 -0.36899
vn 0.96282 -0.24311 -0.11783
vn 0.60310 -0.28246 -0.74598
vn 0.72624 -0.31308 -0.61200
vn 0.94764 -0.29290 0.12721
vn 0.03345 -0.34988 -0.93620
vn 0.02529 -0.37434 -0.92695
vn 0.02529 -0.37434 -0.92695
vn 0.03345 -0.34988 -0.93620
vn -0.62099 -0.37422 -0.68871
vn -0.62600 -0.35677 -0.69342
vn -0.92618 -0.37700 -0.00791
vn -0.94464 -0.32805 -0.00564
vn -0.94464 -0.32805 -0.00564
vn -0.92618 -0.37700 -0.00791
vn -0.66663 -0.28888 0.68714
vn -0.67894 -0.23339 0.69611
vn -0.02614 -0.22853 0.97319
vn -0.03413 -0.20263 0.97866
vn -0.03413 -0.20263 0.97866
vn -0.02614 -0.22853 0.97319
vn 0.64739 -0.18670 0.73894
vn 0.64445 -0.20282 0.73725
vn 0.96282 -0.24311 -0.11783
vn 0.94764 -0.29290 0.12721
vn 0.01426 -0.46804 -0.88359
vn 0.64911 -0.44055 -0.62014
vn -0.02382 -0.99688 0.07529
vn 0.89614 -0.43805 0.07112
vn -0.93159 -0.36339 0.00943
vn -0.61692 -0.38690 -0.68535
vn -0.02382 -0.99688 0.07529
vn 0.01426 -0.46804 -0.88359
vn -0.04472 -0.28534 0.95738
vn -0.67903 -0.23445 0.69567
vn -0.93159 -0.36339 0.00943
vn 0.89614 -0.43805 0.07112
vn 0.62727 -0.29495 0.72079
vn -0.04472 -0.28534 0.95738
vn 0.96342 -0.24718 0.10357
vn 0.74620 -0.28857 -0.59993
vn 0.84022 -0.32007 -0.43772
vn 0.89255 -0.29581 0.34036
vn 0.08384 -0.35698 -0.93034
vn 0.06536 -0.37327 -0.92542
vn 0.06536 -0.37327 -0.92542
vn 0.08384 -0.35698 -0.93034
vn -0.73207 -0.37307 -0.56999
vn -0.93440 -0.32526 -0.14530
vn -0.93440 -0.32526 -0.14530
vn -0.73207 -0.37307 -0.56999
vn -0.79697 -0.29660 0.52618
vn -0.81165 -0.23974 0.53268
vn -0.22687 -0.23078 0.94619
vn -0.23560 -0.20434 0.95012
vn -0.23560 -0.20434 0.95012
vn -0.22687 -0.23078 0.94619
vn 0.46973 -0.18545 0.86311
vn 0.46743 -0.20142 0.86078
vn 0.96342 -0.24718 0.10357
vn 0.89255 -0.29581 0.34036
vn 0.04963 -0.45533 -0.88894
vn 0.76457 -0.44838 -0.46302
vn 0.08634 -0.94767 0.30735
vn 0.85495 -0.44090 0.27328
vn -0.79589 -0.36938 -0.47971
vn 0.04963 -0.45533 -0.88894
vn 0.08634 -0.94767 0.30735
vn -0.24151 -0.28693 0.92701
vn -0.81160 -0.24070 0.53233
vn -0.79589 -0.36938 -0.47971
vn 0.85495 -0.44090 0.27328
vn 0.45526 -0.29257 0.84092
vn -0.24151 -0.28693 0.92701
vn 0.62651 0.76781 -0.13399
vn 0.00000 0.94603 -0.32407
vn 0.00000 0.99999 0.00420
vn 0.99354 -0.00693 0.11331
vn 0.91776 -0.38078 0.11281
vn 0.62563 -0.77178 0.11378
vn 0.53372 -0.84560 0.00985
vn 0.88955 -0.44983 -0.07972
vn 0.26230 -0.96388 -0.04623
vn 0.71093 -0.57755 -0.40128
vn 0.83979 -0.10509 -0.53264
vn 0.99487 -0.01244 -0.10043
vn 0.58532 0.80964 0.04333
vn 0.26675 0.95768 0.10818
vn 0.46445 0.85482 -0.23145
vn 0.21082 0.97465 0.07487
vn 0.00000 0.99261 0.12131
vn 0.00000 0.99284 0.11944
vn 0.00000 0.98141 0.19194
vn 0.35884 0.91636 0.17756
vn 0.67493 0.72189 0.15283
vn 0.00000 -0.99133 0.13136
vn 0.15983 -0.98172 0.10331
vn 0.00000 -0.99259 0.12154
vn 0.08224 -0.98992 0.11532
vn 0.23977 -0.96475 0.10851
vn 0.00000 -0.99399 0.10948
vn 0.89558 0.44160 -0.05411
vn 0.79553 0.32714 -0.51001
vn 0.91865 0.37367 0.12829
vn -0.00000 -0.24211 0.97025
vn 0.82725 -0.01623 0.56159
vn 0.76619 0.06857 0.63895
vn -0.00000 -0.05287 0.99860
vn 0.90850 0.38496 0.16257
vn 0.68577 0.67159 0.28049
vn 0.66892 0.31628 0.67269
vn 0.00000 0.31791 0.94812
vn 0.92973 0.24285 0.27682
vn 0.79611 -0.10645 0.59572
vn -0.00000 -0.31937 0.94763
vn 0.00000 0.94603 -0.32407
vn 0.62651 0.76781 -0.13399
vn 0.72033 0.62762 -0.29531
vn 0.00000 0.82466 -0.56562
vn 0.00000 -0.97055 0.24089
vn 0.23322 -0.88020 0.41334
vn -0.67961 0.71308 -0.17220
vn -0.75301 0.56227 -0.34180
vn -0.37231 -0.90916 -0.18660
vn -0.29830 -0.94273 -0.14922
vn -0.79477 -0.53204 -0.29202
vn -0.95756 -0.19134 -0.21558
vn -0.67961 0.71308 -0.17220
vn -0.55426 0.83127 -0.04236
vn -0.72292 0.65329 0.22492
vn -0.39857 0.88635 0.23566
vn -0.39847 0.88953 0.22350
vn -0.71932 0.66236 0.20943
vn -0.39221 0.89338 0.21919
vn -0.68069 0.70287 0.20649
vn -0.71780 0.63068 0.29497
vn -0.41673 0.82766 0.37593
vn -0.40874 0.87425 0.26194
vn -0.71924 0.65067 0.24356
vn -0.98121 -0.00829 0.19274
vn -0.92495 -0.34143 0.16699
vn -0.92368 -0.34795 0.16046
vn -0.98318 -0.01480 0.18205
vn -0.92546 -0.35130 0.14184
vn -0.98627 -0.01462 0.16449
vn -0.64676 -0.75638 0.09794
vn -0.64496 -0.75458 0.12102
vn -0.64402 -0.75318 0.13399
vn -0.41990 0.90757 -0.00213
vn -0.40012 0.91495 -0.05257
vn -0.18548 0.97988 -0.07371
vn -0.18388 0.98273 -0.02086
vn -0.17276 0.97913 -0.10702
vn -0.38154 0.92050 -0.08428
vn -0.30854 0.94420 -0.11529
vn -0.40956 0.90437 -0.11992
vn -0.16250 0.98464 -0.06386
vn -0.11673 0.98903 -0.09054
vn -0.16052 0.97622 -0.14570
vn -0.31443 0.93769 -0.14785
vn -0.99821 -0.03261 -0.05010
vn -0.99919 0.03387 0.02152
vn -0.99926 0.02395 0.03015
vn -0.99780 0.05186 0.04135
vn -0.99444 0.00126 0.10534
vn -0.99102 -0.00274 0.13367
vn -0.99423 0.07068 0.08068
vn -0.99310 0.11372 0.02862
vn -0.99085 0.13284 0.02385
vn -0.21052 -0.94393 -0.25433
vn -0.06795 -0.99761 -0.01234
vn -0.05363 -0.99661 -0.06237
vn -0.04957 -0.98726 -0.15120
vn -0.23322 -0.88020 0.41334
vn -0.09090 -0.99194 0.08831
vn -0.93117 -0.34138 0.12797
vn -0.98883 -0.00549 0.14895
vn -0.96015 -0.25664 0.11067
vn -0.99147 0.00112 0.13033
vn -0.69073 -0.72069 0.05919
vn -0.65155 -0.75382 0.08506
vn -0.99550 0.03093 0.08962
vn -0.96871 -0.18775 0.16231
vn -0.99821 -0.03261 -0.05010
vn -0.97701 -0.20477 -0.05932
vn -0.99977 -0.01613 -0.01436
vn -0.99919 0.03387 0.02152
vn -0.99182 0.12757 0.00502
vn -0.99085 0.13284 0.02385
vn -0.99478 0.10107 -0.01436
vn -0.99695 -0.07264 -0.02843
vn -0.94529 -0.32343 -0.04272
vn -0.99700 -0.00560 0.07717
vn -0.90315 -0.42143 0.08199
vn -0.91039 -0.40437 0.08755
vn -0.99654 -0.00491 0.08297
vn -0.91507 -0.39109 0.09843
vn -0.99538 -0.00544 0.09584
vn -0.61496 -0.78111 0.10817
vn -0.59862 -0.79400 0.10589
vn -0.57591 -0.81090 0.10376
vn -0.93590 0.32977 0.12387
vn -0.92041 -0.07004 0.38462
vn -0.50684 0.55943 0.65586
vn -0.53437 0.84342 0.05555
vn -0.07870 0.88380 0.46120
vn -0.27127 0.96146 0.04485
vn -0.05505 0.99845 0.00801
vn -0.10935 0.94883 -0.29623
vn -0.14404 0.92848 -0.34231
vn -0.09779 0.99422 0.04440
vn -0.38829 0.82891 -0.40266
vn -0.02195 -0.99945 0.02477
vn -0.03547 -0.82791 0.55974
vn -0.06795 -0.99761 -0.01234
vn -0.01179 -0.99980 -0.01604
vn 0.11403 -0.87669 0.46734
vn -0.01041 -0.99813 -0.06021
vn -0.12614 -0.78572 -0.60558
vn -0.10588 -0.86725 -0.48649
vn -0.00434 -0.99999 -0.00144
vn -0.20494 -0.78622 -0.58297
vn 0.02363 0.96637 0.25606
vn -0.06359 0.99763 -0.02628
vn 0.03008 0.96212 0.27095
vn 0.02320 0.96504 0.26106
vn -0.03328 0.99595 0.08348
vn -0.11814 0.95259 -0.28038
vn -0.11195 0.97291 -0.20225
vn 0.00398 -0.99939 0.03475
vn 0.12309 -0.88788 0.44330
vn 0.18110 -0.84346 0.50574
vn -0.02442 -0.99871 -0.04447
vn 0.05511 -0.93353 0.35424
vn -0.12766 -0.89758 -0.42196
vn -0.19663 -0.82389 -0.53154
vn 0.00675 0.97352 0.22848
vn -0.05335 0.99857 0.00121
vn -0.02271 0.96694 0.25400
vn -0.05901 0.99491 0.08165
vn -0.12949 0.96841 -0.21311
vn -0.16625 0.97602 -0.14051
vn -0.02040 -0.99884 0.04353
vn 0.01807 -0.82457 0.56547
vn -0.06539 -0.99785 0.00431
vn -0.07060 -0.73665 0.67258
vn -0.20618 -0.87629 -0.43543
vn -0.42697 -0.67646 -0.60008
vn -0.25292 0.12665 -0.95916
vn -0.23658 0.18632 -0.95358
vn -0.39908 0.02685 -0.91652
vn 0.18110 -0.84346 0.50574
vn 0.12309 -0.88788 0.44330
vn 0.24950 0.23454 0.93954
vn 0.23226 0.61029 0.75737
vn 0.16221 0.19270 0.96776
vn 0.05511 -0.93353 0.35424
vn -0.30678 0.22249 -0.92541
vn -0.36173 0.27872 -0.88964
vn 0.01807 -0.82457 0.56547
vn 0.04762 0.21902 0.97456
vn -0.08127 0.34447 0.93527
vn -0.07060 -0.73665 0.67258
vn -0.42767 0.38963 -0.81565
vn -0.53040 0.58771 -0.61096
vn -0.12809 0.96776 0.21688
vn -0.20819 0.95372 0.21697
vn -0.63769 0.75058 -0.17318
vn -0.68068 0.68805 -0.25153
vn -0.92151 -0.19702 -0.33466
vn -0.88230 -0.19364 -0.42901
vn -0.50536 0.20565 0.83804
vn -0.31564 0.55395 0.77040
vn -0.62130 0.69144 0.36863
vn -0.28920 0.93246 0.21651
vn -0.12549 0.94239 0.31010
vn -0.39134 -0.52818 0.75358
vn -0.91963 -0.21736 0.32717
vn -0.39134 -0.52818 0.75358
vn -0.18438 -0.97903 0.08663
vn -0.91963 -0.21736 0.32717
vn 0.36100 0.06516 0.93029
vn 0.40403 0.02480 0.91441
vn 0.25028 0.66394 0.70466
vn 0.22101 0.73285 0.64349
vn 0.08638 0.91062 0.40411
vn 0.06398 0.95787 0.27999
vn 0.30136 0.65021 0.69743
vn 0.44838 -0.07603 0.89060
vn -0.98583 0.04646 0.16117
vn -0.92041 -0.07004 0.38462
vn -0.98445 0.16886 0.04832
vn -0.99654 0.06960 -0.04539
vn -0.93590 0.32977 0.12387
vn 0.19072 0.78233 0.59295
vn 0.42655 0.12822 0.89533
vn -0.18128 -0.96795 -0.17381
vn -0.31381 -0.91102 -0.26753
vn -0.55309 -0.54354 -0.63139
vn -0.52251 -0.64462 -0.55808
vn -0.62999 -0.09305 -0.77101
vn -0.69459 -0.11857 -0.70957
vn -0.83979 -0.10509 -0.53264
vn -0.71093 -0.57755 -0.40128
vn -0.26230 -0.96388 -0.04623
vn -0.27582 -0.94171 -0.19263
vn -0.21160 -0.96159 -0.17485
vn -0.56568 -0.68061 -0.46559
vn -0.63998 -0.62904 -0.44129
vn -0.78565 -0.13529 -0.60369
vn -0.82671 -0.09846 -0.55395
vn -0.59229 -0.73152 -0.33775
vn -0.28044 -0.94940 -0.14141
vn -0.53240 -0.80891 -0.24944
vn -0.11117 -0.98612 0.12332
vn -0.86652 -0.09410 -0.49020
vn -0.57391 -0.79653 -0.19017
vn -0.24087 -0.95984 0.14386
vn 0.12145 -0.93535 0.33223
vn -0.03373 -0.99845 0.04433
vn -0.02703 -0.99963 0.00141
vn 0.11766 -0.96253 0.24432
vn 0.27677 -0.69491 0.66370
vn 0.27687 -0.73324 0.62106
vn 0.28260 -0.66925 0.68720
vn 0.28472 -0.66556 0.68990
vn 0.26349 -0.71966 0.64239
vn 0.09261 -0.97648 0.19473
vn 0.25892 -0.75200 0.60618
vn 0.08226 -0.97937 0.18456
vn 0.36239 -0.13651 0.92197
vn 0.34990 -0.02363 0.93649
vn 0.28471 -0.74818 0.59931
vn 0.09515 -0.97303 0.21016
vn 0.36201 -0.72201 0.58961
vn 0.14946 -0.95827 0.24366
vn 0.48009 -0.07877 0.87368
vn 0.39855 -0.06500 0.91484
vn -0.38154 0.92050 -0.08428
vn -0.36584 0.92390 -0.11209
vn -0.16117 0.97782 -0.13375
vn -0.17276 0.97913 -0.10702
vn -0.17643 0.97398 -0.14223
vn -0.37944 0.91746 -0.11955
vn -0.98656 0.01066 0.16307
vn -0.92058 -0.35807 0.15596
vn -0.92394 -0.34655 0.16195
vn -0.98511 -0.00670 0.17181
vn -0.64076 -0.75436 0.14269
vn -0.63782 -0.75804 0.13627
vn -0.38512 0.89826 0.21168
vn -0.70443 0.68260 0.19453
vn -0.37566 0.90625 0.19391
vn -0.69227 0.70043 0.17364
vn -0.90508 0.38342 0.18388
vn -0.92597 0.33773 0.16890
vn -0.98850 -0.01038 0.15086
vn -0.92288 0.35502 0.14915
vn -0.99105 -0.00893 0.13317
vn -0.93881 0.33589 0.07622
vn -0.71198 0.61553 -0.33796
vn -0.69929 0.64271 -0.31291
vn -0.69982 0.69303 -0.17309
vn -0.74883 0.66220 0.02749
vn 0.00000 0.60704 0.79467
vn -0.91873 -0.37290 0.12991
vn -0.91893 -0.36667 0.14533
vn -0.63466 -0.76147 0.13178
vn -0.67483 -0.72782 0.12200
vn -0.65460 0.74437 0.13194
vn -0.33674 0.92839 0.15715
vn -0.31391 0.93934 0.13821
vn -0.63440 0.76441 0.11492
vn -0.29077 0.94911 0.12103
vn -0.61546 0.78158 0.10170
vn -0.30473 -0.93128 -0.19965
vn -0.27373 -0.89328 -0.35655
vn -0.52169 -0.68346 -0.51061
vn -0.73048 -0.53678 -0.42222
vn -0.63044 0.57210 -0.52463
vn -0.75301 0.56227 -0.34180
vn -0.46862 -0.26544 -0.84257
vn -0.31071 -0.76775 -0.56038
vn -0.21001 -0.89667 -0.38972
vn -0.25394 -0.96102 0.10938
vn -0.25560 -0.96180 0.09804
vn -0.25473 -0.96055 0.11165
vn -0.25280 -0.96116 0.11071
vn -0.29715 -0.94850 0.10979
vn -0.22969 -0.96680 0.11196
vn -0.21552 -0.96931 0.11831
vn -0.19807 -0.97295 0.11891
vn -0.01654 -0.99853 0.05160
vn -0.04389 -0.99568 0.08187
vn -0.08224 -0.98992 0.11532
vn 0.02552 -0.99569 0.08921
vn 0.01014 -0.99898 0.04403
vn -0.97265 -0.10937 -0.20490
vn -0.95370 -0.07314 -0.29173
vn -0.93298 0.25335 -0.25567
vn -0.93866 0.30883 -0.15344
vn -0.80849 0.54991 -0.20964
vn -0.77822 0.61186 -0.14142
vn -0.91746 0.18363 -0.35290
vn -0.81577 0.50756 -0.27733
vn -0.90759 -0.16240 -0.38718
vn -0.86711 -0.42669 -0.25701
vn -0.88773 -0.38086 -0.25863
vn -0.83729 -0.42666 -0.34192
vn -0.72306 -0.65257 -0.22658
vn -0.70598 -0.63037 -0.32283
vn -0.62780 -0.71030 -0.31834
vn -0.61042 0.78793 -0.08091
vn -0.59481 0.79877 -0.09036
vn -0.83146 0.55398 -0.04225
vn -0.81707 0.57436 -0.04996
vn -0.84521 0.53426 -0.01384
vn -0.62632 0.77787 -0.05140
vn -0.64411 0.76461 -0.02246
vn -0.62632 0.77787 -0.05140
vn -0.85701 0.51524 0.00810
vn -0.84521 0.53426 -0.01384
vn -0.84686 0.52976 0.04673
vn -0.66198 0.74891 0.03017
vn -0.39519 0.91695 0.05493
vn -0.63857 0.76603 0.07366
vn -0.86029 0.50100 0.09439
vn -0.68903 0.70593 0.16401
vn -0.72859 0.67375 0.12339
vn -0.47754 0.87115 0.11426
vn -0.43021 0.88829 0.16082
vn -0.88227 0.44267 0.16013
vn -0.88786 0.44253 0.12596
vn -0.44998 0.86928 0.20459
vn -0.62903 0.74029 0.23725
vn -0.08617 -0.98296 -0.16239
vn -0.08321 -0.99291 -0.08484
vn -0.21052 -0.94393 -0.25433
vn -0.04957 -0.98726 -0.15120
vn -0.07417 -0.97685 -0.20067
vn -0.21945 -0.94670 -0.23581
vn -0.09968 -0.96316 -0.24978
vn -0.21266 -0.93953 -0.26843
vn 0.03715 0.93598 0.35009
vn -0.73646 0.52590 -0.42552
vn -0.91216 -0.09771 -0.39803
vn 0.19745 -0.86719 0.45716
vn -0.19987 -0.89574 -0.39711
vn 0.23361 -0.08010 0.96902
vn 0.33063 0.22306 0.91702
vn 0.19745 -0.86719 0.45716
vn 0.11403 -0.87669 0.46734
vn -0.62782 -0.20912 -0.74974
vn -0.24610 0.96344 0.10592
vn -0.20984 0.96800 0.13761
vn -0.34258 0.93880 0.03598
vn -0.95889 -0.25744 -0.11937
vn -0.89902 -0.41119 -0.15062
vn -0.92081 -0.38964 -0.01719
vn -0.93785 -0.31746 -0.14023
vn -0.96345 -0.26316 -0.05000
vn -0.92567 -0.29444 -0.23756
vn -0.95788 -0.26989 -0.09807
vn -0.89843 -0.38629 -0.20882
vn -0.82243 -0.53859 -0.18311
vn -0.96969 -0.21034 -0.12434
vn -0.97355 -0.14048 -0.18019
vn -0.98762 -0.14035 -0.07008
vn -0.84855 -0.47984 -0.22297
vn -0.90418 -0.29835 -0.30569
vn -0.90703 -0.28806 -0.30712
vn -0.90431 -0.25513 -0.34224
vn -0.89596 -0.31140 -0.31668
vn -0.87463 -0.39322 -0.28354
vn -0.92946 -0.29186 -0.22565
vn -0.97913 -0.19218 -0.06606
vn -0.89494 -0.33286 -0.29714
vn -0.98772 0.13787 -0.07354
vn -0.99554 -0.04102 -0.08493
vn -0.95795 -0.22465 -0.17850
vn -0.96746 -0.21591 -0.13194
vn -0.98859 -0.13064 -0.07497
vn -0.99687 -0.05201 -0.05954
vn -0.93831 -0.30585 -0.16136
vn -0.88577 -0.46083 -0.05524
vn -0.68702 -0.59577 -0.41601
vn -0.42936 -0.77809 -0.45850
vn -0.57714 -0.71205 -0.39987
vn -0.37722 -0.78284 -0.49483
vn -0.83681 -0.39353 -0.38064
vn -0.90511 -0.31970 -0.28031
vn -0.93969 0.33747 -0.05572
vn -0.94560 0.32473 -0.01979
vn -0.82518 0.56139 -0.06259
vn -0.33126 0.93292 -0.14118
vn -0.11289 0.98019 -0.16275
vn 0.00000 0.98621 -0.16548
vn -0.61354 0.78324 -0.10057
vn -0.51042 0.84728 -0.14692
vn -0.83960 -0.49770 -0.21761
vn -0.91216 -0.09771 -0.39803
vn -0.72570 -0.64840 -0.23008
vn -0.75132 -0.63943 -0.16326
vn -0.71524 -0.65927 -0.23194
vn -0.18968 0.96889 -0.15897
vn -0.45160 0.85251 -0.26321
vn -0.62180 0.21606 -0.75278
vn -0.53205 0.62529 -0.57091
vn -0.71565 0.60217 -0.35388
vn -0.83573 0.29790 -0.46132
vn -0.62874 0.75333 -0.19284
vn -0.42133 0.81097 -0.40597
vn -0.76479 -0.23781 -0.59879
vn -0.84016 0.05279 -0.53976
vn -0.93192 0.30968 0.18872
vn -0.92953 0.30292 0.21026
vn -0.93111 0.29432 0.21543
vn -0.94436 0.25963 0.20194
vn -0.36740 0.91857 -0.14573
vn -0.33038 0.94139 -0.06804
vn -0.68851 0.65508 -0.31116
vn -0.74175 0.50342 -0.44315
vn -0.57139 0.71736 0.39863
vn -0.60611 0.71558 0.34724
vn -0.51582 0.67251 0.53072
vn -0.66892 0.31628 0.67269
vn -0.68577 0.67159 0.28049
vn -0.91353 0.39186 0.10913
vn -0.90833 0.40731 0.09503
vn -0.90392 0.41862 0.08761
vn -0.46445 0.85482 -0.23145
vn -0.40095 0.85220 -0.33614
vn -0.60687 0.30833 -0.73256
vn -0.79553 0.32714 -0.51001
vn -0.61149 0.55053 -0.56833
vn -0.22033 0.97257 -0.07457
vn -0.59307 0.78791 -0.16574
vn -0.95263 0.30401 -0.00904
vn -0.95886 0.28348 0.01478
vn -0.96349 0.26644 0.02652
vn -0.95886 0.28348 0.01478
vn -0.96276 0.26000 0.07406
vn -0.96415 0.24827 0.09364
vn -0.83700 0.49881 0.22500
vn -0.95957 0.22647 0.16717
vn -0.96864 0.19953 0.14804
vn -0.60216 -0.08192 -0.79416
vn -0.52707 -0.31953 -0.78746
vn -0.43715 -0.68309 -0.58505
vn -0.50415 -0.48010 -0.71788
vn -0.72435 -0.44660 -0.52523
vn -0.58785 -0.68611 -0.42859
vn -0.09331 -0.99040 -0.10203
vn -0.91216 -0.09771 -0.39803
vn -0.40756 -0.90139 -0.14624
vn -0.43424 -0.88259 -0.18019
vn -0.38711 -0.87741 -0.28337
vn -0.11684 -0.99263 -0.03225
vn -0.15254 -0.98593 -0.06841
vn -0.07731 -0.99430 -0.07343
vn -0.26928 -0.93403 -0.23468
vn -0.05755 -0.97751 -0.20287
vn -0.28642 -0.89470 -0.34275
vn -0.16927 -0.89268 -0.41771
vn -0.21957 -0.66986 -0.70928
vn -0.08008 -0.99091 -0.10806
vn -0.10812 -0.99057 -0.08413
vn -0.68815 -0.72321 0.05841
vn -0.94465 -0.32055 0.06985
vn -0.99436 0.00300 0.10598
vn -0.66501 -0.70086 0.25800
vn -0.18646 0.98112 0.05129
vn -0.96597 0.22975 0.11877
vn -0.07731 -0.99430 -0.07343
vn -0.11684 -0.99263 -0.03225
vn -0.15254 -0.98593 -0.06841
vn 0.10004 0.99497 -0.00551
vn -0.55426 0.83127 -0.04236
vn -0.12595 0.58540 -0.80090
vn -0.63044 0.57210 -0.52463
vn -0.46862 -0.26544 -0.84257
vn -0.10329 0.98760 0.11824
vn -0.21082 0.97465 0.07487
vn -0.13722 0.98894 0.05636
vn -0.08410 0.99038 0.10992
vn -0.07355 0.98862 0.13126
vn -0.28828 -0.06496 -0.95534
vn -0.27367 -0.31111 -0.91012
vn -0.22963 0.20808 -0.95077
vn -0.24619 -0.49927 -0.83074
vn -0.10812 -0.99057 -0.08413
vn -0.08008 -0.99091 -0.10806
vn 0.08658 -0.98228 -0.16625
vn -0.05755 -0.97751 -0.20287
vn -0.26670 0.85770 -0.43957
vn -0.26440 0.55727 -0.78711
vn -0.22960 -0.86650 -0.44323
vn 0.02043 -0.92924 -0.36892
vn -0.24918 -0.39681 -0.88343
vn -0.21160 -0.80687 -0.55152
vn -0.52934 -0.81124 -0.24838
vn -0.46834 -0.75350 -0.46141
vn -0.43194 -0.86594 -0.25215
vn -0.43938 -0.85385 -0.27909
vn -0.21972 -0.93826 -0.26719
vn -0.53389 -0.75797 -0.37477
vn -0.38262 -0.83299 -0.39967
vn -0.49961 0.86437 -0.05702
vn -0.83119 -0.37660 -0.40901
vn -0.43796 -0.62020 -0.65080
vn -0.42101 -0.77204 -0.47614
vn -0.06831 -0.96604 -0.24920
vn -0.00000 -0.96834 -0.24963
vn -0.64432 -0.70347 -0.29998
vn -0.19492 0.01079 0.98076
vn -0.03547 -0.82791 0.55974
vn -0.23322 -0.88020 0.41334
vn -0.59594 -0.34951 0.72298
vn -0.59594 -0.34951 0.72298
vn -0.27282 -0.96131 0.03809
vn -0.27508 -0.96139 0.00787
vn -0.26950 -0.96121 0.05864
vn -0.26253 -0.96160 0.07997
vn -0.20157 -0.97304 0.11208
vn -0.26702 -0.96369 0.00057
vn -0.24918 -0.39681 -0.88343
vn 0.11587 0.08525 -0.98960
vn 0.14154 -0.88848 -0.43653
vn 0.02043 -0.92924 -0.36892
vn 0.02733 0.98770 -0.15397
vn -0.49961 0.86437 -0.05702
vn 0.23025 0.67743 0.69862
vn 0.27692 0.57075 0.77302
vn 0.07199 0.94355 0.32331
vn 0.06530 0.95161 0.30028
vn -0.01534 -0.99987 0.00445
vn 0.00014 -0.99985 0.01717
vn 0.34946 -0.68960 0.63429
vn 0.17700 -0.94389 0.27882
vn 0.09606 -0.98986 0.10461
vn 0.50553 -0.10066 0.85692
vn -0.15142 0.98842 0.00964
vn -0.11300 0.99114 0.06986
vn -0.91015 0.35404 -0.21515
vn -0.96603 0.24271 -0.08881
vn -0.90400 0.16751 -0.39335
vn -0.83993 0.19688 -0.50572
vn -0.87071 -0.05139 -0.48910
vn -0.83420 -0.02520 -0.55089
vn -0.97669 -0.15706 -0.14634
vn -0.83795 -0.53234 0.12023
vn -0.81133 -0.58323 -0.03993
vn -0.83449 -0.54917 -0.04513
vn -0.89993 -0.43331 0.04869
vn -0.87828 -0.44009 -0.18696
vn -0.82145 -0.50892 -0.25731
vn -0.93404 -0.03374 0.35557
vn -0.88845 -0.35970 0.28509
vn -0.90734 -0.34918 0.23411
vn -0.97103 -0.14616 0.18902
vn -0.97140 0.15604 0.17898
vn -0.92875 0.31751 0.19137
vn -0.86347 -0.30927 -0.39847
vn -0.82514 -0.25229 -0.50546
vn 0.09057 0.93297 0.34836
vn 0.08616 0.91179 0.40152
vn 0.33635 0.58222 0.74019
vn 0.35596 0.62805 0.69199
vn 0.05830 0.95095 0.30379
vn 0.27520 0.66977 0.68969
vn -0.07997 0.98970 0.11877
vn -0.08887 0.99414 0.06157
vn -0.04578 0.98986 0.13449
vn -0.02917 0.99175 0.12484
vn -0.04562 0.98630 0.15856
vn -0.04657 0.98256 0.18004
vn -0.68449 0.54218 -0.48735
vn -0.30807 0.94190 -0.13382
vn -0.04927 0.99362 0.10148
vn 0.03414 -0.99760 0.06024
vn 0.01793 -0.99919 0.03598
vn -0.02517 -0.99957 0.01510
vn -0.05981 -0.99799 0.02096
vn -0.86055 -0.35357 0.36666
vn -0.71914 -0.41318 0.55867
vn -0.90499 -0.37503 -0.20086
vn -0.86401 -0.31861 -0.38984
vn -0.43323 -0.32077 -0.84227
vn -0.44762 -0.29632 -0.84370
vn -0.43323 -0.32077 -0.84227
vn 0.21159 -0.23587 -0.94847
vn 0.21053 -0.25413 -0.94398
vn -0.44762 -0.29632 -0.84370
vn 0.81035 -0.23324 -0.53753
vn 0.79469 -0.28654 -0.53513
vn 0.81035 -0.23324 -0.53753
vn 0.94409 -0.23078 0.23543
vn 0.92915 -0.29235 0.22631
vn 0.79469 -0.28654 -0.53513
vn 0.49532 -0.28083 0.82207
vn 0.48693 -0.30925 0.81686
vn 0.49532 -0.28083 0.82207
vn -0.18978 -0.32189 0.92756
vn -0.19176 -0.30660 0.93232
vn 0.48693 -0.30925 0.81686
vn -0.71914 -0.41318 0.55867
vn -0.86055 -0.35357 0.36666
vn -0.83009 -0.49210 -0.26228
vn -0.39151 -0.42444 -0.81644
vn 0.09312 -0.99461 -0.04569
vn -0.70544 -0.53032 0.47023
vn 0.20783 -0.27810 -0.93780
vn 0.80384 -0.28990 -0.51943
vn -0.39151 -0.42444 -0.81644
vn 0.94282 -0.23435 0.23702
vn 0.50370 -0.34935 0.79009
vn 0.09312 -0.99461 -0.04569
vn 0.80384 -0.28990 -0.51943
vn -0.18374 -0.39632 0.89954
vn -0.70544 -0.53032 0.47023
vn 0.50370 -0.34935 0.79009
vn -0.80230 -0.42018 0.42398
vn -0.67520 -0.45554 0.58015
vn -0.90957 -0.36502 -0.19862
vn -0.88222 -0.28923 -0.37153
vn -0.88222 -0.28923 -0.37153
vn -0.45938 -0.27108 -0.84586
vn -0.48968 -0.24855 -0.83572
vn -0.45938 -0.27108 -0.84586
vn 0.18689 -0.17858 -0.96601
vn 0.18594 -0.19390 -0.96324
vn -0.48968 -0.24855 -0.83572
vn 0.79792 -0.19426 -0.57060
vn 0.79140 -0.25189 -0.55699
vn 0.79792 -0.19426 -0.57060
vn 0.94935 -0.25598 0.18225
vn 0.90252 -0.33704 0.26806
vn 0.79140 -0.25189 -0.55699
vn 0.90252 -0.33704 0.26806
vn 0.46994 -0.32497 0.82070
vn 0.32679 -0.32361 0.88797
vn 0.46994 -0.32497 0.82070
vn -0.16858 -0.35217 0.92063
vn -0.10463 -0.33185 0.93751
vn 0.32679 -0.32361 0.88797
vn -0.10463 -0.33185 0.93751
vn -0.67520 -0.45554 0.58015
vn -0.80230 -0.42018 0.42398
vn -0.83396 -0.48378 -0.26547
vn -0.40629 -0.38945 -0.82659
vn 0.09313 -0.99096 -0.09654
vn -0.69412 -0.55328 0.46052
vn 0.18362 -0.23097 -0.95548
vn 0.78561 -0.26281 -0.56013
vn 0.09313 -0.99096 -0.09654
vn -0.40629 -0.38945 -0.82659
vn 0.95054 -0.24233 0.19428
vn 0.52643 -0.38299 0.75907
vn 0.78561 -0.26281 -0.56013
vn -0.16230 -0.43950 0.88346
vn -0.69412 -0.55328 0.46052
vn 0.52643 -0.38299 0.75907
vn -0.87867 -0.35649 0.31759
vn -0.74496 -0.42392 0.51509
vn -0.90031 -0.35610 -0.25025
vn -0.85176 -0.29408 -0.43362
vn -0.40709 -0.28554 -0.86761
vn -0.42077 -0.26107 -0.86879
vn -0.40709 -0.28554 -0.86761
vn 0.24559 -0.20440 -0.94758
vn 0.24433 -0.22279 -0.94375
vn -0.42077 -0.26107 -0.86879
vn 0.83286 -0.21911 -0.50827
vn 0.81710 -0.27193 -0.50833
vn 0.83286 -0.21911 -0.50827
vn 0.93263 -0.24099 0.26858
vn 0.91824 -0.30117 0.25718
vn 0.81710 -0.27193 -0.50833
vn 0.46499 -0.30774 0.83011
vn 0.45675 -0.33552 0.82390
vn 0.46499 -0.30774 0.83011
vn -0.22455 -0.34996 0.90945
vn -0.22669 -0.33495 0.91456
vn 0.45675 -0.33552 0.82390
vn -0.74496 -0.42392 0.51509
vn -0.87867 -0.35649 0.31759
vn -0.82483 -0.47263 -0.31029
vn -0.36548 -0.39609 -0.84234
vn 0.08987 -0.99378 -0.06579
vn -0.73017 -0.53625 0.42342
vn 0.24146 -0.25064 -0.93749
vn 0.82406 -0.27886 -0.49311
vn 0.08987 -0.99378 -0.06579
vn -0.36548 -0.39609 -0.84234
vn 0.93136 -0.24313 0.27103
vn 0.47466 -0.36905 0.79906
vn 0.82406 -0.27886 -0.49311
vn -0.21798 -0.42010 0.88091
vn -0.73017 -0.53625 0.42342
vn 0.47466 -0.36905 0.79906
vn -0.88021 -0.35060 0.31986
vn -0.74714 -0.41616 0.51826
vn -0.90170 -0.35510 -0.24665
vn -0.85320 -0.29530 -0.42993
vn -0.40878 -0.29192 -0.86469
vn -0.42223 -0.26751 -0.86612
vn -0.40878 -0.29192 -0.86469
vn 0.24716 -0.21235 -0.94542
vn 0.24594 -0.23064 -0.94144
vn -0.42223 -0.26751 -0.86612
vn 0.83474 -0.22223 -0.50381
vn 0.81920 -0.27468 -0.50345
vn 0.83474 -0.22223 -0.50381
vn 0.93296 -0.23636 0.27151
vn 0.91884 -0.29611 0.26088
vn 0.81920 -0.27468 -0.50345
vn 0.46597 -0.29833 0.83299
vn 0.45778 -0.32598 0.82715
vn 0.46597 -0.29833 0.83299
vn -0.22572 -0.33998 0.91294
vn -0.22785 -0.32503 0.91784
vn 0.45778 -0.32598 0.82715
vn -0.74714 -0.41616 0.51826
vn -0.88021 -0.35060 0.31986
vn -0.82715 -0.47176 -0.30539
vn -0.36786 -0.40116 -0.83890
vn 0.08980 -0.99433 -0.05687
vn -0.73205 -0.52989 0.42815
vn 0.24306 -0.25771 -0.93515
vn 0.82634 -0.28101 -0.48805
vn 0.08980 -0.99433 -0.05687
vn -0.36786 -0.40116 -0.83890
vn 0.93167 -0.23887 0.27374
vn 0.47535 -0.36131 0.80218
vn 0.82634 -0.28101 -0.48805
vn -0.21901 -0.41117 0.88486
vn -0.73205 -0.52989 0.42815
vn 0.47535 -0.36131 0.80218
vn -0.91237 -0.32424 0.24990
vn -0.79788 -0.38480 0.46401
vn -0.88328 -0.34806 -0.31411
vn -0.81878 -0.29636 -0.49169
vn -0.34294 -0.31822 -0.88382
vn -0.35550 -0.29376 -0.88731
vn -0.34294 -0.31822 -0.88382
vn 0.32214 -0.25423 -0.91192
vn 0.32031 -0.27237 -0.90731
vn -0.35550 -0.29376 -0.88731
vn 0.87401 -0.25325 -0.41470
vn 0.85777 -0.30518 -0.41364
vn 0.87401 -0.25325 -0.41470
vn 0.90153 -0.23442 0.36372
vn 0.88784 -0.29346 0.35442
vn 0.85777 -0.30518 -0.41364
vn 0.39373 -0.26846 0.87915
vn 0.38568 -0.29579 0.87393
vn 0.39373 -0.26846 0.87915
vn -0.30449 -0.30077 0.90378
vn -0.30689 -0.28553 0.90791
vn 0.38568 -0.29579 0.87393
vn -0.79788 -0.38480 0.46401
vn -0.91237 -0.32424 0.24990
vn -0.80654 -0.46759 -0.36173
vn -0.30811 -0.42227 -0.85250
vn 0.08260 -0.99645 -0.01631
vn -0.77381 -0.50723 0.37939
vn 0.31683 -0.29495 -0.90146
vn 0.86505 -0.30564 -0.39783
vn -0.30811 -0.42227 -0.85250
vn 0.90035 -0.23670 0.36516
vn 0.40318 -0.33743 0.85064
vn 0.08260 -0.99645 -0.01631
vn 0.86505 -0.30564 -0.39783
vn -0.29525 -0.37769 0.87760
vn -0.77381 -0.50723 0.37939
vn 0.40318 -0.33743 0.85064
vn -0.95145 -0.24993 0.17964
vn -0.86175 -0.29820 0.41044
vn -0.86956 -0.32429 -0.37242
vn -0.78702 -0.29233 -0.54327
vn -0.28170 -0.37764 -0.88206
vn -0.29242 -0.35292 -0.88879
vn -0.28170 -0.37764 -0.88206
vn 0.39118 -0.35483 -0.84916
vn 0.38794 -0.37226 -0.84316
vn -0.29242 -0.35292 -0.88879
vn 0.89473 -0.33455 -0.29587
vn 0.87564 -0.38453 -0.29220
vn 0.89473 -0.33455 -0.29587
vn 0.84857 -0.24347 0.46974
vn 0.83300 -0.30114 0.46414
vn 0.87564 -0.38453 -0.29220
vn 0.30234 -0.20599 0.93068
vn 0.29337 -0.23275 0.92723
vn 0.30234 -0.20599 0.93068
vn -0.40073 -0.20171 0.89372
vn -0.40276 -0.18574 0.89626
vn 0.29337 -0.23275 0.92723
vn -0.86175 -0.29820 0.41044
vn -0.95145 -0.24993 0.17964
vn -0.79476 -0.45311 -0.40378
vn -0.25946 -0.47043 -0.84343
vn 0.04071 -0.99720 0.06266
vn -0.82927 -0.44350 0.34003
vn 0.38458 -0.38406 -0.83941
vn 0.88693 -0.36972 -0.27687
vn 0.04071 -0.99720 0.06266
vn -0.25946 -0.47043 -0.84343
vn 0.84853 -0.24425 0.46940
vn 0.30668 -0.28869 0.90697
vn 0.88693 -0.36972 -0.27687
vn -0.39040 -0.29274 0.87286
vn -0.82927 -0.44350 0.34003
vn 0.30668 -0.28869 0.90697
vn -0.74722 -0.29475 -0.59563
vn -0.85832 -0.33665 -0.38724
vn -0.30100 -0.36988 -0.87897
vn -0.13523 -0.33995 -0.93067
vn 0.46356 -0.41714 -0.78173
vn 0.45998 -0.39320 -0.79612
vn 0.46356 -0.41714 -0.78173
vn 0.90958 -0.35168 -0.22135
vn 0.90310 -0.36908 -0.21953
vn 0.45998 -0.39320 -0.79612
vn 0.81143 -0.26529 0.52078
vn 0.79915 -0.31406 0.51257
vn 0.81143 -0.26529 0.52078
vn 0.24122 -0.16096 0.95703
vn 0.23728 -0.21578 0.94717
vn 0.79915 -0.31406 0.51257
vn -0.46092 -0.16605 0.87177
vn -0.46492 -0.19249 0.86418
vn -0.46092 -0.16605 0.87177
vn -0.93251 -0.21711 0.28859
vn -0.93672 -0.20082 0.28675
vn -0.46492 -0.19249 0.86418
vn -0.85832 -0.33665 -0.38724
vn -0.74722 -0.29475 -0.59563
vn -0.22915 -0.48700 -0.84281
vn 0.45739 -0.50325 -0.73317
vn 0.01364 -0.99148 0.12953
vn -0.78654 -0.47200 -0.39820
vn 0.89740 -0.38374 -0.21775
vn 0.79044 -0.30993 0.52834
vn 0.01364 -0.99148 0.12953
vn 0.45739 -0.50325 -0.73317
vn 0.24146 -0.16977 0.95545
vn -0.43403 -0.25820 0.86310
vn 0.79044 -0.30993 0.52834
vn -0.90564 -0.31041 0.28891
vn -0.78654 -0.47200 -0.39820
vn -0.43403 -0.25820 0.86310
vn -0.86195 -0.34907 0.36768
vn -0.72088 -0.40735 0.56072
vn -0.90582 -0.37412 -0.19883
vn -0.86473 -0.31932 -0.38765
vn -0.43426 -0.32564 -0.83987
vn -0.44846 -0.30114 -0.84155
vn -0.43426 -0.32564 -0.83987
vn 0.21278 -0.24234 -0.94657
vn 0.21172 -0.26052 -0.94197
vn -0.44846 -0.30114 -0.84155
vn 0.81218 -0.23626 -0.53342
vn 0.79666 -0.28931 -0.53069
vn 0.81218 -0.23626 -0.53342
vn 0.94402 -0.22757 0.23884
vn 0.92928 -0.28881 0.23028
vn 0.79666 -0.28931 -0.53069
vn 0.49564 -0.27357 0.82432
vn 0.48728 -0.30192 0.81939
vn 0.49564 -0.27357 0.82432
vn -0.19052 -0.31421 0.93004
vn -0.19255 -0.29898 0.93463
vn 0.48728 -0.30192 0.81939
vn -0.72088 -0.40735 0.56072
vn -0.86195 -0.34907 0.36768
vn -0.83156 -0.49134 -0.25904
vn -0.39312 -0.42835 -0.81362
vn 0.09304 -0.99493 -0.03826
vn -0.70684 -0.52555 0.47347
vn 0.20900 -0.28390 -0.93580
vn 0.80591 -0.29217 -0.51492
vn -0.39312 -0.42835 -0.81362
vn 0.94273 -0.23139 0.24027
vn 0.50377 -0.34325 0.79271
vn 0.09304 -0.99493 -0.03826
vn 0.80591 -0.29217 -0.51492
vn -0.18435 -0.38940 0.90243
vn -0.70684 -0.52555 0.47347
vn 0.50377 -0.34325 0.79271
vn -0.18154 -0.67773 -0.71255
vn -0.12595 0.58540 -0.80090
vn -0.15264 -0.90135 -0.40530
vn -0.11183 -0.96754 -0.22662
vn -0.11127 0.99062 0.07932
vn -0.31103 0.94954 -0.04040
vn -0.73313 -0.57129 -0.36899
vn -0.42421 -0.67548 -0.60314
vn -0.46834 -0.75350 -0.46141
vn -0.21052 -0.94393 -0.25433
vn -0.65879 0.72859 -0.18750
vn -0.73313 -0.57129 -0.36899
vn -0.96282 -0.24311 -0.11783
vn -0.94764 -0.29290 0.12721
vn -0.72625 -0.31308 -0.61200
vn -0.60310 -0.28246 -0.74598
vn -0.02529 -0.37434 -0.92695
vn -0.03345 -0.34988 -0.93620
vn -0.02529 -0.37434 -0.92695
vn 0.62601 -0.35677 -0.69342
vn 0.62099 -0.37422 -0.68871
vn -0.03345 -0.34988 -0.93620
vn 0.94464 -0.32805 -0.00564
vn 0.92618 -0.37700 -0.00791
vn 0.94464 -0.32805 -0.00564
vn 0.67893 -0.23340 0.69612
vn 0.66663 -0.28888 0.68714
vn 0.92618 -0.37700 -0.00791
vn 0.03412 -0.20264 0.97866
vn 0.02614 -0.22854 0.97318
vn 0.03412 -0.20264 0.97866
vn -0.64446 -0.20282 0.73725
vn -0.64739 -0.18671 0.73894
vn 0.02614 -0.22854 0.97318
vn -0.94764 -0.29290 0.12721
vn -0.96282 -0.24311 -0.11783
vn -0.64911 -0.44055 -0.62014
vn -0.01427 -0.46803 -0.88359
vn 0.02381 -0.99688 0.07531
vn -0.89614 -0.43804 0.07112
vn 0.61693 -0.38690 -0.68535
vn 0.93159 -0.36339 0.00944
vn 0.02381 -0.99688 0.07531
vn -0.01427 -0.46803 -0.88359
vn 0.67902 -0.23446 0.69568
vn 0.04471 -0.28535 0.95738
vn 0.93159 -0.36339 0.00944
vn -0.62727 -0.29496 0.72079
vn -0.89614 -0.43804 0.07112
vn 0.04471 -0.28535 0.95738
vn -0.96342 -0.24719 0.10357
vn -0.89255 -0.29581 0.34036
vn -0.84022 -0.32006 -0.43772
vn -0.74620 -0.28858 -0.59993
vn -0.06536 -0.37327 -0.92542
vn -0.08384 -0.35698 -0.93034
vn -0.06536 -0.37327 -0.92542
vn 0.93439 -0.32526 -0.14531
vn 0.73207 -0.37307 -0.56999
vn -0.08384 -0.35698 -0.93034
vn 0.93439 -0.32526 -0.14531
vn 0.81165 -0.23974 0.53268
vn 0.79697 -0.29660 0.52618
vn 0.73207 -0.37307 -0.56999
vn 0.23560 -0.20434 0.95012
vn 0.22687 -0.23078 0.94619
vn 0.23560 -0.20434 0.95012
vn -0.46744 -0.20142 0.86077
vn -0.46973 -0.18545 0.86311
vn 0.22687 -0.23078 0.94619
vn -0.89255 -0.29581 0.34036
vn -0.96342 -0.24719 0.10357
vn -0.76456 -0.44838 -0.46303
vn -0.04962 -0.45533 -0.88894
vn -0.08634 -0.94767 0.30735
vn -0.85495 -0.44089 0.27328
vn -0.04962 -0.45533 -0.88894
vn 0.79589 -0.36938 -0.47971
vn -0.08634 -0.94767 0.30735
vn 0.81160 -0.24070 0.53233
vn 0.24151 -0.28693 0.92701
vn 0.79589 -0.36938 -0.47971
vn -0.45526 -0.29256 0.84092
vn -0.85495 -0.44089 0.27328
vn 0.24151 -0.28693 0.92701
vn -0.62651 0.76781 -0.13399
vn -0.91776 -0.38078 0.11281
vn -0.99354 -0.00693 0.11331
vn -0.62563 -0.77178 0.11378
vn -0.88955 -0.44983 -0.07972
vn -0.53372 -0.84560 0.00985
vn -0.71093 -0.57755 -0.40128
vn -0.26230 -0.96388 -0.04623
vn -0.83979 -0.10509 -0.53264
vn -0.99487 -0.01244 -0.10043
vn -0.26675 0.95768 0.10818
vn -0.58532 0.80964 0.04333
vn -0.21082 0.97465 0.07487
vn -0.46445 0.85482 -0.23145
vn -0.35884 0.91636 0.17756
vn -0.67493 0.72189 0.15283
vn -0.15983 -0.98172 0.10331
vn -0.08224 -0.98992 0.11532
vn -0.23977 -0.96475 0.10851
vn -0.89558 0.44160 -0.05411
vn -0.79553 0.32714 -0.51001
vn -0.91865 0.37367 0.12829
vn -0.76619 0.06857 0.63895
vn -0.82725 -0.01623 0.56159
vn -0.90850 0.38496 0.16257
vn -0.68577 0.67159 0.28049
vn -0.66892 0.31628 0.67269
vn -0.79611 -0.10645 0.59571
vn -0.92973 0.24285 0.27682
vn -0.72033 0.62762 -0.29531
vn -0.62651 0.76781 -0.13399
vn -0.23322 -0.88020 0.41334
vn 0.74665 0.50361 -0.43461
vn 0.83660 0.44112 0.32482
vn 0.84697 0.50953 0.15168
vn 0.62094 0.52371 -0.58324
vn 0.83660 0.44112 0.32482
vn 0.46203 0.44749 0.76569
vn 0.42862 0.47454 0.76883
vn 0.84697 0.50953 0.15168
vn 0.42862 0.47454 0.76883
vn 0.46203 0.44749 0.76569
vn -0.17856 0.39563 0.90089
vn -0.18142 0.37625 0.90858
vn -0.17856 0.39563 0.90089
vn -0.75525 0.41790 0.50494
vn -0.77425 0.34568 0.53013
vn -0.18142 0.37625 0.90858
vn -0.77425 0.34568 0.53013
vn -0.75525 0.41790 0.50494
vn -0.86067 0.42194 -0.28499
vn -0.92367 0.32762 -0.19875
vn -0.86067 0.42194 -0.28499
vn -0.31664 0.32702 -0.89039
vn -0.45572 0.33644 -0.82409
vn -0.92367 0.32762 -0.19875
vn -0.45572 0.33644 -0.82409
vn -0.31664 0.32702 -0.89039
vn 0.10082 0.33110 -0.93820
vn 0.16063 0.35911 -0.91937
vn 0.10082 0.33110 -0.93820
vn 0.74665 0.50361 -0.43461
vn 0.62094 0.52371 -0.58324
vn 0.16063 0.35911 -0.91937
vn 0.42862 0.47454 0.76883
vn 0.36067 0.60251 0.71197
vn 0.74012 0.64386 0.19408
vn 0.84697 0.50953 0.15168
vn 0.74012 0.64386 0.19408
vn 0.36067 0.60251 0.71197
vn -0.09515 0.99542 -0.00958
vn 0.61271 0.64082 -0.46252
vn 0.62094 0.52371 -0.58324
vn 0.84697 0.50953 0.15168
vn 0.74012 0.64386 0.19408
vn 0.61271 0.64082 -0.46252
vn -0.77425 0.34568 0.53013
vn -0.75106 0.42771 0.50296
vn -0.17701 0.43774 0.88151
vn -0.18142 0.37625 0.90858
vn -0.17701 0.43774 0.88151
vn -0.75106 0.42771 0.50296
vn -0.09515 0.99542 -0.00958
vn 0.36067 0.60251 0.71197
vn 0.42862 0.47454 0.76883
vn -0.18142 0.37625 0.90858
vn -0.17701 0.43774 0.88151
vn 0.36067 0.60251 0.71197
vn -0.45572 0.33644 -0.82409
vn -0.50561 0.41664 -0.75549
vn -0.92750 0.30798 -0.21189
vn -0.92367 0.32762 -0.19875
vn -0.92750 0.30798 -0.21189
vn -0.50561 0.41664 -0.75549
vn -0.09515 0.99542 -0.00958
vn -0.75106 0.42771 0.50296
vn -0.77425 0.34568 0.53013
vn -0.92367 0.32762 -0.19875
vn -0.92750 0.30798 -0.21189
vn -0.75106 0.42771 0.50296
vn 0.62094 0.52371 -0.58324
vn 0.61271 0.64082 -0.46252
vn 0.14869 0.47067 -0.86969
vn 0.16063 0.35911 -0.91937
vn 0.14869 0.47067 -0.86969
vn 0.61271 0.64082 -0.46252
vn -0.09515 0.99542 -0.00958
vn -0.50561 0.41664 -0.75549
vn -0.45572 0.33644 -0.82409
vn 0.16063 0.35911 -0.91937
vn 0.14869 0.47067 -0.86969
vn -0.50561 0.41664 -0.75549
vn -0.74665 0.50361 -0.43461
vn -0.62094 0.52371 -0.58324
vn -0.84697 0.50953 0.15169
vn -0.83660 0.44112 0.32482
vn -0.83660 0.44112 0.32482
vn -0.84697 0.50953 0.15169
vn -0.42862 0.47454 0.76883
vn -0.46203 0.44749 0.76569
vn -0.42862 0.47454 0.76883
vn 0.18141 0.37625 0.90859
vn 0.17855 0.39563 0.90089
vn -0.46203 0.44749 0.76569
vn 0.17855 0.39563 0.90089
vn 0.18141 0.37625 0.90859
vn 0.77425 0.34568 0.53014
vn 0.75524 0.41789 0.50495
vn 0.77425 0.34568 0.53014
vn 0.92367 0.32762 -0.19875
vn 0.86067 0.42194 -0.28499
vn 0.75524 0.41789 0.50495
vn 0.86067 0.42194 -0.28499
vn 0.92367 0.32762 -0.19875
vn 0.45572 0.33644 -0.82409
vn 0.31664 0.32702 -0.89039
vn 0.45572 0.33644 -0.82409
vn -0.16063 0.35911 -0.91937
vn -0.10083 0.33110 -0.93819
vn 0.31664 0.32702 -0.89039
vn -0.10083 0.33110 -0.93819
vn -0.16063 0.35911 -0.91937
vn -0.62094 0.52371 -0.58324
vn -0.74665 0.50361 -0.43461
vn -0.42862 0.47454 0.76883
vn -0.84697 0.50953 0.15169
vn -0.74012 0.64386 0.19408
vn -0.36067 0.60251 0.71197
vn 0.09515 0.99542 -0.00958
vn -0.36067 0.60251 0.71197
vn -0.74012 0.64386 0.19408
vn -0.61272 0.64082 -0.46252
vn -0.62094 0.52371 -0.58324
vn -0.61272 0.64082 -0.46252
vn -0.74012 0.64386 0.19408
vn -0.84697 0.50953 0.15169
vn 0.77425 0.34568 0.53014
vn 0.18141 0.37625 0.90859
vn 0.17701 0.43773 0.88151
vn 0.75107 0.42771 0.50296
vn 0.09515 0.99542 -0.00958
vn 0.75107 0.42771 0.50296
vn 0.17701 0.43773 0.88151
vn -0.36067 0.60251 0.71197
vn -0.42862 0.47454 0.76883
vn -0.36067 0.60251 0.71197
vn 0.17701 0.43773 0.88151
vn 0.18141 0.37625 0.90859
vn 0.45572 0.33644 -0.82409
vn 0.92367 0.32762 -0.19875
vn 0.92750 0.30798 -0.21189
vn 0.50561 0.41664 -0.75549
vn 0.09515 0.99542 -0.00958
vn 0.50561 0.41664 -0.75549
vn 0.92750 0.30798 -0.21189
vn 0.75107 0.42771 0.50296
vn 0.77425 0.34568 0.53014
vn 0.75107 0.42771 0.50296
vn 0.92750 0.30798 -0.21189
vn 0.92367 0.32762 -0.19875
vn -0.62094 0.52371 -0.58324
vn -0.16063 0.35911 -0.91937
vn -0.14869 0.47068 -0.86969
vn -0.61272 0.64082 -0.46252
vn 0.09515 0.99542 -0.00958
vn -0.61272 0.64082 -0.46252
vn -0.14869 0.47068 -0.86969
vn 0.50561 0.41664 -0.75549
vn 0.45572 0.33644 -0.82409
vn 0.50561 0.41664 -0.75549
vn -0.14869 0.47068 -0.86969
vn -0.16063 0.35911 -0.91937
vn 0.74665 0.50361 -0.43461
vn 0.83660 0.44112 0.32482
vn 0.84697 0.50953 0.15168
vn 0.62094 0.52371 -0.58324
vn 0.83660 0.44112 0.32482
vn 0.46203 0.44749 0.76569
vn 0.42862 0.47454 0.76883
vn 0.84697 0.50953 0.15168
vn 0.42862 0.47454 0.76883
vn 0.46203 0.44749 0.76569
vn -0.17856 0.39563 0.90089
vn -0.18142 0.37625 0.90858
vn -0.17856 0.39563 0.90089
vn -0.75524 0.41790 0.50494
vn -0.77425 0.34568 0.53013
vn -0.18142 0.37625 0.90858
vn -0.77425 0.34568 0.53013
vn -0.75524 0.41790 0.50494
vn -0.86067 0.42194 -0.28499
vn -0.92367 0.32762 -0.19875
vn -0.86067 0.42194 -0.28499
vn -0.31664 0.32702 -0.89039
vn -0.45572 0.33644 -0.82409
vn -0.92367 0.32762 -0.19875
vn -0.45572 0.33644 -0.82409
vn -0.31664 0.32702 -0.89039
vn 0.10082 0.33110 -0.93819
vn 0.16063 0.35911 -0.91937
vn 0.10082 0.33110 -0.93819
vn 0.74665 0.50361 -0.43461
vn 0.62094 0.52371 -0.58324
vn 0.16063 0.35911 -0.91937
vn 0.42862 0.47454 0.76883
vn 0.36066 0.60251 0.71197
vn 0.74012 0.64386 0.19407
vn 0.84697 0.50953 0.15168
vn 0.74012 0.64386 0.19407
vn 0.36066 0.60251 0.71197
vn -0.09515 0.99542 -0.00958
vn 0.61271 0.64082 -0.46253
vn 0.62094 0.52371 -0.58324
vn 0.84697 0.50953 0.15168
vn 0.74012 0.64386 0.19407
vn 0.61271 0.64082 -0.46253
vn -0.77425 0.34568 0.53013
vn -0.75106 0.42771 0.50296
vn -0.17701 0.43773 0.88151
vn -0.18142 0.37625 0.90858
vn -0.17701 0.43773 0.88151
vn -0.75106 0.42771 0.50296
vn -0.09515 0.99542 -0.00958
vn 0.36066 0.60251 0.71197
vn 0.42862 0.47454 0.76883
vn -0.18142 0.37625 0.90858
vn -0.17701 0.43773 0.88151
vn 0.36066 0.60251 0.71197
vn -0.45572 0.33644 -0.82409
vn -0.50561 0.41664 -0.75549
vn -0.92750 0.30798 -0.21189
vn -0.92367 0.32762 -0.19875
vn -0.92750 0.30798 -0.21189
vn -0.50561 0.41664 -0.75549
vn -0.09515 0.99542 -0.00958
vn -0.75106 0.42771 0.50296
vn -0.77425 0.34568 0.53013
vn -0.92367 0.32762 -0.19875
vn -0.92750 0.30798 -0.21189
vn -0.75106 0.42771 0.50296
vn 0.62094 0.52371 -0.58324
vn 0.61271 0.64082 -0.46253
vn 0.14868 0.47067 -0.86969
vn 0.16063 0.35911 -0.91937
vn 0.14868 0.47067 -0.86969
vn 0.61271 0.64082 -0.46253
vn -0.09515 0.99542 -0.00958
vn -0.50561 0.41664 -0.75549
vn -0.45572 0.33644 -0.82409
vn 0.16063 0.35911 -0.91937
vn 0.14868 0.47067 -0.86969
vn -0.50561 0.41664 -0.75549
vn -0.74665 0.50361 -0.43461
vn -0.62094 0.52371 -0.58324
vn -0.84697 0.50953 0.15169
vn -0.83660 0.44112 0.32482
vn -0.83660 0.44112 0.32482
vn -0.84697 0.50953 0.15169
vn -0.42862 0.47454 0.76883
vn -0.46203 0.44749 0.76569
vn -0.42862 0.47454 0.76883
vn 0.18141 0.37625 0.90858
vn 0.17855 0.39563 0.90089
vn -0.46203 0.44749 0.76569
vn 0.17855 0.39563 0.90089
vn 0.18141 0.37625 0.90858
vn 0.77425 0.34568 0.53014
vn 0.75524 0.41789 0.50495
vn 0.77425 0.34568 0.53014
vn 0.92367 0.32762 -0.19875
vn 0.86067 0.42194 -0.28499
vn 0.75524 0.41789 0.50495
vn 0.86067 0.42194 -0.28499
vn 0.92367 0.32762 -0.19875
vn 0.45572 0.33644 -0.82409
vn 0.31664 0.32702 -0.89039
vn 0.45572 0.33644 -0.82409
vn -0.16062 0.35911 -0.91937
vn -0.10082 0.33110 -0.93820
vn 0.31664 0.32702 -0.89039
vn -0.10082 0.33110 -0.93820
vn -0.16062 0.35911 -0.91937
vn -0.62094 0.52371 -0.58324
vn -0.74665 0.50361 -0.43461
vn -0.42862 0.47454 0.76883
vn -0.84697 0.50953 0.15169
vn -0.74012 0.64386 0.19408
vn -0.36066 0.60251 0.71197
vn 0.09515 0.99542 -0.00958
vn -0.36066 0.60251 0.71197
vn -0.74012 0.64386 0.19408
vn -0.61272 0.64082 -0.46252
vn -0.62094 0.52371 -0.58324
vn -0.61272 0.64082 -0.46252
vn -0.74012 0.64386 0.19408
vn -0.84697 0.50953 0.15169
vn 0.77425 0.34568 0.53014
vn 0.18141 0.37625 0.90858
vn 0.17701 0.43773 0.88151
vn 0.75106 0.42771 0.50296
vn 0.09515 0.99542 -0.00958
vn 0.75106 0.42771 0.50296
vn 0.17701 0.43773 0.88151
vn -0.36066 0.60251 0.71197
vn -0.42862 0.47454 0.76883
vn -0.36066 0.60251 0.71197
vn 0.17701 0.43773 0.88151
vn 0.18141 0.37625 0.90858
vn 0.45572 0.33644 -0.82409
vn 0.92367 0.32762 -0.19875
vn 0.92750 0.30798 -0.21189
vn 0.50562 0.41664 -0.75549
vn 0.09515 0.99542 -0.00958
vn 0.50562 0.41664 -0.75549
vn 0.92750 0.30798 -0.21189
vn 0.75106 0.42771 0.50296
vn 0.77425 0.34568 0.53014
vn 0.75106 0.42771 0.50296
vn 0.92750 0.30798 -0.21189
vn 0.92367 0.32762 -0.19875
vn -0.62094 0.52371 -0.58324
vn -0.16062 0.35911 -0.91937
vn -0.14868 0.47068 -0.86969
vn -0.61272 0.64082 -0.46252
vn 0.09515 0.99542 -0.00958
vn -0.61272 0.64082 -0.46252
vn -0.14868 0.47068 -0.86969
vn 0.50562 0.41664 -0.75549
vn 0.45572 0.33644 -0.82409
vn 0.50562 0.41664 -0.75549
vn -0.14868 0.47068 -0.86969
vn -0.16062 0.35911 -0.91937
vn 0.74666 0.50361 -0.43461
vn 0.83660 0.44112 0.32482
vn 0.84698 0.50953 0.15169
vn 0.62094 0.52371 -0.58324
vn 0.83660 0.44112 0.32482
vn 0.46203 0.44749 0.76569
vn 0.42862 0.47454 0.76883
vn 0.84698 0.50953 0.15169
vn 0.42862 0.47454 0.76883
vn 0.46203 0.44749 0.76569
vn -0.17856 0.39563 0.90089
vn -0.18142 0.37625 0.90858
vn -0.17856 0.39563 0.90089
vn -0.75524 0.41790 0.50494
vn -0.77425 0.34568 0.53013
vn -0.18142 0.37625 0.90858
vn -0.77425 0.34568 0.53013
vn -0.75524 0.41790 0.50494
vn -0.86067 0.42194 -0.28499
vn -0.92367 0.32762 -0.19875
vn -0.86067 0.42194 -0.28499
vn -0.31664 0.32702 -0.89039
vn -0.45571 0.33644 -0.82409
vn -0.92367 0.32762 -0.19875
vn -0.45571 0.33644 -0.82409
vn -0.31664 0.32702 -0.89039
vn 0.10082 0.33110 -0.93819
vn 0.16063 0.35911 -0.91937
vn 0.10082 0.33110 -0.93819
vn 0.74666 0.50361 -0.43461
vn 0.62094 0.52371 -0.58324
vn 0.16063 0.35911 -0.91937
vn 0.42862 0.47454 0.76883
vn 0.36066 0.60251 0.71197
vn 0.74012 0.64386 0.19408
vn 0.84698 0.50953 0.15169
vn 0.74012 0.64386 0.19408
vn 0.36066 0.60251 0.71197
vn -0.09515 0.99542 -0.00958
vn 0.61271 0.64082 -0.46253
vn 0.62094 0.52371 -0.58324
vn 0.84698 0.50953 0.15169
vn 0.74012 0.64386 0.19408
vn 0.61271 0.64082 -0.46253
vn -0.77425 0.34568 0.53013
vn -0.75106 0.42771 0.50296
vn -0.17701 0.43773 0.88151
vn -0.18142 0.37625 0.90858
vn -0.17701 0.43773 0.88151
vn -0.75106 0.42771 0.50296
vn -0.09515 0.99542 -0.00958
vn 0.36066 0.60251 0.71197
vn 0.42862 0.47454 0.76883
vn -0.18142 0.37625 0.90858
vn -0.17701 0.43773 0.88151
vn 0.36066 0.60251 0.71197
vn -0.45571 0.33644 -0.82409
vn -0.50561 0.41664 -0.75549
vn -0.92750 0.30798 -0.21189
vn -0.92367 0.32762 -0.19875
vn -0.92750 0.30798 -0.21189
vn -0.50561 0.41664 -0.75549
vn -0.09515 0.99542 -0.00958
vn -0.75106 0.42771 0.50296
vn -0.77425 0.34568 0.53013
vn -0.92367 0.32762 -0.19875
vn -0.92750 0.30798 -0.21189
vn -0.75106 0.42771 0.50296
vn 0.62094 0.52371 -0.58324
vn 0.61271 0.64082 -0.46253
vn 0.14868 0.47067 -0.86969
vn 0.16063 0.35911 -0.91937
vn 0.14868 0.47067 -0.86969
vn 0.61271 0.64082 -0.46253
vn -0.09515 0.99542 -0.00958
vn -0.50561 0.41664 -0.75549
vn -0.45571 0.33644 -0.82409
vn 0.16063 0.35911 -0.91937
vn 0.14868 0.47067 -0.86969
vn -0.50561 0.41664 -0.75549
vn -0.74665 0.50361 -0.43461
vn -0.62094 0.52371 -0.58324
vn -0.84697 0.50953 0.15169
vn -0.83660 0.44112 0.32482
vn -0.83660 0.44112 0.32482
vn -0.84697 0.50953 0.15169
vn -0.42862 0.47454 0.76883
vn -0.46203 0.44749 0.76569
vn -0.42862 0.47454 0.76883
vn 0.18141 0.37625 0.90858
vn 0.17855 0.39563 0.90089
vn -0.46203 0.44749 0.76569
vn 0.17855 0.39563 0.90089
vn 0.18141 0.37625 0.90858
vn 0.77425 0.34568 0.53014
vn 0.75524 0.41789 0.50495
vn 0.77425 0.34568 0.53014
vn 0.92367 0.32762 -0.19875
vn 0.86067 0.42194 -0.28499
vn 0.75524 0.41789 0.50495
vn 0.86067 0.42194 -0.28499
vn 0.92367 0.32762 -0.19875
vn 0.45572 0.33644 -0.82409
vn 0.31664 0.32702 -0.89039
vn 0.45572 0.33644 -0.82409
vn -0.16062 0.35911 -0.91937
vn -0.10082 0.33110 -0.93819
vn 0.31664 0.32702 -0.89039
vn -0.10082 0.33110 -0.93819
vn -0.16062 0.35911 -0.91937
vn -0.62094 0.52371 -0.58324
vn -0.74665 0.50361 -0.43461
vn -0.42862 0.47454 0.76883
vn -0.84697 0.50953 0.15169
vn -0.74012 0.64386 0.19408
vn -0.36066 0.60251 0.71197
vn 0.09515 0.99542 -0.00958
vn -0.36066 0.60251 0.71197
vn -0.74012 0.64386 0.19408
vn -0.61272 0.64082 -0.46252
vn -0.62094 0.52371 -0.58324
vn -0.61272 0.64082 -0.46252
vn -0.74012 0.64386 0.19408
vn -0.84697 0.50953 0.15169
vn 0.77425 0.34568 0.53014
vn 0.18141 0.37625 0.90858
vn 0.17701 0.43773 0.88151
vn 0.75106 0.42771 0.50296
vn 0.09515 0.99542 -0.00958
vn 0.75106 0.42771 0.50296
vn 0.17701 0.43773 0.88151
vn -0.36066 0.60251 0.71197
vn -0.42862 0.47454 0.76883
vn -0.36066 0.60251 0.71197
vn 0.17701 0.43773 0.88151
vn 0.18141 0.37625 0.90858
vn 0.45572 0.33644 -0.82409
vn 0.92367 0.32762 -0.19875
vn 0.92750 0.30798 -0.21189
vn 0.50562 0.41664 -0.75549
vn 0.09515 0.99542 -0.00958
vn 0.50562 0.41664 -0.75549
vn 0.92750 0.30798 -0.21189
vn 0.75106 0.42771 0.50296
vn 0.77425 0.34568 0.53014
vn 0.75106 0.42771 0.50296
vn 0.92750 0.30798 -0.21189
vn 0.92367 0.32762 -0.19875
vn -0.62094 0.52371 -0.58324
vn -0.16062 0.35911 -0.91937
vn -0.14868 0.47068 -0.86969
vn -0.61272 0.64082 -0.46252
vn 0.09515 0.99542 -0.00958
vn -0.61272 0.64082 -0.46252
vn -0.14868 0.47068 -0.86969
vn 0.50562 0.41664 -0.75549
vn 0.45572 0.33644 -0.82409
vn 0.50562 0.41664 -0.75549
vn -0.14868 0.47068 -0.86969
vn -0.16062 0.35911 -0.91937
vn 0.74665 0.50361 -0.43461
vn 0.83660 0.44112 0.32482
vn 0.84698 0.50953 0.15168
vn 0.62094 0.52370 -0.58324
vn 0.83660 0.44112 0.32482
vn 0.46203 0.44749 0.76569
vn 0.42862 0.47454 0.76883
vn 0.84698 0.50953 0.15168
vn 0.42862 0.47454 0.76883
vn 0.46203 0.44749 0.76569
vn -0.17856 0.39563 0.90089
vn -0.18143 0.37625 0.90858
vn -0.17856 0.39563 0.90089
vn -0.75524 0.41790 0.50494
vn -0.77425 0.34568 0.53013
vn -0.18143 0.37625 0.90858
vn -0.77425 0.34568 0.53013
vn -0.75524 0.41790 0.50494
vn -0.86067 0.42194 -0.28499
vn -0.92367 0.32762 -0.19875
vn -0.86067 0.42194 -0.28499
vn -0.31664 0.32702 -0.89039
vn -0.45571 0.33644 -0.82410
vn -0.92367 0.32762 -0.19875
vn -0.45571 0.33644 -0.82410
vn -0.31664 0.32702 -0.89039
vn 0.10082 0.33110 -0.93819
vn 0.16063 0.35911 -0.91937
vn 0.10082 0.33110 -0.93819
vn 0.74665 0.50361 -0.43461
vn 0.62094 0.52370 -0.58324
vn 0.16063 0.35911 -0.91937
vn 0.42862 0.47454 0.76883
vn 0.36066 0.60251 0.71197
vn 0.74012 0.64386 0.19408
vn 0.84698 0.50953 0.15168
vn 0.74012 0.64386 0.19408
vn 0.36066 0.60251 0.71197
vn -0.09515 0.99542 -0.00958
vn 0.61271 0.64082 -0.46253
vn 0.62094 0.52370 -0.58324
vn 0.84698 0.50953 0.15168
vn 0.74012 0.64386 0.19408
vn 0.61271 0.64082 -0.46253
vn -0.77425 0.34568 0.53013
vn -0.75107 0.42771 0.50296
vn -0.17702 0.43773 0.88151
vn -0.18143 0.37625 0.90858
vn -0.17702 0.43773 0.88151
vn -0.75107 0.42771 0.50296
vn -0.09515 0.99542 -0.00958
vn 0.36066 0.60251 0.71197
vn 0.42862 0.47454 0.76883
vn -0.18143 0.37625 0.90858
vn -0.17702 0.43773 0.88151
vn 0.36066 0.60251 0.71197
vn -0.45571 0.33644 -0.82410
vn -0.50560 0.41664 -0.75550
vn -0.92750 0.30798 -0.21190
vn -0.92367 0.32762 -0.19875
vn -0.92750 0.30798 -0.21190
vn -0.50560 0.41664 -0.75550
vn -0.09515 0.99542 -0.00958
vn -0.75107 0.42771 0.50296
vn -0.77425 0.34568 0.53013
vn -0.92367 0.32762 -0.19875
vn -0.92750 0.30798 -0.21190
vn -0.75107 0.42771 0.50296
vn 0.62094 0.52370 -0.58324
vn 0.61271 0.64082 -0.46253
vn 0.14868 0.47067 -0.86969
vn 0.16063 0.35911 -0.91937
vn 0.14868 0.47067 -0.86969
vn 0.61271 0.64082 -0.46253
vn -0.09515 0.99542 -0.00958
vn -0.50560 0.41664 -0.75550
vn -0.45571 0.33644 -0.82410
vn 0.16063 0.35911 -0.91937
vn 0.14868 0.47067 -0.86969
vn -0.50560 0.41664 -0.75550
vn -0.74665 0.50361 -0.43461
vn -0.62094 0.52371 -0.58324
vn -0.84697 0.50954 0.15168
vn -0.83660 0.44112 0.32482
vn -0.83660 0.44112 0.32482
vn -0.84697 0.50954 0.15168
vn -0.42861 0.47454 0.76883
vn -0.46203 0.44749 0.76569
vn -0.42861 0.47454 0.76883
vn 0.18142 0.37625 0.90858
vn 0.17856 0.39563 0.90088
vn -0.46203 0.44749 0.76569
vn 0.17856 0.39563 0.90088
vn 0.18142 0.37625 0.90858
vn 0.77425 0.34568 0.53013
vn 0.75524 0.41790 0.50494
vn 0.77425 0.34568 0.53013
vn 0.92367 0.32762 -0.19875
vn 0.86067 0.42194 -0.28499
vn 0.75524 0.41790 0.50494
vn 0.86067 0.42194 -0.28499
vn 0.92367 0.32762 -0.19875
vn 0.45572 0.33644 -0.82409
vn 0.31664 0.32703 -0.89039
vn 0.45572 0.33644 -0.82409
vn -0.16062 0.35911 -0.91937
vn -0.10082 0.33110 -0.93819
vn 0.31664 0.32703 -0.89039
vn -0.10082 0.33110 -0.93819
vn -0.16062 0.35911 -0.91937
vn -0.62094 0.52371 -0.58324
vn -0.74665 0.50361 -0.43461
vn -0.42861 0.47454 0.76883
vn -0.84697 0.50954 0.15168
vn -0.74012 0.64386 0.19408
vn -0.36066 0.60251 0.71197
vn 0.09515 0.99542 -0.00958
vn -0.36066 0.60251 0.71197
vn -0.74012 0.64386 0.19408
vn -0.61271 0.64082 -0.46252
vn -0.62094 0.52371 -0.58324
vn -0.61271 0.64082 -0.46252
vn -0.74012 0.64386 0.19408
vn -0.84697 0.50954 0.15168
vn 0.77425 0.34568 0.53013
vn 0.18142 0.37625 0.90858
vn 0.17701 0.43773 0.88151
vn 0.75107 0.42771 0.50296
vn 0.09515 0.99542 -0.00958
vn 0.75107 0.42771 0.50296
vn 0.17701 0.43773 0.88151
vn -0.36066 0.60251 0.71197
vn -0.42861 0.47454 0.76883
vn -0.36066 0.60251 0.71197
vn 0.17701 0.43773 0.88151
vn 0.18142 0.37625 0.90858
vn 0.45572 0.33644 -0.82409
vn 0.92367 0.32762 -0.19875
vn 0.92750 0.30798 -0.21190
vn 0.50561 0.41664 -0.75550
vn 0.09515 0.99542 -0.00958
vn 0.50561 0.41664 -0.75550
vn 0.92750 0.30798 -0.21190
vn 0.75107 0.42771 0.50296
vn 0.77425 0.34568 0.53013
vn 0.75107 0.42771 0.50296
vn 0.92750 0.30798 -0.21190
vn 0.92367 0.32762 -0.19875
vn -0.62094 0.52371 -0.58324
vn -0.16062 0.35911 -0.91937
vn -0.14868 0.47067 -0.86969
vn -0.61271 0.64082 -0.46252
vn 0.09515 0.99542 -0.00958
vn -0.61271 0.64082 -0.46252
vn -0.14868 0.47067 -0.86969
vn 0.50561 0.41664 -0.75550
vn 0.45572 0.33644 -0.82409
vn 0.50561 0.41664 -0.75550
vn -0.14868 0.47067 -0.86969
vn -0.16062 0.35911 -0.91937
vn 0.76783 0.47705 -0.42762
vn 0.85946 0.41017 0.30510
vn 0.86880 0.47364 0.14439
vn 0.65101 0.50120 -0.57008
vn 0.85946 0.41017 0.30510
vn 0.48728 0.43703 0.75602
vn 0.45527 0.46456 0.75955
vn 0.86880 0.47364 0.14439
vn 0.45527 0.46456 0.75955
vn 0.48728 0.43703 0.75602
vn -0.19392 0.39432 0.89828
vn -0.19688 0.37522 0.90578
vn -0.19392 0.39432 0.89828
vn -0.77786 0.39432 0.48932
vn -0.79472 0.32638 0.51176
vn -0.19688 0.37522 0.90578
vn -0.79472 0.32638 0.51176
vn -0.77786 0.39432 0.48932
vn -0.87848 0.39164 -0.27365
vn -0.93512 0.30136 -0.18636
vn -0.87848 0.39164 -0.27365
vn -0.34280 0.32312 -0.88209
vn -0.48181 0.32936 -0.81203
vn -0.93512 0.30136 -0.18636
vn -0.48181 0.32936 -0.81203
vn -0.34280 0.32312 -0.88209
vn 0.10932 0.33068 -0.93739
vn 0.17421 0.35779 -0.91741
vn 0.10932 0.33068 -0.93739
vn 0.76783 0.47705 -0.42762
vn 0.65101 0.50120 -0.57008
vn 0.17421 0.35779 -0.91741
vn 0.45527 0.46456 0.75955
vn 0.38677 0.59311 0.70613
vn 0.77168 0.60820 0.18603
vn 0.86880 0.47364 0.14439
vn 0.77168 0.60820 0.18603
vn 0.38677 0.59311 0.70613
vn -0.09326 0.99562 -0.00651
vn 0.64669 0.61504 -0.45113
vn 0.65101 0.50120 -0.57008
vn 0.86880 0.47364 0.14439
vn 0.77168 0.60820 0.18603
vn 0.64669 0.61504 -0.45113
vn -0.79472 0.32638 0.51176
vn -0.77226 0.40625 0.48843
vn -0.19242 0.43696 0.87866
vn -0.19688 0.37522 0.90578
vn -0.19242 0.43696 0.87866
vn -0.77226 0.40625 0.48843
vn -0.09326 0.99562 -0.00651
vn 0.38677 0.59311 0.70613
vn 0.45527 0.46456 0.75955
vn -0.19688 0.37522 0.90578
vn -0.19242 0.43696 0.87866
vn 0.38677 0.59311 0.70613
vn -0.48181 0.32936 -0.81203
vn -0.53071 0.40740 -0.74321
vn -0.93865 0.28269 -0.19752
vn -0.93512 0.30136 -0.18636
vn -0.93865 0.28269 -0.19752
vn -0.53071 0.40740 -0.74321
vn -0.09326 0.99562 -0.00651
vn -0.77226 0.40625 0.48843
vn -0.79472 0.32638 0.51176
vn -0.93512 0.30136 -0.18636
vn -0.93865 0.28269 -0.19752
vn -0.77226 0.40625 0.48843
vn 0.65101 0.50120 -0.57008
vn 0.64669 0.61504 -0.45113
vn 0.16159 0.46914 -0.86822
vn 0.17421 0.35779 -0.91741
vn 0.16159 0.46914 -0.86822
vn 0.64669 0.61504 -0.45113
vn -0.09326 0.99562 -0.00651
vn -0.53071 0.40740 -0.74321
vn -0.48181 0.32936 -0.81203
vn 0.17421 0.35779 -0.91741
vn 0.16159 0.46914 -0.86822
vn -0.53071 0.40740 -0.74321
vn -0.76783 0.47705 -0.42762
vn -0.65101 0.50120 -0.57008
vn -0.86880 0.47364 0.14439
vn -0.85946 0.41017 0.30511
vn -0.85946 0.41017 0.30511
vn -0.86880 0.47364 0.14439
vn -0.45527 0.46456 0.75955
vn -0.48728 0.43703 0.75602
vn -0.45527 0.46456 0.75955
vn 0.19688 0.37522 0.90579
vn 0.19392 0.39432 0.89828
vn -0.48728 0.43703 0.75602
vn 0.19392 0.39432 0.89828
vn 0.19688 0.37522 0.90579
vn 0.79471 0.32638 0.51177
vn 0.77786 0.39432 0.48933
vn 0.79471 0.32638 0.51177
vn 0.93512 0.30136 -0.18636
vn 0.87848 0.39164 -0.27365
vn 0.77786 0.39432 0.48933
vn 0.87848 0.39164 -0.27365
vn 0.93512 0.30136 -0.18636
vn 0.48181 0.32936 -0.81202
vn 0.34280 0.32312 -0.88209
vn 0.48181 0.32936 -0.81202
vn -0.17421 0.35779 -0.91741
vn -0.10932 0.33068 -0.93739
vn 0.34280 0.32312 -0.88209
vn -0.10932 0.33068 -0.93739
vn -0.17421 0.35779 -0.91741
vn -0.65101 0.50120 -0.57008
vn -0.76783 0.47705 -0.42762
vn -0.45527 0.46456 0.75955
vn -0.86880 0.47364 0.14439
vn -0.77168 0.60820 0.18604
vn -0.38677 0.59311 0.70613
vn 0.09326 0.99562 -0.00650
vn -0.38677 0.59311 0.70613
vn -0.77168 0.60820 0.18604
vn -0.64670 0.61504 -0.45112
vn -0.65101 0.50120 -0.57008
vn -0.64670 0.61504 -0.45112
vn -0.77168 0.60820 0.18604
vn -0.86880 0.47364 0.14439
vn 0.79471 0.32638 0.51177
vn 0.19688 0.37522 0.90579
vn 0.19241 0.43696 0.87866
vn 0.77226 0.40625 0.48843
vn 0.09326 0.99562 -0.00650
vn 0.77226 0.40625 0.48843
vn 0.19241 0.43696 0.87866
vn -0.38677 0.59311 0.70613
vn -0.45527 0.46456 0.75955
vn -0.38677 0.59311 0.70613
vn 0.19241 0.43696 0.87866
vn 0.19688 0.37522 0.90579
vn 0.48181 0.32936 -0.81202
vn 0.93512 0.30136 -0.18636
vn 0.93865 0.28269 -0.19752
vn 0.53072 0.40740 -0.74321
vn 0.09326 0.99562 -0.00650
vn 0.53072 0.40740 -0.74321
vn 0.93865 0.28269 -0.19752
vn 0.77226 0.40625 0.48843
vn 0.79471 0.32638 0.51177
vn 0.77226 0.40625 0.48843
vn 0.93865 0.28269 -0.19752
vn 0.93512 0.30136 -0.18636
vn -0.65101 0.50120 -0.57008
vn -0.17421 0.35779 -0.91741
vn -0.16159 0.46914 -0.86822
vn -0.64670 0.61504 -0.45112
vn 0.09326 0.99562 -0.00650
vn -0.64670 0.61504 -0.45112
vn -0.16159 0.46914 -0.86822
vn 0.53072 0.40740 -0.74321
vn 0.48181 0.32936 -0.81202
vn 0.53072 0.40740 -0.74321
vn -0.16159 0.46914 -0.86822
vn -0.17421 0.35779 -0.91741
vn 0.77013 0.47406 -0.42681
vn 0.86191 0.40669 0.30285
vn 0.87113 0.46961 0.14353
vn 0.65438 0.49860 -0.56850
vn 0.86191 0.40669 0.30285
vn 0.49012 0.43581 0.75488
vn 0.45830 0.46338 0.75845
vn 0.87113 0.46961 0.14353
vn 0.45830 0.46338 0.75845
vn 0.49012 0.43581 0.75488
vn -0.19572 0.39416 0.89796
vn -0.19869 0.37510 0.90544
vn -0.19572 0.39416 0.89796
vn -0.78037 0.39167 0.48747
vn -0.79699 0.32420 0.50961
vn -0.19869 0.37510 0.90544
vn -0.79699 0.32420 0.50961
vn -0.78037 0.39167 0.48747
vn -0.88040 0.38827 -0.27230
vn -0.93633 0.29846 -0.18494
vn -0.88040 0.38827 -0.27230
vn -0.34584 0.32264 -0.88108
vn -0.48477 0.32852 -0.81060
vn -0.93633 0.29846 -0.18494
vn -0.48477 0.32852 -0.81060
vn -0.34584 0.32264 -0.88108
vn 0.11031 0.33063 -0.93729
vn 0.17580 0.35763 -0.91717
vn 0.11031 0.33063 -0.93729
vn 0.77013 0.47406 -0.42681
vn 0.65438 0.49860 -0.56850
vn 0.17580 0.35763 -0.91717
vn 0.45830 0.46338 0.75845
vn 0.38976 0.59198 0.70544
vn 0.77513 0.60408 0.18508
vn 0.87113 0.46961 0.14353
vn 0.77513 0.60408 0.18508
vn 0.38976 0.59198 0.70544
vn -0.09302 0.99565 -0.00616
vn 0.65051 0.61201 -0.44976
vn 0.65438 0.49860 -0.56850
vn 0.87113 0.46961 0.14353
vn 0.77513 0.60408 0.18508
vn 0.65051 0.61201 -0.44976
vn -0.79699 0.32420 0.50961
vn -0.77462 0.40383 0.48672
vn -0.19422 0.43686 0.87831
vn -0.19869 0.37510 0.90544
vn -0.19422 0.43686 0.87831
vn -0.77462 0.40383 0.48672
vn -0.09302 0.99565 -0.00616
vn 0.38976 0.59198 0.70544
vn 0.45830 0.46338 0.75845
vn -0.19869 0.37510 0.90544
vn -0.19422 0.43686 0.87831
vn 0.38976 0.59198 0.70544
vn -0.48477 0.32852 -0.81060
vn -0.53353 0.40633 -0.74178
vn -0.93983 0.27991 -0.19590
vn -0.93633 0.29846 -0.18494
vn -0.93983 0.27991 -0.19590
vn -0.53353 0.40633 -0.74178
vn -0.09302 0.99565 -0.00616
vn -0.77462 0.40383 0.48672
vn -0.79699 0.32420 0.50961
vn -0.93633 0.29846 -0.18494
vn -0.93983 0.27991 -0.19590
vn -0.77462 0.40383 0.48672
vn 0.65438 0.49860 -0.56850
vn 0.65051 0.61201 -0.44976
vn 0.16310 0.46895 -0.86804
vn 0.17580 0.35763 -0.91717
vn 0.16310 0.46895 -0.86804
vn 0.65051 0.61201 -0.44976
vn -0.09302 0.99565 -0.00616
vn -0.53353 0.40633 -0.74178
vn -0.48477 0.32852 -0.81060
vn 0.17580 0.35763 -0.91717
vn 0.16310 0.46895 -0.86804
vn -0.53353 0.40633 -0.74178
vn -0.77013 0.47406 -0.42681
vn -0.65438 0.49860 -0.56849
vn -0.87113 0.46961 0.14354
vn -0.86191 0.40669 0.30285
vn -0.86191 0.40669 0.30285
vn -0.87113 0.46961 0.14354
vn -0.45829 0.46338 0.75845
vn -0.49012 0.43581 0.75489
vn -0.45829 0.46338 0.75845
vn 0.19868 0.37510 0.90544
vn 0.19571 0.39416 0.89796
vn -0.49012 0.43581 0.75489
vn 0.19571 0.39416 0.89796
vn 0.19868 0.37510 0.90544
vn 0.79699 0.32420 0.50961
vn 0.78037 0.39166 0.48747
vn 0.79699 0.32420 0.50961
vn 0.93633 0.29846 -0.18494
vn 0.88040 0.38827 -0.27230
vn 0.78037 0.39166 0.48747
vn 0.88040 0.38827 -0.27230
vn 0.93633 0.29846 -0.18494
vn 0.48477 0.32852 -0.81060
vn 0.34585 0.32265 -0.88107
vn 0.48477 0.32852 -0.81060
vn -0.17580 0.35762 -0.91717
vn -0.11031 0.33063 -0.93729
vn 0.34585 0.32265 -0.88107
vn -0.11031 0.33063 -0.93729
vn -0.17580 0.35762 -0.91717
vn -0.65438 0.49860 -0.56849
vn -0.77013 0.47406 -0.42681
vn -0.45829 0.46338 0.75845
vn -0.87113 0.46961 0.14354
vn -0.77513 0.60408 0.18508
vn -0.38977 0.59198 0.70544
vn 0.09302 0.99565 -0.00615
vn -0.38977 0.59198 0.70544
vn -0.77513 0.60408 0.18508
vn -0.65051 0.61202 -0.44975
vn -0.65438 0.49860 -0.56849
vn -0.65051 0.61202 -0.44975
vn -0.77513 0.60408 0.18508
vn -0.87113 0.46961 0.14354
vn 0.79699 0.32420 0.50961
vn 0.19868 0.37510 0.90544
vn 0.19422 0.43686 0.87831
vn 0.77462 0.40383 0.48672
vn 0.09302 0.99565 -0.00615
vn 0.77462 0.40383 0.48672
vn 0.19422 0.43686 0.87831
vn -0.38977 0.59198 0.70544
vn -0.45829 0.46338 0.75845
vn -0.38977 0.59198 0.70544
vn 0.19422 0.43686 0.87831
vn 0.19868 0.37510 0.90544
vn 0.48477 0.32852 -0.81060
vn 0.93633 0.29846 -0.18494
vn 0.93983 0.27991 -0.19590
vn 0.53354 0.40633 -0.74178
vn 0.09302 0.99565 -0.00615
vn 0.53354 0.40633 -0.74178
vn 0.93983 0.27991 -0.19590
vn 0.77462 0.40383 0.48672
vn 0.79699 0.32420 0.50961
vn 0.77462 0.40383 0.48672
vn 0.93983 0.27991 -0.19590
vn 0.93633 0.29846 -0.18494
vn -0.65438 0.49860 -0.56849
vn -0.17580 0.35762 -0.91717
vn -0.16310 0.46895 -0.86804
vn -0.65051 0.61202 -0.44975
vn 0.09302 0.99565 -0.00615
vn -0.65051 0.61202 -0.44975
vn -0.16310 0.46895 -0.86804
vn 0.53354 0.40633 -0.74178
vn 0.48477 0.32852 -0.81060
vn 0.53354 0.40633 -0.74178
vn -0.16310 0.46895 -0.86804
vn -0.17580 0.35762 -0.91717
vn 0.74955 0.50352 -0.42971
vn 0.84092 0.43891 0.31656
vn 0.84965 0.50605 0.14835
vn 0.62700 0.52507 -0.57547
vn 0.84092 0.43891 0.31656
vn 0.46846 0.45272 0.75868
vn 0.43525 0.48011 0.76161
vn 0.84965 0.50605 0.14835
vn 0.43525 0.48011 0.76161
vn 0.46846 0.45272 0.75868
vn -0.18315 0.40347 0.89647
vn -0.18623 0.38390 0.90440
vn -0.18315 0.40347 0.89647
vn -0.76010 0.41807 0.49746
vn -0.77938 0.34628 0.52217
vn -0.18623 0.38390 0.90440
vn -0.77938 0.34628 0.52217
vn -0.76010 0.41807 0.49746
vn -0.86346 0.41967 -0.27985
vn -0.92558 0.32518 -0.19378
vn -0.86346 0.41967 -0.27985
vn -0.32470 0.33295 -0.88528
vn -0.46355 0.34129 -0.81771
vn -0.92558 0.32518 -0.19378
vn -0.46355 0.34129 -0.81771
vn -0.32470 0.33295 -0.88528
vn 0.10339 0.33824 -0.93536
vn 0.16457 0.36635 -0.91581
vn 0.10339 0.33824 -0.93536
vn 0.74955 0.50352 -0.42971
vn 0.62700 0.52507 -0.57547
vn 0.16457 0.36635 -0.91581
vn 0.43525 0.48011 0.76161
vn 0.36602 0.60855 0.70405
vn 0.74399 0.64073 0.18957
vn 0.84965 0.50605 0.14835
vn 0.74399 0.64073 0.18957
vn 0.36602 0.60855 0.70405
vn -0.09462 0.99547 -0.00898
vn 0.61824 0.64116 -0.45465
vn 0.62700 0.52507 -0.57547
vn 0.84965 0.50605 0.14835
vn 0.74399 0.64073 0.18957
vn 0.61824 0.64116 -0.45465
vn -0.77938 0.34628 0.52217
vn -0.75558 0.42841 0.49555
vn -0.18170 0.44599 0.87640
vn -0.18623 0.38390 0.90440
vn -0.18170 0.44599 0.87640
vn -0.75558 0.42841 0.49555
vn -0.09462 0.99547 -0.00898
vn 0.36602 0.60855 0.70405
vn 0.43525 0.48011 0.76161
vn -0.18623 0.38390 0.90440
vn -0.18170 0.44599 0.87640
vn 0.36602 0.60855 0.70405
vn -0.46355 0.34129 -0.81771
vn -0.51260 0.42172 -0.74793
vn -0.92954 0.30553 -0.20640
vn -0.92558 0.32518 -0.19378
vn -0.92954 0.30553 -0.20640
vn -0.51260 0.42172 -0.74793
vn -0.09462 0.99547 -0.00898
vn -0.75558 0.42841 0.49555
vn -0.77938 0.34628 0.52217
vn -0.92558 0.32518 -0.19378
vn -0.92954 0.30553 -0.20640
vn -0.75558 0.42841 0.49555
vn 0.62700 0.52507 -0.57547
vn 0.61824 0.64116 -0.45465
vn 0.15192 0.47905 -0.86454
vn 0.16457 0.36635 -0.91581
vn 0.15192 0.47905 -0.86454
vn 0.61824 0.64116 -0.45465
vn -0.09462 0.99547 -0.00898
vn -0.51260 0.42172 -0.74793
vn -0.46355 0.34129 -0.81771
vn 0.16457 0.36635 -0.91581
vn 0.15192 0.47905 -0.86454
vn -0.51260 0.42172 -0.74793
vn -0.74955 0.50352 -0.42971
vn -0.62700 0.52507 -0.57547
vn -0.84965 0.50605 0.14835
vn -0.84092 0.43891 0.31656
vn -0.84092 0.43891 0.31656
vn -0.84965 0.50605 0.14835
vn -0.43525 0.48011 0.76161
vn -0.46846 0.45272 0.75868
vn -0.43525 0.48011 0.76161
vn 0.18622 0.38390 0.90440
vn 0.18315 0.40347 0.89648
vn -0.46846 0.45272 0.75868
vn 0.18315 0.40347 0.89648
vn 0.18622 0.38390 0.90440
vn 0.77937 0.34628 0.52218
vn 0.76010 0.41807 0.49747
vn 0.77937 0.34628 0.52218
vn 0.92558 0.32519 -0.19378
vn 0.86346 0.41967 -0.27985
vn 0.76010 0.41807 0.49747
vn 0.86346 0.41967 -0.27985
vn 0.92558 0.32519 -0.19378
vn 0.46355 0.34129 -0.81771
vn 0.32470 0.33295 -0.88528
vn 0.46355 0.34129 -0.81771
vn -0.16457 0.36635 -0.91581
vn -0.10339 0.33825 -0.93536
vn 0.32470 0.33295 -0.88528
vn -0.10339 0.33825 -0.93536
vn -0.16457 0.36635 -0.91581
vn -0.62700 0.52507 -0.57547
vn -0.74955 0.50352 -0.42971
vn -0.43525 0.48011 0.76161
vn -0.84965 0.50605 0.14835
vn -0.74399 0.64073 0.18958
vn -0.36602 0.60855 0.70405
vn 0.09462 0.99547 -0.00898
vn -0.36602 0.60855 0.70405
vn -0.74399 0.64073 0.18958
vn -0.61824 0.64116 -0.45463
vn -0.62700 0.52507 -0.57547
vn -0.61824 0.64116 -0.45463
vn -0.74399 0.64073 0.18958
vn -0.84965 0.50605 0.14835
vn 0.77937 0.34628 0.52218
vn 0.18622 0.38390 0.90440
vn 0.18169 0.44599 0.87640
vn 0.75558 0.42841 0.49555
vn 0.09462 0.99547 -0.00898
vn 0.75558 0.42841 0.49555
vn 0.18169 0.44599 0.87640
vn -0.36602 0.60855 0.70405
vn -0.43525 0.48011 0.76161
vn -0.36602 0.60855 0.70405
vn 0.18169 0.44599 0.87640
vn 0.18622 0.38390 0.90440
vn 0.46355 0.34129 -0.81771
vn 0.92558 0.32519 -0.19378
vn 0.92954 0.30553 -0.20640
vn 0.51260 0.42172 -0.74793
vn 0.09462 0.99547 -0.00898
vn 0.51260 0.42172 -0.74793
vn 0.92954 0.30553 -0.20640
vn 0.75558 0.42841 0.49555
vn 0.77937 0.34628 0.52218
vn 0.75558 0.42841 0.49555
vn 0.92954 0.30553 -0.20640
vn 0.92558 0.32519 -0.19378
vn -0.62700 0.52507 -0.57547
vn -0.16457 0.36635 -0.91581
vn -0.15192 0.47905 -0.86454
vn -0.61824 0.64116 -0.45463
vn 0.09462 0.99547 -0.00898
vn -0.61824 0.64116 -0.45463
vn -0.15192 0.47905 -0.86454
vn 0.51260 0.42172 -0.74793
vn 0.46355 0.34129 -0.81771
vn 0.51260 0.42172 -0.74793
vn -0.15192 0.47905 -0.86454
vn -0.16457 0.36635 -0.91581
vn 0.75455 0.49706 -0.42847
vn 0.84622 0.43154 0.31255
vn 0.85487 0.49762 0.14690
vn 0.63382 0.51952 -0.57303
vn 0.84622 0.43154 0.31255
vn 0.47405 0.44974 0.75698
vn 0.44115 0.47723 0.76003
vn 0.85487 0.49762 0.14690
vn 0.44115 0.47723 0.76003
vn 0.47405 0.44974 0.75698
vn -0.18645 0.40249 0.89624
vn -0.18953 0.38300 0.90410
vn -0.18645 0.40249 0.89624
vn -0.76524 0.41229 0.49439
vn -0.78395 0.34149 0.51846
vn -0.18953 0.38300 0.90410
vn -0.78395 0.34149 0.51846
vn -0.76524 0.41229 0.49439
vn -0.86766 0.41245 -0.27760
vn -0.92828 0.31894 -0.19123
vn -0.86766 0.41245 -0.27760
vn -0.33031 0.33150 -0.88374
vn -0.46920 0.33916 -0.81537
vn -0.92828 0.31894 -0.19123
vn -0.46920 0.33916 -0.81537
vn -0.33031 0.33150 -0.88374
vn 0.10521 0.33754 -0.93541
vn 0.16750 0.36542 -0.91565
vn 0.10521 0.33754 -0.93541
vn 0.75455 0.49706 -0.42847
vn 0.63382 0.51952 -0.57303
vn 0.16750 0.36542 -0.91565
vn 0.44115 0.47723 0.76003
vn 0.37188 0.60581 0.70335
vn 0.75144 0.63244 0.18806
vn 0.85487 0.49762 0.14690
vn 0.75144 0.63244 0.18806
vn 0.37188 0.60581 0.70335
vn -0.09424 0.99552 -0.00830
vn 0.62605 0.63496 -0.45264
vn 0.63382 0.51952 -0.57303
vn 0.85487 0.49762 0.14690
vn 0.75144 0.63244 0.18806
vn 0.62605 0.63496 -0.45264
vn -0.78395 0.34149 0.51846
vn -0.76040 0.42311 0.49272
vn -0.18499 0.44511 0.87616
vn -0.18953 0.38300 0.90410
vn -0.18499 0.44511 0.87616
vn -0.76040 0.42311 0.49272
vn -0.09424 0.99552 -0.00830
vn 0.37188 0.60581 0.70335
vn 0.44115 0.47723 0.76003
vn -0.18953 0.38300 0.90410
vn -0.18499 0.44511 0.87616
vn 0.37188 0.60581 0.70335
vn -0.46920 0.33916 -0.81537
vn -0.51810 0.41904 -0.74563
vn -0.93216 0.29952 -0.20340
vn -0.92828 0.31894 -0.19123
vn -0.93216 0.29952 -0.20340
vn -0.51810 0.41904 -0.74563
vn -0.09424 0.99552 -0.00830
vn -0.76040 0.42311 0.49272
vn -0.78395 0.34149 0.51846
vn -0.92828 0.31894 -0.19123
vn -0.93216 0.29952 -0.20340
vn -0.76040 0.42311 0.49272
vn 0.63382 0.51952 -0.57303
vn 0.62605 0.63496 -0.45264
vn 0.15475 0.47797 -0.86463
vn 0.16750 0.36542 -0.91565
vn 0.15475 0.47797 -0.86463
vn 0.62605 0.63496 -0.45264
vn -0.09424 0.99552 -0.00830
vn -0.51810 0.41904 -0.74563
vn -0.46920 0.33916 -0.81537
vn 0.16750 0.36542 -0.91565
vn 0.15475 0.47797 -0.86463
vn -0.51810 0.41904 -0.74563
vn -0.75455 0.49706 -0.42847
vn -0.63383 0.51953 -0.57302
vn -0.85486 0.49762 0.14691
vn -0.84622 0.43154 0.31255
vn -0.84622 0.43154 0.31255
vn -0.85486 0.49762 0.14691
vn -0.44115 0.47723 0.76003
vn -0.47405 0.44974 0.75698
vn -0.44115 0.47723 0.76003
vn 0.18953 0.38299 0.90410
vn 0.18645 0.40249 0.89624
vn -0.47405 0.44974 0.75698
vn 0.18645 0.40249 0.89624
vn 0.18953 0.38299 0.90410
vn 0.78395 0.34149 0.51847
vn 0.76524 0.41229 0.49439
vn 0.78395 0.34149 0.51847
vn 0.92828 0.31894 -0.19123
vn 0.86766 0.41245 -0.27759
vn 0.76524 0.41229 0.49439
vn 0.86766 0.41245 -0.27759
vn 0.92828 0.31894 -0.19123
vn 0.46920 0.33915 -0.81537
vn 0.33031 0.33151 -0.88374
vn 0.46920 0.33915 -0.81537
vn -0.16750 0.36542 -0.91565
vn -0.10521 0.33754 -0.93541
vn 0.33031 0.33151 -0.88374
vn -0.10521 0.33754 -0.93541
vn -0.16750 0.36542 -0.91565
vn -0.63383 0.51953 -0.57302
vn -0.75455 0.49706 -0.42847
vn -0.44115 0.47723 0.76003
vn -0.85486 0.49762 0.14691
vn -0.75144 0.63244 0.18807
vn -0.37189 0.60580 0.70335
vn 0.09423 0.99552 -0.00830
vn -0.37189 0.60580 0.70335
vn -0.75144 0.63244 0.18807
vn -0.62606 0.63497 -0.45263
vn -0.63383 0.51953 -0.57302
vn -0.62606 0.63497 -0.45263
vn -0.75144 0.63244 0.18807
vn -0.85486 0.49762 0.14691
vn 0.78395 0.34149 0.51847
vn 0.18953 0.38299 0.90410
vn 0.18499 0.44511 0.87616
vn 0.76040 0.42311 0.49272
vn 0.09423 0.99552 -0.00830
vn 0.76040 0.42311 0.49272
vn 0.18499 0.44511 0.87616
vn -0.37189 0.60580 0.70335
vn -0.44115 0.47723 0.76003
vn -0.37189 0.60580 0.70335
vn 0.18499 0.44511 0.87616
vn 0.18953 0.38299 0.90410
vn 0.46920 0.33915 -0.81537
vn 0.92828 0.31894 -0.19123
vn 0.93216 0.29952 -0.20341
vn 0.51811 0.41904 -0.74563
vn 0.09423 0.99552 -0.00830
vn 0.51811 0.41904 -0.74563
vn 0.93216 0.29952 -0.20341
vn 0.76040 0.42311 0.49272
vn 0.78395 0.34149 0.51847
vn 0.76040 0.42311 0.49272
vn 0.93216 0.29952 -0.20341
vn 0.92828 0.31894 -0.19123
vn -0.63383 0.51953 -0.57302
vn -0.16750 0.36542 -0.91565
vn -0.15475 0.47798 -0.86463
vn -0.62606 0.63497 -0.45263
vn 0.09423 0.99552 -0.00830
vn -0.62606 0.63497 -0.45263
vn -0.15475 0.47798 -0.86463
vn 0.51811 0.41904 -0.74563
vn 0.46920 0.33915 -0.81537
vn 0.51811 0.41904 -0.74563
vn -0.15475 0.47798 -0.86463
vn -0.16750 0.36542 -0.91565
f 3288/3288/3288 3289/3289/3289 3286/3286/3286
f 3286/3286/3286 3287/3287/3287 3288/3288/3288
f 3208/3208/3208 3209/3209/3209 3206/3206/3206
f 3206/3206/3206 3207/3207/3207 3208/3208/3208
f 3332/3332/3332 3333/3333/3333 3330/3330/3330
f 3330/3330/3330 3331/3331/3331 3332/3332/3332
f 3252/3252/3252 3253/3253/3253 3250/3250/3250
f 3250/3250/3250 3251/3251/3251 3252/3252/3252
f 3128/3128/3128 3129/3129/3129 3126/3126/3126
f 3126/3126/3126 3127/3127/3127 3128/3128/3128
f 3048/3048/3048 3049/3049/3049 3046/3046/3046
f 3046/3046/3046 3047/3047/3047 3048/3048/3048
f 3172/3172/3172 3173/3173/3173 3170/3170/3170
f 3170/3170/3170 3171/3171/3171 3172/3172/3172
f 3092/3092/3092 3093/3093/3093 3090/3090/3090
f 3090/3090/3090 3091/3091/3091 3092/3092/3092
f 2968/2968/2968 2969/2969/2969 2966/2966/2966
f 2966/2966/2966 2967/2967/2967 2968/2968/2968
f 2888/2888/2888 2889/2889/2889 2886/2886/2886
f 2886/2886/2886 2887/2887/2887 2888/2888/2888
f 3012/3012/3012 3013/3013/3013 3010/3010/3010
f 3010/3010/3010 3011/3011/3011 3012/3012/3012
f 2932/2932/2932 2933/2933/2933 2930/2930/2930
f 2930/2930/2930 2931/2931/2931 2932/2932/2932
f 3324/3324/3324 3325/3325/3325 3322/3322/3322
f 3322/3322/3322 3323/3323/3323 3324/3324/3324
f 3244/3244/3244 3245/3245/3245 3242/3242/3242
f 3242/3242/3242 3243/3243/3243 3244/3244/3244
f 3084/3084/3084 3085/3085/3085 3082/3082/3082
f 3082/3082/3082 3083/3083/3083 3084/3084/3084
f 3164/3164/3164 3165/3165/3165 3162/3162/3162
f 3162/3162/3162 3163/3163/3163 3164/3164/3164
f 3292/3292/3292 3293/3293/3293 3290/3290/3290
f 3290/3290/3290 3291/3291/3291 3292/3292/3292
f 3212/3212/3212 3213/3213/3213 3210/3210/3210
f 3210/3210/3210 3211/3211/3211 3212/3212/3212
f 3248/3248/3248 3249/3249/3249 3246/3246/3246
f 3246/3246/3246 3247/3247/3247 3248/3248/3248
f 3328/3328/3328 3329/3329/3329 3326/3326/3326
f 3326/3326/3326 3327/3327/3327 3328/3328/3328
f 3132/3132/3132 3133/3133/3133 3130/3130/3130
f 3130/3130/3130 3131/3131/3131 3132/3132/3132
f 3052/3052/3052 3053/3053/3053 3050/3050/3050
f 3050/3050/3050 3051/3051/3051 3052/3052/3052
f 2808/2808/2808 2809/2809/2809 2806/2806/2806
f 2806/2806/2806 2807/2807/2807 2808/2808/2808
f 2728/2728/2728 2729/2729/2729 2726/2726/2726
f 2726/2726/2726 2727/2727/2727 2728/2728/2728
f 2852/2852/2852 2853/2853/2853 2850/2850/2850
f 2850/2850/2850 2851/2851/2851 2852/2852/2852
f 2772/2772/2772 2773/2773/2773 2770/2770/2770
f 2770/2770/2770 2771/2771/2771 2772/2772/2772
f 3004/3004/3004 3005/3005/3005 3002/3002/3002
f 3002/3002/3002 3003/3003/3003 3004/3004/3004
f 2924/2924/2924 2925/2925/2925 2922/2922/2922
f 2922/2922/2922 2923/2923/2923 2924/2924/2924
f 3088/3088/3088 3089/3089/3089 3086/3086/3086
f 3086/3086/3086 3087/3087/3087 3088/3088/3088
f 3168/3168/3168 3169/3169/3169 3166/3166/3166
f 3166/3166/3166 3167/3167/3167 3168/3168/3168
f 2972/2972/2972 2973/2973/2973 2970/2970/2970
f 2970/2970/2970 2971/2971/2971 2972/2972/2972
f 2892/2892/2892 2893/2893/2893 2890/2890/2890
f 2890/2890/2890 2891/2891/2891 2892/2892/2892
f 2648/2648/2648 2649/2649/2649 2646/2646/2646
f 2646/2646/2646 2647/2647/2647 2648/2648/2648
f 2568/2568/2568 2569/2569/2569 2566/2566/2566
f 2566/2566/2566 2567/2567/2567 2568/2568/2568
f 2928/2928/2928 2929/2929/2929 2926/2926/2926
f 2926/2926/2926 2927/2927/2927 2928/2928/2928
f 3008/3008/3008 3009/3009/3009 3006/3006/3006
f 3006/3006/3006 3007/3007/3007 3008/3008/3008
f 2692/2692/2692 2693/2693/2693 2690/2690/2690
f 2690/2690/2690 2691/2691/2691 2692/2692/2692
f 2612/2612/2612 2613/2613/2613 2610/2610/2610
f 2610/2610/2610 2611/2611/2611 2612/2612/2612
f 2844/2844/2844 2845/2845/2845 2842/2842/2842
f 2842/2842/2842 2843/2843/2843 2844/2844/2844
f 2764/2764/2764 2765/2765/2765 2762/2762/2762
f 2762/2762/2762 2763/2763/2763 2764/2764/2764
f 2684/2684/2684 2685/2685/2685 2682/2682/2682
f 2682/2682/2682 2683/2683/2683 2684/2684/2684
f 2604/2604/2604 2605/2605/2605 2602/2602/2602
f 2602/2602/2602 2603/2603/2603 2604/2604/2604
f 2812/2812/2812 2813/2813/2813 2810/2810/2810
f 2810/2810/2810 2811/2811/2811 2812/2812/2812
f 2732/2732/2732 2733/2733/2733 2730/2730/2730
f 2730/2730/2730 2731/2731/2731 2732/2732/2732
f 2652/2652/2652 2653/2653/2653 2650/2650/2650
f 2650/2650/2650 2651/2651/2651 2652/2652/2652
f 2572/2572/2572 2573/2573/2573 2570/2570/2570
f 2570/2570/2570 2571/2571/2571 2572/2572/2572
f 2488/2488/2488 2489/2489/2489 2486/2486/2486
f 2486/2486/2486 2487/2487/2487 2488/2488/2488
f 2408/2408/2408 2409/2409/2409 2406/2406/2406
f 2406/2406/2406 2407/2407/2407 2408/2408/2408
f 2768/2768/2768 2769/2769/2769 2766/2766/2766
f 2766/2766/2766 2767/2767/2767 2768/2768/2768
f 2848/2848/2848 2849/2849/2849 2846/2846/2846
f 2846/2846/2846 2847/2847/2847 2848/2848/2848
f 2444/2444/2444 2445/2445/2445 2442/2442/2442
f 2442/2442/2442 2443/2443/2443 2444/2444/2444
f 2524/2524/2524 2525/2525/2525 2522/2522/2522
f 2522/2522/2522 2523/2523/2523 2524/2524/2524
f 1647/1647/1647 1280/1280/1280 1272/1272/1272
f 1272/1272/1272 1505/1505/1505 1647/1647/1647
f 1272/1272/1272 1280/1280/1280 1278/1278/1278
f 1503/1503/1503 1505/1505/1505 1272/1272/1272
f 1272/1272/1272 1271/1271/1271 1503/1503/1503
f 1278/1278/1278 1270/1270/1270 1272/1272/1272
f 1271/1271/1271 1272/1272/1272 1270/1270/1270
f 1505/1505/1505 1506/1506/1506 1648/1648/1648
f 1502/1502/1502 1506/1506/1506 1505/1505/1505
f 1505/1505/1505 1503/1503/1503 1502/1502/1502
f 1648/1648/1648 1649/1649/1649 1642/1642/1642
f 1649/1649/1649 1648/1648/1648 1506/1506/1506
f 2532/2532/2532 2533/2533/2533 2530/2530/2530
f 2530/2530/2530 2531/2531/2531 2532/2532/2532
f 2452/2452/2452 2453/2453/2453 2450/2450/2450
f 2450/2450/2450 2451/2451/2451 2452/2452/2452
f 2412/2412/2412 2413/2413/2413 2410/2410/2410
f 2410/2410/2410 2411/2411/2411 2412/2412/2412
f 2492/2492/2492 2493/2493/2493 2490/2490/2490
f 2490/2490/2490 2491/2491/2491 2492/2492/2492
f 2608/2608/2608 2609/2609/2609 2606/2606/2606
f 2606/2606/2606 2607/2607/2607 2608/2608/2608
f 2688/2688/2688 2689/2689/2689 2686/2686/2686
f 2686/2686/2686 2687/2687/2687 2688/2688/2688
f 2284/2284/2284 2285/2285/2285 2282/2282/2282
f 2282/2282/2282 2283/2283/2283 2284/2284/2284
f 2364/2364/2364 2365/2365/2365 2362/2362/2362
f 2362/2362/2362 2363/2363/2363 2364/2364/2364
f 2248/2248/2248 2249/2249/2249 2246/2246/2246
f 2246/2246/2246 2247/2247/2247 2248/2248/2248
f 2328/2328/2328 2329/2329/2329 2326/2326/2326
f 2326/2326/2326 2327/2327/2327 2328/2328/2328
f 2252/2252/2252 2253/2253/2253 2250/2250/2250
f 2250/2250/2250 2251/2251/2251 2252/2252/2252
f 2332/2332/2332 2333/2333/2333 2330/2330/2330
f 2330/2330/2330 2331/2331/2331 2332/2332/2332
f 2372/2372/2372 2373/2373/2373 2370/2370/2370
f 2370/2370/2370 2371/2371/2371 2372/2372/2372
f 2292/2292/2292 2293/2293/2293 2290/2290/2290
f 2290/2290/2290 2291/2291/2291 2292/2292/2292
f 2448/2448/2448 2449/2449/2449 2446/2446/2446
f 2446/2446/2446 2447/2447/2447 2448/2448/2448
f 2528/2528/2528 2529/2529/2529 2526/2526/2526
f 2526/2526/2526 2527/2527/2527 2528/2528/2528
f 2204/2204/2204 2205/2205/2205 2202/2202/2202
f 2202/2202/2202 2203/2203/2203 2204/2204/2204
f 2124/2124/2124 2125/2125/2125 2122/2122/2122
f 2122/2122/2122 2123/2123/2123 2124/2124/2124
f 2168/2168/2168 2169/2169/2169 2166/2166/2166
f 2166/2166/2166 2167/2167/2167 2168/2168/2168
f 2088/2088/2088 2089/2089/2089 2086/2086/2086
f 2086/2086/2086 2087/2087/2087 2088/2088/2088
f 2092/2092/2092 2093/2093/2093 2090/2090/2090
f 2090/2090/2090 2091/2091/2091 2092/2092/2092
f 2172/2172/2172 2173/2173/2173 2170/2170/2170
f 2170/2170/2170 2171/2171/2171 2172/2172/2172
f 2212/2212/2212 2213/2213/2213 2210/2210/2210
f 2210/2210/2210 2211/2211/2211 2212/2212/2212
f 2132/2132/2132 2133/2133/2133 2130/2130/2130
f 2130/2130/2130 2131/2131/2131 2132/2132/2132
f 2288/2288/2288 2289/2289/2289 2286/2286/2286
f 2286/2286/2286 2287/2287/2287 2288/2288/2288
f 2368/2368/2368 2369/2369/2369 2366/2366/2366
f 2366/2366/2366 2367/2367/2367 2368/2368/2368
f 2128/2128/2128 2129/2129/2129 2126/2126/2126
f 2126/2126/2126 2127/2127/2127 2128/2128/2128
f 2208/2208/2208 2209/2209/2209 2206/2206/2206
f 2206/2206/2206 2207/2207/2207 2208/2208/2208
f 909/909/909 911/911/911 886/886/886
f 886/886/886 889/889/889 909/909/909
f 888/888/888 889/889/889 886/886/886
f 886/886/886 887/887/887 888/888/888
f 910/910/910 911/911/911 909/909/909
f 909/909/909 908/908/908 910/910/910
f 909/909/909 889/889/889 891/891/891
f 891/891/891 908/908/908 909/909/909
f 891/891/891 889/889/889 888/888/888
f 888/888/888 890/890/890 891/891/891
f 910/910/910 914/914/914 913/913/913
f 913/913/913 912/912/912 910/910/910
f 913/913/913 914/914/914 892/892/892
f 892/892/892 895/895/895 913/913/913
f 913/913/913 895/895/895 897/897/897
f 897/897/897 912/912/912 913/913/913
f 894/894/894 895/895/895 892/892/892
f 892/892/892 893/893/893 894/894/894
f 897/897/897 895/895/895 894/894/894
f 894/894/894 896/896/896 897/897/897
f 1913/1913/1913 1892/1892/1892 1891/1891/1891
f 1891/1891/1891 1916/1916/1916 1913/1913/1913
f 1893/1893/1893 1894/1894/1894 1891/1891/1891
f 1891/1891/1891 1892/1892/1892 1893/1893/1893
f 1913/1913/1913 1916/1916/1916 1915/1915/1915
f 1915/1915/1915 1914/1914/1914 1913/1913/1913
f 1913/1913/1913 1914/1914/1914 1895/1895/1895
f 1895/1895/1895 1892/1892/1892 1913/1913/1913
f 1893/1893/1893 1892/1892/1892 1895/1895/1895
f 1895/1895/1895 1896/1896/1896 1893/1893/1893
f 1917/1917/1917 1919/1919/1919 1915/1915/1915
f 1915/1915/1915 1918/1918/1918 1917/1917/1917
f 1917/1917/1917 1898/1898/1898 1897/1897/1897
f 1897/1897/1897 1919/1919/1919 1917/1917/1917
f 1917/1917/1917 1918/1918/1918 1901/1901/1901
f 1901/1901/1901 1898/1898/1898 1917/1917/1917
f 1899/1899/1899 1898/1898/1898 1901/1901/1901
f 1897/1897/1897 1898/1898/1898 1899/1899/1899
f 1899/1899/1899 1900/1900/1900 1897/1897/1897
f 1901/1901/1901 1902/1902/1902 1899/1899/1899
f 3232/3232/3232 3233/3233/3233 3230/3230/3230
f 3230/3230/3230 3231/3231/3231 3232/3232/3232
f 3312/3312/3312 3313/3313/3313 3310/3310/3310
f 3310/3310/3310 3311/3311/3311 3312/3312/3312
f 3284/3284/3284 3285/3285/3285 3282/3282/3282
f 3282/3282/3282 3283/3283/3283 3284/3284/3284
f 3204/3204/3204 3205/3205/3205 3202/3202/3202
f 3202/3202/3202 3203/3203/3203 3204/3204/3204
f 3152/3152/3152 3153/3153/3153 3150/3150/3150
f 3150/3150/3150 3151/3151/3151 3152/3152/3152
f 3072/3072/3072 3073/3073/3073 3070/3070/3070
f 3070/3070/3070 3071/3071/3071 3072/3072/3072
f 3124/3124/3124 3125/3125/3125 3122/3122/3122
f 3122/3122/3122 3123/3123/3123 3124/3124/3124
f 3044/3044/3044 3045/3045/3045 3042/3042/3042
f 3042/3042/3042 3043/3043/3043 3044/3044/3044
f 1276/1276/1276 1277/1277/1277 1278/1278/1278
f 1286/1286/1286 1282/1282/1282 1279/1279/1279
f 1282/1282/1282 1286/1286/1286 1241/1241/1241
f 1241/1241/1241 1284/1284/1284 1282/1282/1282
f 1287/1287/1287 1284/1284/1284 1241/1241/1241
f 1491/1491/1491 1239/1239/1239 1241/1241/1241
f 1241/1241/1241 1286/1286/1286 1491/1491/1491
f 1241/1241/1241 1240/1240/1240 1287/1287/1287
f 1240/1240/1240 1241/1241/1241 1239/1239/1239
f 1286/1286/1286 1281/1281/1281 1492/1492/1492
f 1492/1492/1492 1491/1491/1491 1286/1286/1286
f 1279/1279/1279 1281/1281/1281 1286/1286/1286
f 1280/1280/1280 1281/1281/1281 1279/1279/1279
f 1279/1279/1279 1278/1278/1278 1280/1280/1280
f 1492/1492/1492 1281/1281/1281 1280/1280/1280
f 1489/1489/1489 1492/1492/1492 1647/1647/1647
f 1280/1280/1280 1647/1647/1647 1492/1492/1492
f 1491/1491/1491 1492/1492/1492 1489/1489/1489
f 1239/1239/1239 1491/1491/1491 1490/1490/1490
f 1489/1489/1489 1490/1490/1490 1491/1491/1491
f 1642/1642/1642 1489/1489/1489 1648/1648/1648
f 1647/1647/1647 1648/1648/1648 1489/1489/1489
f 1490/1490/1490 1489/1489/1489 1642/1642/1642
f 1648/1648/1648 1647/1647/1647 1505/1505/1505
f 2992/2992/2992 2993/2993/2993 2990/2990/2990
f 2990/2990/2990 2991/2991/2991 2992/2992/2992
f 2912/2912/2912 2913/2913/2913 2910/2910/2910
f 2910/2910/2910 2911/2911/2911 2912/2912/2912
f 836/836/836 838/838/838 816/816/816
f 816/816/816 819/819/819 836/836/836
f 818/818/818 819/819/819 816/816/816
f 816/816/816 817/817/817 818/818/818
f 837/837/837 838/838/838 836/836/836
f 836/836/836 835/835/835 837/837/837
f 836/836/836 819/819/819 821/821/821
f 821/821/821 835/835/835 836/836/836
f 821/821/821 819/819/819 818/818/818
f 818/818/818 820/820/820 821/821/821
f 1840/1840/1840 1822/1822/1822 1821/1821/1821
f 1821/1821/1821 1843/1843/1843 1840/1840/1840
f 1823/1823/1823 1824/1824/1824 1821/1821/1821
f 1821/1821/1821 1822/1822/1822 1823/1823/1823
f 1840/1840/1840 1843/1843/1843 1842/1842/1842
f 1842/1842/1842 1841/1841/1841 1840/1840/1840
f 1840/1840/1840 1841/1841/1841 1825/1825/1825
f 1825/1825/1825 1822/1822/1822 1840/1840/1840
f 1823/1823/1823 1822/1822/1822 1825/1825/1825
f 1825/1825/1825 1826/1826/1826 1823/1823/1823
f 2964/2964/2964 2965/2965/2965 2962/2962/2962
f 2962/2962/2962 2963/2963/2963 2964/2964/2964
f 2884/2884/2884 2885/2885/2885 2882/2882/2882
f 2882/2882/2882 2883/2883/2883 2884/2884/2884
f 2832/2832/2832 2833/2833/2833 2830/2830/2830
f 2830/2830/2830 2831/2831/2831 2832/2832/2832
f 2752/2752/2752 2753/2753/2753 2750/2750/2750
f 2750/2750/2750 2751/2751/2751 2752/2752/2752
f 2672/2672/2672 2673/2673/2673 2670/2670/2670
f 2670/2670/2670 2671/2671/2671 2672/2672/2672
f 2592/2592/2592 2593/2593/2593 2590/2590/2590
f 2590/2590/2590 2591/2591/2591 2592/2592/2592
f 635/635/635 644/644/644 643/643/643
f 643/643/643 444/444/444 635/635/635
f 635/635/635 444/444/444 447/447/447
f 444/444/444 643/643/643 642/642/642
f 642/642/642 445/445/445 444/444/444
f 446/446/446 447/447/447 444/444/444
f 444/444/444 445/445/445 446/446/446
f 447/447/447 446/446/446 161/161/161
f 446/446/446 210/210/210 164/164/164
f 164/164/164 161/161/161 446/446/446
f 210/210/210 446/446/446 445/445/445
f 445/445/445 642/642/642 205/205/205
f 205/205/205 204/204/204 445/445/445
f 445/445/445 204/204/204 210/210/210
f 201/201/201 207/207/207 210/210/210
f 210/210/210 204/204/204 201/201/201
f 164/164/164 210/210/210 207/207/207
f 212/212/212 165/165/165 164/164/164
f 164/164/164 209/209/209 212/212/212
f 207/207/207 209/209/209 164/164/164
f 161/161/161 164/164/164 165/165/165
f 165/165/165 162/162/162 161/161/161
f 2644/2644/2644 2645/2645/2645 2642/2642/2642
f 2642/2642/2642 2643/2643/2643 2644/2644/2644
f 2564/2564/2564 2565/2565/2565 2562/2562/2562
f 2562/2562/2562 2563/2563/2563 2564/2564/2564
f 2804/2804/2804 2805/2805/2805 2802/2802/2802
f 2802/2802/2802 2803/2803/2803 2804/2804/2804
f 2724/2724/2724 2725/2725/2725 2722/2722/2722
f 2722/2722/2722 2723/2723/2723 2724/2724/2724
f 2512/2512/2512 2513/2513/2513 2510/2510/2510
f 2510/2510/2510 2511/2511/2511 2512/2512/2512
f 2432/2432/2432 2433/2433/2433 2430/2430/2430
f 2430/2430/2430 2431/2431/2431 2432/2432/2432
f 2484/2484/2484 2485/2485/2485 2482/2482/2482
f 2482/2482/2482 2483/2483/2483 2484/2484/2484
f 2404/2404/2404 2405/2405/2405 2402/2402/2402
f 2402/2402/2402 2403/2403/2403 2404/2404/2404
f 2352/2352/2352 2353/2353/2353 2350/2350/2350
f 2350/2350/2350 2351/2351/2351 2352/2352/2352
f 2272/2272/2272 2273/2273/2273 2270/2270/2270
f 2270/2270/2270 2271/2271/2271 2272/2272/2272
f 1181/1181/1181 1180/1180/1180 1182/1182/1182
f 1180/1180/1180 1181/1181/1181 1178/1178/1178
f 1225/1225/1225 1195/1195/1195 1414/1414/1414
f 1414/1414/1414 1420/1420/1420 1225/1225/1225
f 1421/1421/1421 1420/1420/1420 1419/1419/1419
f 1420/1420/1420 1421/1421/1421 1222/1222/1222
f 1222/1222/1222 1225/1225/1225 1420/1420/1420
f 1193/1193/1193 1195/1195/1195 1225/1225/1225
f 1225/1225/1225 1224/1224/1224 1193/1193/1193
f 1224/1224/1224 1225/1225/1225 1222/1222/1222
f 1178/1178/1178 1195/1195/1195 1193/1193/1193
f 1196/1196/1196 1193/1193/1193 1224/1224/1224
f 1197/1197/1197 1194/1194/1194 1193/1193/1193
f 2324/2324/2324 2325/2325/2325 2322/2322/2322
f 2322/2322/2322 2323/2323/2323 2324/2324/2324
f 2244/2244/2244 2245/2245/2245 2242/2242/2242
f 2242/2242/2242 2243/2243/2243 2244/2244/2244
f 2192/2192/2192 2193/2193/2193 2190/2190/2190
f 2190/2190/2190 2191/2191/2191 2192/2192/2192
f 2112/2112/2112 2113/2113/2113 2110/2110/2110
f 2110/2110/2110 2111/2111/2111 2112/2112/2112
f 950/950/950 952/952/952 930/930/930
f 930/930/930 933/933/933 950/950/950
f 932/932/932 933/933/933 930/930/930
f 930/930/930 931/931/931 932/932/932
f 951/951/951 952/952/952 950/950/950
f 950/950/950 949/949/949 951/951/951
f 950/950/950 933/933/933 935/935/935
f 935/935/935 949/949/949 950/950/950
f 935/935/935 933/933/933 932/932/932
f 932/932/932 934/934/934 935/935/935
f 1954/1954/1954 1936/1936/1936 1935/1935/1935
f 1935/1935/1935 1957/1957/1957 1954/1954/1954
f 1937/1937/1937 1938/1938/1938 1935/1935/1935
f 1935/1935/1935 1936/1936/1936 1937/1937/1937
f 1954/1954/1954 1957/1957/1957 1956/1956/1956
f 1956/1956/1956 1955/1955/1955 1954/1954/1954
f 1954/1954/1954 1955/1955/1955 1939/1939/1939
f 1939/1939/1939 1936/1936/1936 1954/1954/1954
f 1937/1937/1937 1936/1936/1936 1939/1939/1939
f 1939/1939/1939 1940/1940/1940 1937/1937/1937
f 681/681/681 683/683/683 661/661/661
f 661/661/661 664/664/664 681/681/681
f 663/663/663 664/664/664 661/661/661
f 661/661/661 662/662/662 663/663/663
f 682/682/682 683/683/683 681/681/681
f 681/681/681 680/680/680 682/682/682
f 681/681/681 664/664/664 666/666/666
f 666/666/666 680/680/680 681/681/681
f 666/666/666 664/664/664 663/663/663
f 663/663/663 665/665/665 666/666/666
f 1685/1685/1685 1667/1667/1667 1666/1666/1666
f 1666/1666/1666 1688/1688/1688 1685/1685/1685
f 1668/1668/1668 1669/1669/1669 1666/1666/1666
f 1666/1666/1666 1667/1667/1667 1668/1668/1668
f 1685/1685/1685 1688/1688/1688 1687/1687/1687
f 1687/1687/1687 1686/1686/1686 1685/1685/1685
f 1685/1685/1685 1686/1686/1686 1670/1670/1670
f 1670/1670/1670 1667/1667/1667 1685/1685/1685
f 1668/1668/1668 1667/1667/1667 1670/1670/1670
f 1670/1670/1670 1671/1671/1671 1668/1668/1668
f 2164/2164/2164 2165/2165/2165 2162/2162/2162
f 2162/2162/2162 2163/2163/2163 2164/2164/2164
f 2084/2084/2084 2085/2085/2085 2082/2082/2082
f 2082/2082/2082 2083/2083/2083 2084/2084/2084
f 2144/2144/2144 2145/2145/2145 2142/2142/2142
f 2142/2142/2142 2143/2143/2143 2144/2144/2144
f 2224/2224/2224 2225/2225/2225 2222/2222/2222
f 2222/2222/2222 2223/2223/2223 2224/2224/2224
f 2304/2304/2304 2305/2305/2305 2302/2302/2302
f 2302/2302/2302 2303/2303/2303 2304/2304/2304
f 2384/2384/2384 2385/2385/2385 2382/2382/2382
f 2382/2382/2382 2383/2383/2383 2384/2384/2384
f 2464/2464/2464 2465/2465/2465 2462/2462/2462
f 2462/2462/2462 2463/2463/2463 2464/2464/2464
f 2544/2544/2544 2545/2545/2545 2542/2542/2542
f 2542/2542/2542 2543/2543/2543 2544/2544/2544
f 1773/1773/1773 1774/1774/1774 1771/1771/1771
f 1771/1771/1771 1772/1772/1772 1773/1773/1773
f 1795/1795/1795 1773/1773/1773 1772/1772/1772
f 1775/1775/1775 1773/1773/1773 1795/1795/1795
f 1774/1774/1774 1773/1773/1773 1775/1775/1775
f 1775/1775/1775 1776/1776/1776 1774/1774/1774
f 1795/1795/1795 1796/1796/1796 1775/1775/1775
f 1772/1772/1772 1798/1798/1798 1795/1795/1795
f 1795/1795/1795 1798/1798/1798 1797/1797/1797
f 1797/1797/1797 1796/1796/1796 1795/1795/1795
f 1806/1806/1806 1808/1808/1808 1797/1797/1797
f 1797/1797/1797 1807/1807/1807 1806/1806/1806
f 1806/1806/1806 1790/1790/1790 1789/1789/1789
f 1789/1789/1789 1808/1808/1808 1806/1806/1806
f 1806/1806/1806 1807/1807/1807 1793/1793/1793
f 1793/1793/1793 1790/1790/1790 1806/1806/1806
f 1791/1791/1791 1790/1790/1790 1793/1793/1793
f 1789/1789/1789 1790/1790/1790 1791/1791/1791
f 1791/1791/1791 1792/1792/1792 1789/1789/1789
f 1793/1793/1793 1794/1794/1794 1791/1791/1791
f 768/768/768 769/769/769 766/766/766
f 766/766/766 767/767/767 768/768/768
f 769/769/769 768/768/768 791/791/791
f 791/791/791 768/768/768 771/771/771
f 771/771/771 768/768/768 767/767/767
f 791/791/791 793/793/793 769/769/769
f 792/792/792 793/793/793 791/791/791
f 791/791/791 790/790/790 792/792/792
f 771/771/771 790/790/790 791/791/791
f 767/767/767 770/770/770 771/771/771
f 792/792/792 803/803/803 802/802/802
f 802/802/802 801/801/801 792/792/792
f 802/802/802 803/803/803 784/784/784
f 784/784/784 787/787/787 802/802/802
f 802/802/802 787/787/787 789/789/789
f 789/789/789 801/801/801 802/802/802
f 786/786/786 787/787/787 784/784/784
f 784/784/784 785/785/785 786/786/786
f 789/789/789 787/787/787 786/786/786
f 786/786/786 788/788/788 789/789/789
f 365/365/365 118/118/118 147/147/147
f 118/118/118 365/365/365 103/103/103
f 103/103/103 365/365/365 101/101/101
f 563/563/563 98/98/98 101/101/101
f 101/101/101 371/371/371 563/563/563
f 101/101/101 100/100/100 103/103/103
f 564/564/564 563/563/563 371/371/371
f 371/371/371 373/373/373 564/564/564
f 372/372/372 373/373/373 371/371/371
f 98/98/98 563/563/563 566/566/566
f 563/563/563 564/564/564 565/565/565
f 565/565/565 566/566/566 563/563/563
f 2624/2624/2624 2625/2625/2625 2622/2622/2622
f 2622/2622/2622 2623/2623/2623 2624/2624/2624
f 2704/2704/2704 2705/2705/2705 2702/2702/2702
f 2702/2702/2702 2703/2703/2703 2704/2704/2704
f 2096/2096/2096 2097/2097/2097 2094/2094/2094
f 2094/2094/2094 2095/2095/2095 2096/2096/2096
f 2176/2176/2176 2177/2177/2177 2174/2174/2174
f 2174/2174/2174 2175/2175/2175 2176/2176/2176
f 2256/2256/2256 2257/2257/2257 2254/2254/2254
f 2254/2254/2254 2255/2255/2255 2256/2256/2256
f 2336/2336/2336 2337/2337/2337 2334/2334/2334
f 2334/2334/2334 2335/2335/2335 2336/2336/2336
f 2416/2416/2416 2417/2417/2417 2414/2414/2414
f 2414/2414/2414 2415/2415/2415 2416/2416/2416
f 2496/2496/2496 2497/2497/2497 2494/2494/2494
f 2494/2494/2494 2495/2495/2495 2496/2496/2496
f 1270/1270/1270 1269/1269/1269 1271/1271/1271
f 1269/1269/1269 1274/1274/1274 1273/1273/1273
f 1274/1274/1274 1269/1269/1269 1268/1268/1268
f 1269/1269/1269 1270/1270/1270 1267/1267/1267
f 1267/1267/1267 1268/1268/1268 1269/1269/1269
f 1277/1277/1277 1267/1267/1267 1270/1270/1270
f 1270/1270/1270 1278/1278/1278 1277/1277/1277
f 1652/1652/1652 1268/1268/1268 1267/1267/1267
f 1651/1651/1651 1652/1652/1652 1267/1267/1267
f 1267/1267/1267 1607/1607/1607 1651/1651/1651
f 1607/1607/1607 1267/1267/1267 1277/1277/1277
f 1275/1275/1275 1268/1268/1268 1653/1653/1653
f 1652/1652/1652 1653/1653/1653 1268/1268/1268
f 1268/1268/1268 1275/1275/1275 1274/1274/1274
f 1653/1653/1653 1652/1652/1652 1367/1367/1367
f 1650/1650/1650 1367/1367/1367 1652/1652/1652
f 1652/1652/1652 1651/1651/1651 1650/1650/1650
f 1304/1304/1304 1651/1651/1651 1607/1607/1607
f 2576/2576/2576 2577/2577/2577 2574/2574/2574
f 2574/2574/2574 2575/2575/2575 2576/2576/2576
f 2656/2656/2656 2657/2657/2657 2654/2654/2654
f 2654/2654/2654 2655/2655/2655 2656/2656/2656
f 2784/2784/2784 2785/2785/2785 2782/2782/2782
f 2782/2782/2782 2783/2783/2783 2784/2784/2784
f 2864/2864/2864 2865/2865/2865 2862/2862/2862
f 2862/2862/2862 2863/2863/2863 2864/2864/2864
f 1735/1735/1735 1736/1736/1736 1733/1733/1733
f 1733/1733/1733 1734/1734/1734 1735/1735/1735
f 1757/1757/1757 1735/1735/1735 1734/1734/1734
f 1737/1737/1737 1735/1735/1735 1757/1757/1757
f 1736/1736/1736 1735/1735/1735 1737/1737/1737
f 1737/1737/1737 1738/1738/1738 1736/1736/1736
f 1757/1757/1757 1758/1758/1758 1737/1737/1737
f 1734/1734/1734 1760/1760/1760 1757/1757/1757
f 1757/1757/1757 1760/1760/1760 1759/1759/1759
f 1759/1759/1759 1758/1758/1758 1757/1757/1757
f 1768/1768/1768 1770/1770/1770 1759/1759/1759
f 1759/1759/1759 1769/1769/1769 1768/1768/1768
f 1768/1768/1768 1752/1752/1752 1751/1751/1751
f 1751/1751/1751 1770/1770/1770 1768/1768/1768
f 1768/1768/1768 1769/1769/1769 1755/1755/1755
f 1755/1755/1755 1752/1752/1752 1768/1768/1768
f 1753/1753/1753 1752/1752/1752 1755/1755/1755
f 1751/1751/1751 1752/1752/1752 1753/1753/1753
f 1753/1753/1753 1754/1754/1754 1751/1751/1751
f 1755/1755/1755 1756/1756/1756 1753/1753/1753
f 730/730/730 731/731/731 728/728/728
f 728/728/728 729/729/729 730/730/730
f 731/731/731 730/730/730 753/753/753
f 753/753/753 730/730/730 733/733/733
f 733/733/733 730/730/730 729/729/729
f 753/753/753 755/755/755 731/731/731
f 754/754/754 755/755/755 753/753/753
f 753/753/753 752/752/752 754/754/754
f 733/733/733 752/752/752 753/753/753
f 729/729/729 732/732/732 733/733/733
f 754/754/754 765/765/765 764/764/764
f 764/764/764 763/763/763 754/754/754
f 764/764/764 765/765/765 746/746/746
f 746/746/746 749/749/749 764/764/764
f 764/764/764 749/749/749 751/751/751
f 751/751/751 763/763/763 764/764/764
f 748/748/748 749/749/749 746/746/746
f 746/746/746 747/747/747 748/748/748
f 751/751/751 749/749/749 748/748/748
f 748/748/748 750/750/750 751/751/751
f 1849/1849/1849 1850/1850/1850 1847/1847/1847
f 1847/1847/1847 1848/1848/1848 1849/1849/1849
f 1871/1871/1871 1849/1849/1849 1848/1848/1848
f 1851/1851/1851 1849/1849/1849 1871/1871/1871
f 1850/1850/1850 1849/1849/1849 1851/1851/1851
f 1851/1851/1851 1852/1852/1852 1850/1850/1850
f 1871/1871/1871 1872/1872/1872 1851/1851/1851
f 1848/1848/1848 1874/1874/1874 1871/1871/1871
f 1871/1871/1871 1874/1874/1874 1873/1873/1873
f 1873/1873/1873 1872/1872/1872 1871/1871/1871
f 1882/1882/1882 1884/1884/1884 1873/1873/1873
f 1873/1873/1873 1883/1883/1883 1882/1882/1882
f 1882/1882/1882 1866/1866/1866 1865/1865/1865
f 1865/1865/1865 1884/1884/1884 1882/1882/1882
f 1882/1882/1882 1883/1883/1883 1869/1869/1869
f 1869/1869/1869 1866/1866/1866 1882/1882/1882
f 1867/1867/1867 1866/1866/1866 1869/1869/1869
f 1865/1865/1865 1866/1866/1866 1867/1867/1867
f 1867/1867/1867 1868/1868/1868 1865/1865/1865
f 1869/1869/1869 1870/1870/1870 1867/1867/1867
f 844/844/844 845/845/845 842/842/842
f 842/842/842 843/843/843 844/844/844
f 845/845/845 844/844/844 867/867/867
f 867/867/867 844/844/844 847/847/847
f 847/847/847 844/844/844 843/843/843
f 867/867/867 869/869/869 845/845/845
f 868/868/868 869/869/869 867/867/867
f 867/867/867 866/866/866 868/868/868
f 847/847/847 866/866/866 867/867/867
f 843/843/843 846/846/846 847/847/847
f 868/868/868 879/879/879 878/878/878
f 878/878/878 877/877/877 868/868/868
f 878/878/878 879/879/879 860/860/860
f 860/860/860 863/863/863 878/878/878
f 878/878/878 863/863/863 865/865/865
f 865/865/865 877/877/877 878/878/878
f 862/862/862 863/863/863 860/860/860
f 860/860/860 861/861/861 862/862/862
f 865/865/865 863/863/863 862/862/862
f 862/862/862 864/864/864 865/865/865
f 2944/2944/2944 2945/2945/2945 2942/2942/2942
f 2942/2942/2942 2943/2943/2943 2944/2944/2944
f 3024/3024/3024 3025/3025/3025 3022/3022/3022
f 3022/3022/3022 3023/3023/3023 3024/3024/3024
f 3104/3104/3104 3105/3105/3105 3102/3102/3102
f 3102/3102/3102 3103/3103/3103 3104/3104/3104
f 3184/3184/3184 3185/3185/3185 3182/3182/3182
f 3182/3182/3182 3183/3183/3183 3184/3184/3184
f 3316/3316/3316 3317/3317/3317 3314/3314/3314
f 3314/3314/3314 3315/3315/3315 3316/3316/3316
f 3236/3236/3236 3237/3237/3237 3234/3234/3234
f 3234/3234/3234 3235/3235/3235 3236/3236/3236
f 2736/2736/2736 2737/2737/2737 2734/2734/2734
f 2734/2734/2734 2735/2735/2735 2736/2736/2736
f 2816/2816/2816 2817/2817/2817 2814/2814/2814
f 2814/2814/2814 2815/2815/2815 2816/2816/2816
f 1694/1694/1694 1695/1695/1695 1692/1692/1692
f 1692/1692/1692 1693/1693/1693 1694/1694/1694
f 1719/1719/1719 1694/1694/1694 1693/1693/1693
f 1697/1697/1697 1694/1694/1694 1719/1719/1719
f 1696/1696/1696 1694/1694/1694 1697/1697/1697
f 1693/1693/1693 1722/1722/1722 1719/1719/1719
f 1719/1719/1719 1722/1722/1722 1721/1721/1721
f 1721/1721/1721 1720/1720/1720 1719/1719/1719
f 1719/1719/1719 1720/1720/1720 1697/1697/1697
f 1697/1697/1697 1698/1698/1698 1696/1696/1696
f 1730/1730/1730 1732/1732/1732 1721/1721/1721
f 1721/1721/1721 1731/1731/1731 1730/1730/1730
f 1730/1730/1730 1713/1713/1713 1712/1712/1712
f 1712/1712/1712 1732/1732/1732 1730/1730/1730
f 1730/1730/1730 1731/1731/1731 1717/1717/1717
f 1717/1717/1717 1713/1713/1713 1730/1730/1730
f 1716/1716/1716 1713/1713/1713 1717/1717/1717
f 1712/1712/1712 1713/1713/1713 1714/1714/1714
f 1714/1714/1714 1715/1715/1715 1712/1712/1712
f 1717/1717/1717 1718/1718/1718 1716/1716/1716
f 689/689/689 690/690/690 687/687/687
f 687/687/687 688/688/688 689/689/689
f 690/690/690 689/689/689 715/715/715
f 715/715/715 689/689/689 693/693/693
f 693/693/693 689/689/689 691/691/691
f 715/715/715 717/717/717 690/690/690
f 716/716/716 717/717/717 715/715/715
f 715/715/715 714/714/714 716/716/716
f 693/693/693 714/714/714 715/715/715
f 691/691/691 692/692/692 693/693/693
f 716/716/716 727/727/727 726/726/726
f 726/726/726 725/725/725 716/716/716
f 726/726/726 727/727/727 707/707/707
f 707/707/707 710/710/710 726/726/726
f 726/726/726 710/710/710 713/713/713
f 713/713/713 725/725/725 726/726/726
f 709/709/709 710/710/710 707/707/707
f 707/707/707 708/708/708 709/709/709
f 713/713/713 710/710/710 711/711/711
f 711/711/711 712/712/712 713/713/713
f 2896/2896/2896 2897/2897/2897 2894/2894/2894
f 2894/2894/2894 2895/2895/2895 2896/2896/2896
f 2976/2976/2976 2977/2977/2977 2974/2974/2974
f 2974/2974/2974 2975/2975/2975 2976/2976/2976
f 3056/3056/3056 3057/3057/3057 3054/3054/3054
f 3054/3054/3054 3055/3055/3055 3056/3056/3056
f 3136/3136/3136 3137/3137/3137 3134/3134/3134
f 3134/3134/3134 3135/3135/3135 3136/3136/3136
f 157/157/157 156/156/156 167/167/167
f 964/964/964 168/168/168 134/134/134
f 169/169/169 168/168/168 964/964/964
f 167/167/167 168/168/168 169/169/169
f 167/167/167 171/171/171 157/157/157
f 171/171/171 167/167/167 170/170/170
f 169/169/169 170/170/170 167/167/167
f 170/170/170 169/169/169 965/965/965
f 965/965/965 169/169/169 964/964/964
f 170/170/170 172/172/172 171/171/171
f 370/370/370 147/147/147 146/146/146
f 146/146/146 372/372/372 370/370/370
f 371/371/371 370/370/370 372/372/372
f 147/147/147 370/370/370 365/365/365
f 370/370/370 371/371/371 101/101/101
f 101/101/101 365/365/365 370/370/370
f 3156/3156/3156 3157/3157/3157 3154/3154/3154
f 3154/3154/3154 3155/3155/3155 3156/3156/3156
f 3076/3076/3076 3077/3077/3077 3074/3074/3074
f 3074/3074/3074 3075/3075/3075 3076/3076/3076
f 3264/3264/3264 3265/3265/3265 3262/3262/3262
f 3262/3262/3262 3263/3263/3263 3264/3264/3264
f 3344/3344/3344 3345/3345/3345 3342/3342/3342
f 3342/3342/3342 3343/3343/3343 3344/3344/3344
f 2013/2013/2013 2014/2014/2014 2011/2011/2011
f 2011/2011/2011 2012/2012/2012 2013/2013/2013
f 2033/2033/2033 2013/2013/2013 2012/2012/2012
f 2015/2015/2015 2013/2013/2013 2033/2033/2033
f 2014/2014/2014 2013/2013/2013 2015/2015/2015
f 2015/2015/2015 2016/2016/2016 2014/2014/2014
f 2033/2033/2033 2034/2034/2034 2015/2015/2015
f 2012/2012/2012 2036/2036/2036 2033/2033/2033
f 2033/2033/2033 2036/2036/2036 2035/2035/2035
f 2035/2035/2035 2034/2034/2034 2033/2033/2033
f 2043/2043/2043 2045/2045/2045 2035/2035/2035
f 2035/2035/2035 2044/2044/2044 2043/2043/2043
f 2043/2043/2043 2028/2028/2028 2027/2027/2027
f 2027/2027/2027 2045/2045/2045 2043/2043/2043
f 2043/2043/2043 2044/2044/2044 2031/2031/2031
f 2031/2031/2031 2028/2028/2028 2043/2043/2043
f 2029/2029/2029 2028/2028/2028 2031/2031/2031
f 2027/2027/2027 2028/2028/2028 2029/2029/2029
f 2029/2029/2029 2030/2030/2030 2027/2027/2027
f 2031/2031/2031 2032/2032/2032 2029/2029/2029
f 1012/1012/1012 1013/1013/1013 1010/1010/1010
f 1010/1010/1010 1011/1011/1011 1012/1012/1012
f 1013/1013/1013 1012/1012/1012 1033/1033/1033
f 1033/1033/1033 1012/1012/1012 1015/1015/1015
f 1015/1015/1015 1012/1012/1012 1011/1011/1011
f 1033/1033/1033 1035/1035/1035 1013/1013/1013
f 1034/1034/1034 1035/1035/1035 1033/1033/1033
f 1033/1033/1033 1032/1032/1032 1034/1034/1034
f 1015/1015/1015 1032/1032/1032 1033/1033/1033
f 1011/1011/1011 1014/1014/1014 1015/1015/1015
f 1034/1034/1034 1044/1044/1044 1043/1043/1043
f 1043/1043/1043 1042/1042/1042 1034/1034/1034
f 1043/1043/1043 1044/1044/1044 1026/1026/1026
f 1026/1026/1026 1029/1029/1029 1043/1043/1043
f 1043/1043/1043 1029/1029/1029 1031/1031/1031
f 1031/1031/1031 1042/1042/1042 1043/1043/1043
f 1028/1028/1028 1029/1029/1029 1026/1026/1026
f 1026/1026/1026 1027/1027/1027 1028/1028/1028
f 1031/1031/1031 1029/1029/1029 1028/1028/1028
f 1028/1028/1028 1030/1030/1030 1031/1031/1031
f 641/641/641 1646/1646/1646 1556/1556/1556
f 522/522/522 526/526/526 1556/1556/1556
f 522/522/522 521/521/521 525/525/525
f 525/525/525 526/526/526 522/522/522
f 521/521/521 522/522/522 519/519/519
f 519/519/519 520/520/520 521/521/521
f 521/521/521 523/523/523 524/524/524
f 524/524/524 525/525/525 521/521/521
f 523/523/523 521/521/521 520/520/520
f 641/641/641 526/526/526 525/525/525
f 1271/1271/1271 1273/1273/1273 1504/1504/1504
f 1504/1504/1504 1503/1503/1503 1271/1271/1271
f 1273/1273/1273 1271/1271/1271 1269/1269/1269
f 2996/2996/2996 2997/2997/2997 2994/2994/2994
f 2994/2994/2994 2995/2995/2995 2996/2996/2996
f 2916/2916/2916 2917/2917/2917 2914/2914/2914
f 2914/2914/2914 2915/2915/2915 2916/2916/2916
f 3216/3216/3216 3217/3217/3217 3214/3214/3214
f 3214/3214/3214 3215/3215/3215 3216/3216/3216
f 3296/3296/3296 3297/3297/3297 3294/3294/3294
f 3294/3294/3294 3295/3295/3295 3296/3296/3296
f 1036/1036/1036 1037/1037/1037 1016/1016/1016
f 1016/1016/1016 1019/1019/1019 1036/1036/1036
f 1018/1018/1018 1019/1019/1019 1016/1016/1016
f 1016/1016/1016 1017/1017/1017 1018/1018/1018
f 1036/1036/1036 1038/1038/1038 1037/1037/1037
f 1038/1038/1038 1041/1041/1041 1040/1040/1040
f 1040/1040/1040 1039/1039/1039 1038/1038/1038
f 1040/1040/1040 1041/1041/1041 1020/1020/1020
f 1020/1020/1020 1023/1023/1023 1040/1040/1040
f 1040/1040/1040 1023/1023/1023 1025/1025/1025
f 1025/1025/1025 1039/1039/1039 1040/1040/1040
f 1022/1022/1022 1023/1023/1023 1020/1020/1020
f 1020/1020/1020 1021/1021/1021 1022/1022/1022
f 1025/1025/1025 1023/1023/1023 1022/1022/1022
f 1022/1022/1022 1024/1024/1024 1025/1025/1025
f 2038/2038/2038 2018/2018/2018 2017/2017/2017
f 2017/2017/2017 2037/2037/2037 2038/2038/2038
f 2019/2019/2019 2020/2020/2020 2017/2017/2017
f 2017/2017/2017 2018/2018/2018 2019/2019/2019
f 2038/2038/2038 2037/2037/2037 2039/2039/2039
f 2040/2040/2040 2042/2042/2042 2039/2039/2039
f 2039/2039/2039 2041/2041/2041 2040/2040/2040
f 2040/2040/2040 2022/2022/2022 2021/2021/2021
f 2021/2021/2021 2042/2042/2042 2040/2040/2040
f 2040/2040/2040 2041/2041/2041 2025/2025/2025
f 2025/2025/2025 2022/2022/2022 2040/2040/2040
f 2023/2023/2023 2022/2022/2022 2025/2025/2025
f 2021/2021/2021 2022/2022/2022 2023/2023/2023
f 2023/2023/2023 2024/2024/2024 2021/2021/2021
f 2025/2025/2025 2026/2026/2026 2023/2023/2023
f 2836/2836/2836 2837/2837/2837 2834/2834/2834
f 2834/2834/2834 2835/2835/2835 2836/2836/2836
f 2756/2756/2756 2757/2757/2757 2754/2754/2754
f 2754/2754/2754 2755/2755/2755 2756/2756/2756
f 149/149/149 148/148/148 150/150/150
f 148/148/148 149/149/149 146/146/146
f 146/146/146 147/147/147 148/148/148
f 151/151/151 150/150/150 154/154/154
f 150/150/150 151/151/151 149/149/149
f 154/154/154 155/155/155 151/151/151
f 155/155/155 154/154/154 156/156/156
f 134/134/134 156/156/156 154/154/154
f 156/156/156 157/157/157 155/155/155
f 168/168/168 167/167/167 156/156/156
f 156/156/156 134/134/134 168/168/168
f 1925/1925/1925 1926/1926/1926 1923/1923/1923
f 1923/1923/1923 1924/1924/1924 1925/1925/1925
f 1947/1947/1947 1925/1925/1925 1924/1924/1924
f 1927/1927/1927 1925/1925/1925 1947/1947/1947
f 1926/1926/1926 1925/1925/1925 1927/1927/1927
f 1927/1927/1927 1928/1928/1928 1926/1926/1926
f 1947/1947/1947 1948/1948/1948 1927/1927/1927
f 1924/1924/1924 1950/1950/1950 1947/1947/1947
f 1947/1947/1947 1950/1950/1950 1949/1949/1949
f 1949/1949/1949 1948/1948/1948 1947/1947/1947
f 1958/1958/1958 1960/1960/1960 1949/1949/1949
f 1949/1949/1949 1959/1959/1959 1958/1958/1958
f 1951/1951/1951 1953/1953/1953 1949/1949/1949
f 1949/1949/1949 1952/1952/1952 1951/1951/1951
f 1958/1958/1958 1942/1942/1942 1941/1941/1941
f 1941/1941/1941 1960/1960/1960 1958/1958/1958
f 1958/1958/1958 1959/1959/1959 1945/1945/1945
f 1945/1945/1945 1942/1942/1942 1958/1958/1958
f 1943/1943/1943 1942/1942/1942 1945/1945/1945
f 1941/1941/1941 1942/1942/1942 1943/1943/1943
f 1943/1943/1943 1944/1944/1944 1941/1941/1941
f 1945/1945/1945 1946/1946/1946 1943/1943/1943
f 920/920/920 921/921/921 918/918/918
f 918/918/918 919/919/919 920/920/920
f 921/921/921 920/920/920 943/943/943
f 943/943/943 920/920/920 923/923/923
f 923/923/923 920/920/920 919/919/919
f 943/943/943 945/945/945 921/921/921
f 944/944/944 945/945/945 943/943/943
f 943/943/943 942/942/942 944/944/944
f 923/923/923 942/942/942 943/943/943
f 919/919/919 922/922/922 923/923/923
f 944/944/944 955/955/955 954/954/954
f 954/954/954 953/953/953 944/944/944
f 944/944/944 948/948/948 947/947/947
f 947/947/947 946/946/946 944/944/944
f 954/954/954 955/955/955 936/936/936
f 936/936/936 939/939/939 954/954/954
f 954/954/954 939/939/939 941/941/941
f 941/941/941 953/953/953 954/954/954
f 938/938/938 939/939/939 936/936/936
f 936/936/936 937/937/937 938/938/938
f 941/941/941 939/939/939 938/938/938
f 938/938/938 940/940/940 941/941/941
f 2676/2676/2676 2677/2677/2677 2674/2674/2674
f 2674/2674/2674 2675/2675/2675 2676/2676/2676
f 2596/2596/2596 2597/2597/2597 2594/2594/2594
f 2594/2594/2594 2595/2595/2595 2596/2596/2596
f 1093/1093/1093 1550/1550/1550 1/1/1
f 1549/1549/1549 1/1/1 1550/1550/1550
f 1/1/1 1549/1549/1549 514/514/514
f 514/514/514 516/516/516 1/1/1
f 513/513/513 1547/1547/1547 1/1/1
f 1548/1548/1548 1092/1092/1092 1/1/1
f 1/1/1 1547/1547/1547 1548/1548/1548
f 1/1/1 1092/1092/1092 1093/1093/1093
f 2/2/2 1/1/1 518/518/518
f 518/518/518 1/1/1 515/515/515
f 1/1/1 516/516/516 514/514/514
f 514/514/514 515/515/515 1/1/1
f 513/513/513 1/1/1 512/512/512
f 511/511/511 512/512/512 1/1/1
f 1/1/1 3/3/3 511/511/511
f 1/1/1 2/2/2 3/3/3
f 512/512/512 511/511/511 588/588/588
f 588/588/588 586/586/586 512/512/512
f 513/513/513 512/512/512 586/586/586
f 580/580/580 586/586/586 588/588/588
f 586/586/586 587/587/587 513/513/513
f 587/587/587 586/586/586 583/583/583
f 2516/2516/2516 2517/2517/2517 2514/2514/2514
f 2514/2514/2514 2515/2515/2515 2516/2516/2516
f 2436/2436/2436 2437/2437/2437 2434/2434/2434
f 2434/2434/2434 2435/2435/2435 2436/2436/2436
f 1656/1656/1656 1657/1657/1657 1654/1654/1654
f 1654/1654/1654 1655/1655/1655 1656/1656/1656
f 1678/1678/1678 1656/1656/1656 1655/1655/1655
f 1658/1658/1658 1656/1656/1656 1678/1678/1678
f 1657/1657/1657 1656/1656/1656 1658/1658/1658
f 1658/1658/1658 1659/1659/1659 1657/1657/1657
f 1678/1678/1678 1679/1679/1679 1658/1658/1658
f 1655/1655/1655 1681/1681/1681 1678/1678/1678
f 1678/1678/1678 1681/1681/1681 1680/1680/1680
f 1680/1680/1680 1679/1679/1679 1678/1678/1678
f 1689/1689/1689 1691/1691/1691 1680/1680/1680
f 1680/1680/1680 1690/1690/1690 1689/1689/1689
f 1682/1682/1682 1684/1684/1684 1680/1680/1680
f 1680/1680/1680 1683/1683/1683 1682/1682/1682
f 1689/1689/1689 1673/1673/1673 1672/1672/1672
f 1672/1672/1672 1691/1691/1691 1689/1689/1689
f 1689/1689/1689 1690/1690/1690 1676/1676/1676
f 1676/1676/1676 1673/1673/1673 1689/1689/1689
f 1674/1674/1674 1673/1673/1673 1676/1676/1676
f 1672/1672/1672 1673/1673/1673 1674/1674/1674
f 1674/1674/1674 1675/1675/1675 1672/1672/1672
f 1676/1676/1676 1677/1677/1677 1674/1674/1674
f 651/651/651 652/652/652 649/649/649
f 649/649/649 650/650/650 651/651/651
f 652/652/652 651/651/651 674/674/674
f 674/674/674 651/651/651 654/654/654
f 654/654/654 651/651/651 650/650/650
f 674/674/674 676/676/676 652/652/652
f 675/675/675 676/676/676 674/674/674
f 674/674/674 673/673/673 675/675/675
f 654/654/654 673/673/673 674/674/674
f 650/650/650 653/653/653 654/654/654
f 675/675/675 686/686/686 685/685/685
f 685/685/685 684/684/684 675/675/675
f 675/675/675 679/679/679 678/678/678
f 678/678/678 677/677/677 675/675/675
f 685/685/685 686/686/686 667/667/667
f 667/667/667 670/670/670 685/685/685
f 685/685/685 670/670/670 672/672/672
f 672/672/672 684/684/684 685/685/685
f 669/669/669 670/670/670 667/667/667
f 667/667/667 668/668/668 669/669/669
f 672/672/672 670/670/670 669/669/669
f 669/669/669 671/671/671 672/672/672
f 1811/1811/1811 1812/1812/1812 1809/1809/1809
f 1809/1809/1809 1810/1810/1810 1811/1811/1811
f 1833/1833/1833 1811/1811/1811 1810/1810/1810
f 1813/1813/1813 1811/1811/1811 1833/1833/1833
f 1812/1812/1812 1811/1811/1811 1813/1813/1813
f 1813/1813/1813 1814/1814/1814 1812/1812/1812
f 1833/1833/1833 1834/1834/1834 1813/1813/1813
f 1810/1810/1810 1836/1836/1836 1833/1833/1833
f 1833/1833/1833 1836/1836/1836 1835/1835/1835
f 1835/1835/1835 1834/1834/1834 1833/1833/1833
f 1844/1844/1844 1846/1846/1846 1835/1835/1835
f 1835/1835/1835 1845/1845/1845 1844/1844/1844
f 1837/1837/1837 1839/1839/1839 1835/1835/1835
f 1835/1835/1835 1838/1838/1838 1837/1837/1837
f 1844/1844/1844 1828/1828/1828 1827/1827/1827
f 1827/1827/1827 1846/1846/1846 1844/1844/1844
f 1844/1844/1844 1845/1845/1845 1831/1831/1831
f 1831/1831/1831 1828/1828/1828 1844/1844/1844
f 1829/1829/1829 1828/1828/1828 1831/1831/1831
f 1827/1827/1827 1828/1828/1828 1829/1829/1829
f 1829/1829/1829 1830/1830/1830 1827/1827/1827
f 1831/1831/1831 1832/1832/1832 1829/1829/1829
f 806/806/806 807/807/807 804/804/804
f 804/804/804 805/805/805 806/806/806
f 807/807/807 806/806/806 829/829/829
f 829/829/829 806/806/806 809/809/809
f 809/809/809 806/806/806 805/805/805
f 829/829/829 831/831/831 807/807/807
f 830/830/830 831/831/831 829/829/829
f 829/829/829 828/828/828 830/830/830
f 809/809/809 828/828/828 829/829/829
f 805/805/805 808/808/808 809/809/809
f 830/830/830 841/841/841 840/840/840
f 840/840/840 839/839/839 830/830/830
f 830/830/830 834/834/834 833/833/833
f 833/833/833 832/832/832 830/830/830
f 840/840/840 841/841/841 822/822/822
f 822/822/822 825/825/825 840/840/840
f 840/840/840 825/825/825 827/827/827
f 827/827/827 839/839/839 840/840/840
f 824/824/824 825/825/825 822/822/822
f 822/822/822 823/823/823 824/824/824
f 827/827/827 825/825/825 824/824/824
f 824/824/824 826/826/826 827/827/827
f 2356/2356/2356 2357/2357/2357 2354/2354/2354
f 2354/2354/2354 2355/2355/2355 2356/2356/2356
f 2276/2276/2276 2277/2277/2277 2274/2274/2274
f 2274/2274/2274 2275/2275/2275 2276/2276/2276
f 1419/1419/1419 1422/1422/1422 1421/1421/1421
f 1586/1586/1586 1422/1422/1422 1419/1419/1419
f 1419/1419/1419 1585/1585/1585 1586/1586/1586
f 1587/1587/1587 1586/1586/1586 1585/1585/1585
f 1585/1585/1585 1588/1588/1588 1587/1587/1587
f 2196/2196/2196 2197/2197/2197 2194/2194/2194
f 2194/2194/2194 2195/2195/2195 2196/2196/2196
f 2116/2116/2116 2117/2117/2117 2114/2114/2114
f 2114/2114/2114 2115/2115/2115 2116/2116/2116
f 1287/1287/1287 1288/1288/1288 1285/1285/1285
f 1285/1285/1285 1284/1284/1284 1287/1287/1287
f 1284/1284/1284 1285/1285/1285 1283/1283/1283
f 1283/1283/1283 1290/1290/1290 1291/1291/1291
f 1291/1291/1291 1276/1276/1276 1283/1283/1283
f 1283/1283/1283 1282/1282/1282 1284/1284/1284
f 1282/1282/1282 1283/1283/1283 1276/1276/1276
f 1298/1298/1298 1606/1606/1606 1291/1291/1291
f 1276/1276/1276 1291/1291/1291 1606/1606/1606
f 1606/1606/1606 1277/1277/1277 1276/1276/1276
f 1276/1276/1276 1279/1279/1279 1282/1282/1282
f 1278/1278/1278 1279/1279/1279 1276/1276/1276
f 1223/1223/1223 1227/1227/1227 1226/1226/1226
f 1226/1226/1226 1224/1224/1224 1223/1223/1223
f 1222/1222/1222 1223/1223/1223 1224/1224/1224
f 590/590/590 225/225/225 232/232/232
f 591/591/591 590/590/590 633/633/633
f 637/637/637 591/591/591 634/634/634
f 633/633/633 634/634/634 591/591/591
f 634/634/634 633/633/633 627/627/627
f 633/633/633 232/232/232 231/231/231
f 231/231/231 627/627/627 633/633/633
f 224/224/224 228/228/228 232/232/232
f 232/232/232 225/225/225 224/224/224
f 231/231/231 232/232/232 228/228/228
f 222/222/222 224/224/224 225/225/225
f 228/228/228 224/224/224 223/223/223
f 224/224/224 222/222/222 221/221/221
f 221/221/221 223/223/223 224/224/224
f 222/222/222 220/220/220 216/216/216
f 216/216/216 221/221/221 222/222/222
f 215/215/215 593/593/593 221/221/221
f 221/221/221 216/216/216 215/215/215
f 223/223/223 221/221/221 593/593/593
f 227/227/227 223/223/223 594/594/594
f 593/593/593 594/594/594 223/223/223
f 223/223/223 227/227/227 228/228/228
f 228/228/228 230/230/230 231/231/231
f 230/230/230 228/228/228 227/227/227
f 594/594/594 647/647/647 227/227/227
f 229/229/229 227/227/227 647/647/647
f 227/227/227 229/229/229 230/230/230
f 647/647/647 594/594/594 191/191/191
f 594/594/594 593/593/593 203/203/203
f 203/203/203 191/191/191 594/594/594
f 593/593/593 215/215/215 200/200/200
f 200/200/200 203/203/203 593/593/593
f 203/203/203 202/202/202 192/192/192
f 192/192/192 191/191/191 203/203/203
f 202/202/202 203/203/203 200/200/200
f 646/646/646 191/191/191 194/194/194
f 191/191/191 646/646/646 647/647/647
f 193/193/193 194/194/194 191/191/191
f 191/191/191 192/192/192 193/193/193
f 647/647/647 645/645/645 229/229/229
f 645/645/645 647/647/647 646/646/646
f 646/646/646 194/194/194 648/648/648
f 313/313/313 646/646/646 648/648/648
f 646/646/646 313/313/313 645/645/645
f 199/199/199 648/648/648 194/194/194
f 194/194/194 193/193/193 198/198/198
f 198/198/198 199/199/199 194/194/194
f 193/193/193 196/196/196 197/197/197
f 197/197/197 198/198/198 193/193/193
f 196/196/196 193/193/193 192/192/192
f 461/461/461 196/196/196 195/195/195
f 196/196/196 461/461/461 460/460/460
f 460/460/460 197/197/197 196/196/196
f 192/192/192 195/195/195 196/196/196
f 462/462/462 461/461/461 463/463/463
f 195/195/195 463/463/463 461/461/461
f 461/461/461 462/462/462 459/459/459
f 459/459/459 460/460/460 461/461/461
f 642/642/642 463/463/463 195/195/195
f 195/195/195 205/205/205 642/642/642
f 202/202/202 205/205/205 195/195/195
f 195/195/195 192/192/192 202/202/202
f 463/463/463 642/642/642 643/643/643
f 643/643/643 464/464/464 463/463/463
f 463/463/463 464/464/464 462/462/462
f 462/462/462 604/604/604 603/603/603
f 462/462/462 464/464/464 604/604/604
f 1416/1416/1416 1172/1172/1172 1175/1175/1175
f 1174/1174/1174 1175/1175/1175 1172/1172/1172
f 1172/1172/1172 1173/1173/1173 1174/1174/1174
f 1968/1968/1968 1969/1969/1969 1416/1416/1416
f 1416/1416/1416 1423/1423/1423 1968/1968/1968
f 1415/1415/1415 1423/1423/1423 1416/1416/1416
f 1175/1175/1175 1415/1415/1415 1416/1416/1416
f 1175/1175/1175 1177/1177/1177 1182/1182/1182
f 1182/1182/1182 1415/1415/1415 1175/1175/1175
f 1176/1176/1176 1177/1177/1177 1175/1175/1175
f 1175/1175/1175 1174/1174/1174 1176/1176/1176
f 1174/1174/1174 1173/1173/1173 1588/1588/1588
f 1588/1588/1588 1585/1585/1585 1174/1174/1174
f 1176/1176/1176 1174/1174/1174 1585/1585/1585
f 1585/1585/1585 1419/1419/1419 1176/1176/1176
f 1420/1420/1420 1414/1414/1414 1176/1176/1176
f 1176/1176/1176 1419/1419/1419 1420/1420/1420
f 1181/1181/1181 1177/1177/1177 1176/1176/1176
f 1176/1176/1176 1414/1414/1414 1181/1181/1181
f 1182/1182/1182 1177/1177/1177 1181/1181/1181
f 1195/1195/1195 1178/1178/1178 1181/1181/1181
f 1181/1181/1181 1414/1414/1414 1195/1195/1195
f 1001/1001/1001 1003/1003/1003 978/978/978
f 978/978/978 981/981/981 1001/1001/1001
f 980/980/980 981/981/981 978/978/978
f 978/978/978 979/979/979 980/980/980
f 1002/1002/1002 1003/1003/1003 1001/1001/1001
f 1001/1001/1001 1000/1000/1000 1002/1002/1002
f 1001/1001/1001 981/981/981 983/983/983
f 983/983/983 1000/1000/1000 1001/1001/1001
f 983/983/983 981/981/981 980/980/980
f 980/980/980 982/982/982 983/983/983
f 1002/1002/1002 1006/1006/1006 1005/1005/1005
f 1005/1005/1005 1004/1004/1004 1002/1002/1002
f 1005/1005/1005 1006/1006/1006 984/984/984
f 984/984/984 987/987/987 1005/1005/1005
f 1005/1005/1005 987/987/987 989/989/989
f 989/989/989 1004/1004/1004 1005/1005/1005
f 986/986/986 987/987/987 984/984/984
f 984/984/984 985/985/985 986/986/986
f 989/989/989 987/987/987 986/986/986
f 986/986/986 988/988/988 989/989/989
f 2001/2001/2001 1980/1980/1980 1979/1979/1979
f 1979/1979/1979 2004/2004/2004 2001/2001/2001
f 1981/1981/1981 1982/1982/1982 1979/1979/1979
f 1979/1979/1979 1980/1980/1980 1981/1981/1981
f 2001/2001/2001 2004/2004/2004 2003/2003/2003
f 2003/2003/2003 2002/2002/2002 2001/2001/2001
f 2001/2001/2001 2002/2002/2002 1983/1983/1983
f 1983/1983/1983 1980/1980/1980 2001/2001/2001
f 1981/1981/1981 1980/1980/1980 1983/1983/1983
f 1983/1983/1983 1984/1984/1984 1981/1981/1981
f 2005/2005/2005 2007/2007/2007 2003/2003/2003
f 2003/2003/2003 2006/2006/2006 2005/2005/2005
f 2005/2005/2005 1986/1986/1986 1985/1985/1985
f 1985/1985/1985 2007/2007/2007 2005/2005/2005
f 2005/2005/2005 2006/2006/2006 1989/1989/1989
f 1989/1989/1989 1986/1986/1986 2005/2005/2005
f 1987/1987/1987 1986/1986/1986 1989/1989/1989
f 1985/1985/1985 1986/1986/1986 1987/1987/1987
f 1987/1987/1987 1988/1988/1988 1985/1985/1985
f 1989/1989/1989 1990/1990/1990 1987/1987/1987
f 566/566/566 99/99/99 98/98/98
f 103/103/103 100/100/100 106/106/106
f 103/103/103 102/102/102 118/118/118
f 106/106/106 104/104/104 103/103/103
f 102/102/102 103/103/103 104/104/104
f 144/144/144 104/104/104 106/106/106
f 104/104/104 144/144/144 143/143/143
f 143/143/143 105/105/105 104/104/104
f 104/104/104 105/105/105 102/102/102
f 105/105/105 143/143/143 152/152/152
f 152/152/152 122/122/122 105/105/105
f 122/122/122 152/152/152 153/153/153
f 2059/2059/2059 2066/2066/2066 2065/2065/2065
f 2055/2055/2055 2065/2065/2065 2066/2066/2066
f 2065/2065/2065 2055/2055/2055 1163/1163/1163
f 1163/1163/1163 1500/1500/1500 2065/2065/2065
f 2066/2066/2066 2054/2054/2054 2055/2055/2055
f 1164/1164/1164 1163/1163/1163 2055/2055/2055
f 2055/2055/2055 2050/2050/2050 1164/1164/1164
f 2050/2050/2050 2055/2055/2055 2054/2054/2054
f 2054/2054/2054 2052/2052/2052 2050/2050/2050
f 2051/2051/2051 2050/2050/2050 2052/2052/2052
f 2050/2050/2050 2051/2051/2051 1171/1171/1171
f 1171/1171/1171 1164/1164/1164 2050/2050/2050
f 2052/2052/2052 2053/2053/2053 2051/2051/2051
f 2140/2140/2140 2141/2141/2141 2138/2138/2138
f 2138/2138/2138 2139/2139/2139 2140/2140/2140
f 2220/2220/2220 2221/2221/2221 2218/2218/2218
f 2218/2218/2218 2219/2219/2219 2220/2220/2220
f 1057/1057/1057 1059/1059/1059 1060/1060/1060
f 165/165/165 212/212/212 211/211/211
f 211/211/211 166/166/166 165/165/165
f 162/162/162 165/165/165 166/166/166
f 212/212/212 209/209/209 208/208/208
f 208/208/208 211/211/211 212/212/212
f 209/209/209 207/207/207 206/206/206
f 206/206/206 208/208/208 209/209/209
f 207/207/207 201/201/201 200/200/200
f 200/200/200 206/206/206 207/207/207
f 215/215/215 213/213/213 206/206/206
f 206/206/206 200/200/200 215/215/215
f 208/208/208 206/206/206 213/213/213
f 219/219/219 218/218/218 208/208/208
f 1975/1975/1975 1976/1976/1976 1973/1973/1973
f 1973/1973/1973 1974/1974/1974 1975/1975/1975
f 1997/1997/1997 1975/1975/1975 1974/1974/1974
f 1977/1977/1977 1975/1975/1975 1997/1997/1997
f 1976/1976/1976 1975/1975/1975 1977/1977/1977
f 1977/1977/1977 1978/1978/1978 1976/1976/1976
f 1997/1997/1997 1998/1998/1998 1977/1977/1977
f 1974/1974/1974 2000/2000/2000 1997/1997/1997
f 1997/1997/1997 2000/2000/2000 1999/1999/1999
f 1999/1999/1999 1998/1998/1998 1997/1997/1997
f 2008/2008/2008 2010/2010/2010 1999/1999/1999
f 1999/1999/1999 2009/2009/2009 2008/2008/2008
f 2008/2008/2008 1992/1992/1992 1991/1991/1991
f 1991/1991/1991 2010/2010/2010 2008/2008/2008
f 2008/2008/2008 2009/2009/2009 1995/1995/1995
f 1995/1995/1995 1992/1992/1992 2008/2008/2008
f 1993/1993/1993 1992/1992/1992 1995/1995/1995
f 1991/1991/1991 1992/1992/1992 1993/1993/1993
f 1993/1993/1993 1994/1994/1994 1991/1991/1991
f 1995/1995/1995 1996/1996/1996 1993/1993/1993
f 974/974/974 975/975/975 972/972/972
f 972/972/972 973/973/973 974/974/974
f 975/975/975 974/974/974 997/997/997
f 997/997/997 974/974/974 977/977/977
f 977/977/977 974/974/974 973/973/973
f 997/997/997 999/999/999 975/975/975
f 998/998/998 999/999/999 997/997/997
f 997/997/997 996/996/996 998/998/998
f 977/977/977 996/996/996 997/997/997
f 973/973/973 976/976/976 977/977/977
f 998/998/998 1009/1009/1009 1008/1008/1008
f 1008/1008/1008 1007/1007/1007 998/998/998
f 1008/1008/1008 1009/1009/1009 990/990/990
f 990/990/990 993/993/993 1008/1008/1008
f 1008/1008/1008 993/993/993 995/995/995
f 995/995/995 1007/1007/1007 1008/1008/1008
f 992/992/992 993/993/993 990/990/990
f 990/990/990 991/991/991 992/992/992
f 995/995/995 993/993/993 992/992/992
f 992/992/992 994/994/994 995/995/995
f 1506/1506/1506 1644/1644/1644 1649/1649/1649
f 1643/1643/1643 1644/1644/1644 1506/1506/1506
f 1506/1506/1506 1613/1613/1613 1643/1643/1643
f 1502/1502/1502 1613/1613/1613 1506/1506/1506
f 1502/1502/1502 1612/1612/1612 1613/1613/1613
f 1501/1501/1501 1612/1612/1612 1502/1502/1502
f 1501/1501/1501 1502/1502/1502 1503/1503/1503
f 1613/1613/1613 1555/1555/1555 1645/1645/1645
f 1645/1645/1645 1643/1643/1643 1613/1613/1613
f 1555/1555/1555 1613/1613/1613 1612/1612/1612
f 1501/1501/1501 1554/1554/1554 1612/1612/1612
f 1612/1612/1612 1554/1554/1554 1555/1555/1555
f 1554/1554/1554 1501/1501/1501 1553/1553/1553
f 1503/1503/1503 1504/1504/1504 1501/1501/1501
f 1555/1555/1555 1554/1554/1554 1552/1552/1552
f 1553/1553/1553 1552/1552/1552 1554/1554/1554
f 1646/1646/1646 1645/1645/1645 1555/1555/1555
f 1555/1555/1555 1556/1556/1556 1646/1646/1646
f 1552/1552/1552 1556/1556/1556 1555/1555/1555
f 1556/1556/1556 1552/1552/1552 522/522/522
f 1552/1552/1552 1553/1553/1553 519/519/519
f 519/519/519 522/522/522 1552/1552/1552
f 1556/1556/1556 526/526/526 641/641/641
f 2300/2300/2300 2301/2301/2301 2298/2298/2298
f 2298/2298/2298 2299/2299/2299 2300/2300/2300
f 2380/2380/2380 2381/2381/2381 2378/2378/2378
f 2378/2378/2378 2379/2379/2379 2380/2380/2380
f 2460/2460/2460 2461/2461/2461 2458/2458/2458
f 2458/2458/2458 2459/2459/2459 2460/2460/2460
f 2540/2540/2540 2541/2541/2541 2538/2538/2538
f 2538/2538/2538 2539/2539/2539 2540/2540/2540
f 1051/1051/1051 95/95/95 306/306/306
f 1052/1052/1052 90/90/90 95/95/95
f 95/95/95 1051/1051/1051 1052/1052/1052
f 306/306/306 1067/1067/1067 1051/1051/1051
f 1067/1067/1067 306/306/306 305/305/305
f 1053/1053/1053 1051/1051/1051 1067/1067/1067
f 1054/1054/1054 1052/1052/1052 1051/1051/1051
f 1051/1051/1051 1053/1053/1053 1054/1054/1054
f 90/90/90 1052/1052/1052 1056/1056/1056
f 1052/1052/1052 1054/1054/1054 1055/1055/1055
f 1055/1055/1055 1056/1056/1056 1052/1052/1052
f 1056/1056/1056 87/87/87 90/90/90
f 89/89/89 90/90/90 87/87/87
f 1073/1073/1073 1072/1072/1072 1056/1056/1056
f 1056/1056/1056 1055/1055/1055 1073/1073/1073
f 1193/1193/1193 1196/1196/1196 1197/1197/1197
f 1193/1193/1193 1194/1194/1194 1178/1178/1178
f 1179/1179/1179 1178/1178/1178 1194/1194/1194
f 1178/1178/1178 1179/1179/1179 1180/1180/1180
f 1199/1199/1199 1198/1198/1198 1194/1194/1194
f 1194/1194/1194 1197/1197/1197 1199/1199/1199
f 1194/1194/1194 1198/1198/1198 1179/1179/1179
f 1199/1199/1199 1197/1197/1197 1208/1208/1208
f 1197/1197/1197 1196/1196/1196 1207/1207/1207
f 1207/1207/1207 1208/1208/1208 1197/1197/1197
f 1207/1207/1207 1196/1196/1196 1226/1226/1226
f 1224/1224/1224 1226/1226/1226 1196/1196/1196
f 1209/1209/1209 1207/1207/1207 1231/1231/1231
f 1226/1226/1226 1231/1231/1231 1207/1207/1207
f 1210/1210/1210 1208/1208/1208 1207/1207/1207
f 1207/1207/1207 1209/1209/1209 1210/1210/1210
f 1212/1212/1212 1211/1211/1211 1208/1208/1208
f 1208/1208/1208 1210/1210/1210 1212/1212/1212
f 1208/1208/1208 1211/1211/1211 1199/1199/1199
f 1965/1965/1965 1210/1210/1210 1209/1209/1209
f 1212/1212/1212 1210/1210/1210 1965/1965/1965
f 1209/1209/1209 1246/1246/1246 1965/1965/1965
f 1246/1246/1246 1209/1209/1209 1232/1232/1232
f 1231/1231/1231 1232/1232/1232 1209/1209/1209
f 1232/1232/1232 1231/1231/1231 1230/1230/1230
f 1231/1231/1231 1226/1226/1226 1227/1227/1227
f 1227/1227/1227 1230/1230/1230 1231/1231/1231
f 1232/1232/1232 1243/1243/1243 1246/1246/1246
f 1243/1243/1243 1232/1232/1232 1233/1233/1233
f 1230/1230/1230 1233/1233/1233 1232/1232/1232
f 1245/1245/1245 1965/1965/1965 1246/1246/1246
f 1245/1245/1245 1246/1246/1246 1243/1243/1243
f 1966/1966/1966 1965/1965/1965 1245/1245/1245
f 1965/1965/1965 1966/1966/1966 1212/1212/1212
f 1966/1966/1966 1245/1245/1245 1244/1244/1244
f 1243/1243/1243 1244/1244/1244 1245/1245/1245
f 1233/1233/1233 1247/1247/1247 1243/1243/1243
f 1244/1244/1244 1243/1243/1243 1247/1247/1247
f 1244/1244/1244 1971/1971/1971 1966/1966/1966
f 1971/1971/1971 1244/1244/1244 1248/1248/1248
f 1247/1247/1247 1248/1248/1248 1244/1244/1244
f 1212/1212/1212 1966/1966/1966 1971/1971/1971
f 1248/1248/1248 1972/1972/1972 1971/1971/1971
f 1235/1235/1235 1971/1971/1971 1972/1972/1972
f 1971/1971/1971 1235/1235/1235 1212/1212/1212
f 1211/1211/1211 1212/1212/1212 1235/1235/1235
f 1972/1972/1972 1218/1218/1218 1235/1235/1235
f 1235/1235/1235 1234/1234/1234 1211/1211/1211
f 1234/1234/1234 1235/1235/1235 1218/1218/1218
f 1199/1199/1199 1211/1211/1211 1234/1234/1234
f 1218/1218/1218 1217/1217/1217 1234/1234/1234
f 1229/1229/1229 1234/1234/1234 1217/1217/1217
f 1234/1234/1234 1229/1229/1229 1199/1199/1199
f 1215/1215/1215 1218/1218/1218 1967/1967/1967
f 1217/1217/1217 1218/1218/1218 1215/1215/1215
f 1217/1217/1217 1206/1206/1206 1229/1229/1229
f 1215/1215/1215 1213/1213/1213 1217/1217/1217
f 1203/1203/1203 1206/1206/1206 1217/1217/1217
f 1217/1217/1217 1213/1213/1213 1203/1203/1203
f 1198/1198/1198 1199/1199/1199 1229/1229/1229
f 1229/1229/1229 1228/1228/1228 1198/1198/1198
f 1228/1228/1228 1229/1229/1229 1206/1206/1206
f 1206/1206/1206 1205/1205/1205 1228/1228/1228
f 1205/1205/1205 1206/1206/1206 1203/1203/1203
f 1204/1204/1204 1203/1203/1203 1213/1213/1213
f 1203/1203/1203 1200/1200/1200 1205/1205/1205
f 1200/1200/1200 1203/1203/1203 1204/1204/1204
f 2620/2620/2620 2621/2621/2621 2618/2618/2618
f 2618/2618/2618 2619/2619/2619 2620/2620/2620
f 2700/2700/2700 2701/2701/2701 2698/2698/2698
f 2698/2698/2698 2699/2699/2699 2700/2700/2700
f 459/459/459 462/462/462 603/603/603
f 459/459/459 603/603/603 523/523/523
f 520/520/520 459/459/459 523/523/523
f 603/603/603 604/604/604 524/524/524
f 524/524/524 523/523/523 603/603/603
f 604/604/604 638/638/638 639/639/639
f 639/639/639 524/524/524 604/604/604
f 638/638/638 604/604/604 464/464/464
f 644/644/644 637/637/637 464/464/464
f 464/464/464 643/643/643 644/644/644
f 464/464/464 637/637/637 638/638/638
f 2780/2780/2780 2781/2781/2781 2778/2778/2778
f 2778/2778/2778 2779/2779/2779 2780/2780/2780
f 2860/2860/2860 2861/2861/2861 2858/2858/2858
f 2858/2858/2858 2859/2859/2859 2860/2860/2860
f 2940/2940/2940 2941/2941/2941 2938/2938/2938
f 2938/2938/2938 2939/2939/2939 2940/2940/2940
f 3020/3020/3020 3021/3021/3021 3018/3018/3018
f 3018/3018/3018 3019/3019/3019 3020/3020/3020
f 3280/3280/3280 3281/3281/3281 3278/3278/3278
f 3278/3278/3278 3279/3279/3279 3280/3280/3280
f 3200/3200/3200 3201/3201/3201 3198/3198/3198
f 3198/3198/3198 3199/3199/3199 3200/3200/3200
f 3100/3100/3100 3101/3101/3101 3098/3098/3098
f 3098/3098/3098 3099/3099/3099 3100/3100/3100
f 3180/3180/3180 3181/3181/3181 3178/3178/3178
f 3178/3178/3178 3179/3179/3179 3180/3180/3180
f 3320/3320/3320 3321/3321/3321 3318/3318/3318
f 3318/3318/3318 3319/3319/3319 3320/3320/3320
f 3240/3240/3240 3241/3241/3241 3238/3238/3238
f 3238/3238/3238 3239/3239/3239 3240/3240/3240
f 87/87/87 1056/1056/1056 1072/1072/1072
f 1072/1072/1072 458/458/458 87/87/87
f 88/88/88 87/87/87 458/458/458
f 87/87/87 88/88/88 89/89/89
f 458/458/458 1072/1072/1072 1057/1057/1057
f 1072/1072/1072 1073/1073/1073 1059/1059/1059
f 1059/1059/1059 1057/1057/1057 1072/1072/1072
f 1057/1057/1057 277/277/277 458/458/458
f 456/456/456 458/458/458 277/277/277
f 458/458/458 456/456/456 88/88/88
f 91/91/91 88/88/88 456/456/456
f 273/273/273 274/274/274 275/275/275
f 278/278/278 275/275/275 274/274/274
f 274/274/274 277/277/277 278/278/278
f 275/275/275 278/278/278 279/279/279
f 278/278/278 1058/1058/1058 1062/1062/1062
f 1062/1062/1062 279/279/279 278/278/278
f 1058/1058/1058 278/278/278 277/277/277
f 277/277/277 1057/1057/1057 1058/1058/1058
f 1058/1058/1058 1060/1060/1060 1061/1061/1061
f 1061/1061/1061 1062/1062/1062 1058/1058/1058
f 1060/1060/1060 1058/1058/1058 1057/1057/1057
f 1344/1344/1344 279/279/279 1062/1062/1062
f 1062/1062/1062 2056/2056/2056 1344/1344/1344
f 2056/2056/2056 1062/1062/1062 1061/1061/1061
f 1061/1061/1061 2058/2058/2058 2056/2056/2056
f 2057/2057/2057 2056/2056/2056 2058/2058/2058
f 2056/2056/2056 2057/2057/2057 1345/1345/1345
f 1345/1345/1345 1344/1344/1344 2056/2056/2056
f 2058/2058/2058 2059/2059/2059 2057/2057/2057
f 1500/1500/1500 1345/1345/1345 2057/2057/2057
f 2057/2057/2057 2065/2065/2065 1500/1500/1500
f 2065/2065/2065 2057/2057/2057 2059/2059/2059
f 3120/3120/3120 3121/3121/3121 3118/3118/3118
f 3118/3118/3118 3119/3119/3119 3120/3120/3120
f 3040/3040/3040 3041/3041/3041 3038/3038/3038
f 3038/3038/3038 3039/3039/3039 3040/3040/3040
f 3160/3160/3160 3161/3161/3161 3158/3158/3158
f 3158/3158/3158 3159/3159/3159 3160/3160/3160
f 3080/3080/3080 3081/3081/3081 3078/3078/3078
f 3078/3078/3078 3079/3079/3079 3080/3080/3080
f 3260/3260/3260 3261/3261/3261 3258/3258/3258
f 3258/3258/3258 3259/3259/3259 3260/3260/3260
f 3340/3340/3340 3341/3341/3341 3338/3338/3338
f 3338/3338/3338 3339/3339/3339 3340/3340/3340
f 2960/2960/2960 2961/2961/2961 2958/2958/2958
f 2958/2958/2958 2959/2959/2959 2960/2960/2960
f 2880/2880/2880 2881/2881/2881 2878/2878/2878
f 2878/2878/2878 2879/2879/2879 2880/2880/2880
f 1550/1550/1550 1551/1551/1551 1549/1549/1549
f 515/515/515 517/517/517 518/518/518
f 3000/3000/3000 3001/3001/3001 2998/2998/2998
f 2998/2998/2998 2999/2999/2999 3000/3000/3000
f 2920/2920/2920 2921/2921/2921 2918/2918/2918
f 2918/2918/2918 2919/2919/2919 2920/2920/2920
f 2800/2800/2800 2801/2801/2801 2798/2798/2798
f 2798/2798/2798 2799/2799/2799 2800/2800/2800
f 2720/2720/2720 2721/2721/2721 2718/2718/2718
f 2718/2718/2718 2719/2719/2719 2720/2720/2720
f 2840/2840/2840 2841/2841/2841 2838/2838/2838
f 2838/2838/2838 2839/2839/2839 2840/2840/2840
f 2760/2760/2760 2761/2761/2761 2758/2758/2758
f 2758/2758/2758 2759/2759/2759 2760/2760/2760
f 107/107/107 109/109/109 110/110/110
f 107/107/107 108/108/108 109/109/109
f 109/109/109 108/108/108 1091/1091/1091
f 2680/2680/2680 2681/2681/2681 2678/2678/2678
f 2678/2678/2678 2679/2679/2679 2680/2680/2680
f 2600/2600/2600 2601/2601/2601 2598/2598/2598
f 2598/2598/2598 2599/2599/2599 2600/2600/2600
f 2640/2640/2640 2641/2641/2641 2638/2638/2638
f 2638/2638/2638 2639/2639/2639 2640/2640/2640
f 2560/2560/2560 2561/2561/2561 2558/2558/2558
f 2558/2558/2558 2559/2559/2559 2560/2560/2560
f 2520/2520/2520 2521/2521/2521 2518/2518/2518
f 2518/2518/2518 2519/2519/2519 2520/2520/2520
f 2440/2440/2440 2441/2441/2441 2438/2438/2438
f 2438/2438/2438 2439/2439/2439 2440/2440/2440
f 2480/2480/2480 2481/2481/2481 2478/2478/2478
f 2478/2478/2478 2479/2479/2479 2480/2480/2480
f 2400/2400/2400 2401/2401/2401 2398/2398/2398
f 2398/2398/2398 2399/2399/2399 2400/2400/2400
f 2360/2360/2360 2361/2361/2361 2358/2358/2358
f 2358/2358/2358 2359/2359/2359 2360/2360/2360
f 2280/2280/2280 2281/2281/2281 2278/2278/2278
f 2278/2278/2278 2279/2279/2279 2280/2280/2280
f 1109/1109/1109 1100/1100/1100 1486/1486/1486
f 1486/1486/1486 1487/1487/1487 1109/1109/1109
f 1106/1106/1106 1109/1109/1109 1487/1487/1487
f 1106/1106/1106 1493/1493/1493 1107/1107/1107
f 1106/1106/1106 1494/1494/1494 1493/1493/1493
f 1494/1494/1494 1106/1106/1106 1514/1514/1514
f 1514/1514/1514 1106/1106/1106 1488/1488/1488
f 1487/1487/1487 1488/1488/1488 1106/1106/1106
f 1487/1487/1487 1486/1486/1486 1110/1110/1110
f 1110/1110/1110 1113/1113/1113 1487/1487/1487
f 1488/1488/1488 1487/1487/1487 1113/1113/1113
f 1318/1318/1318 1110/1110/1110 1486/1486/1486
f 1486/1486/1486 1485/1485/1485 1318/1318/1318
f 1485/1485/1485 1486/1486/1486 1100/1100/1100
f 1111/1111/1111 1110/1110/1110 1318/1318/1318
f 1112/1112/1112 1113/1113/1113 1110/1110/1110
f 1110/1110/1110 1111/1111/1111 1112/1112/1112
f 1113/1113/1113 1115/1115/1115 1488/1488/1488
f 1114/1114/1114 1115/1115/1115 1113/1113/1113
f 1113/1113/1113 1112/1112/1112 1114/1114/1114
f 1488/1488/1488 1515/1515/1515 1514/1514/1514
f 1515/1515/1515 1488/1488/1488 1115/1115/1115
f 1115/1115/1115 1147/1147/1147 1515/1515/1515
f 1146/1146/1146 1147/1147/1147 1115/1115/1115
f 1115/1115/1115 1114/1114/1114 1146/1146/1146
f 1114/1114/1114 1116/1116/1116 1151/1151/1151
f 1151/1151/1151 1146/1146/1146 1114/1114/1114
f 1116/1116/1116 1114/1114/1114 1112/1112/1112
f 1117/1117/1117 1112/1112/1112 1111/1111/1111
f 1112/1112/1112 1117/1117/1117 1116/1116/1116
f 1593/1593/1593 1592/1592/1592 1116/1116/1116
f 1116/1116/1116 1117/1117/1117 1593/1593/1593
f 1151/1151/1151 1116/1116/1116 1592/1592/1592
f 1592/1592/1592 1590/1590/1590 1151/1151/1151
f 1150/1150/1150 1151/1151/1151 1590/1590/1590
f 1146/1146/1146 1151/1151/1151 1150/1150/1150
f 1150/1150/1150 1148/1148/1148 1146/1146/1146
f 1147/1147/1147 1146/1146/1146 1148/1148/1148
f 1538/1538/1538 1150/1150/1150 1591/1591/1591
f 1590/1590/1590 1591/1591/1591 1150/1150/1150
f 1539/1539/1539 1148/1148/1148 1150/1150/1150
f 1150/1150/1150 1538/1538/1538 1539/1539/1539
f 1590/1590/1590 1592/1592/1592 572/572/572
f 572/572/572 571/571/571 1590/1590/1590
f 1591/1591/1591 1590/1590/1590 571/571/571
f 575/575/575 572/572/572 1592/1592/1592
f 1592/1592/1592 1593/1593/1593 575/575/575
f 573/573/573 572/572/572 575/575/575
f 569/569/569 571/571/571 572/572/572
f 572/572/572 573/573/573 569/569/569
f 571/571/571 570/570/570 1591/1591/1591
f 571/571/571 569/569/569 568/568/568
f 568/568/568 570/570/570 571/571/571
f 1591/1591/1591 1595/1595/1595 1538/1538/1538
f 1595/1595/1595 1591/1591/1591 570/570/570
f 570/570/570 579/579/579 1595/1595/1595
f 578/578/578 579/579/579 570/570/570
f 570/570/570 568/568/568 578/578/578
f 501/501/501 578/578/578 568/568/568
f 568/568/568 74/74/74 501/501/501
f 74/74/74 568/568/568 569/569/569
f 75/75/75 569/569/569 573/573/573
f 569/569/569 75/75/75 74/74/74
f 500/500/500 501/501/501 74/74/74
f 74/74/74 73/73/73 500/500/500
f 71/71/71 73/73/73 74/74/74
f 74/74/74 75/75/75 71/71/71
f 2200/2200/2200 2201/2201/2201 2198/2198/2198
f 2198/2198/2198 2199/2199/2199 2200/2200/2200
f 2120/2120/2120 2121/2121/2121 2118/2118/2118
f 2118/2118/2118 2119/2119/2119 2120/2120/2120
f 2320/2320/2320 2321/2321/2321 2318/2318/2318
f 2318/2318/2318 2319/2319/2319 2320/2320/2320
f 2240/2240/2240 2241/2241/2241 2238/2238/2238
f 2238/2238/2238 2239/2239/2239 2240/2240/2240
f 2160/2160/2160 2161/2161/2161 2158/2158/2158
f 2158/2158/2158 2159/2159/2159 2160/2160/2160
f 2080/2080/2080 2081/2081/2081 2078/2078/2078
f 2078/2078/2078 2079/2079/2079 2080/2080/2080
f 1594/1594/1594 1595/1595/1595 579/579/579
f 1145/1145/1145 1594/1594/1594 577/577/577
f 577/577/577 69/69/69 1145/1145/1145
f 1142/1142/1142 1145/1145/1145 69/69/69
f 1145/1145/1145 1142/1142/1142 1141/1141/1141
f 1141/1141/1141 1144/1144/1144 1145/1145/1145
f 576/576/576 577/577/577 579/579/579
f 577/577/577 576/576/576 67/67/67
f 67/67/67 69/69/69 577/577/577
f 69/69/69 66/66/66 1142/1142/1142
f 69/69/69 67/67/67 63/63/63
f 63/63/63 66/66/66 69/69/69
f 1143/1143/1143 1142/1142/1142 66/66/66
f 1142/1142/1142 1143/1143/1143 1140/1140/1140
f 1140/1140/1140 1141/1141/1141 1142/1142/1142
f 66/66/66 65/65/65 1143/1143/1143
f 871/871/871 873/873/873 848/848/848
f 848/848/848 851/851/851 871/871/871
f 850/850/850 851/851/851 848/848/848
f 848/848/848 849/849/849 850/850/850
f 872/872/872 873/873/873 871/871/871
f 871/871/871 870/870/870 872/872/872
f 871/871/871 851/851/851 853/853/853
f 853/853/853 870/870/870 871/871/871
f 853/853/853 851/851/851 850/850/850
f 850/850/850 852/852/852 853/853/853
f 872/872/872 876/876/876 875/875/875
f 875/875/875 874/874/874 872/872/872
f 875/875/875 876/876/876 854/854/854
f 854/854/854 857/857/857 875/875/875
f 875/875/875 857/857/857 859/859/859
f 859/859/859 874/874/874 875/875/875
f 856/856/856 857/857/857 854/854/854
f 854/854/854 855/855/855 856/856/856
f 859/859/859 857/857/857 856/856/856
f 856/856/856 858/858/858 859/859/859
f 1875/1875/1875 1854/1854/1854 1853/1853/1853
f 1853/1853/1853 1878/1878/1878 1875/1875/1875
f 1855/1855/1855 1856/1856/1856 1853/1853/1853
f 1853/1853/1853 1854/1854/1854 1855/1855/1855
f 1875/1875/1875 1878/1878/1878 1877/1877/1877
f 1877/1877/1877 1876/1876/1876 1875/1875/1875
f 1875/1875/1875 1876/1876/1876 1857/1857/1857
f 1857/1857/1857 1854/1854/1854 1875/1875/1875
f 1855/1855/1855 1854/1854/1854 1857/1857/1857
f 1857/1857/1857 1858/1858/1858 1855/1855/1855
f 1879/1879/1879 1881/1881/1881 1877/1877/1877
f 1877/1877/1877 1880/1880/1880 1879/1879/1879
f 1879/1879/1879 1860/1860/1860 1859/1859/1859
f 1859/1859/1859 1881/1881/1881 1879/1879/1879
f 1879/1879/1879 1880/1880/1880 1863/1863/1863
f 1863/1863/1863 1860/1860/1860 1879/1879/1879
f 1861/1861/1861 1860/1860/1860 1863/1863/1863
f 1859/1859/1859 1860/1860/1860 1861/1861/1861
f 1861/1861/1861 1862/1862/1862 1859/1859/1859
f 1863/1863/1863 1864/1864/1864 1861/1861/1861
f 40/40/40 39/39/39 1121/1121/1121
f 36/36/36 39/39/39 40/40/40
f 39/39/39 36/36/36 35/35/35
f 35/35/35 38/38/38 39/39/39
f 505/505/505 38/38/38 35/35/35
f 37/37/37 36/36/36 41/41/41
f 40/40/40 41/41/41 36/36/36
f 336/336/336 37/37/37 42/42/42
f 41/41/41 42/42/42 37/37/37
f 42/42/42 335/335/335 336/336/336
f 1120/1120/1120 1124/1124/1124 1123/1123/1123
f 1394/1394/1394 1389/1389/1389 1120/1120/1120
f 1124/1124/1124 1120/1120/1120 1389/1389/1389
f 1389/1389/1389 1390/1390/1390 1124/1124/1124
f 1389/1389/1389 1394/1394/1394 1393/1393/1393
f 1393/1393/1393 1391/1391/1391 1389/1389/1389
f 1390/1390/1390 1389/1389/1389 1391/1391/1391
f 1391/1391/1391 1392/1392/1392 1390/1390/1390
f 1391/1391/1391 1393/1393/1393 1512/1512/1512
f 1512/1512/1512 1510/1510/1510 1391/1391/1391
f 1392/1392/1392 1391/1391/1391 1510/1510/1510
f 1512/1512/1512 1393/1393/1393 1397/1397/1397
f 1397/1397/1397 1393/1393/1393 1394/1394/1394
f 1394/1394/1394 1396/1396/1396 1397/1397/1397
f 1513/1513/1513 1397/1397/1397 1403/1403/1403
f 1399/1399/1399 1403/1403/1403 1397/1397/1397
f 1397/1397/1397 1396/1396/1396 1399/1399/1399
f 1397/1397/1397 1513/1513/1513 1512/1512/1512
f 1152/1152/1152 1137/1137/1137 1512/1512/1512
f 1512/1512/1512 1513/1513/1513 1152/1152/1152
f 1510/1510/1510 1512/1512/1512 1137/1137/1137
f 1137/1137/1137 1138/1138/1138 1510/1510/1510
f 1511/1511/1511 1510/1510/1510 1138/1138/1138
f 1510/1510/1510 1511/1511/1511 1392/1392/1392
f 1153/1153/1153 1135/1135/1135 1137/1137/1137
f 1137/1137/1137 1152/1152/1152 1153/1153/1153
f 1133/1133/1133 1138/1138/1138 1137/1137/1137
f 1137/1137/1137 1135/1135/1135 1133/1133/1133
f 1543/1543/1543 1540/1540/1540 1152/1152/1152
f 1152/1152/1152 1513/1513/1513 1543/1543/1543
f 1539/1539/1539 1153/1153/1153 1152/1152/1152
f 1152/1152/1152 1540/1540/1540 1539/1539/1539
f 1403/1403/1403 1543/1543/1543 1513/1513/1513
f 1543/1543/1543 1403/1403/1403 1402/1402/1402
f 1402/1402/1402 1516/1516/1516 1543/1543/1543
f 1540/1540/1540 1543/1543/1543 1516/1516/1516
f 1516/1516/1516 1149/1149/1149 1540/1540/1540
f 1540/1540/1540 1149/1149/1149 1148/1148/1148
f 1148/1148/1148 1539/1539/1539 1540/1540/1540
f 1153/1153/1153 1539/1539/1539 1538/1538/1538
f 1541/1541/1541 1261/1261/1261 1153/1153/1153
f 1261/1261/1261 1136/1136/1136 1153/1153/1153
f 1538/1538/1538 1541/1541/1541 1153/1153/1153
f 1135/1135/1135 1153/1153/1153 1136/1136/1136
f 1541/1541/1541 1538/1538/1538 1595/1595/1595
f 1541/1541/1541 1144/1144/1144 1589/1589/1589
f 1595/1595/1595 1594/1594/1594 1541/1541/1541
f 1541/1541/1541 1594/1594/1594 1144/1144/1144
f 1541/1541/1541 1589/1589/1589 1261/1261/1261
f 1264/1264/1264 1260/1260/1260 1261/1261/1261
f 1260/1260/1260 1136/1136/1136 1261/1261/1261
f 1262/1262/1262 1134/1134/1134 1136/1136/1136
f 1136/1136/1136 1260/1260/1260 1262/1262/1262
f 1135/1135/1135 1136/1136/1136 1134/1134/1134
f 1134/1134/1134 1133/1133/1133 1135/1135/1135
f 1131/1131/1131 1134/1134/1134 1262/1262/1262
f 1133/1133/1133 1134/1134/1134 1131/1131/1131
f 1597/1597/1597 585/585/585 584/584/584
f 584/584/584 1598/1598/1598 1597/1597/1597
f 1598/1598/1598 584/584/584 538/538/538
f 1596/1596/1596 1600/1600/1600 1597/1597/1597
f 1596/1596/1596 1597/1597/1597 1598/1598/1598
f 538/538/538 1563/1563/1563 1598/1598/1598
f 1599/1599/1599 1598/1598/1598 1563/1563/1563
f 1598/1598/1598 1599/1599/1599 1596/1596/1596
f 538/538/538 509/509/509 1563/1563/1563
f 538/538/538 539/539/539 509/509/509
f 581/581/581 540/540/540 539/539/539
f 507/507/507 509/509/509 539/539/539
f 539/539/539 540/540/540 507/507/507
f 507/507/507 508/508/508 509/509/509
f 509/509/509 508/508/508 510/510/510
f 1563/1563/1563 509/509/509 1544/1544/1544
f 1562/1562/1562 509/509/509 537/537/537
f 509/509/509 1562/1562/1562 1561/1561/1561
f 1561/1561/1561 1546/1546/1546 509/509/509
f 509/509/509 1546/1546/1546 1545/1545/1545
f 1544/1544/1544 509/509/509 1545/1545/1545
f 536/536/536 537/537/537 509/509/509
f 509/509/509 510/510/510 535/535/535
f 535/535/535 536/536/536 509/509/509
f 1563/1563/1563 1564/1564/1564 1599/1599/1599
f 1544/1544/1544 1564/1564/1564 1563/1563/1563
f 1596/1596/1596 1601/1601/1601 1600/1600/1600
f 1601/1601/1601 1548/1548/1548 1547/1547/1547
f 1547/1547/1547 1600/1600/1600 1601/1601/1601
f 1330/1330/1330 1333/1333/1333 1334/1334/1334
f 1335/1335/1335 1085/1085/1085 2073/2073/2073
f 1335/1335/1335 2073/2073/2073 2074/2074/2074
f 2074/2074/2074 2073/2073/2073 1330/1330/1330
f 2073/2073/2073 1085/1085/1085 1075/1075/1075
f 1075/1075/1075 2069/2069/2069 2073/2073/2073
f 2073/2073/2073 2069/2069/2069 1330/1330/1330
f 1330/1330/1330 1332/1332/1332 1333/1333/1333
f 2075/2075/2075 1331/1331/1331 1330/1330/1330
f 1330/1330/1330 2070/2070/2070 2075/2075/2075
f 2070/2070/2070 1330/1330/1330 2069/2069/2069
f 1330/1330/1330 1331/1331/1331 1332/1332/1332
f 1333/1333/1333 1332/1332/1332 264/264/264
f 1342/1342/1342 280/280/280 279/279/279
f 279/279/279 280/280/280 275/275/275
f 1341/1341/1341 1340/1340/1340 2061/2061/2061
f 2061/2061/2061 2060/2060/2060 1341/1341/1341
f 1340/1340/1340 1341/1341/1341 1342/1342/1342
f 2060/2060/2060 2061/2061/2061 1324/1324/1324
f 1324/1324/1324 1323/1323/1323 2060/2060/2060
f 1328/1328/1328 1324/1324/1324 2061/2061/2061
f 2061/2061/2061 2067/2067/2067 1328/1328/1328
f 2067/2067/2067 2061/2061/2061 1340/1340/1340
f 1340/1340/1340 1498/1498/1498 2067/2067/2067
f 1498/1498/1498 1340/1340/1340 1343/1343/1343
f 1342/1342/1342 1343/1343/1343 1340/1340/1340
f 308/308/308 311/311/311 599/599/599
f 599/599/599 312/312/312 308/308/308
f 311/311/311 308/308/308 307/307/307
f 307/307/307 310/310/310 311/311/311
f 599/599/599 311/311/311 1364/1364/1364
f 311/311/311 310/310/310 1365/1365/1365
f 1365/1365/1365 1364/1364/1364 311/311/311
f 1364/1364/1364 1366/1366/1366 599/599/599
f 1366/1366/1366 1364/1364/1364 1363/1363/1363
f 1364/1364/1364 1365/1365/1365 1275/1275/1275
f 1275/1275/1275 1363/1363/1363 1364/1364/1364
f 1363/1363/1363 1367/1367/1367 1366/1366/1366
f 1275/1275/1275 1653/1653/1653 1363/1363/1363
f 1367/1367/1367 1363/1363/1363 1653/1653/1653
f 279/279/279 1344/1344/1344 1342/1342/1342
f 1343/1343/1343 1342/1342/1342 1344/1344/1344
f 1343/1343/1343 1499/1499/1499 1498/1498/1498
f 1499/1499/1499 1343/1343/1343 1345/1345/1345
f 1344/1344/1344 1345/1345/1345 1343/1343/1343
f 1498/1498/1498 1168/1168/1168 2048/2048/2048
f 2048/2048/2048 2067/2067/2067 1498/1498/1498
f 1168/1168/1168 1498/1498/1498 1499/1499/1499
f 2067/2067/2067 2048/2048/2048 1329/1329/1329
f 1329/1329/1329 1328/1328/1328 2067/2067/2067
f 1336/1336/1336 1329/1329/1329 2048/2048/2048
f 2048/2048/2048 2047/2047/2047 1336/1336/1336
f 66/66/66 63/63/63 62/62/62
f 62/62/62 65/65/65 66/66/66
f 64/64/64 63/63/63 67/67/67
f 63/63/63 64/64/64 61/61/61
f 61/61/61 62/62/62 63/63/63
f 576/576/576 68/68/68 67/67/67
f 67/67/67 68/68/68 64/64/64
f 1263/1263/1263 1262/1262/1262 1264/1264/1264
f 1262/1262/1262 1260/1260/1260 1264/1264/1264
f 1262/1262/1262 1263/1263/1263 1131/1131/1131
f 1263/1263/1263 1264/1264/1264 1524/1524/1524
f 1263/1263/1263 1524/1524/1524 1131/1131/1131
f 1131/1131/1131 1132/1132/1132 1133/1133/1133
f 1138/1138/1138 1133/1133/1133 1132/1132/1132
f 1132/1132/1132 1139/1139/1139 1138/1138/1138
f 1138/1138/1138 1139/1139/1139 1511/1511/1511
f 1594/1594/1594 1145/1145/1145 1144/1144/1144
f 579/579/579 577/577/577 1594/1594/1594
f 1528/1528/1528 1529/1529/1529 1527/1527/1527
f 1187/1187/1187 1184/1184/1184 1183/1183/1183
f 1183/1183/1183 1184/1184/1184 1185/1185/1185
f 1184/1184/1184 2077/2077/2077 1185/1185/1185
f 1179/1179/1179 1198/1198/1198 1228/1228/1228
f 1216/1216/1216 1214/1214/1214 1213/1213/1213
f 1213/1213/1213 1215/1215/1215 1216/1216/1216
f 1213/1213/1213 1214/1214/1214 1204/1204/1204
f 1204/1204/1204 1201/1201/1201 1200/1200/1200
f 1205/1205/1205 1200/1200/1200 1191/1191/1191
f 1202/1202/1202 1191/1191/1191 1200/1200/1200
f 1200/1200/1200 1201/1201/1201 1202/1202/1202
f 1205/1205/1205 1190/1190/1190 1220/1220/1220
f 1220/1220/1220 1228/1228/1228 1205/1205/1205
f 1191/1191/1191 1190/1190/1190 1205/1205/1205
f 1191/1191/1191 1202/1202/1202 1417/1417/1417
f 92/92/92 89/89/89 88/88/88
f 88/88/88 91/91/91 92/92/92
f 89/89/89 92/92/92 93/93/93
f 92/92/92 1049/1049/1049 1050/1050/1050
f 1050/1050/1050 93/93/93 92/92/92
f 1049/1049/1049 92/92/92 91/91/91
f 1048/1048/1048 91/91/91 457/457/457
f 91/91/91 1048/1048/1048 1049/1049/1049
f 456/456/456 457/457/457 91/91/91
f 457/457/457 456/456/456 274/274/274
f 277/277/277 274/274/274 456/456/456
f 457/457/457 1074/1074/1074 1048/1048/1048
f 1074/1074/1074 457/457/457 273/273/273
f 274/274/274 273/273/273 457/457/457
f 257/257/257 1048/1048/1048 1074/1074/1074
f 270/270/270 1049/1049/1049 1048/1048/1048
f 1048/1048/1048 257/257/257 270/270/270
f 1049/1049/1049 270/270/270 272/272/272
f 1074/1074/1074 258/258/258 257/257/257
f 258/258/258 1074/1074/1074 1065/1065/1065
f 273/273/273 1065/1065/1065 1074/1074/1074
f 276/276/276 1064/1064/1064 1065/1065/1065
f 1065/1065/1065 273/273/273 276/276/276
f 251/251/251 1064/1064/1064 1063/1063/1063
f 1064/1064/1064 276/276/276 281/281/281
f 281/281/281 1063/1063/1063 1064/1064/1064
f 1063/1063/1063 252/252/252 251/251/251
f 249/249/249 251/251/251 252/252/252
f 1323/1323/1323 252/252/252 1063/1063/1063
f 1063/1063/1063 2060/2060/2060 1323/1323/1323
f 2060/2060/2060 1063/1063/1063 281/281/281
f 281/281/281 1341/1341/1341 2060/2060/2060
f 1341/1341/1341 281/281/281 280/280/280
f 280/280/280 281/281/281 276/276/276
f 276/276/276 275/275/275 280/280/280
f 275/275/275 276/276/276 273/273/273
f 280/280/280 1342/1342/1342 1341/1341/1341
f 578/578/578 501/501/501 503/503/503
f 501/501/501 500/500/500 76/76/76
f 76/76/76 503/503/503 501/501/501
f 579/579/579 578/578/578 576/576/576
f 503/503/503 576/576/576 578/578/578
f 503/503/503 76/76/76 185/185/185
f 503/503/503 567/567/567 68/68/68
f 503/503/503 68/68/68 576/576/576
f 503/503/503 185/185/185 567/567/567
f 185/185/185 76/76/76 56/56/56
f 77/77/77 76/76/76 500/500/500
f 2047/2047/2047 2048/2048/2048 1168/1168/1168
f 1168/1168/1168 1167/1167/1167 2047/2047/2047
f 1499/1499/1499 1166/1166/1166 1168/1168/1168
f 1167/1167/1167 1168/1168/1168 1166/1166/1166
f 1345/1345/1345 1500/1500/1500 1499/1499/1499
f 1166/1166/1166 1499/1499/1499 1500/1500/1500
f 1500/1500/1500 1163/1163/1163 1166/1166/1166
f 1166/1166/1166 1165/1165/1165 1167/1167/1167
f 1165/1165/1165 1166/1166/1166 1163/1163/1163
f 1167/1167/1167 1169/1169/1169 2049/2049/2049
f 2049/2049/2049 2047/2047/2047 1167/1167/1167
f 1169/1169/1169 1167/1167/1167 1165/1165/1165
f 2047/2047/2047 2049/2049/2049 1339/1339/1339
f 1339/1339/1339 1336/1336/1336 2047/2047/2047
f 1359/1359/1359 1339/1339/1339 2049/2049/2049
f 2049/2049/2049 2064/2064/2064 1359/1359/1359
f 2064/2064/2064 2049/2049/2049 1169/1169/1169
f 1169/1169/1169 1360/1360/1360 2064/2064/2064
f 1360/1360/1360 1169/1169/1169 1170/1170/1170
f 1165/1165/1165 1170/1170/1170 1169/1169/1169
f 1170/1170/1170 1165/1165/1165 1164/1164/1164
f 1163/1163/1163 1164/1164/1164 1165/1165/1165
f 1170/1170/1170 1361/1361/1361 1360/1360/1360
f 1361/1361/1361 1170/1170/1170 1171/1171/1171
f 1164/1164/1164 1171/1171/1171 1170/1170/1170
f 1360/1360/1360 301/301/301 1071/1071/1071
f 352/352/352 354/354/354 355/355/355
f 482/482/482 354/354/354 352/352/352
f 352/352/352 481/481/481 482/482/482
f 282/282/282 481/481/481 352/352/352
f 352/352/352 7/7/7 282/282/282
f 962/962/962 482/482/482 481/481/481
f 962/962/962 481/481/481 282/282/282
f 282/282/282 285/285/285 962/962/962
f 282/282/282 7/7/7 6/6/6
f 6/6/6 283/283/283 282/282/282
f 284/284/284 285/285/285 282/282/282
f 282/282/282 283/283/283 284/284/284
f 93/93/93 1050/1050/1050 1070/1070/1070
f 1071/1071/1071 2064/2064/2064 1360/1360/1360
f 301/301/301 1360/1360/1360 1361/1361/1361
f 2064/2064/2064 1071/1071/1071 299/299/299
f 299/299/299 1359/1359/1359 2064/2064/2064
f 304/304/304 1070/1070/1070 1071/1071/1071
f 1071/1071/1071 301/301/301 304/304/304
f 299/299/299 1071/1071/1071 1070/1070/1070
f 1361/1361/1361 302/302/302 301/301/301
f 303/303/303 304/304/304 301/301/301
f 301/301/301 302/302/302 303/303/303
f 1171/1171/1171 1362/1362/1362 1361/1361/1361
f 1409/1409/1409 364/364/364 363/363/363
f 363/363/363 364/364/364 358/358/358
f 1362/1362/1362 1171/1171/1171 2051/2051/2051
f 2051/2051/2051 2062/2062/2062 1362/1362/1362
f 2062/2062/2062 2051/2051/2051 2053/2053/2053
f 2053/2053/2053 2063/2063/2063 2062/2062/2062
f 1066/1066/1066 2062/2062/2062 2063/2063/2063
f 2062/2062/2062 1066/1066/1066 305/305/305
f 305/305/305 1362/1362/1362 2062/2062/2062
f 2063/2063/2063 1068/1068/1068 1066/1066/1066
f 1069/1069/1069 1067/1067/1067 1066/1066/1066
f 1066/1066/1066 1068/1068/1068 1069/1069/1069
f 305/305/305 1066/1066/1066 1067/1067/1067
f 1067/1067/1067 1069/1069/1069 1053/1053/1053
f 70/70/70 72/72/72 73/73/73
f 30/30/30 71/71/71 75/75/75
f 75/75/75 31/31/31 30/30/30
f 27/27/27 30/30/30 31/31/31
f 573/573/573 31/31/31 75/75/75
f 574/574/574 32/32/32 31/31/31
f 31/31/31 573/573/573 574/574/574
f 31/31/31 32/32/32 27/27/27
f 575/575/575 574/574/574 573/573/573
f 32/32/32 574/574/574 291/291/291
f 574/574/574 575/575/575 293/293/293
f 293/293/293 291/291/291 574/574/574
f 291/291/291 33/33/33 32/32/32
f 28/28/28 27/27/27 32/32/32
f 32/32/32 33/33/33 28/28/28
f 27/27/27 28/28/28 25/25/25
f 244/244/244 28/28/28 33/33/33
f 28/28/28 244/244/244 243/243/243
f 243/243/243 25/25/25 28/28/28
f 292/292/292 246/246/246 33/33/33
f 33/33/33 291/291/291 292/292/292
f 33/33/33 246/246/246 244/244/244
f 294/294/294 292/292/292 291/291/291
f 1249/1249/1249 1216/1216/1216 1215/1215/1215
f 1215/1215/1215 1250/1250/1250 1249/1249/1249
f 1249/1249/1249 1250/1250/1250 1251/1251/1251
f 1967/1967/1967 1250/1250/1250 1215/1215/1215
f 1967/1967/1967 1251/1251/1251 1250/1250/1250
f 272/272/272 1050/1050/1050 1049/1049/1049
f 270/270/270 269/269/269 271/271/271
f 271/271/271 272/272/272 270/270/270
f 269/269/269 270/270/270 257/257/257
f 1050/1050/1050 272/272/272 300/300/300
f 300/300/300 272/272/272 271/271/271
f 271/271/271 297/297/297 300/300/300
f 297/297/297 271/271/271 247/247/247
f 247/247/247 271/271/271 269/269/269
f 1070/1070/1070 300/300/300 299/299/299
f 300/300/300 1070/1070/1070 1050/1050/1050
f 299/299/299 300/300/300 297/297/297
f 297/297/297 298/298/298 299/299/299
f 298/298/298 297/297/297 296/296/296
f 247/247/247 296/296/296 297/297/297
f 1358/1358/1358 1359/1359/1359 299/299/299
f 299/299/299 298/298/298 1358/1358/1358
f 298/298/298 295/295/295 1357/1357/1357
f 1357/1357/1357 1358/1358/1358 298/298/298
f 296/296/296 295/295/295 298/298/298
f 1359/1359/1359 1358/1358/1358 1338/1338/1338
f 1358/1358/1358 1357/1357/1357 1320/1320/1320
f 1320/1320/1320 1338/1338/1338 1358/1358/1358
f 1338/1338/1338 1339/1339/1339 1359/1359/1359
f 1336/1336/1336 1339/1339/1339 1338/1338/1338
f 1338/1338/1338 1337/1337/1337 1336/1336/1336
f 1615/1615/1615 1614/1614/1614 1632/1632/1632
f 1616/1616/1616 1617/1617/1617 1614/1614/1614
f 1614/1614/1614 1615/1615/1615 1616/1616/1616
f 1620/1620/1620 1615/1615/1615 1631/1631/1631
f 1632/1632/1632 1631/1631/1631 1615/1615/1615
f 1616/1616/1616 1615/1615/1615 1620/1620/1620
f 1631/1631/1631 1632/1632/1632 1627/1627/1627
f 1631/1631/1631 1630/1630/1630 1620/1620/1620
f 1627/1627/1627 1630/1630/1630 1631/1631/1631
f 1629/1629/1629 1630/1630/1630 1627/1627/1627
f 1627/1627/1627 1628/1628/1628 1629/1629/1629
f 1624/1624/1624 1620/1620/1620 1630/1630/1630
f 1630/1630/1630 1629/1629/1629 1624/1624/1624
f 1629/1629/1629 1628/1628/1628 1621/1621/1621
f 1621/1621/1621 1624/1624/1624 1629/1629/1629
f 1625/1625/1625 1620/1620/1620 1624/1624/1624
f 1624/1624/1624 1623/1623/1623 1625/1625/1625
f 1623/1623/1623 1624/1624/1624 1621/1621/1621
f 1621/1621/1621 1622/1622/1622 1623/1623/1623
f 1623/1623/1623 1622/1622/1622 1626/1626/1626
f 1626/1626/1626 1625/1625/1625 1623/1623/1623
f 1633/1633/1633 1625/1625/1625 1626/1626/1626
f 302/302/302 1361/1361/1361 1362/1362/1362
f 1362/1362/1362 305/305/305 302/302/302
f 306/306/306 303/303/303 302/302/302
f 302/302/302 305/305/305 306/306/306
f 304/304/304 303/303/303 94/94/94
f 303/303/303 306/306/306 95/95/95
f 95/95/95 94/94/94 303/303/303
f 1070/1070/1070 304/304/304 93/93/93
f 94/94/94 93/93/93 304/304/304
f 90/90/90 89/89/89 94/94/94
f 94/94/94 95/95/95 90/90/90
f 93/93/93 94/94/94 89/89/89
f 242/242/242 254/254/254 255/255/255
f 269/269/269 245/245/245 247/247/247
f 245/245/245 269/269/269 254/254/254
f 257/257/257 254/254/254 269/269/269
f 258/258/258 255/255/255 254/254/254
f 254/254/254 257/257/257 258/258/258
f 256/256/256 255/255/255 248/248/248
f 255/255/255 258/258/258 250/250/250
f 250/250/250 248/248/248 255/255/255
f 11/11/11 441/441/441 256/256/256
f 256/256/256 14/14/14 11/11/11
f 248/248/248 14/14/14 256/256/256
f 251/251/251 249/249/249 248/248/248
f 248/248/248 250/250/250 251/251/251
f 14/14/14 248/248/248 249/249/249
f 1065/1065/1065 250/250/250 258/258/258
f 1064/1064/1064 251/251/251 250/250/250
f 250/250/250 1065/1065/1065 1064/1064/1064
f 16/16/16 1104/1104/1104 1102/1102/1102
f 15/15/15 249/249/249 253/253/253
f 253/253/253 16/16/16 15/15/15
f 252/252/252 253/253/253 249/249/249
f 249/249/249 15/15/15 14/14/14
f 11/11/11 14/14/14 15/15/15
f 1104/1104/1104 1105/1105/1105 1103/1103/1103
f 1103/1103/1103 1102/1102/1102 1104/1104/1104
f 1102/1102/1102 1103/1103/1103 1100/1100/1100
f 1321/1321/1321 1322/1322/1322 1105/1105/1105
f 1105/1105/1105 1104/1104/1104 1321/1321/1321
f 1326/1326/1326 1322/1322/1322 1324/1324/1324
f 1323/1323/1323 1324/1324/1324 1322/1322/1322
f 1322/1322/1322 1321/1321/1321 1323/1323/1323
f 1324/1324/1324 1328/1328/1328 1326/1326/1326
f 252/252/252 1323/1323/1323 1321/1321/1321
f 253/253/253 1321/1321/1321 1104/1104/1104
f 1321/1321/1321 253/253/253 252/252/252
f 1104/1104/1104 16/16/16 253/253/253
f 1316/1316/1316 1315/1315/1315 1327/1327/1327
f 1327/1327/1327 1337/1337/1337 1316/1316/1316
f 1315/1315/1315 1316/1316/1316 1317/1317/1317
f 1337/1337/1337 1327/1327/1327 1329/1329/1329
f 1329/1329/1329 1336/1336/1336 1337/1337/1337
f 1328/1328/1328 1329/1329/1329 1327/1327/1327
f 1327/1327/1327 1326/1326/1326 1328/1328/1328
f 1326/1326/1326 1327/1327/1327 1315/1315/1315
f 1485/1485/1485 1325/1325/1325 1315/1315/1315
f 1315/1315/1315 1318/1318/1318 1485/1485/1485
f 1315/1315/1315 1325/1325/1325 1326/1326/1326
f 1317/1317/1317 1318/1318/1318 1315/1315/1315
f 502/502/502 500/500/500 73/73/73
f 73/73/73 72/72/72 502/502/502
f 77/77/77 502/502/502 506/506/506
f 500/500/500 502/502/502 77/77/77
f 1408/1408/1408 1410/1410/1410 1411/1411/1411
f 1408/1408/1408 1411/1411/1411 1571/1571/1571
f 1411/1411/1411 1410/1410/1410 1412/1412/1412
f 1572/1572/1572 1571/1571/1571 1470/1470/1470
f 1571/1571/1571 1572/1572/1572 1408/1408/1408
f 1408/1408/1408 1409/1409/1409 1410/1410/1410
f 363/363/363 1410/1410/1410 1409/1409/1409
f 1410/1410/1410 363/363/363 362/362/362
f 362/362/362 1412/1412/1412 1410/1410/1410
f 1412/1412/1412 1582/1582/1582 1575/1575/1575
f 1582/1582/1582 1412/1412/1412 362/362/362
f 1406/1406/1406 1094/1094/1094 1575/1575/1575
f 1575/1575/1575 1582/1582/1582 1406/1406/1406
f 362/362/362 1583/1583/1583 1582/1582/1582
f 1582/1582/1582 1583/1583/1583 355/355/355
f 355/355/355 1406/1406/1406 1582/1582/1582
f 1407/1407/1407 1406/1406/1406 355/355/355
f 1094/1094/1094 1406/1406/1406 1407/1407/1407
f 1407/1407/1407 1095/1095/1095 1094/1094/1094
f 1096/1096/1096 1097/1097/1097 1094/1094/1094
f 1094/1094/1094 1095/1095/1095 1096/1096/1096
f 482/482/482 1523/1523/1523 1407/1407/1407
f 1407/1407/1407 354/354/354 482/482/482
f 1346/1346/1346 1095/1095/1095 1407/1407/1407
f 1407/1407/1407 1523/1523/1523 1346/1346/1346
f 355/355/355 354/354/354 1407/1407/1407
f 57/57/57 56/56/56 76/76/76
f 76/76/76 77/77/77 58/58/58
f 58/58/58 57/57/57 76/76/76
f 188/188/188 185/185/185 184/184/184
f 184/184/184 185/185/185 56/56/56
f 187/187/187 184/184/184 56/56/56
f 56/56/56 53/53/53 187/187/187
f 53/53/53 56/56/56 57/57/57
f 54/54/54 57/57/57 58/58/58
f 57/57/57 54/54/54 53/53/53
f 187/187/187 53/53/53 52/52/52
f 52/52/52 53/53/53 54/54/54
f 186/186/186 188/188/188 187/187/187
f 187/187/187 188/188/188 184/184/184
f 52/52/52 186/186/186 187/187/187
f 186/186/186 483/483/483 188/188/188
f 1148/1148/1148 1149/1149/1149 1147/1147/1147
f 1147/1147/1147 1149/1149/1149 1516/1516/1516
f 1516/1516/1516 1515/1515/1515 1147/1147/1147
f 1515/1515/1515 1516/1516/1516 1402/1402/1402
f 1402/1402/1402 1514/1514/1514 1515/1515/1515
f 1514/1514/1514 1402/1402/1402 1398/1398/1398
f 1399/1399/1399 1398/1398/1398 1402/1402/1402
f 1402/1402/1402 1403/1403/1403 1399/1399/1399
f 26/26/26 29/29/29 30/30/30
f 25/25/25 26/26/26 27/27/27
f 473/473/473 70/70/70 29/29/29
f 71/71/71 30/30/30 29/29/29
f 29/29/29 70/70/70 71/71/71
f 70/70/70 473/473/473 472/472/472
f 348/348/348 472/472/472 473/473/473
f 506/506/506 472/472/472 348/348/348
f 472/472/472 506/506/506 502/502/502
f 502/502/502 72/72/72 472/472/472
f 472/472/472 72/72/72 70/70/70
f 73/73/73 71/71/71 70/70/70
f 1337/1337/1337 1338/1338/1338 1320/1320/1320
f 1319/1319/1319 1320/1320/1320 1357/1357/1357
f 1320/1320/1320 1316/1316/1316 1337/1337/1337
f 1316/1316/1316 1320/1320/1320 1319/1319/1319
f 1357/1357/1357 1355/1355/1355 1319/1319/1319
f 1355/1355/1355 1357/1357/1357 295/295/295
f 295/295/295 294/294/294 1355/1355/1355
f 1356/1356/1356 1355/1355/1355 294/294/294
f 1355/1355/1355 1356/1356/1356 1118/1118/1118
f 1118/1118/1118 1319/1319/1319 1355/1355/1355
f 1319/1319/1319 1317/1317/1317 1316/1316/1316
f 1317/1317/1317 1319/1319/1319 1118/1118/1118
f 1118/1118/1118 1111/1111/1111 1317/1317/1317
f 1318/1318/1318 1317/1317/1317 1111/1111/1111
f 1117/1117/1117 1118/1118/1118 1356/1356/1356
f 1111/1111/1111 1118/1118/1118 1117/1117/1117
f 1356/1356/1356 1593/1593/1593 1117/1117/1117
f 1593/1593/1593 1356/1356/1356 293/293/293
f 294/294/294 293/293/293 1356/1356/1356
f 293/293/293 575/575/575 1593/1593/1593
f 1103/1103/1103 1105/1105/1105 1325/1325/1325
f 1325/1325/1325 1485/1485/1485 1103/1103/1103
f 1325/1325/1325 1105/1105/1105 1322/1322/1322
f 1322/1322/1322 1326/1326/1326 1325/1325/1325
f 1100/1100/1100 1103/1103/1103 1485/1485/1485
f 291/291/291 293/293/293 294/294/294
f 246/246/246 292/292/292 296/296/296
f 292/292/292 294/294/294 295/295/295
f 295/295/295 296/296/296 292/292/292
f 296/296/296 247/247/247 246/246/246
f 245/245/245 244/244/244 246/246/246
f 246/246/246 247/247/247 245/245/245
f 244/244/244 245/245/245 242/242/242
f 242/242/242 243/243/243 244/244/244
f 441/441/441 243/243/243 242/242/242
f 242/242/242 256/256/256 441/441/441
f 254/254/254 242/242/242 245/245/245
f 255/255/255 256/256/256 242/242/242
f 348/348/348 349/349/349 506/506/506
f 347/347/347 349/349/349 348/348/348
f 341/341/341 347/347/347 346/346/346
f 348/348/348 344/344/344 347/347/347
f 346/346/346 347/347/347 344/344/344
f 346/346/346 342/342/342 341/341/341
f 341/341/341 342/342/342 34/34/34
f 34/34/34 340/340/340 341/341/341
f 37/37/37 336/336/336 340/340/340
f 340/340/340 34/34/34 37/37/37
f 35/35/35 34/34/34 342/342/342
f 36/36/36 37/37/37 34/34/34
f 34/34/34 35/35/35 36/36/36
f 342/342/342 504/504/504 35/35/35
f 376/376/376 504/504/504 342/342/342
f 342/342/342 346/346/346 376/376/376
f 376/376/376 346/346/346 345/345/345
f 344/344/344 345/345/345 346/346/346
f 504/504/504 376/376/376 380/380/380
f 380/380/380 376/376/376 375/375/375
f 345/345/345 375/375/375 376/376/376
f 35/35/35 504/504/504 505/505/505
f 380/380/380 505/505/505 504/504/504
f 1542/1542/1542 505/505/505 380/380/380
f 380/380/380 1424/1424/1424 1542/1542/1542
f 380/380/380 379/379/379 1425/1425/1425
f 1425/1425/1425 1424/1424/1424 380/380/380
f 375/375/375 379/379/379 380/380/380
f 375/375/375 377/377/377 378/378/378
f 378/378/378 379/379/379 375/375/375
f 351/351/351 377/377/377 375/375/375
f 375/375/375 345/345/345 351/351/351
f 350/350/350 351/351/351 345/345/345
f 345/345/345 344/344/344 350/350/350
f 450/450/450 351/351/351 350/350/350
f 440/440/440 10/10/10 20/20/20
f 441/441/441 11/11/11 10/10/10
f 10/10/10 440/440/440 441/441/441
f 20/20/20 10/10/10 13/13/13
f 12/12/12 13/13/13 10/10/10
f 10/10/10 11/11/11 12/12/12
f 20/20/20 443/443/443 440/440/440
f 25/25/25 440/440/440 443/443/443
f 243/243/243 441/441/441 440/440/440
f 440/440/440 25/25/25 243/243/243
f 443/443/443 20/20/20 19/19/19
f 13/13/13 21/21/21 20/20/20
f 19/19/19 20/20/20 21/21/21
f 21/21/21 13/13/13 18/18/18
f 13/13/13 12/12/12 17/17/17
f 17/17/17 18/18/18 13/13/13
f 12/12/12 15/15/15 16/16/16
f 16/16/16 17/17/17 12/12/12
f 15/15/15 12/12/12 11/11/11
f 1101/1101/1101 18/18/18 17/17/17
f 17/17/17 1102/1102/1102 1101/1101/1101
f 1102/1102/1102 17/17/17 16/16/16
f 145/145/145 116/116/116 115/115/115
f 116/116/116 111/111/111 112/112/112
f 112/112/112 115/115/115 116/116/116
f 115/115/115 144/144/144 145/145/145
f 106/106/106 145/145/145 144/144/144
f 144/144/144 115/115/115 114/114/114
f 114/114/114 115/115/115 112/112/112
f 113/113/113 112/112/112 368/368/368
f 368/368/368 112/112/112 111/111/111
f 112/112/112 113/113/113 114/114/114
f 111/111/111 110/110/110 368/368/368
f 110/110/110 111/111/111 107/107/107
f 368/368/368 125/125/125 113/113/113
f 470/470/470 58/58/58 77/77/77
f 77/77/77 471/471/471 470/470/470
f 470/470/470 471/471/471 343/343/343
f 343/343/343 339/339/339 470/470/470
f 470/470/470 339/339/339 338/338/338
f 336/336/336 338/338/338 339/339/339
f 338/338/338 336/336/336 335/335/335
f 335/335/335 337/337/337 338/338/338
f 340/340/340 339/339/339 343/343/343
f 339/339/339 340/340/340 336/336/336
f 349/349/349 343/343/343 471/471/471
f 347/347/347 341/341/341 343/343/343
f 343/343/343 349/349/349 347/347/347
f 343/343/343 341/341/341 340/340/340
f 471/471/471 506/506/506 349/349/349
f 506/506/506 471/471/471 77/77/77
f 719/719/719 721/721/721 694/694/694
f 694/694/694 697/697/697 719/719/719
f 696/696/696 697/697/697 694/694/694
f 694/694/694 695/695/695 696/696/696
f 720/720/720 721/721/721 719/719/719
f 719/719/719 718/718/718 720/720/720
f 719/719/719 697/697/697 699/699/699
f 699/699/699 718/718/718 719/719/719
f 699/699/699 697/697/697 696/696/696
f 696/696/696 698/698/698 699/699/699
f 720/720/720 724/724/724 723/723/723
f 723/723/723 722/722/722 720/720/720
f 723/723/723 724/724/724 700/700/700
f 700/700/700 703/703/703 723/723/723
f 723/723/723 703/703/703 706/706/706
f 706/706/706 722/722/722 723/723/723
f 702/702/702 703/703/703 700/700/700
f 700/700/700 701/701/701 702/702/702
f 706/706/706 703/703/703 704/704/704
f 704/704/704 705/705/705 706/706/706
f 1723/1723/1723 1700/1700/1700 1699/1699/1699
f 1699/1699/1699 1726/1726/1726 1723/1723/1723
f 1701/1701/1701 1702/1702/1702 1699/1699/1699
f 1699/1699/1699 1700/1700/1700 1701/1701/1701
f 1723/1723/1723 1726/1726/1726 1725/1725/1725
f 1725/1725/1725 1724/1724/1724 1723/1723/1723
f 1723/1723/1723 1724/1724/1724 1703/1703/1703
f 1703/1703/1703 1700/1700/1700 1723/1723/1723
f 1701/1701/1701 1700/1700/1700 1703/1703/1703
f 1703/1703/1703 1704/1704/1704 1701/1701/1701
f 1727/1727/1727 1729/1729/1729 1725/1725/1725
f 1725/1725/1725 1728/1728/1728 1727/1727/1727
f 1727/1727/1727 1706/1706/1706 1705/1705/1705
f 1705/1705/1705 1729/1729/1729 1727/1727/1727
f 1727/1727/1727 1728/1728/1728 1710/1710/1710
f 1710/1710/1710 1706/1706/1706 1727/1727/1727
f 1709/1709/1709 1706/1706/1706 1710/1710/1710
f 1705/1705/1705 1706/1706/1706 1707/1707/1707
f 1707/1707/1707 1708/1708/1708 1705/1705/1705
f 1710/1710/1710 1711/1711/1711 1709/1709/1709
f 1494/1494/1494 1405/1405/1405 1404/1404/1404
f 1497/1497/1497 1494/1494/1494 1404/1404/1404
f 1514/1514/1514 1405/1405/1405 1494/1494/1494
f 1398/1398/1398 1405/1405/1405 1514/1514/1514
f 1405/1405/1405 1398/1398/1398 1401/1401/1401
f 1401/1401/1401 1404/1404/1404 1405/1405/1405
f 1404/1404/1404 1426/1426/1426 1497/1497/1497
f 1404/1404/1404 1401/1401/1401 1425/1425/1425
f 1425/1425/1425 1426/1426/1426 1404/1404/1404
f 1426/1426/1426 2046/2046/2046 1497/1497/1497
f 1426/1426/1426 1047/1047/1047 1046/1046/1046
f 1046/1046/1046 2046/2046/2046 1426/1426/1426
f 378/378/378 1426/1426/1426 1425/1425/1425
f 1425/1425/1425 379/379/379 378/378/378
f 1424/1424/1424 1425/1425/1425 1401/1401/1401
f 1401/1401/1401 1400/1400/1400 1424/1424/1424
f 1400/1400/1400 1401/1401/1401 1398/1398/1398
f 1424/1424/1424 1400/1400/1400 1395/1395/1395
f 1395/1395/1395 1542/1542/1542 1424/1424/1424
f 1396/1396/1396 1395/1395/1395 1400/1400/1400
f 1400/1400/1400 1399/1399/1399 1396/1396/1396
f 1398/1398/1398 1399/1399/1399 1400/1400/1400
f 186/186/186 52/52/52 483/483/483
f 54/54/54 55/55/55 52/52/52
f 55/55/55 54/54/54 59/59/59
f 58/58/58 59/59/59 54/54/54
f 59/59/59 60/60/60 55/55/55
f 469/469/469 59/59/59 58/58/58
f 59/59/59 469/469/469 468/468/468
f 468/468/468 60/60/60 59/59/59
f 338/338/338 469/469/469 470/470/470
f 58/58/58 470/470/470 469/469/469
f 469/469/469 338/338/338 337/337/337
f 337/337/337 468/468/468 469/469/469
f 2136/2136/2136 2137/2137/2137 2134/2134/2134
f 2134/2134/2134 2135/2135/2135 2136/2136/2136
f 2216/2216/2216 2217/2217/2217 2214/2214/2214
f 2214/2214/2214 2215/2215/2215 2216/2216/2216
f 1108/1108/1108 23/23/23 18/18/18
f 18/18/18 1101/1101/1101 1108/1108/1108
f 18/18/18 23/23/23 21/21/21
f 22/22/22 21/21/21 23/23/23
f 21/21/21 22/22/22 19/19/19
f 1107/1107/1107 24/24/24 23/23/23
f 23/23/23 1108/1108/1108 1107/1107/1107
f 23/23/23 24/24/24 22/22/22
f 1109/1109/1109 1108/1108/1108 1101/1101/1101
f 1108/1108/1108 1109/1109/1109 1106/1106/1106
f 1106/1106/1106 1107/1107/1107 1108/1108/1108
f 1101/1101/1101 1100/1100/1100 1109/1109/1109
f 1100/1100/1100 1101/1101/1101 1102/1102/1102
f 4/4/4 553/553/553 556/556/556
f 553/553/553 4/4/4 353/353/353
f 5/5/5 4/4/4 556/556/556
f 352/352/352 353/353/353 4/4/4
f 4/4/4 7/7/7 352/352/352
f 6/6/6 7/7/7 4/4/4
f 4/4/4 5/5/5 6/6/6
f 556/556/556 553/553/553 555/555/555
f 552/552/552 555/555/555 553/553/553
f 553/553/553 560/560/560 361/361/361
f 361/361/361 360/360/360 553/553/553
f 353/353/353 560/560/560 553/553/553
f 552/552/552 553/553/553 360/360/360
f 560/560/560 353/353/353 355/355/355
f 355/355/355 353/353/353 352/352/352
f 560/560/560 561/561/561 362/362/362
f 362/362/362 361/361/361 560/560/560
f 355/355/355 561/561/561 560/560/560
f 357/357/357 361/361/361 362/362/362
f 361/361/361 357/357/357 359/359/359
f 359/359/359 360/360/360 361/361/361
f 360/360/360 551/551/551 552/552/552
f 1395/1395/1395 1119/1119/1119 1122/1122/1122
f 1122/1122/1122 1542/1542/1542 1395/1395/1395
f 1119/1119/1119 1395/1395/1395 1396/1396/1396
f 505/505/505 1542/1542/1542 1122/1122/1122
f 1122/1122/1122 38/38/38 505/505/505
f 39/39/39 38/38/38 1122/1122/1122
f 1122/1122/1122 1121/1121/1121 39/39/39
f 1121/1121/1121 1122/1122/1122 1119/1119/1119
f 1396/1396/1396 1394/1394/1394 1119/1119/1119
f 1120/1120/1120 1119/1119/1119 1394/1394/1394
f 1119/1119/1119 1120/1120/1120 1121/1121/1121
f 1123/1123/1123 1121/1121/1121 1120/1120/1120
f 1121/1121/1121 1123/1123/1123 40/40/40
f 1098/1098/1098 1099/1099/1099 1097/1097/1097
f 1964/1964/1964 1523/1523/1523 482/482/482
f 963/963/963 1964/1964/1964 482/482/482
f 1083/1083/1083 259/259/259 1084/1084/1084
f 259/259/259 1083/1083/1083 266/266/266
f 259/259/259 262/262/262 260/260/260
f 1088/1088/1088 1079/1079/1079 259/259/259
f 259/259/259 261/261/261 1088/1088/1088
f 1084/1084/1084 259/259/259 1076/1076/1076
f 1076/1076/1076 259/259/259 1079/1079/1079
f 259/259/259 266/266/266 262/262/262
f 259/259/259 260/260/260 261/261/261
f 1083/1083/1083 267/267/267 266/266/266
f 267/267/267 1083/1083/1083 1084/1084/1084
f 267/267/267 1084/1084/1084 1085/1085/1085
f 266/266/266 267/267/267 268/268/268
f 266/266/266 268/268/268 263/263/263
f 263/263/263 262/262/262 266/266/266
f 263/263/263 268/268/268 1334/1334/1334
f 1334/1334/1334 268/268/268 1335/1335/1335
f 1334/1334/1334 1333/1333/1333 263/263/263
f 264/264/264 263/263/263 1333/1333/1333
f 262/262/262 263/263/263 264/264/264
f 2074/2074/2074 1334/1334/1334 1335/1335/1335
f 1330/1330/1330 1334/1334/1334 2074/2074/2074
f 1158/1158/1158 1160/1160/1160 1463/1463/1463
f 1463/1463/1463 1508/1508/1508 1158/1158/1158
f 1462/1462/1462 1463/1463/1463 1160/1160/1160
f 1508/1508/1508 1509/1509/1509 1159/1159/1159
f 1159/1159/1159 1158/1158/1158 1508/1508/1508
f 1160/1160/1160 1158/1158/1158 1156/1156/1156
f 1158/1158/1158 1159/1159/1159 1157/1157/1157
f 1157/1157/1157 1156/1156/1156 1158/1158/1158
f 1453/1453/1453 1449/1449/1449 1160/1160/1160
f 1160/1160/1160 1448/1448/1448 1462/1462/1462
f 1449/1449/1449 1448/1448/1448 1160/1160/1160
f 1453/1453/1453 1160/1160/1160 1161/1161/1161
f 1156/1156/1156 1161/1161/1161 1160/1160/1160
f 1371/1371/1371 1462/1462/1462 1448/1448/1448
f 1462/1462/1462 1371/1371/1371 1373/1373/1373
f 1448/1448/1448 1368/1368/1368 1371/1371/1371
f 757/757/757 759/759/759 734/734/734
f 734/734/734 737/737/737 757/757/757
f 736/736/736 737/737/737 734/734/734
f 734/734/734 735/735/735 736/736/736
f 758/758/758 759/759/759 757/757/757
f 757/757/757 756/756/756 758/758/758
f 757/757/757 737/737/737 739/739/739
f 739/739/739 756/756/756 757/757/757
f 739/739/739 737/737/737 736/736/736
f 736/736/736 738/738/738 739/739/739
f 758/758/758 762/762/762 761/761/761
f 761/761/761 760/760/760 758/758/758
f 761/761/761 762/762/762 740/740/740
f 740/740/740 743/743/743 761/761/761
f 761/761/761 743/743/743 745/745/745
f 745/745/745 760/760/760 761/761/761
f 742/742/742 743/743/743 740/740/740
f 740/740/740 741/741/741 742/742/742
f 745/745/745 743/743/743 742/742/742
f 742/742/742 744/744/744 745/745/745
f 1761/1761/1761 1740/1740/1740 1739/1739/1739
f 1739/1739/1739 1764/1764/1764 1761/1761/1761
f 1741/1741/1741 1742/1742/1742 1739/1739/1739
f 1739/1739/1739 1740/1740/1740 1741/1741/1741
f 1761/1761/1761 1764/1764/1764 1763/1763/1763
f 1763/1763/1763 1762/1762/1762 1761/1761/1761
f 1761/1761/1761 1762/1762/1762 1743/1743/1743
f 1743/1743/1743 1740/1740/1740 1761/1761/1761
f 1741/1741/1741 1740/1740/1740 1743/1743/1743
f 1743/1743/1743 1744/1744/1744 1741/1741/1741
f 1765/1765/1765 1767/1767/1767 1763/1763/1763
f 1763/1763/1763 1766/1766/1766 1765/1765/1765
f 1765/1765/1765 1746/1746/1746 1745/1745/1745
f 1745/1745/1745 1767/1767/1767 1765/1765/1765
f 1765/1765/1765 1766/1766/1766 1749/1749/1749
f 1749/1749/1749 1746/1746/1746 1765/1765/1765
f 1747/1747/1747 1746/1746/1746 1749/1749/1749
f 1745/1745/1745 1746/1746/1746 1747/1747/1747
f 1747/1747/1747 1748/1748/1748 1745/1745/1745
f 1749/1749/1749 1750/1750/1750 1747/1747/1747
f 334/334/334 233/233/233 236/236/236
f 236/236/236 330/330/330 334/334/334
f 333/333/333 334/334/334 330/330/330
f 330/330/330 332/332/332 333/333/333
f 467/467/467 333/333/333 332/332/332
f 332/332/332 466/466/466 467/467/467
f 82/82/82 467/467/467 466/466/466
f 51/51/51 45/45/45 44/44/44
f 43/43/43 44/44/44 45/45/45
f 51/51/51 50/50/50 1128/1128/1128
f 44/44/44 50/50/50 51/51/51
f 44/44/44 48/48/48 49/49/49
f 49/49/49 50/50/50 44/44/44
f 48/48/48 44/44/44 43/43/43
f 43/43/43 47/47/47 48/48/48
f 1466/1466/1466 1129/1129/1129 49/49/49
f 49/49/49 1467/1467/1467 1466/1466/1466
f 1128/1128/1128 50/50/50 49/49/49
f 49/49/49 1129/1129/1129 1128/1128/1128
f 1125/1125/1125 1128/1128/1128 1129/1129/1129
f 1465/1465/1465 1130/1130/1130 1129/1129/1129
f 1129/1129/1129 1466/1466/1466 1465/1465/1465
f 1129/1129/1129 1130/1130/1130 1125/1125/1125
f 1125/1125/1125 1130/1130/1130 1469/1469/1469
f 1469/1469/1469 1507/1507/1507 1125/1125/1125
f 1469/1469/1469 1130/1130/1130 1465/1465/1465
f 1507/1507/1507 1469/1469/1469 1373/1373/1373
f 427/427/427 426/426/426 86/86/86
f 86/86/86 426/426/426 424/424/424
f 549/549/549 425/425/425 424/424/424
f 424/424/424 81/81/81 86/86/86
f 78/78/78 81/81/81 424/424/424
f 424/424/424 425/425/425 78/78/78
f 80/80/80 81/81/81 78/78/78
f 78/78/78 79/79/79 80/80/80
f 81/81/81 80/80/80 85/85/85
f 85/85/85 86/86/86 81/81/81
f 80/80/80 83/83/83 84/84/84
f 84/84/84 85/85/85 80/80/80
f 83/83/83 80/80/80 79/79/79
f 79/79/79 82/82/82 83/83/83
f 466/466/466 83/83/83 82/82/82
f 83/83/83 466/466/466 416/416/416
f 416/416/416 84/84/84 83/83/83
f 407/407/407 84/84/84 403/403/403
f 417/417/417 402/402/402 84/84/84
f 84/84/84 416/416/416 417/417/417
f 403/403/403 84/84/84 402/402/402
f 85/85/85 84/84/84 407/407/407
f 407/407/407 405/405/405 85/85/85
f 86/86/86 85/85/85 405/405/405
f 381/381/381 407/407/407 403/403/403
f 405/405/405 407/407/407 381/381/381
f 403/403/403 314/314/314 404/404/404
f 381/381/381 403/403/403 404/404/404
f 402/402/402 314/314/314 403/403/403
f 402/402/402 417/417/417 315/315/315
f 315/315/315 314/314/314 402/402/402
f 417/417/417 418/418/418 318/318/318
f 318/318/318 315/315/315 417/417/417
f 418/418/418 417/417/417 416/416/416
f 319/319/319 316/316/316 315/315/315
f 315/315/315 318/318/318 319/319/319
f 314/314/314 315/315/315 316/316/316
f 465/465/465 319/319/319 318/318/318
f 318/318/318 422/422/422 465/465/465
f 423/423/423 422/422/422 318/318/318
f 318/318/318 418/418/418 423/423/423
f 423/423/423 418/418/418 331/331/331
f 416/416/416 331/331/331 418/418/418
f 331/331/331 416/416/416 466/466/466
f 331/331/331 329/329/329 423/423/423
f 466/466/466 332/332/332 331/331/331
f 329/329/329 331/331/331 332/332/332
f 419/419/419 423/423/423 329/329/329
f 422/422/422 423/423/423 419/419/419
f 43/43/43 465/465/465 422/422/422
f 422/422/422 47/47/47 43/43/43
f 419/419/419 47/47/47 422/422/422
f 419/419/419 420/420/420 48/48/48
f 48/48/48 47/47/47 419/419/419
f 329/329/329 241/241/241 419/419/419
f 240/240/240 420/420/420 419/419/419
f 419/419/419 241/241/241 240/240/240
f 332/332/332 330/330/330 329/329/329
f 241/241/241 329/329/329 330/330/330
f 330/330/330 236/236/236 241/241/241
f 240/240/240 241/241/241 236/236/236
f 420/420/420 240/240/240 239/239/239
f 236/236/236 235/235/235 240/240/240
f 239/239/239 240/240/240 235/235/235
f 420/420/420 421/421/421 49/49/49
f 49/49/49 48/48/48 420/420/420
f 239/239/239 421/421/421 420/420/420
f 113/113/113 124/124/124 129/129/129
f 129/129/129 114/114/114 113/113/113
f 124/124/124 113/113/113 125/125/125
f 143/143/143 114/114/114 129/129/129
f 114/114/114 143/143/143 144/144/144
f 152/152/152 129/129/129 130/130/130
f 129/129/129 152/152/152 143/143/143
f 128/128/128 130/130/130 129/129/129
f 129/129/129 124/124/124 128/128/128
f 127/127/127 128/128/128 124/124/124
f 124/124/124 126/126/126 127/127/127
f 125/125/125 126/126/126 124/124/124
f 128/128/128 137/137/137 141/141/141
f 141/141/141 130/130/130 128/128/128
f 137/137/137 128/128/128 127/127/127
f 153/153/153 130/130/130 141/141/141
f 130/130/130 153/153/153 152/152/152
f 158/158/158 141/141/141 142/142/142
f 141/141/141 158/158/158 153/153/153
f 140/140/140 142/142/142 141/141/141
f 141/141/141 137/137/137 140/140/140
f 139/139/139 140/140/140 137/137/137
f 137/137/137 138/138/138 139/139/139
f 127/127/127 138/138/138 137/137/137
f 140/140/140 175/175/175 966/966/966
f 966/966/966 142/142/142 140/140/140
f 173/173/173 175/175/175 140/140/140
f 140/140/140 139/139/139 173/173/173
f 159/159/159 142/142/142 971/971/971
f 142/142/142 159/159/159 158/158/158
f 971/971/971 970/970/970 159/159/159
f 136/136/136 159/159/159 970/970/970
f 135/135/135 158/158/158 159/159/159
f 159/159/159 136/136/136 135/135/135
f 970/970/970 971/971/971 172/172/172
f 965/965/965 970/970/970 170/170/170
f 172/172/172 170/170/170 970/970/970
f 970/970/970 965/965/965 136/136/136
f 136/136/136 965/965/965 964/964/964
f 964/964/964 133/133/133 136/136/136
f 136/136/136 133/133/133 132/132/132
f 132/132/132 135/135/135 136/136/136
f 158/158/158 135/135/135 123/123/123
f 123/123/123 135/135/135 132/132/132
f 123/123/123 153/153/153 158/158/158
f 153/153/153 123/123/123 122/122/122
f 132/132/132 120/120/120 123/123/123
f 123/123/123 120/120/120 119/119/119
f 119/119/119 122/122/122 123/123/123
f 131/131/131 132/132/132 133/133/133
f 120/120/120 132/132/132 131/131/131
f 134/134/134 133/133/133 964/964/964
f 133/133/133 134/134/134 131/131/131
f 154/154/154 131/131/131 134/134/134
f 131/131/131 154/154/154 150/150/150
f 150/150/150 121/121/121 131/131/131
f 131/131/131 121/121/121 120/120/120
f 120/120/120 121/121/121 117/117/117
f 117/117/117 119/119/119 120/120/120
f 105/105/105 122/122/122 119/119/119
f 119/119/119 102/102/102 105/105/105
f 102/102/102 119/119/119 117/117/117
f 148/148/148 117/117/117 121/121/121
f 117/117/117 148/148/148 147/147/147
f 147/147/147 118/118/118 117/117/117
f 117/117/117 118/118/118 102/102/102
f 121/121/121 150/150/150 148/148/148
f 2296/2296/2296 2297/2297/2297 2294/2294/2294
f 2294/2294/2294 2295/2295/2295 2296/2296/2296
f 2376/2376/2376 2377/2377/2377 2374/2374/2374
f 2374/2374/2374 2375/2375/2375 2376/2376/2376
f 612/612/612 621/621/621 620/620/620
f 616/616/616 614/614/614 613/613/613
f 612/612/612 613/613/613 614/614/614
f 617/617/617 616/616/616 624/624/624
f 614/614/614 616/616/616 617/617/617
f 624/624/624 625/625/625 617/617/617
f 617/617/617 615/615/615 614/614/614
f 614/614/614 615/615/615 612/612/612
f 551/551/551 360/360/360 359/359/359
f 356/356/356 359/359/359 357/357/357
f 359/359/359 550/550/550 551/551/551
f 550/550/550 359/359/359 356/356/356
f 358/358/358 357/357/357 363/363/363
f 362/362/362 363/363/363 357/357/357
f 356/356/356 357/357/357 358/358/358
f 356/356/356 549/549/549 550/550/550
f 550/550/550 424/424/424 426/426/426
f 426/426/426 551/551/551 550/550/550
f 424/424/424 550/550/550 549/549/549
f 552/552/552 551/551/551 426/426/426
f 426/426/426 427/427/427 552/552/552
f 351/351/351 455/455/455 377/377/377
f 455/455/455 351/351/351 450/450/450
f 377/377/377 1045/1045/1045 1046/1046/1046
f 1046/1046/1046 1047/1047/1047 377/377/377
f 377/377/377 455/455/455 1045/1045/1045
f 453/453/453 455/455/455 449/449/449
f 449/449/449 455/455/455 450/450/450
f 452/452/452 453/453/453 449/449/449
f 448/448/448 22/22/22 449/449/449
f 449/449/449 454/454/454 452/452/452
f 451/451/451 449/449/449 22/22/22
f 448/448/448 449/449/449 450/450/450
f 1466/1466/1466 1467/1467/1467 239/239/239
f 239/239/239 1313/1313/1313 1466/1466/1466
f 1311/1311/1311 1313/1313/1313 239/239/239
f 239/239/239 238/238/238 1311/1311/1311
f 235/235/235 238/238/238 239/239/239
f 238/238/238 235/235/235 234/234/234
f 235/235/235 236/236/236 233/233/233
f 233/233/233 234/234/234 235/235/235
f 238/238/238 237/237/237 1312/1312/1312
f 1312/1312/1312 1311/1311/1311 238/238/238
f 234/234/234 237/237/237 238/238/238
f 1313/1313/1313 1311/1311/1311 1310/1310/1310
f 1311/1311/1311 1312/1312/1312 1309/1309/1309
f 1309/1309/1309 1310/1310/1310 1311/1311/1311
f 1313/1313/1313 1314/1314/1314 1465/1465/1465
f 1465/1465/1465 1466/1466/1466 1313/1313/1313
f 1310/1310/1310 1314/1314/1314 1313/1313/1313
f 1310/1310/1310 1309/1309/1309 1388/1388/1388
f 1388/1388/1388 1383/1383/1383 1310/1310/1310
f 1314/1314/1314 1310/1310/1310 1383/1383/1383
f 1465/1465/1465 1314/1314/1314 1384/1384/1384
f 1383/1383/1383 1384/1384/1384 1314/1314/1314
f 1383/1383/1383 1388/1388/1388 1387/1387/1387
f 1387/1387/1387 1385/1385/1385 1383/1383/1383
f 1384/1384/1384 1383/1383/1383 1385/1385/1385
f 1384/1384/1384 1468/1468/1468 1465/1465/1465
f 1468/1468/1468 1384/1384/1384 1386/1386/1386
f 1385/1385/1385 1386/1386/1386 1384/1384/1384
f 1385/1385/1385 1387/1387/1387 1509/1509/1509
f 1509/1509/1509 1508/1508/1508 1385/1385/1385
f 1386/1386/1386 1385/1385/1385 1508/1508/1508
f 1386/1386/1386 1464/1464/1464 1468/1468/1468
f 1508/1508/1508 1463/1463/1463 1386/1386/1386
f 1464/1464/1464 1386/1386/1386 1463/1463/1463
f 1468/1468/1468 1464/1464/1464 1373/1373/1373
f 1373/1373/1373 1469/1469/1469 1468/1468/1468
f 1465/1465/1465 1468/1468/1468 1469/1469/1469
f 1373/1373/1373 1464/1464/1464 1462/1462/1462
f 1463/1463/1463 1462/1462/1462 1464/1464/1464
f 173/173/173 174/174/174 175/175/175
f 966/966/966 175/175/175 174/174/174
f 1495/1495/1495 1496/1496/1496 452/452/452
f 452/452/452 454/454/454 1495/1495/1495
f 1496/1496/1496 1495/1495/1495 1497/1497/1497
f 1493/1493/1493 1495/1495/1495 1107/1107/1107
f 1495/1495/1495 1494/1494/1494 1497/1497/1497
f 1107/1107/1107 1495/1495/1495 451/451/451
f 1493/1493/1493 1494/1494/1494 1495/1495/1495
f 451/451/451 24/24/24 1107/1107/1107
f 22/22/22 24/24/24 451/451/451
f 19/19/19 22/22/22 448/448/448
f 19/19/19 448/448/448 450/450/450
f 474/474/474 19/19/19 450/450/450
f 442/442/442 19/19/19 474/474/474
f 19/19/19 442/442/442 443/443/443
f 450/450/450 350/350/350 474/474/474
f 474/474/474 350/350/350 344/344/344
f 344/344/344 348/348/348 474/474/474
f 474/474/474 473/473/473 442/442/442
f 473/473/473 474/474/474 348/348/348
f 29/29/29 442/442/442 473/473/473
f 26/26/26 443/443/443 442/442/442
f 442/442/442 29/29/29 26/26/26
f 443/443/443 26/26/26 25/25/25
f 30/30/30 27/27/27 26/26/26
f 795/795/795 797/797/797 772/772/772
f 772/772/772 775/775/775 795/795/795
f 774/774/774 775/775/775 772/772/772
f 772/772/772 773/773/773 774/774/774
f 796/796/796 797/797/797 795/795/795
f 795/795/795 794/794/794 796/796/796
f 795/795/795 775/775/775 777/777/777
f 777/777/777 794/794/794 795/795/795
f 777/777/777 775/775/775 774/774/774
f 774/774/774 776/776/776 777/777/777
f 796/796/796 800/800/800 799/799/799
f 799/799/799 798/798/798 796/796/796
f 799/799/799 800/800/800 778/778/778
f 778/778/778 781/781/781 799/799/799
f 799/799/799 781/781/781 783/783/783
f 783/783/783 798/798/798 799/799/799
f 780/780/780 781/781/781 778/778/778
f 778/778/778 779/779/779 780/780/780
f 783/783/783 781/781/781 780/780/780
f 780/780/780 782/782/782 783/783/783
f 1799/1799/1799 1778/1778/1778 1777/1777/1777
f 1777/1777/1777 1802/1802/1802 1799/1799/1799
f 1779/1779/1779 1780/1780/1780 1777/1777/1777
f 1777/1777/1777 1778/1778/1778 1779/1779/1779
f 1799/1799/1799 1802/1802/1802 1801/1801/1801
f 1801/1801/1801 1800/1800/1800 1799/1799/1799
f 1799/1799/1799 1800/1800/1800 1781/1781/1781
f 1781/1781/1781 1778/1778/1778 1799/1799/1799
f 1779/1779/1779 1778/1778/1778 1781/1781/1781
f 1781/1781/1781 1782/1782/1782 1779/1779/1779
f 1803/1803/1803 1805/1805/1805 1801/1801/1801
f 1801/1801/1801 1804/1804/1804 1803/1803/1803
f 1803/1803/1803 1784/1784/1784 1783/1783/1783
f 1783/1783/1783 1805/1805/1805 1803/1803/1803
f 1803/1803/1803 1804/1804/1804 1787/1787/1787
f 1787/1787/1787 1784/1784/1784 1803/1803/1803
f 1785/1785/1785 1784/1784/1784 1787/1787/1787
f 1783/1783/1783 1784/1784/1784 1785/1785/1785
f 1785/1785/1785 1786/1786/1786 1783/1783/1783
f 1787/1787/1787 1788/1788/1788 1785/1785/1785
f 1099/1099/1099 1578/1578/1578 1579/1579/1579
f 1574/1574/1574 1575/1575/1575 1577/1577/1577
f 1576/1576/1576 1574/1574/1574 1577/1577/1577
f 1473/1473/1473 1574/1574/1574 1576/1576/1576
f 1576/1576/1576 1474/1474/1474 1473/1473/1473
f 1472/1472/1472 1573/1573/1573 1574/1574/1574
f 1574/1574/1574 1473/1473/1473 1472/1472/1472
f 1413/1413/1413 1575/1575/1575 1574/1574/1574
f 1574/1574/1574 1573/1573/1573 1413/1413/1413
f 1162/1162/1162 1472/1472/1472 1473/1473/1473
f 1473/1473/1473 1455/1455/1455 1162/1162/1162
f 1571/1571/1571 1573/1573/1573 1472/1472/1472
f 1472/1472/1472 1470/1470/1470 1571/1571/1571
f 1470/1470/1470 1472/1472/1472 1162/1162/1162
f 1411/1411/1411 1413/1413/1413 1573/1573/1573
f 1573/1573/1573 1571/1571/1571 1411/1411/1411
f 1575/1575/1575 1413/1413/1413 1412/1412/1412
f 1412/1412/1412 1413/1413/1413 1411/1411/1411
f 1470/1470/1470 1471/1471/1471 1572/1572/1572
f 1162/1162/1162 1155/1155/1155 1470/1470/1470
f 1154/1154/1154 1471/1471/1471 1470/1470/1470
f 1470/1470/1470 1155/1155/1155 1154/1154/1154
f 1455/1455/1455 1454/1454/1454 1162/1162/1162
f 1156/1156/1156 1157/1157/1157 1154/1154/1154
f 1154/1154/1154 1155/1155/1155 1156/1156/1156
f 596/596/596 602/602/602 600/600/600
f 1090/1090/1090 597/597/597 1610/1610/1610
f 598/598/598 597/597/597 1090/1090/1090
f 1090/1090/1090 595/595/595 598/598/598
f 1610/1610/1610 1366/1366/1366 1367/1367/1367
f 1366/1366/1366 1610/1610/1610 597/597/597
f 597/597/597 599/599/599 1366/1366/1366
f 312/312/312 599/599/599 597/597/597
f 597/597/597 598/598/598 312/312/312
f 598/598/598 645/645/645 313/313/313
f 313/313/313 312/312/312 598/598/598
f 645/645/645 598/598/598 595/595/595
f 595/595/595 229/229/229 645/645/645
f 622/622/622 605/605/605 608/608/608
f 607/607/607 608/608/608 605/605/605
f 605/605/605 606/606/606 607/607/607
f 608/608/608 623/623/623 622/622/622
f 618/618/618 622/622/622 623/623/623
f 623/623/623 608/608/608 611/611/611
f 611/611/611 608/608/608 607/607/607
f 607/607/607 610/610/610 611/611/611
f 610/610/610 607/607/607 606/606/606
f 606/606/606 609/609/609 610/610/610
f 625/625/625 624/624/624 610/610/610
f 610/610/610 609/609/609 625/625/625
f 611/611/611 610/610/610 624/624/624
f 624/624/624 616/616/616 611/611/611
f 611/611/611 619/619/619 623/623/623
f 619/619/619 611/611/611 613/613/613
f 613/613/613 611/611/611 616/616/616
f 623/623/623 619/619/619 618/618/618
f 613/613/613 620/620/620 619/619/619
f 618/618/618 619/619/619 620/620/620
f 620/620/620 621/621/621 618/618/618
f 620/620/620 613/613/613 612/612/612
f 326/326/326 323/323/323 325/325/325
f 328/328/328 326/326/326 485/485/485
f 484/484/484 485/485/485 326/326/326
f 326/326/326 327/327/327 484/484/484
f 325/325/325 327/327/327 326/326/326
f 327/327/327 325/325/325 479/479/479
f 484/484/484 327/327/327 478/478/478
f 479/479/479 478/478/478 327/327/327
f 489/489/489 485/485/485 484/484/484
f 484/484/484 487/487/487 489/489/489
f 487/487/487 484/484/484 486/486/486
f 478/478/478 486/486/486 484/484/484
f 490/490/490 485/485/485 489/489/489
f 485/485/485 490/490/490 328/328/328
f 489/489/489 491/491/491 490/490/490
f 546/546/546 545/545/545 490/490/490
f 490/490/490 491/491/491 546/546/546
f 328/328/328 490/490/490 545/545/545
f 545/545/545 410/410/410 328/328/328
f 410/410/410 545/545/545 548/548/548
f 2456/2456/2456 2457/2457/2457 2454/2454/2454
f 2454/2454/2454 2455/2455/2455 2456/2456/2456
f 2536/2536/2536 2537/2537/2537 2534/2534/2534
f 2534/2534/2534 2535/2535/2535 2536/2536/2536
f 1429/1429/1429 1428/1428/1428 1433/1433/1433
f 1427/1427/1427 1428/1428/1428 1429/1429/1429
f 1446/1446/1446 1431/1431/1431 1433/1433/1433
f 1433/1433/1433 1438/1438/1438 1446/1446/1446
f 1437/1437/1437 1433/1433/1433 1443/1443/1443
f 1438/1438/1438 1433/1433/1433 1437/1437/1437
f 1433/1433/1433 1431/1431/1431 1429/1429/1429
f 1443/1443/1443 1442/1442/1442 1437/1437/1437
f 1442/1442/1442 1441/1441/1441 1434/1434/1434
f 1434/1434/1434 1437/1437/1437 1442/1442/1442
f 1434/1434/1434 1441/1441/1441 1454/1454/1454
f 388/388/388 428/428/428 427/427/427
f 427/427/427 408/408/408 388/388/388
f 86/86/86 408/408/408 427/427/427
f 408/408/408 86/86/86 409/409/409
f 388/388/388 408/408/408 409/409/409
f 409/409/409 86/86/86 406/406/406
f 405/405/405 406/406/406 86/86/86
f 409/409/409 406/406/406 394/394/394
f 394/394/394 397/397/397 409/409/409
f 409/409/409 397/397/397 388/388/388
f 406/406/406 405/405/405 398/398/398
f 398/398/398 394/394/394 406/406/406
f 381/381/381 398/398/398 405/405/405
f 384/384/384 399/399/399 398/398/398
f 398/398/398 381/381/381 384/384/384
f 1435/1435/1435 1434/1434/1434 1474/1474/1474
f 1473/1473/1473 1474/1474/1474 1434/1434/1434
f 1434/1434/1434 1455/1455/1455 1473/1473/1473
f 1454/1454/1454 1455/1455/1455 1434/1434/1434
f 1436/1436/1436 1437/1437/1437 1434/1434/1434
f 1434/1434/1434 1435/1435/1435 1436/1436/1436
f 1437/1437/1437 1436/1436/1436 1438/1438/1438
f 1436/1436/1436 1435/1435/1435 1439/1439/1439
f 1439/1439/1439 1438/1438/1438 1436/1436/1436
f 1446/1446/1446 1438/1438/1438 1439/1439/1439
f 1584/1584/1584 1458/1458/1458 1439/1439/1439
f 1439/1439/1439 1435/1435/1435 1584/1584/1584
f 1527/1527/1527 1526/1526/1526 1528/1528/1528
f 1380/1380/1380 1525/1525/1525 1526/1526/1526
f 1525/1525/1525 1380/1380/1380 1382/1382/1382
f 1530/1530/1530 1525/1525/1525 1531/1531/1531
f 1382/1382/1382 1531/1531/1531 1525/1525/1525
f 1531/1531/1531 1532/1532/1532 1530/1530/1530
f 1568/1568/1568 1532/1532/1532 1531/1531/1531
f 1531/1531/1531 1567/1567/1567 1568/1568/1568
f 1567/1567/1567 1531/1531/1531 1382/1382/1382
f 1382/1382/1382 1457/1457/1457 1567/1567/1567
f 1570/1570/1570 1567/1567/1567 1457/1457/1457
f 1567/1567/1567 1570/1570/1570 1569/1569/1569
f 1569/1569/1569 1568/1568/1568 1567/1567/1567
f 1457/1457/1457 1459/1459/1459 1570/1570/1570
f 1570/1570/1570 1459/1459/1459 1581/1581/1581
f 2100/2100/2100 2101/2101/2101 2098/2098/2098
f 2098/2098/2098 2099/2099/2099 2100/2100/2100
f 2180/2180/2180 2181/2181/2181 2178/2178/2178
f 2178/2178/2178 2179/2179/2179 2180/2180/2180
f 1332/1332/1332 1331/1331/1331 265/265/265
f 265/265/265 264/264/264 1332/1332/1332
f 1089/1089/1089 265/265/265 1331/1331/1331
f 1331/1331/1331 2075/2075/2075 1089/1089/1089
f 2076/2076/2076 2075/2075/2075 2070/2070/2070
f 2075/2075/2075 2076/2076/2076 1086/1086/1086
f 1086/1086/1086 1089/1089/1089 2075/2075/2075
f 2070/2070/2070 2071/2071/2071 2076/2076/2076
f 2071/2071/2071 2070/2070/2070 2068/2068/2068
f 2069/2069/2069 2068/2068/2068 2070/2070/2070
f 2068/2068/2068 2069/2069/2069 1075/1075/1075
f 2072/2072/2072 2068/2068/2068 1078/1078/1078
f 2068/2068/2068 2072/2072/2072 2071/2071/2071
f 1075/1075/1075 1078/1078/1078 2068/2068/2068
f 1078/1078/1078 1082/1082/1082 2072/2072/2072
f 1078/1078/1078 1077/1077/1077 1081/1081/1081
f 1081/1081/1081 1082/1082/1082 1078/1078/1078
f 1077/1077/1077 1078/1078/1078 1075/1075/1075
f 1084/1084/1084 1076/1076/1076 1075/1075/1075
f 1075/1075/1075 1085/1085/1085 1084/1084/1084
f 1075/1075/1075 1076/1076/1076 1077/1077/1077
f 1077/1077/1077 1079/1079/1079 1080/1080/1080
f 1080/1080/1080 1081/1081/1081 1077/1077/1077
f 1079/1079/1079 1077/1077/1077 1076/1076/1076
f 1079/1079/1079 1088/1088/1088 1087/1087/1087
f 1087/1087/1087 1080/1080/1080 1079/1079/1079
f 1089/1089/1089 1088/1088/1088 261/261/261
f 1088/1088/1088 1089/1089/1089 1086/1086/1086
f 1086/1086/1086 1087/1087/1087 1088/1088/1088
f 261/261/261 265/265/265 1089/1089/1089
f 265/265/265 261/261/261 260/260/260
f 260/260/260 264/264/264 265/265/265
f 264/264/264 260/260/260 262/262/262
f 2776/2776/2776 2777/2777/2777 2774/2774/2774
f 2774/2774/2774 2775/2775/2775 2776/2776/2776
f 2856/2856/2856 2857/2857/2857 2854/2854/2854
f 2854/2854/2854 2855/2855/2855 2856/2856/2856
f 2616/2616/2616 2617/2617/2617 2614/2614/2614
f 2614/2614/2614 2615/2615/2615 2616/2616/2616
f 2696/2696/2696 2697/2697/2697 2694/2694/2694
f 2694/2694/2694 2695/2695/2695 2696/2696/2696
f 1448/1448/1448 1449/1449/1449 1368/1368/1368
f 1449/1449/1449 1450/1450/1450 1368/1368/1368
f 1427/1427/1427 1449/1449/1449 1453/1453/1453
f 1427/1427/1427 1450/1450/1450 1449/1449/1449
f 1427/1427/1427 1453/1453/1453 1452/1452/1452
f 1161/1161/1161 1452/1452/1452 1453/1453/1453
f 1452/1452/1452 1161/1161/1161 1162/1162/1162
f 1155/1155/1155 1162/1162/1162 1161/1161/1161
f 1161/1161/1161 1156/1156/1156 1155/1155/1155
f 1445/1445/1445 1452/1452/1452 1451/1451/1451
f 1452/1452/1452 1445/1445/1445 1427/1427/1427
f 1162/1162/1162 1451/1451/1451 1452/1452/1452
f 1451/1451/1451 1440/1440/1440 1445/1445/1445
f 1428/1428/1428 1427/1427/1427 1445/1445/1445
f 1445/1445/1445 1444/1444/1444 1428/1428/1428
f 1444/1444/1444 1445/1445/1445 1440/1440/1440
f 1440/1440/1440 1451/1451/1451 1454/1454/1454
f 1454/1454/1454 1451/1451/1451 1162/1162/1162
f 1454/1454/1454 1441/1441/1441 1440/1440/1440
f 1440/1440/1440 1443/1443/1443 1444/1444/1444
f 1442/1442/1442 1443/1443/1443 1440/1440/1440
f 1440/1440/1440 1441/1441/1441 1442/1442/1442
f 1444/1444/1444 1443/1443/1443 1433/1433/1433
f 1433/1433/1433 1428/1428/1428 1444/1444/1444
f 382/382/382 381/381/381 404/404/404
f 381/381/381 382/382/382 383/383/383
f 383/383/383 386/386/386 387/387/387
f 386/386/386 383/383/383 382/382/382
f 400/400/400 392/392/392 387/387/387
f 387/387/387 386/386/386 400/400/400
f 389/389/389 387/387/387 392/392/392
f 392/392/392 390/390/390 389/389/389
f 388/388/388 389/389/389 390/390/390
f 390/390/390 391/391/391 388/388/388
f 390/390/390 392/392/392 393/393/393
f 393/393/393 391/391/391 390/390/390
f 393/393/393 392/392/392 400/400/400
f 400/400/400 401/401/401 393/393/393
f 401/401/401 400/400/400 386/386/386
f 386/386/386 385/385/385 401/401/401
f 382/382/382 385/385/385 386/386/386
f 414/414/414 411/411/411 401/401/401
f 401/401/401 385/385/385 414/414/414
f 393/393/393 401/401/401 411/411/411
f 411/411/411 413/413/413 393/393/393
f 328/328/328 411/411/411 414/414/414
f 413/413/413 411/411/411 410/410/410
f 328/328/328 410/410/410 411/411/411
f 415/415/415 414/414/414 385/385/385
f 414/414/414 415/415/415 324/324/324
f 324/324/324 328/328/328 414/414/414
f 385/385/385 382/382/382 415/415/415
f 404/404/404 415/415/415 382/382/382
f 415/415/415 404/404/404 314/314/314
f 314/314/314 324/324/324 415/415/415
f 324/324/324 323/323/323 326/326/326
f 326/326/326 328/328/328 324/324/324
f 323/323/323 324/324/324 314/314/314
f 2260/2260/2260 2261/2261/2261 2258/2258/2258
f 2258/2258/2258 2259/2259/2259 2260/2260/2260
f 2340/2340/2340 2341/2341/2341 2338/2338/2338
f 2338/2338/2338 2339/2339/2339 2340/2340/2340
f 1417/1417/1417 1188/1188/1188 1191/1191/1191
f 1190/1190/1190 1191/1191/1191 1188/1188/1188
f 1219/1219/1219 1220/1220/1220 1190/1190/1190
f 1190/1190/1190 1189/1189/1189 1219/1219/1219
f 1188/1188/1188 1189/1189/1189 1190/1190/1190
f 1228/1228/1228 1220/1220/1220 1179/1179/1179
f 1180/1180/1180 1179/1179/1179 1220/1220/1220
f 1220/1220/1220 1219/1219/1219 1180/1180/1180
f 1221/1221/1221 1219/1219/1219 1189/1189/1189
f 1219/1219/1219 1221/1221/1221 1182/1182/1182
f 1182/1182/1182 1180/1180/1180 1219/1219/1219
f 1189/1189/1189 1192/1192/1192 1221/1221/1221
f 1192/1192/1192 1189/1189/1189 1188/1188/1188
f 1186/1186/1186 1188/1188/1188 1417/1417/1417
f 1188/1188/1188 1186/1186/1186 1192/1192/1192
f 1417/1417/1417 1187/1187/1187 1186/1186/1186
f 1300/1300/1300 1299/1299/1299 1303/1303/1303
f 1606/1606/1606 1298/1298/1298 1300/1300/1300
f 1299/1299/1299 1300/1300/1300 1298/1298/1298
f 2936/2936/2936 2937/2937/2937 2934/2934/2934
f 2934/2934/2934 2935/2935/2935 2936/2936/2936
f 3016/3016/3016 3017/3017/3017 3014/3014/3014
f 3014/3014/3014 3015/3015/3015 3016/3016/3016
f 1418/1418/1418 1192/1192/1192 1186/1186/1186
f 1186/1186/1186 1183/1183/1183 1418/1418/1418
f 1183/1183/1183 1186/1186/1186 1187/1187/1187
f 1423/1423/1423 1221/1221/1221 1192/1192/1192
f 1192/1192/1192 1418/1418/1418 1423/1423/1423
f 1182/1182/1182 1221/1221/1221 1423/1423/1423
f 1423/1423/1423 1415/1415/1415 1182/1182/1182
f 1418/1418/1418 1968/1968/1968 1423/1423/1423
f 1418/1418/1418 1185/1185/1185 1970/1970/1970
f 1418/1418/1418 1970/1970/1970 1969/1969/1969
f 1969/1969/1969 1968/1968/1968 1418/1418/1418
f 1418/1418/1418 1183/1183/1183 1185/1185/1185
f 638/638/638 634/634/634 626/626/626
f 626/626/626 639/639/639 638/638/638
f 634/634/634 638/638/638 637/637/637
f 629/629/629 640/640/640 639/639/639
f 639/639/639 626/626/626 629/629/629
f 524/524/524 639/639/639 640/640/640
f 627/627/627 626/626/626 634/634/634
f 628/628/628 629/629/629 626/626/626
f 626/626/626 627/627/627 628/628/628
f 640/640/640 629/629/629 632/632/632
f 629/629/629 628/628/628 631/631/631
f 631/631/631 632/632/632 629/629/629
f 525/525/525 640/640/640 641/641/641
f 632/632/632 641/641/641 640/640/640
f 640/640/640 525/525/525 524/524/524
f 1646/1646/1646 641/641/641 632/632/632
f 554/554/554 559/559/559 558/558/558
f 554/554/554 555/555/555 552/552/552
f 562/562/562 559/559/559 554/554/554
f 554/554/554 428/428/428 562/562/562
f 427/427/427 428/428/428 554/554/554
f 554/554/554 552/552/552 427/427/427
f 559/559/559 562/562/562 413/413/413
f 413/413/413 412/412/412 559/559/559
f 559/559/559 412/412/412 548/548/548
f 562/562/562 391/391/391 393/393/393
f 393/393/393 413/413/413 562/562/562
f 391/391/391 562/562/562 428/428/428
f 428/428/428 388/388/388 391/391/391
f 1429/1429/1429 1430/1430/1430 1427/1427/1427
f 1461/1461/1461 1377/1377/1377 1368/1368/1368
f 1368/1368/1368 1450/1450/1450 1461/1461/1461
f 1377/1377/1377 1382/1382/1382 1380/1380/1380
f 1380/1380/1380 1378/1378/1378 1377/1377/1377
f 1368/1368/1368 1377/1377/1377 1378/1378/1378
f 1378/1378/1378 1369/1369/1369 1368/1368/1368
f 1370/1370/1370 1371/1371/1371 1368/1368/1368
f 1368/1368/1368 1369/1369/1369 1370/1370/1370
f 1379/1379/1379 1378/1378/1378 1380/1380/1380
f 1376/1376/1376 1369/1369/1369 1378/1378/1378
f 1378/1378/1378 1379/1379/1379 1376/1376/1376
f 548/548/548 412/412/412 410/410/410
f 410/410/410 412/412/412 413/413/413
f 488/488/488 486/486/486 494/494/494
f 486/486/486 478/478/478 477/477/477
f 477/477/477 494/494/494 486/486/486
f 486/486/486 488/488/488 487/487/487
f 494/494/494 499/499/499 488/488/488
f 494/494/494 493/493/493 498/498/498
f 394/394/394 398/398/398 399/399/399
f 399/399/399 395/395/395 394/394/394
f 396/396/396 397/397/397 394/394/394
f 394/394/394 395/395/395 396/396/396
f 388/388/388 397/397/397 396/396/396
f 396/396/396 389/389/389 388/388/388
f 389/389/389 396/396/396 395/395/395
f 387/387/387 395/395/395 399/399/399
f 395/395/395 387/387/387 389/389/389
f 399/399/399 384/384/384 387/387/387
f 387/387/387 384/384/384 383/383/383
f 383/383/383 384/384/384 381/381/381
f 2420/2420/2420 2421/2421/2421 2418/2418/2418
f 2418/2418/2418 2419/2419/2419 2420/2420/2420
f 2500/2500/2500 2501/2501/2501 2498/2498/2498
f 2498/2498/2498 2499/2499/2499 2500/2500/2500
f 97/97/97 96/96/96 367/367/367
f 98/98/98 99/99/99 96/96/96
f 96/96/96 97/97/97 98/98/98
f 367/367/367 366/366/366 97/97/97
f 97/97/97 366/366/366 106/106/106
f 106/106/106 100/100/100 97/97/97
f 101/101/101 98/98/98 97/97/97
f 97/97/97 100/100/100 101/101/101
f 968/968/968 374/374/374 367/367/367
f 367/367/367 967/967/967 968/968/968
f 366/366/366 367/367/367 374/374/374
f 106/106/106 366/366/366 374/374/374
f 369/369/369 374/374/374 968/968/968
f 374/374/374 369/369/369 116/116/116
f 116/116/116 145/145/145 374/374/374
f 374/374/374 145/145/145 106/106/106
f 369/369/369 968/968/968 967/967/967
f 967/967/967 969/969/969 369/369/369
f 369/369/369 969/969/969 108/108/108
f 369/369/369 108/108/108 107/107/107
f 369/369/369 107/107/107 111/111/111
f 111/111/111 116/116/116 369/369/369
f 1456/1456/1456 1447/1447/1447 1439/1439/1439
f 1439/1439/1439 1458/1458/1458 1456/1456/1456
f 1439/1439/1439 1447/1447/1447 1446/1446/1446
f 1474/1474/1474 1584/1584/1584 1435/1435/1435
f 1458/1458/1458 1584/1584/1584 1581/1581/1581
f 1584/1584/1584 1474/1474/1474 1576/1576/1576
f 1576/1576/1576 1581/1581/1581 1584/1584/1584
f 1581/1581/1581 1459/1459/1459 1458/1458/1458
f 1458/1458/1458 1459/1459/1459 1457/1457/1457
f 1457/1457/1457 1456/1456/1456 1458/1458/1458
f 1382/1382/1382 1460/1460/1460 1456/1456/1456
f 1447/1447/1447 1456/1456/1456 1460/1460/1460
f 1382/1382/1382 1456/1456/1456 1457/1457/1457
f 1460/1460/1460 1432/1432/1432 1447/1447/1447
f 1447/1447/1447 1432/1432/1432 1431/1431/1431
f 1431/1431/1431 1446/1446/1446 1447/1447/1447
f 1432/1432/1432 1460/1460/1460 1461/1461/1461
f 1460/1460/1460 1382/1382/1382 1377/1377/1377
f 1377/1377/1377 1461/1461/1461 1460/1460/1460
f 1461/1461/1461 1430/1430/1430 1432/1432/1432
f 1431/1431/1431 1432/1432/1432 1430/1430/1430
f 1430/1430/1430 1429/1429/1429 1431/1431/1431
f 1450/1450/1450 1427/1427/1427 1430/1430/1430
f 1430/1430/1430 1461/1461/1461 1450/1450/1450
f 3096/3096/3096 3097/3097/3097 3094/3094/3094
f 3094/3094/3094 3095/3095/3095 3096/3096/3096
f 3176/3176/3176 3177/3177/3177 3174/3174/3174
f 3174/3174/3174 3175/3175/3175 3176/3176/3176
f 2660/2660/2660 2661/2661/2661 2658/2658/2658
f 2658/2658/2658 2659/2659/2659 2660/2660/2660
f 2580/2580/2580 2581/2581/2581 2578/2578/2578
f 2578/2578/2578 2579/2579/2579 2580/2580/2580
f 1887/1887/1887 1888/1888/1888 1885/1885/1885
f 1885/1885/1885 1886/1886/1886 1887/1887/1887
f 1909/1909/1909 1887/1887/1887 1886/1886/1886
f 1889/1889/1889 1887/1887/1887 1909/1909/1909
f 1888/1888/1888 1887/1887/1887 1889/1889/1889
f 1889/1889/1889 1890/1890/1890 1888/1888/1888
f 1909/1909/1909 1910/1910/1910 1889/1889/1889
f 1886/1886/1886 1912/1912/1912 1909/1909/1909
f 1909/1909/1909 1912/1912/1912 1911/1911/1911
f 1911/1911/1911 1910/1910/1910 1909/1909/1909
f 1920/1920/1920 1922/1922/1922 1911/1911/1911
f 1911/1911/1911 1921/1921/1921 1920/1920/1920
f 1920/1920/1920 1904/1904/1904 1903/1903/1903
f 1903/1903/1903 1922/1922/1922 1920/1920/1920
f 1920/1920/1920 1921/1921/1921 1907/1907/1907
f 1907/1907/1907 1904/1904/1904 1920/1920/1920
f 1905/1905/1905 1904/1904/1904 1907/1907/1907
f 1903/1903/1903 1904/1904/1904 1905/1905/1905
f 1905/1905/1905 1906/1906/1906 1903/1903/1903
f 1907/1907/1907 1908/1908/1908 1905/1905/1905
f 882/882/882 883/883/883 880/880/880
f 880/880/880 881/881/881 882/882/882
f 883/883/883 882/882/882 905/905/905
f 905/905/905 882/882/882 885/885/885
f 885/885/885 882/882/882 881/881/881
f 905/905/905 907/907/907 883/883/883
f 906/906/906 907/907/907 905/905/905
f 905/905/905 904/904/904 906/906/906
f 885/885/885 904/904/904 905/905/905
f 881/881/881 884/884/884 885/885/885
f 906/906/906 917/917/917 916/916/916
f 916/916/916 915/915/915 906/906/906
f 916/916/916 917/917/917 898/898/898
f 898/898/898 901/901/901 916/916/916
f 916/916/916 901/901/901 903/903/903
f 903/903/903 915/915/915 916/916/916
f 900/900/900 901/901/901 898/898/898
f 898/898/898 899/899/899 900/900/900
f 903/903/903 901/901/901 900/900/900
f 900/900/900 902/902/902 903/903/903
f 2740/2740/2740 2741/2741/2741 2738/2738/2738
f 2738/2738/2738 2739/2739/2739 2740/2740/2740
f 2820/2820/2820 2821/2821/2821 2818/2818/2818
f 2818/2818/2818 2819/2819/2819 2820/2820/2820
f 1651/1651/1651 1304/1304/1304 1306/1306/1306
f 1306/1306/1306 1650/1650/1650 1651/1651/1651
f 1607/1607/1607 1300/1300/1300 1304/1304/1304
f 1300/1300/1300 1607/1607/1607 1606/1606/1606
f 1277/1277/1277 1606/1606/1606 1607/1607/1607
f 1305/1305/1305 1306/1306/1306 1304/1304/1304
f 1304/1304/1304 1303/1303/1303 1305/1305/1305
f 1303/1303/1303 1304/1304/1304 1300/1300/1300
f 1650/1650/1650 1306/1306/1306 1609/1609/1609
f 1608/1608/1608 1609/1609/1609 1306/1306/1306
f 1306/1306/1306 1305/1305/1305 1608/1608/1608
f 1367/1367/1367 1650/1650/1650 1610/1610/1610
f 1609/1609/1609 1610/1610/1610 1650/1650/1650
f 1610/1610/1610 1609/1609/1609 1090/1090/1090
f 602/602/602 1090/1090/1090 1609/1609/1609
f 1609/1609/1609 1608/1608/1608 602/602/602
f 600/600/600 602/602/602 1608/1608/1608
f 602/602/602 596/596/596 595/595/595
f 595/595/595 1090/1090/1090 602/602/602
f 1352/1352/1352 1350/1350/1350 1348/1348/1348
f 1349/1349/1349 1348/1348/1348 1350/1350/1350
f 1348/1348/1348 1349/1349/1349 1346/1346/1346
f 1346/1346/1346 1347/1347/1347 1348/1348/1348
f 1347/1347/1347 1964/1964/1964 1354/1354/1354
f 1964/1964/1964 1347/1347/1347 1346/1346/1346
f 1346/1346/1346 1523/1523/1523 1964/1964/1964
f 1346/1346/1346 1349/1349/1349 1096/1096/1096
f 1096/1096/1096 1095/1095/1095 1346/1346/1346
f 1096/1096/1096 1349/1349/1349 1351/1351/1351
f 1350/1350/1350 1351/1351/1351 1349/1349/1349
f 1351/1351/1351 1098/1098/1098 1096/1096/1096
f 1097/1097/1097 1096/1096/1096 1098/1098/1098
f 544/544/544 437/437/437 431/431/431
f 435/435/435 437/437/437 544/544/544
f 435/435/435 434/434/434 431/431/431
f 431/431/431 437/437/437 435/435/435
f 434/434/434 435/435/435 432/432/432
f 46/46/46 431/431/431 434/434/434
f 430/430/430 431/431/431 46/46/46
f 434/434/434 436/436/436 46/46/46
f 320/320/320 436/436/436 434/434/434
f 434/434/434 433/433/433 320/320/320
f 432/432/432 433/433/433 434/434/434
f 46/46/46 436/436/436 465/465/465
f 465/465/465 43/43/43 46/46/46
f 46/46/46 45/45/45 430/430/430
f 45/45/45 46/46/46 43/43/43
f 465/465/465 436/436/436 320/320/320
f 320/320/320 319/319/319 465/465/465
f 321/321/321 320/320/320 433/433/433
f 320/320/320 321/321/321 316/316/316
f 3256/3256/3256 3257/3257/3257 3254/3254/3254
f 3254/3254/3254 3255/3255/3255 3256/3256/3256
f 3336/3336/3336 3337/3337/3337 3334/3334/3334
f 3334/3334/3334 3335/3335/3335 3336/3336/3336
f 498/498/498 499/499/499 494/494/494
f 493/493/493 494/494/494 477/477/477
f 492/492/492 477/477/477 480/480/480
f 477/477/477 492/492/492 493/493/493
f 479/479/479 480/480/480 477/477/477
f 477/477/477 478/478/478 479/479/479
f 493/493/493 496/496/496 497/497/497
f 497/497/497 498/498/498 493/493/493
f 496/496/496 493/493/493 492/492/492
f 497/497/497 496/496/496 1534/1534/1534
f 1534/1534/1534 1536/1536/1536 497/497/497
f 1536/1536/1536 1534/1534/1534 1533/1533/1533
f 1533/1533/1533 1537/1537/1537 1536/1536/1536
f 1529/1529/1529 1537/1537/1537 1533/1533/1533
f 1533/1533/1533 1527/1527/1527 1529/1529/1529
f 1374/1374/1374 1370/1370/1370 1369/1369/1369
f 1369/1369/1369 1376/1376/1376 1374/1374/1374
f 1375/1375/1375 1372/1372/1372 1370/1370/1370
f 1370/1370/1370 1374/1374/1374 1375/1375/1375
f 1371/1371/1371 1370/1370/1370 1372/1372/1372
f 1372/1372/1372 1373/1373/1373 1371/1371/1371
f 1507/1507/1507 1372/1372/1372 1375/1375/1375
f 1373/1373/1373 1372/1372/1372 1507/1507/1507
f 1375/1375/1375 1481/1481/1481 1507/1507/1507
f 1480/1480/1480 1375/1375/1375 1374/1374/1374
f 1375/1375/1375 1480/1480/1480 1479/1479/1479
f 1479/1479/1479 1481/1481/1481 1375/1375/1375
f 1374/1374/1374 1484/1484/1484 1480/1480/1480
f 1484/1484/1484 1374/1374/1374 1376/1376/1376
f 1477/1477/1477 1480/1480/1480 1484/1484/1484
f 1479/1479/1479 1480/1480/1480 1477/1477/1477
f 1476/1476/1476 1479/1479/1479 1478/1478/1478
f 1479/1479/1479 1476/1476/1476 1126/1126/1126
f 1126/1126/1126 1481/1481/1481 1479/1479/1479
f 1477/1477/1477 1478/1478/1478 1479/1479/1479
f 1507/1507/1507 1481/1481/1481 1126/1126/1126
f 1126/1126/1126 1125/1125/1125 1507/1507/1507
f 1475/1475/1475 1127/1127/1127 1126/1126/1126
f 2900/2900/2900 2901/2901/2901 2898/2898/2898
f 2898/2898/2898 2899/2899/2899 2900/2900/2900
f 2980/2980/2980 2981/2981/2981 2978/2978/2978
f 2978/2978/2978 2979/2979/2979 2980/2980/2980
f 1605/1605/1605 1649/1649/1649 1644/1644/1644
f 1649/1649/1649 1605/1605/1605 1257/1257/1257
f 1255/1255/1255 1257/1257/1257 1605/1605/1605
f 1257/1257/1257 1642/1642/1642 1649/1649/1649
f 1641/1641/1641 1642/1642/1642 1257/1257/1257
f 1257/1257/1257 1256/1256/1256 1641/1641/1641
f 1256/1256/1256 1257/1257/1257 1255/1255/1255
f 1255/1255/1255 1254/1254/1254 1256/1256/1256
f 1641/1641/1641 1256/1256/1256 1236/1236/1236
f 1236/1236/1236 1256/1256/1256 1254/1254/1254
f 1236/1236/1236 1490/1490/1490 1641/1641/1641
f 1642/1642/1642 1641/1641/1641 1490/1490/1490
f 1490/1490/1490 1236/1236/1236 1239/1239/1239
f 1265/1265/1265 1237/1237/1237 1236/1236/1236
f 1236/1236/1236 1258/1258/1258 1265/1265/1265
f 1254/1254/1254 1258/1258/1258 1236/1236/1236
f 1238/1238/1238 1239/1239/1239 1236/1236/1236
f 1236/1236/1236 1237/1237/1237 1238/1238/1238
f 1258/1258/1258 1254/1254/1254 1253/1253/1253
f 1258/1258/1258 1259/1259/1259 1266/1266/1266
f 1266/1266/1266 1265/1265/1265 1258/1258/1258
f 1253/1253/1253 1259/1259/1259 1258/1258/1258
f 1298/1298/1298 1297/1297/1297 1299/1299/1299
f 1297/1297/1297 1298/1298/1298 1292/1292/1292
f 1291/1291/1291 1292/1292/1292 1298/1298/1298
f 1290/1290/1290 1289/1289/1289 1292/1292/1292
f 1292/1292/1292 1291/1291/1291 1290/1290/1290
f 1295/1295/1295 1289/1289/1289 1285/1285/1285
f 1285/1285/1285 1289/1289/1289 1290/1290/1290
f 1253/1253/1253 1295/1295/1295 1294/1294/1294
f 1285/1285/1285 1294/1294/1294 1295/1295/1295
f 1294/1294/1294 1285/1285/1285 1288/1288/1288
f 1290/1290/1290 1283/1283/1283 1285/1285/1285
f 1581/1581/1581 1580/1580/1580 1570/1570/1570
f 1569/1569/1569 1570/1570/1570 1580/1580/1580
f 1569/1569/1569 1580/1580/1580 1579/1579/1579
f 1569/1569/1569 1579/1579/1579 1578/1578/1578
f 1576/1576/1576 1577/1577/1577 1580/1580/1580
f 1576/1576/1576 1580/1580/1580 1581/1581/1581
f 1579/1579/1579 1580/1580/1580 1577/1577/1577
f 1579/1579/1579 1577/1577/1577 1575/1575/1575
f 1094/1094/1094 1579/1579/1579 1575/1575/1575
f 1097/1097/1097 1579/1579/1579 1094/1094/1094
f 1579/1579/1579 1097/1097/1097 1099/1099/1099
f 316/316/316 319/319/319 320/320/320
f 438/438/438 433/433/433 432/432/432
f 433/433/433 438/438/438 321/321/321
f 322/322/322 321/321/321 438/438/438
f 321/321/321 322/322/322 317/317/317
f 317/317/317 316/316/316 321/321/321
f 316/316/316 317/317/317 314/314/314
f 323/323/323 317/317/317 322/322/322
f 314/314/314 317/317/317 323/323/323
f 479/479/479 325/325/325 322/322/322
f 322/322/322 439/439/439 479/479/479
f 438/438/438 439/439/439 322/322/322
f 322/322/322 325/325/325 323/323/323
f 963/963/963 482/482/482 962/962/962
f 962/962/962 290/290/290 961/961/961
f 962/962/962 961/961/961 960/960/960
f 960/960/960 963/963/963 962/962/962
f 285/285/285 290/290/290 962/962/962
f 285/285/285 284/284/284 289/289/289
f 289/289/289 290/290/290 285/285/285
f 284/284/284 287/287/287 288/288/288
f 288/288/288 289/289/289 284/284/284
f 287/287/287 284/284/284 283/283/283
f 286/286/286 283/283/283 6/6/6
f 283/283/283 286/286/286 287/287/287
f 1620/1620/1620 1625/1625/1625 1633/1633/1633
f 1626/1626/1626 1634/1634/1634 1633/1633/1633
f 1618/1618/1618 1633/1633/1633 1634/1634/1634
f 1633/1633/1633 1618/1618/1618 1620/1620/1620
f 1620/1620/1620 1618/1618/1618 1616/1616/1616
f 1634/1634/1634 1619/1619/1619 1618/1618/1618
f 1618/1618/1618 1619/1619/1619 1617/1617/1617
f 1617/1617/1617 1616/1616/1616 1618/1618/1618
f 3060/3060/3060 3061/3061/3061 3058/3058/3058
f 3058/3058/3058 3059/3059/3059 3060/3060/3060
f 3140/3140/3140 3141/3141/3141 3138/3138/3138
f 3138/3138/3138 3139/3139/3139 3140/3140/3140
f 1126/1126/1126 1476/1476/1476 1475/1475/1475
f 1125/1125/1125 1126/1126/1126 1127/1127/1127
f 1476/1476/1476 1482/1482/1482 1565/1565/1565
f 1565/1565/1565 1475/1475/1475 1476/1476/1476
f 1478/1478/1478 1482/1482/1482 1476/1476/1476
f 1565/1565/1565 1482/1482/1482 1478/1478/1478
f 1478/1478/1478 1566/1566/1566 1565/1565/1565
f 1566/1566/1566 1478/1478/1478 1477/1477/1477
f 1475/1475/1475 1565/1565/1565 541/541/541
f 541/541/541 1565/1565/1565 1566/1566/1566
f 541/541/541 429/429/429 1475/1475/1475
f 1127/1127/1127 1475/1475/1475 429/429/429
f 429/429/429 51/51/51 1127/1127/1127
f 6/6/6 9/9/9 286/286/286
f 9/9/9 6/6/6 5/5/5
f 5/5/5 8/8/8 9/9/9
f 8/8/8 5/5/5 556/556/556
f 556/556/556 557/557/557 8/8/8
f 547/547/547 556/556/556 558/558/558
f 556/556/556 555/555/555 558/558/558
f 547/547/547 557/557/557 556/556/556
f 547/547/547 558/558/558 548/548/548
f 545/545/545 546/546/546 547/547/547
f 547/547/547 548/548/548 545/545/545
f 554/554/554 558/558/558 555/555/555
f 548/548/548 558/558/558 559/559/559
f 636/636/636 447/447/447 160/160/160
f 160/160/160 181/181/181 636/636/636
f 161/161/161 160/160/160 447/447/447
f 190/190/190 182/182/182 160/160/160
f 160/160/160 163/163/163 190/190/190
f 178/178/178 181/181/181 160/160/160
f 160/160/160 182/182/182 178/178/178
f 162/162/162 163/163/163 160/160/160
f 160/160/160 161/161/161 162/162/162
f 447/447/447 636/636/636 635/635/635
f 636/636/636 181/181/181 180/180/180
f 180/180/180 635/635/635 636/636/636
f 181/181/181 178/178/178 177/177/177
f 177/177/177 180/180/180 181/181/181
f 179/179/179 178/178/178 182/182/182
f 178/178/178 179/179/179 176/176/176
f 176/176/176 177/177/177 178/178/178
f 177/177/177 589/589/589 592/592/592
f 592/592/592 180/180/180 177/177/177
f 589/589/589 177/177/177 176/176/176
f 644/644/644 635/635/635 180/180/180
f 180/180/180 592/592/592 644/644/644
f 3220/3220/3220 3221/3221/3221 3218/3218/3218
f 3218/3218/3218 3219/3219/3219 3220/3220/3220
f 3300/3300/3300 3301/3301/3301 3298/3298/3298
f 3298/3298/3298 3299/3299/3299 3300/3300/3300
f 1521/1521/1521 1379/1379/1379 1381/1381/1381
f 1517/1517/1517 1484/1484/1484 1483/1483/1483
f 1376/1376/1376 1483/1483/1483 1484/1484/1484
f 1477/1477/1477 1517/1517/1517 1557/1557/1557
f 1484/1484/1484 1517/1517/1517 1477/1477/1477
f 1557/1557/1557 1559/1559/1559 1477/1477/1477
f 1522/1522/1522 1381/1381/1381 1526/1526/1526
f 1526/1526/1526 1381/1381/1381 1380/1380/1380
f 1380/1380/1380 1381/1381/1381 1379/1379/1379
f 1526/1526/1526 1527/1527/1527 1522/1522/1522
f 1530/1530/1530 1528/1528/1528 1526/1526/1526
f 1526/1526/1526 1525/1525/1525 1530/1530/1530
f 2232/2232/2232 2233/2233/2233 2230/2230/2230
f 2230/2230/2230 2231/2231/2231 2232/2232/2232
f 2152/2152/2152 2153/2153/2153 2150/2150/2150
f 2150/2150/2150 2151/2151/2151 2152/2152/2152
f 2228/2228/2228 2229/2229/2229 2226/2226/2226
f 2226/2226/2226 2227/2227/2227 2228/2228/2228
f 2148/2148/2148 2149/2149/2149 2146/2146/2146
f 2146/2146/2146 2147/2147/2147 2148/2148/2148
f 2392/2392/2392 2393/2393/2393 2390/2390/2390
f 2390/2390/2390 2391/2391/2391 2392/2392/2392
f 2312/2312/2312 2313/2313/2313 2310/2310/2310
f 2310/2310/2310 2311/2311/2311 2312/2312/2312
f 229/229/229 595/595/595 596/596/596
f 596/596/596 230/230/230 229/229/229
f 230/230/230 596/596/596 601/601/601
f 600/600/600 601/601/601 596/596/596
f 601/601/601 231/231/231 230/230/230
f 627/627/627 231/231/231 601/601/601
f 648/648/648 309/309/309 313/313/313
f 312/312/312 313/313/313 309/309/309
f 199/199/199 309/309/309 648/648/648
f 309/309/309 308/308/308 312/312/312
f 308/308/308 309/309/309 199/199/199
f 199/199/199 307/307/307 308/308/308
f 2388/2388/2388 2389/2389/2389 2386/2386/2386
f 2386/2386/2386 2387/2387/2387 2388/2388/2388
f 2308/2308/2308 2309/2309/2309 2306/2306/2306
f 2306/2306/2306 2307/2307/2307 2308/2308/2308
f 1483/1483/1483 1521/1521/1521 1520/1520/1520
f 1519/1519/1519 1520/1520/1520 1521/1521/1521
f 1535/1535/1535 1534/1534/1534 496/496/496
f 1534/1534/1534 1535/1535/1535 1519/1519/1519
f 1527/1527/1527 1533/1533/1533 1519/1519/1519
f 1519/1519/1519 1522/1522/1522 1527/1527/1527
f 1519/1519/1519 1533/1533/1533 1534/1534/1534
f 1521/1521/1521 1522/1522/1522 1519/1519/1519
f 1521/1521/1521 1483/1483/1483 1376/1376/1376
f 1376/1376/1376 1379/1379/1379 1521/1521/1521
f 1381/1381/1381 1522/1522/1522 1521/1521/1521
f 2552/2552/2552 2553/2553/2553 2550/2550/2550
f 2550/2550/2550 2551/2551/2551 2552/2552/2552
f 2472/2472/2472 2473/2473/2473 2470/2470/2470
f 2470/2470/2470 2471/2471/2471 2472/2472/2472
f 2236/2236/2236 2237/2237/2237 2234/2234/2234
f 2234/2234/2234 2235/2235/2235 2236/2236/2236
f 2156/2156/2156 2157/2157/2157 2154/2154/2154
f 2154/2154/2154 2155/2155/2155 2156/2156/2156
f 2548/2548/2548 2549/2549/2549 2546/2546/2546
f 2546/2546/2546 2547/2547/2547 2548/2548/2548
f 2468/2468/2468 2469/2469/2469 2466/2466/2466
f 2466/2466/2466 2467/2467/2467 2468/2468/2468
f 580/580/580 583/583/583 586/586/586
f 1600/1600/1600 1547/1547/1547 513/513/513
f 513/513/513 587/587/587 1600/1600/1600
f 587/587/587 585/585/585 1597/1597/1597
f 1597/1597/1597 1600/1600/1600 587/587/587
f 583/583/583 585/585/585 587/587/587
f 583/583/583 582/582/582 584/584/584
f 584/584/584 585/585/585 583/583/583
f 582/582/582 583/583/583 580/580/580
f 580/580/580 581/581/581 582/582/582
f 582/582/582 539/539/539 538/538/538
f 538/538/538 584/584/584 582/582/582
f 539/539/539 582/582/582 581/581/581
f 2188/2188/2188 2189/2189/2189 2186/2186/2186
f 2186/2186/2186 2187/2187/2187 2188/2188/2188
f 2108/2108/2108 2109/2109/2109 2106/2106/2106
f 2106/2106/2106 2107/2107/2107 2108/2108/2108
f 2184/2184/2184 2185/2185/2185 2182/2182/2182
f 2182/2182/2182 2183/2183/2183 2184/2184/2184
f 2104/2104/2104 2105/2105/2105 2102/2102/2102
f 2102/2102/2102 2103/2103/2103 2104/2104/2104
f 2708/2708/2708 2709/2709/2709 2706/2706/2706
f 2706/2706/2706 2707/2707/2707 2708/2708/2708
f 2628/2628/2628 2629/2629/2629 2626/2626/2626
f 2626/2626/2626 2627/2627/2627 2628/2628/2628
f 2712/2712/2712 2713/2713/2713 2710/2710/2710
f 2710/2710/2710 2711/2711/2711 2712/2712/2712
f 2632/2632/2632 2633/2633/2633 2630/2630/2630
f 2630/2630/2630 2631/2631/2631 2632/2632/2632
f 2868/2868/2868 2869/2869/2869 2866/2866/2866
f 2866/2866/2866 2867/2867/2867 2868/2868/2868
f 2788/2788/2788 2789/2789/2789 2786/2786/2786
f 2786/2786/2786 2787/2787/2787 2788/2788/2788
f 2396/2396/2396 2397/2397/2397 2394/2394/2394
f 2394/2394/2394 2395/2395/2395 2396/2396/2396
f 2316/2316/2316 2317/2317/2317 2314/2314/2314
f 2314/2314/2314 2315/2315/2315 2316/2316/2316
f 2348/2348/2348 2349/2349/2349 2346/2346/2346
f 2346/2346/2346 2347/2347/2347 2348/2348/2348
f 2268/2268/2268 2269/2269/2269 2266/2266/2266
f 2266/2266/2266 2267/2267/2267 2268/2268/2268
f 2872/2872/2872 2873/2873/2873 2870/2870/2870
f 2870/2870/2870 2871/2871/2871 2872/2872/2872
f 2792/2792/2792 2793/2793/2793 2790/2790/2790
f 2790/2790/2790 2791/2791/2791 2792/2792/2792
f 660/660/660 677/677/677 678/678/678
f 678/678/678 658/658/658 660/660/660
f 660/660/660 658/658/658 657/657/657
f 657/657/657 659/659/659 660/660/660
f 678/678/678 679/679/679 655/655/655
f 655/655/655 658/658/658 678/678/678
f 657/657/657 658/658/658 655/655/655
f 655/655/655 656/656/656 657/657/657
f 1682/1682/1682 1683/1683/1683 1664/1664/1664
f 1682/1682/1682 1661/1661/1661 1660/1660/1660
f 1660/1660/1660 1684/1684/1684 1682/1682/1682
f 1664/1664/1664 1661/1661/1661 1682/1682/1682
f 1664/1664/1664 1665/1665/1665 1662/1662/1662
f 1662/1662/1662 1661/1661/1661 1664/1664/1664
f 1660/1660/1660 1661/1661/1661 1662/1662/1662
f 1662/1662/1662 1663/1663/1663 1660/1660/1660
f 3028/3028/3028 3029/3029/3029 3026/3026/3026
f 3026/3026/3026 3027/3027/3027 3028/3028/3028
f 2948/2948/2948 2949/2949/2949 2946/2946/2946
f 2946/2946/2946 2947/2947/2947 2948/2948/2948
f 2264/2264/2264 2265/2265/2265 2262/2262/2262
f 2262/2262/2262 2263/2263/2263 2264/2264/2264
f 2344/2344/2344 2345/2345/2345 2342/2342/2342
f 2342/2342/2342 2343/2343/2343 2344/2344/2344
f 957/957/957 289/289/289 288/288/288
f 288/288/288 956/956/956 957/957/957
f 289/289/289 957/957/957 961/961/961
f 957/957/957 959/959/959 960/960/960
f 960/960/960 961/961/961 957/957/957
f 959/959/959 957/957/957 956/956/956
f 961/961/961 290/290/290 289/289/289
f 1964/1964/1964 963/963/963 960/960/960
f 960/960/960 1963/1963/1963 1964/1964/1964
f 1961/1961/1961 1963/1963/1963 960/960/960
f 960/960/960 959/959/959 1961/1961/1961
f 959/959/959 958/958/958 1962/1962/1962
f 1962/1962/1962 1961/1961/1961 959/959/959
f 956/956/956 958/958/958 959/959/959
f 1963/1963/1963 1961/1961/1961 1353/1353/1353
f 1961/1961/1961 1962/1962/1962 1352/1352/1352
f 1352/1352/1352 1353/1353/1353 1961/1961/1961
f 1964/1964/1964 1963/1963/1963 1354/1354/1354
f 1353/1353/1353 1354/1354/1354 1963/1963/1963
f 1347/1347/1347 1354/1354/1354 1353/1353/1353
f 1353/1353/1353 1348/1348/1348 1347/1347/1347
f 1348/1348/1348 1353/1353/1353 1352/1352/1352
f 3188/3188/3188 3189/3189/3189 3186/3186/3186
f 3186/3186/3186 3187/3187/3187 3188/3188/3188
f 3108/3108/3108 3109/3109/3109 3106/3106/3106
f 3106/3106/3106 3107/3107/3107 3108/3108/3108
f 2556/2556/2556 2557/2557/2557 2554/2554/2554
f 2554/2554/2554 2555/2555/2555 2556/2556/2556
f 2476/2476/2476 2477/2477/2477 2474/2474/2474
f 2474/2474/2474 2475/2475/2475 2476/2476/2476
f 3348/3348/3348 3349/3349/3349 3346/3346/3346
f 3346/3346/3346 3347/3347/3347 3348/3348/3348
f 3268/3268/3268 3269/3269/3269 3266/3266/3266
f 3266/3266/3266 3267/3267/3267 3268/3268/3268
f 3032/3032/3032 3033/3033/3033 3030/3030/3030
f 3030/3030/3030 3031/3031/3031 3032/3032/3032
f 2952/2952/2952 2953/2953/2953 2950/2950/2950
f 2950/2950/2950 2951/2951/2951 2952/2952/2952
f 2508/2508/2508 2509/2509/2509 2506/2506/2506
f 2506/2506/2506 2507/2507/2507 2508/2508/2508
f 2428/2428/2428 2429/2429/2429 2426/2426/2426
f 2426/2426/2426 2427/2427/2427 2428/2428/2428
f 1951/1951/1951 1952/1952/1952 1933/1933/1933
f 1951/1951/1951 1930/1930/1930 1929/1929/1929
f 1929/1929/1929 1953/1953/1953 1951/1951/1951
f 1933/1933/1933 1930/1930/1930 1951/1951/1951
f 1933/1933/1933 1934/1934/1934 1931/1931/1931
f 1931/1931/1931 1930/1930/1930 1933/1933/1933
f 1929/1929/1929 1930/1930/1930 1931/1931/1931
f 1931/1931/1931 1932/1932/1932 1929/1929/1929
f 929/929/929 946/946/946 947/947/947
f 947/947/947 927/927/927 929/929/929
f 929/929/929 927/927/927 926/926/926
f 926/926/926 928/928/928 929/929/929
f 947/947/947 948/948/948 924/924/924
f 924/924/924 927/927/927 947/947/947
f 926/926/926 927/927/927 924/924/924
f 924/924/924 925/925/925 926/926/926
f 3192/3192/3192 3193/3193/3193 3190/3190/3190
f 3190/3190/3190 3191/3191/3191 3192/3192/3192
f 3112/3112/3112 3113/3113/3113 3110/3110/3110
f 3110/3110/3110 3111/3111/3111 3112/3112/3112
f 2424/2424/2424 2425/2425/2425 2422/2422/2422
f 2422/2422/2422 2423/2423/2423 2424/2424/2424
f 2504/2504/2504 2505/2505/2505 2502/2502/2502
f 2502/2502/2502 2503/2503/2503 2504/2504/2504
f 1128/1128/1128 1127/1127/1127 51/51/51
f 1127/1127/1127 1128/1128/1128 1125/1125/1125
f 430/430/430 429/429/429 541/541/541
f 429/429/429 430/430/430 45/45/45
f 45/45/45 51/51/51 429/429/429
f 1566/1566/1566 542/542/542 541/541/541
f 541/541/541 544/544/544 430/430/430
f 543/543/543 544/544/544 541/541/541
f 541/541/541 542/542/542 543/543/543
f 1477/1477/1477 1559/1559/1559 1566/1566/1566
f 542/542/542 1566/1566/1566 1559/1559/1559
f 1559/1559/1559 532/532/532 542/542/542
f 531/531/531 543/543/543 542/542/542
f 542/542/542 532/532/532 531/531/531
f 544/544/544 543/543/543 435/435/435
f 543/543/543 531/531/531 432/432/432
f 432/432/432 435/435/435 543/543/543
f 431/431/431 430/430/430 544/544/544
f 2668/2668/2668 2669/2669/2669 2666/2666/2666
f 2666/2666/2666 2667/2667/2667 2668/2668/2668
f 2588/2588/2588 2589/2589/2589 2586/2586/2586
f 2586/2586/2586 2587/2587/2587 2588/2588/2588
f 2716/2716/2716 2717/2717/2717 2714/2714/2714
f 2714/2714/2714 2715/2715/2715 2716/2716/2716
f 2636/2636/2636 2637/2637/2637 2634/2634/2634
f 2634/2634/2634 2635/2635/2635 2636/2636/2636
f 3352/3352/3352 3353/3353/3353 3350/3350/3350
f 3350/3350/3350 3351/3351/3351 3352/3352/3352
f 3272/3272/3272 3273/3273/3273 3270/3270/3270
f 3270/3270/3270 3271/3271/3271 3272/3272/3272
f 2828/2828/2828 2829/2829/2829 2826/2826/2826
f 2826/2826/2826 2827/2827/2827 2828/2828/2828
f 2748/2748/2748 2749/2749/2749 2746/2746/2746
f 2746/2746/2746 2747/2747/2747 2748/2748/2748
f 2664/2664/2664 2665/2665/2665 2662/2662/2662
f 2662/2662/2662 2663/2663/2663 2664/2664/2664
f 2584/2584/2584 2585/2585/2585 2582/2582/2582
f 2582/2582/2582 2583/2583/2583 2584/2584/2584
f 2876/2876/2876 2877/2877/2877 2874/2874/2874
f 2874/2874/2874 2875/2875/2875 2876/2876/2876
f 2796/2796/2796 2797/2797/2797 2794/2794/2794
f 2794/2794/2794 2795/2795/2795 2796/2796/2796
f 815/815/815 832/832/832 833/833/833
f 833/833/833 813/813/813 815/815/815
f 815/815/815 813/813/813 812/812/812
f 812/812/812 814/814/814 815/815/815
f 833/833/833 834/834/834 810/810/810
f 810/810/810 813/813/813 833/833/833
f 812/812/812 813/813/813 810/810/810
f 810/810/810 811/811/811 812/812/812
f 1837/1837/1837 1838/1838/1838 1819/1819/1819
f 1837/1837/1837 1816/1816/1816 1815/1815/1815
f 1815/1815/1815 1839/1839/1839 1837/1837/1837
f 1819/1819/1819 1816/1816/1816 1837/1837/1837
f 1819/1819/1819 1820/1820/1820 1817/1817/1817
f 1817/1817/1817 1816/1816/1816 1819/1819/1819
f 1815/1815/1815 1816/1816/1816 1817/1817/1817
f 1817/1817/1817 1818/1818/1818 1815/1815/1815
f 2988/2988/2988 2989/2989/2989 2986/2986/2986
f 2986/2986/2986 2987/2987/2987 2988/2988/2988
f 2908/2908/2908 2909/2909/2909 2906/2906/2906
f 2906/2906/2906 2907/2907/2907 2908/2908/2908
f 2824/2824/2824 2825/2825/2825 2822/2822/2822
f 2822/2822/2822 2823/2823/2823 2824/2824/2824
f 2744/2744/2744 2745/2745/2745 2742/2742/2742
f 2742/2742/2742 2743/2743/2743 2744/2744/2744
f 3036/3036/3036 3037/3037/3037 3034/3034/3034
f 3034/3034/3034 3035/3035/3035 3036/3036/3036
f 2956/2956/2956 2957/2957/2957 2954/2954/2954
f 2954/2954/2954 2955/2955/2955 2956/2956/2956
f 3148/3148/3148 3149/3149/3149 3146/3146/3146
f 3146/3146/3146 3147/3147/3147 3148/3148/3148
f 3068/3068/3068 3069/3069/3069 3066/3066/3066
f 3066/3066/3066 3067/3067/3067 3068/3068/3068
f 3308/3308/3308 3309/3309/3309 3306/3306/3306
f 3306/3306/3306 3307/3307/3307 3308/3308/3308
f 3228/3228/3228 3229/3229/3229 3226/3226/3226
f 3226/3226/3226 3227/3227/3227 3228/3228/3228
f 2984/2984/2984 2985/2985/2985 2982/2982/2982
f 2982/2982/2982 2983/2983/2983 2984/2984/2984
f 2904/2904/2904 2905/2905/2905 2902/2902/2902
f 2902/2902/2902 2903/2903/2903 2904/2904/2904
f 3196/3196/3196 3197/3197/3197 3194/3194/3194
f 3194/3194/3194 3195/3195/3195 3196/3196/3196
f 3116/3116/3116 3117/3117/3117 3114/3114/3114
f 3114/3114/3114 3115/3115/3115 3116/3116/3116
f 3144/3144/3144 3145/3145/3145 3142/3142/3142
f 3142/3142/3142 3143/3143/3143 3144/3144/3144
f 3064/3064/3064 3065/3065/3065 3062/3062/3062
f 3062/3062/3062 3063/3063/3063 3064/3064/3064
f 3356/3356/3356 3357/3357/3357 3354/3354/3354
f 3354/3354/3354 3355/3355/3355 3356/3356/3356
f 3276/3276/3276 3277/3277/3277 3274/3274/3274
f 3274/3274/3274 3275/3275/3275 3276/3276/3276
f 3304/3304/3304 3305/3305/3305 3302/3302/3302
f 3302/3302/3302 3303/3303/3303 3304/3304/3304
f 3224/3224/3224 3225/3225/3225 3222/3222/3222
f 3222/3222/3222 3223/3223/3223 3224/3224/3224
f 439/439/439 438/438/438 475/475/475
f 432/432/432 475/475/475 438/438/438
f 529/529/529 475/475/475 432/432/432
f 432/432/432 531/531/531 529/529/529
f 475/475/475 529/529/529 528/528/528
f 528/528/528 476/476/476 475/475/475
f 475/475/475 476/476/476 439/439/439
f 480/480/480 479/479/479 439/439/439
f 439/439/439 476/476/476 480/480/480
f 533/533/533 480/480/480 476/476/476
f 476/476/476 528/528/528 533/533/533
f 534/534/534 533/533/533 528/528/528
f 528/528/528 527/527/527 534/534/534
f 527/527/527 528/528/528 529/529/529
f 530/530/530 529/529/529 531/531/531
f 529/529/529 530/530/530 527/527/527
f 531/531/531 532/532/532 530/530/530
f 530/530/530 532/532/532 1559/1559/1559
f 1559/1559/1559 1557/1557/1557 530/530/530
f 527/527/527 530/530/530 1557/1557/1557
f 534/534/534 527/527/527 1558/1558/1558
f 1557/1557/1557 1558/1558/1558 527/527/527
f 1558/1558/1558 1560/1560/1560 534/534/534
f 495/495/495 534/534/534 1560/1560/1560
f 533/533/533 534/534/534 495/495/495
f 480/480/480 533/533/533 492/492/492
f 495/495/495 492/492/492 533/533/533
f 1560/1560/1560 1535/1535/1535 495/495/495
f 496/496/496 495/495/495 1535/1535/1535
f 492/492/492 495/495/495 496/496/496
f 1560/1560/1560 1558/1558/1558 1518/1518/1518
f 1518/1518/1518 1520/1520/1520 1560/1560/1560
f 1535/1535/1535 1560/1560/1560 1520/1520/1520
f 1517/1517/1517 1518/1518/1518 1558/1558/1558
f 1558/1558/1558 1557/1557/1557 1517/1517/1517
f 1520/1520/1520 1518/1518/1518 1483/1483/1483
f 1483/1483/1483 1518/1518/1518 1517/1517/1517
f 1520/1520/1520 1519/1519/1519 1535/1535/1535
f 632/632/632 1636/1636/1636 1646/1646/1646
f 1636/1636/1636 632/632/632 631/631/631
f 631/631/631 1637/1637/1637 1636/1636/1636
f 1637/1637/1637 631/631/631 630/630/630
f 630/630/630 631/631/631 628/628/628
f 628/628/628 601/601/601 630/630/630
f 601/601/601 628/628/628 627/627/627
f 630/630/630 1611/1611/1611 1637/1637/1637
f 1638/1638/1638 1637/1637/1637 1611/1611/1611
f 1637/1637/1637 1638/1638/1638 1635/1635/1635
f 1635/1635/1635 1636/1636/1636 1637/1637/1637
f 1636/1636/1636 1635/1635/1635 1645/1645/1645
f 208/208/208 214/214/214 219/219/219
f 211/211/211 208/208/208 218/218/218
f 213/213/213 214/214/214 208/208/208
f 218/218/218 217/217/217 211/211/211
f 166/166/166 211/211/211 217/217/217
f 218/218/218 219/219/219 179/179/179
f 179/179/179 183/183/183 218/218/218
f 217/217/217 218/218/218 183/183/183
f 220/220/220 219/219/219 214/214/214
f 214/214/214 216/216/216 220/220/220
f 216/216/216 214/214/214 213/213/213
f 213/213/213 215/215/215 216/216/216
f 183/183/183 189/189/189 217/217/217
f 189/189/189 183/183/183 182/182/182
f 182/182/182 183/183/183 179/179/179
f 217/217/217 189/189/189 166/166/166
f 182/182/182 190/190/190 189/189/189
f 166/166/166 189/189/189 190/190/190
f 190/190/190 163/163/163 166/166/166
f 166/166/166 163/163/163 162/162/162
f 200/200/200 201/201/201 202/202/202
f 205/205/205 202/202/202 201/201/201
f 201/201/201 204/204/204 205/205/205
f 1645/1645/1645 1646/1646/1646 1636/1636/1636
f 1643/1643/1643 1645/1645/1645 1635/1635/1635
f 1635/1635/1635 1639/1639/1639 1643/1643/1643
f 1639/1639/1639 1635/1635/1635 1638/1638/1638
f 1638/1638/1638 1640/1640/1640 1639/1639/1639
f 1640/1640/1640 1638/1638/1638 1307/1307/1307
f 1611/1611/1611 1307/1307/1307 1638/1638/1638
f 1305/1305/1305 1307/1307/1307 1611/1611/1611
f 1611/1611/1611 1608/1608/1608 1305/1305/1305
f 1608/1608/1608 1611/1611/1611 600/600/600
f 1307/1307/1307 1308/1308/1308 1640/1640/1640
f 1303/1303/1303 1308/1308/1308 1307/1307/1307
f 1307/1307/1307 1305/1305/1305 1303/1303/1303
f 1603/1603/1603 1640/1640/1640 1308/1308/1308
f 1640/1640/1640 1603/1603/1603 1604/1604/1604
f 1604/1604/1604 1639/1639/1639 1640/1640/1640
f 637/637/637 644/644/644 592/592/592
f 592/592/592 591/591/591 637/637/637
f 591/591/591 592/592/592 589/589/589
f 589/589/589 590/590/590 591/591/591
f 590/590/590 589/589/589 226/226/226
f 176/176/176 226/226/226 589/589/589
f 226/226/226 176/176/176 220/220/220
f 219/219/219 220/220/220 176/176/176
f 176/176/176 179/179/179 219/219/219
f 226/226/226 225/225/225 590/590/590
f 220/220/220 222/222/222 226/226/226
f 225/225/225 226/226/226 222/222/222
f 232/232/232 633/633/633 590/590/590
f 1639/1639/1639 1604/1604/1604 1644/1644/1644
f 1644/1644/1644 1643/1643/1643 1639/1639/1639
f 1644/1644/1644 1604/1604/1604 1605/1605/1605
f 1602/1602/1602 1605/1605/1605 1604/1604/1604
f 1604/1604/1604 1603/1603/1603 1602/1602/1602
f 1308/1308/1308 1301/1301/1301 1603/1603/1603
f 1603/1603/1603 1301/1301/1301 1302/1302/1302
f 1302/1302/1302 1602/1602/1602 1603/1603/1603
f 1299/1299/1299 1301/1301/1301 1308/1308/1308
f 1308/1308/1308 1303/1303/1303 1299/1299/1299
f 1297/1297/1297 1302/1302/1302 1301/1301/1301
f 1301/1301/1301 1299/1299/1299 1297/1297/1297
f 1602/1602/1602 1302/1302/1302 1252/1252/1252
f 1296/1296/1296 1252/1252/1252 1302/1302/1302
f 1302/1302/1302 1297/1297/1297 1296/1296/1296
f 1605/1605/1605 1602/1602/1602 1255/1255/1255
f 1252/1252/1252 1255/1255/1255 1602/1602/1602
f 1295/1295/1295 1253/1253/1253 1252/1252/1252
f 1252/1252/1252 1296/1296/1296 1295/1295/1295
f 1254/1254/1254 1255/1255/1255 1252/1252/1252
f 1252/1252/1252 1253/1253/1253 1254/1254/1254
f 1292/1292/1292 1296/1296/1296 1297/1297/1297
f 1296/1296/1296 1292/1292/1292 1289/1289/1289
f 1289/1289/1289 1295/1295/1295 1296/1296/1296
f 1265/1265/1265 1266/1266/1266 1242/1242/1242
f 1242/1242/1242 1237/1237/1237 1265/1265/1265
f 1238/1238/1238 1237/1237/1237 1242/1242/1242
f 1242/1242/1242 1240/1240/1240 1238/1238/1238
f 1239/1239/1239 1238/1238/1238 1240/1240/1240
f 1293/1293/1293 1288/1288/1288 1242/1242/1242
f 1242/1242/1242 1266/1266/1266 1293/1293/1293
f 1240/1240/1240 1242/1242/1242 1288/1288/1288
f 1293/1293/1293 1266/1266/1266 1259/1259/1259
f 1294/1294/1294 1259/1259/1259 1253/1253/1253
f 1259/1259/1259 1294/1294/1294 1293/1293/1293
f 1288/1288/1288 1293/1293/1293 1294/1294/1294
f 1288/1288/1288 1287/1287/1287 1240/1240/1240
