# leviathan_ad reconstructed from live game memory
v 20.41311 35.44899 -101.63799
v -0.02034 31.66952 -101.30650
v -0.02034 32.62790 -117.05730
v 13.32794 35.06997 -118.19170
v 22.01869 30.31584 -83.52525
v 24.12156 34.63549 -83.49331
v 20.41311 35.44899 -101.63799
v 18.78675 31.35349 -101.59441
v 20.07353 54.88490 98.78094
v 15.82643 50.01559 126.22983
v -0.02033 57.34246 126.23055
v -0.02033 64.73239 98.78275
v -0.02033 71.35136 79.07382
v 25.22431 59.86404 70.51428
v 24.09980 38.66932 98.82112
v 29.87105 40.35744 70.54129
v 24.37276 22.09737 70.52950
v 20.07630 22.82639 98.77255
v 21.07713 81.19077 -11.80308
v -0.02033 85.25328 -11.80333
v -0.02034 82.50702 -41.20164
v 22.09597 78.94156 -41.20160
v 22.32256 72.44336 -83.92857
v -0.02034 75.26839 -83.89682
v -0.02034 73.63858 -102.29721
v 21.04412 70.76466 -102.42056
v 39.32710 48.59680 -11.81373
v 39.93193 50.77805 -41.20297
v 39.80679 37.36111 -41.19798
v 38.85656 35.79766 -11.80113
v 30.89111 20.21019 -41.11149
v -0.02034 18.22027 -41.16004
v -0.02033 15.96763 -22.84967
v 31.74817 17.80810 -22.72839
v -0.02033 15.62306 -12.05977
v 32.44489 18.74778 -12.12778
v 35.48007 44.13795 35.07146
v 30.60014 22.09781 35.05673
v 34.25189 24.73929 0.16696
v 38.84047 47.41047 0.16534
v 39.80679 37.36111 -41.19798
v 39.93193 50.77805 -41.20297
v 40.44928 51.26061 -63.33398
v 39.73600 40.00794 -63.30124
v 14.74796 37.14878 159.87817
v 11.37439 27.71212 159.88263
v 10.55188 29.00108 173.07750
v 13.71211 36.97841 173.06831
v 46.51585 24.83357 -22.39370
v 42.59612 22.38327 -13.58737
v 36.87322 25.78613 -11.73745
v 41.32336 28.63644 -24.64217
v 46.90891 22.16708 -31.09697
v 60.66228 21.83767 -28.61011
v 57.03490 24.01357 -19.87586
v 32.44489 18.74778 -12.12778
v 41.83327 19.90452 -11.89453
v 43.97143 17.90238 -22.01267
v 31.74817 17.80810 -22.72839
v 57.76914 18.06779 -19.51133
v 61.34256 19.95601 -30.32081
v 46.01175 19.95809 -32.41613
v 52.83971 21.77309 -9.81723
v 69.63246 23.04850 -15.80991
v 65.59579 20.81112 -5.54498
v 73.37947 21.46972 -24.36298
v 52.01894 19.93350 -7.31300
v 64.92847 19.92842 -3.78725
v 72.36500 18.26905 -14.87524
v 74.18235 19.95991 -26.26723
v 82.72672 22.04450 -11.07085
v 79.31596 20.98687 -5.24506
v 85.77153 21.37684 -18.34544
v 78.40337 19.91129 -3.29677
v 84.70234 18.50096 -11.49802
v 86.75201 19.94921 -20.47840
v 64.92847 19.92842 -3.78725
v 52.01894 19.93350 -7.31300
v 78.40337 19.91129 -3.29677
v 51.99539 36.52971 234.18184
v 54.05177 34.28468 231.82382
v 56.72944 33.97351 239.47844
v 86.57057 19.94698 -5.92355
v 85.66429 20.97496 -7.40017
v 86.57057 19.94698 -5.92355
v 50.39071 34.10971 236.49933
v 41.05862 34.29759 232.09250
v 42.05864 37.52957 230.11180
v 36.87322 25.78613 -11.73745
v 41.32336 28.63644 -24.64217
v 29.93636 35.86535 196.53615
v 12.67625 36.45744 186.15530
v 9.72938 30.29004 186.15829
v 25.40958 31.06910 196.57138
v 45.68711 31.49720 222.39748
v 48.32808 35.07246 220.77676
v 50.81149 31.77861 233.80754
v 54.05177 34.28468 231.82382
v 56.72944 33.97351 239.47844
v 41.21518 31.70032 230.13316
v 50.39071 34.10971 236.49933
v 41.05862 34.29759 232.09250
v 23.64897 31.47440 222.46625
v 22.63242 34.86716 225.84177
v 9.30047 31.49964 216.08585
v 7.12664 35.27691 219.35275
v 22.09597 78.94156 -41.20160
v -0.02034 82.50702 -41.20164
v -0.02034 79.11388 -63.32816
v 22.66749 76.01323 -63.33036
v 19.34265 37.55154 126.22543
v 15.42809 25.04929 126.22186
v 13.26709 47.07204 144.45343
v -0.02033 53.04085 144.45615
v 16.51523 37.31917 144.42960
v 6.62730 84.27110 68.32574
v -0.02033 92.58784 67.80814
v -0.02033 89.41154 57.75056
v -0.02033 94.43528 81.30998
v 12.92831 26.42315 144.42078
v 10.76615 43.98247 173.06166
v -0.02033 47.19752 173.05766
v -0.02033 49.48440 159.87524
v 11.65092 45.16985 159.87729
v 11.67049 31.91822 -118.20441
v 13.32794 35.06997 -118.19170
v 7.41443 34.86403 -124.56492
v 6.29325 32.78223 -123.68349
v -0.02033 18.80466 98.77127
v -0.02033 21.75667 126.22147
v -0.02033 23.94297 144.41458
v -0.02033 25.74126 159.88245
v -0.02033 27.53954 173.07852
v -0.02033 29.33782 186.15875
v -0.02033 32.02258 208.57651
v 9.41031 31.73533 205.10541
v 35.56572 63.94315 -83.87971
v 32.15541 62.78627 -102.21844
v 35.24974 50.87864 -102.24185
v 38.91565 50.92338 -83.90427
v 29.18022 38.85254 -102.01929
v 32.85024 38.60142 -83.59111
v 36.19592 65.75920 -63.33724
v 36.03355 68.03973 -41.20214
v 36.03355 68.03973 -41.20214
v 35.05232 69.23987 -11.80745
v 34.16115 68.77272 0.16562
v 20.58119 81.28989 0.16596
v 18.54534 77.59120 35.08814
v 30.37233 66.63373 35.08043
v 17.10884 76.65031 40.22820
v -0.02034 30.15449 -101.60983
v -0.02034 28.91619 -83.54666
v 24.97299 24.56351 -63.25368
v -0.02034 22.43379 -63.25371
v -0.02034 18.22027 -41.16004
v 30.89111 20.21019 -41.11149
v 38.84535 27.19215 -41.11771
v 30.89111 20.21019 -41.11149
v 41.83327 19.90452 -11.89453
v -0.02033 80.45776 43.36105
v -0.02033 81.53000 35.09044
v 38.83573 44.70610 -73.38673
v 37.20103 40.62864 -78.19160
v 36.15007 40.71547 -73.22781
v 37.11499 36.64665 -69.63605
v 36.68868 36.76197 -76.21280
v 38.69073 40.77527 -68.23380
v 39.89082 52.11617 -73.45888
v 30.34941 33.73602 -79.26453
v 36.04105 64.99222 -73.52686
v -0.02034 77.33752 -73.71397
v 22.83508 74.62674 -73.74239
v 38.84535 27.19215 -41.11771
v 33.76169 29.03113 -63.25703
v -0.02034 73.51932 -123.22031
v 17.17329 70.06410 -123.15070
v 23.46889 62.83928 -123.40903
v 14.26545 69.31671 -135.86548
v 15.63979 62.92109 -139.38069
v 26.52745 50.87483 -123.24655
v 46.45733 37.91475 222.39503
v 48.32808 35.07246 220.77676
v 13.16718 73.97849 62.65660
v -0.02033 71.35668 79.06656
v 12.67625 36.45744 186.15530
v 29.93636 35.86535 196.53615
v 28.28895 41.44549 196.53046
v 9.88139 43.16766 186.15280
v 15.50649 50.86527 -138.64331
v 20.42008 38.65834 -121.98753
v 11.34490 37.73883 -131.64595
v -0.02034 31.11176 -118.26630
v 38.84535 27.19215 -41.11771
v 14.14374 35.98851 -119.36636
v 21.21177 35.89654 -101.65112
v 24.56719 35.59239 -83.56187
v -0.02034 36.53831 -133.75696
v -0.02034 34.71672 -128.75465
v 7.76362 35.37056 -127.15688
v -0.02033 85.42569 0.16606
v 14.14374 35.98851 -119.36636
v -0.02034 38.60860 -125.42249
v -0.02034 40.53664 -101.70877
v 21.21177 35.89654 -101.65112
v 24.12156 34.63549 -83.49331
v -0.02034 30.95860 -81.37869
v -0.02034 34.81504 -125.91351
v 7.41443 34.86403 -124.56492
v 9.16616 42.50901 196.52747
v -0.02033 43.58353 196.52292
v -0.02033 45.26313 186.15152
v -0.02034 50.81916 -142.85756
v -0.02034 63.63754 -143.17278
v 7.76362 35.37056 -127.15688
v -0.02034 34.71672 -128.75465
v -0.02034 39.42106 -82.33986
v 24.56719 35.59239 -83.56187
v -0.02034 71.79645 -138.09396
v 24.40631 32.48309 -80.02573
v 23.94409 28.02340 -74.02892
v 30.08242 29.85926 -73.29832
v 24.40631 32.48309 -80.02573
v -0.02034 25.89732 -74.78375
v 23.94409 28.02340 -74.02892
v 22.01869 30.31584 -83.52525
v 23.94409 28.02340 -74.02892
v 24.40631 32.48309 -80.02573
v -0.02034 25.89732 -74.78375
v -0.02034 22.43379 -63.25371
v 24.97299 24.56351 -63.25368
v 32.44489 18.74778 -12.12778
v -0.02033 14.58745 35.03916
v -0.02033 16.12899 70.52937
v -0.02033 15.42405 0.16730
v 24.40631 32.48309 -80.02573
v 24.56719 35.59239 -83.56187
v -0.02034 39.42106 -82.33986
v -0.02034 34.73423 -75.27512
v -0.02034 34.73423 -75.27512
v 24.40631 32.48309 -80.02573
v 22.63242 34.86716 225.84177
v 23.41439 38.89420 222.97040
v -0.02033 35.53209 213.10345
v 37.50472 43.94429 -73.31827
v 36.37566 40.53144 -76.64236
v 38.41223 40.59096 -73.20833
v 36.31433 37.58590 -70.72687
v 36.01969 37.32080 -75.27811
v 37.40529 40.63284 -69.75139
v 7.33733 40.26232 215.55841
v 7.12664 35.27691 219.35275
v -0.02033 35.53209 213.10345
v -0.02033 41.51606 209.76849
v 27.18900 38.21158 -90.35466
v 26.13666 38.55501 -94.12869
v 25.33328 35.14756 -93.01476
v 25.85786 34.97889 -91.12776
v 21.84953 38.72725 -93.22656
v 23.18808 35.23426 -92.56372
v 25.33328 35.14756 -93.01476
v 26.13666 38.55501 -94.12869
v 22.88853 38.38187 -89.45253
v 23.70929 35.06501 -90.67668
v 23.18808 35.23426 -92.56372
v 21.84953 38.72725 -93.22656
v 22.88853 38.38187 -89.45253
v 27.18900 38.21158 -90.35466
v 25.85786 34.97889 -91.12776
v 23.70929 35.06501 -90.67668
v 23.67679 31.76132 -91.95270
v 23.67679 31.76132 -91.95270
v 23.67679 31.76132 -91.95270
v 23.67679 31.76132 -91.95270
v 28.21362 38.24944 -84.91519
v 27.28579 38.83148 -88.67979
v 26.43770 35.36777 -87.80537
v 26.90051 35.07914 -85.92305
v 22.95245 38.95194 -87.87291
v 24.27002 35.42839 -87.40190
v 26.43770 35.36777 -87.80537
v 27.28579 38.83148 -88.67979
v 23.86917 38.36837 -84.10832
v 24.73003 35.13932 -85.51962
v 24.27002 35.42839 -87.40190
v 22.95245 38.95194 -87.87291
v 23.86917 38.36837 -84.10832
v 28.21362 38.24944 -84.91519
v 26.90051 35.07914 -85.92305
v 24.73003 35.13932 -85.51962
v 24.72431 31.91918 -86.95633
v 24.72431 31.91918 -86.95633
v 24.72431 31.91918 -86.95633
v 24.72431 31.91918 -86.95633
v 24.48494 37.99441 -100.42609
v 23.26564 38.43674 -104.15007
v 22.54112 34.97155 -103.12755
v 23.14875 34.75520 -101.26555
v 19.06399 38.56242 -103.10165
v 20.43849 35.03558 -102.60336
v 22.54112 34.97155 -103.12755
v 23.26564 38.43674 -104.15007
v 20.26603 38.11788 -99.37766
v 21.04177 34.81860 -100.74133
v 20.43849 35.03558 -102.60336
v 19.06399 38.56242 -103.10165
v 20.26603 38.11788 -99.37766
v 24.48494 37.99441 -100.42609
v 23.14875 34.75520 -101.26555
v 21.04177 34.81860 -100.74133
v 20.96959 31.52629 -102.12822
v 20.96959 31.52629 -102.12822
v 20.96959 31.52629 -102.12822
v 20.96959 31.52629 -102.12822
v 22.59173 37.91463 -105.83241
v 21.37230 38.31400 -109.56085
v 20.65491 34.84534 -108.50648
v 21.26230 34.65144 -106.64232
v 17.19839 38.45293 -108.51346
v 18.56583 34.91627 -107.98280
v 20.65491 34.84534 -108.50648
v 21.37230 38.31400 -109.56085
v 18.39819 38.05122 -104.78499
v 19.16826 34.72169 -106.11858
v 18.56583 34.91627 -107.98280
v 17.19839 38.45293 -108.51346
v 18.39819 38.05122 -104.78499
v 22.59173 37.91463 -105.83241
v 21.26230 34.65144 -106.64232
v 19.16826 34.72169 -106.11858
v 19.09512 31.39763 -107.47552
v 19.09512 31.39763 -107.47552
v 19.09512 31.39763 -107.47552
v 19.09512 31.39763 -107.47552
v 20.50725 37.96190 -110.70352
v 18.93949 38.19600 -114.34613
v 18.39204 34.75482 -113.10248
v 19.17356 34.64409 -111.28119
v 14.91104 38.34312 -112.97986
v 16.37537 34.83055 -112.41936
v 18.39204 34.75482 -113.10248
v 18.93949 38.19600 -114.34613
v 16.45887 38.10590 -109.33723
v 17.15187 34.71889 -110.59804
v 16.37537 34.83055 -112.41936
v 14.91104 38.34312 -112.97986
v 16.45887 38.10590 -109.33723
v 20.50725 37.96190 -110.70352
v 19.17356 34.64409 -111.28119
v 17.15187 34.71889 -110.59804
v 17.00879 31.32889 -111.81721
v 17.00879 31.32889 -111.81721
v 17.00879 31.32889 -111.81721
v 17.00879 31.32889 -111.81721
v 18.34065 38.37989 -115.86162
v 16.40849 38.21569 -119.37108
v 16.21099 34.87425 -117.78635
v 17.17553 34.96276 -116.03157
v 12.57018 38.32851 -117.66731
v 14.28882 34.93353 -116.93440
v 16.21099 34.87425 -117.78635
v 16.40849 38.21569 -119.37108
v 14.48338 38.48838 -114.15790
v 15.24858 35.02079 -115.17973
v 14.28882 34.93353 -116.93440
v 12.57018 38.32851 -117.66731
v 14.48338 38.48838 -114.15790
v 18.34065 38.37989 -115.86162
v 17.17553 34.96276 -116.03157
v 15.24858 35.02079 -115.17973
v 15.19348 31.52246 -116.08722
v 15.19348 31.52246 -116.08722
v 15.19348 31.52246 -116.08722
v 15.19348 31.52246 -116.08722
v 5.77392 37.24397 -129.06873
v 1.75236 37.16962 -130.10040
v 2.78581 33.83861 -128.68509
v 4.80112 33.87807 -128.16920
v 0.64142 37.63423 -126.31319
v 2.23456 34.08031 -126.79141
v 2.78581 33.83861 -128.68509
v 1.75236 37.16962 -130.10040
v 4.68963 37.70503 -125.28143
v 4.25652 34.11876 -126.27557
v 2.23456 34.08031 -126.79141
v 0.64142 37.63423 -126.31319
v 4.68963 37.70503 -125.28143
v 5.77392 37.24397 -129.06873
v 4.80112 33.87807 -128.16920
v 4.25652 34.11876 -126.27557
v 3.39295 30.57422 -126.62958
v 3.39295 30.57422 -126.62958
v 3.39295 30.57422 -126.62958
v 3.39295 30.57422 -126.62958
v 25.71734 38.16546 -95.54961
v 24.65906 38.47304 -99.32632
v 23.86265 35.06628 -98.18770
v 24.38985 34.91637 -96.29936
v 20.39291 38.65463 -98.42540
v 21.72760 35.15784 -97.73721
v 23.86265 35.06628 -98.18770
v 24.65906 38.47304 -99.32632
v 21.43562 38.34493 -94.64868
v 22.25093 35.00732 -95.84888
v 21.72760 35.15784 -97.73721
v 20.39291 38.65463 -98.42540
v 21.43562 38.34493 -94.64868
v 25.71734 38.16546 -95.54961
v 24.38985 34.91637 -96.29936
v 22.25093 35.00732 -95.84888
v 22.21609 31.68132 -97.10103
v 22.21609 31.68132 -97.10103
v 22.21609 31.68132 -97.10103
v 22.21609 31.68132 -97.10103
v -0.02034 34.81504 -125.91351
v -0.02034 32.06872 -124.58842
v 88.48658 21.00226 -12.44005
v 90.71387 19.94809 -12.95636
v 90.71387 19.94809 -12.95636
v 12.09032 37.78702 -125.18103
v 9.19174 37.61952 -128.03925
v 9.49695 34.24743 -126.46045
v 10.94692 34.33756 -125.03136
v 6.11652 37.77433 -125.36429
v 7.95889 34.33077 -125.12299
v 9.49695 34.24743 -126.46045
v 9.19174 37.61952 -128.03925
v 9.01015 37.93589 -122.50609
v 9.40761 34.41920 -123.69385
v 7.95889 34.33077 -125.12299
v 6.11652 37.77433 -125.36429
v 9.01015 37.93589 -122.50609
v 12.09032 37.78702 -125.18103
v 10.94692 34.33756 -125.03136
v 9.40761 34.41920 -123.69385
v 9.07208 30.87718 -124.55180
v 9.07208 30.87718 -124.55180
v 9.07208 30.87718 -124.55180
v 9.07208 30.87718 -124.55180
v 15.47229 38.26936 -120.20969
v 13.27706 38.09873 -123.57924
v 13.20987 34.74348 -121.98235
v 14.30647 34.83565 -120.29756
v 9.61819 38.22419 -121.60706
v 11.37789 34.80999 -120.99631
v 13.20987 34.74348 -121.98235
v 13.27706 38.09873 -123.57924
v 11.79671 38.38987 -118.23752
v 12.47027 34.90074 -119.31149
v 11.37789 34.80999 -120.99631
v 9.61819 38.22419 -121.60706
v 11.79671 38.38987 -118.23752
v 15.47229 38.26936 -120.20969
v 14.30647 34.83565 -120.29756
v 12.47027 34.90074 -119.31149
v 12.34167 31.38169 -120.21388
v 12.34167 31.38169 -120.21388
v 12.34167 31.38169 -120.21388
v 12.34167 31.38169 -120.21388
v -0.02033 80.45244 43.38436
v 9.72938 30.29004 186.15829
v 12.67625 36.45744 186.15530
v 9.88139 43.16766 186.15280
v -0.02033 45.26313 186.15152
v -0.02033 29.33782 186.15875
v 13.16718 73.97849 62.65660
v -0.02033 71.35668 79.06656
v -0.02033 78.65480 78.20955
v -0.02033 80.45244 43.38436
v -20.45379 35.44898 -101.63799
v -13.36860 35.06997 -118.19170
v -22.05937 30.31583 -83.52525
v -18.82742 31.35348 -101.59441
v -20.45379 35.44898 -101.63799
v -24.16224 34.63549 -83.49332
v -20.11420 54.88490 98.78094
v -15.86710 50.01559 126.22983
v -25.26497 59.86404 70.51428
v -24.14046 38.66932 98.82112
v -20.11697 22.82639 98.77255
v -24.41343 22.09737 70.52950
v -29.91171 40.35744 70.54129
v -21.11780 81.19077 -11.80307
v -22.13665 78.94156 -41.20160
v -22.36324 72.44336 -83.92857
v -21.08480 70.76466 -102.42056
v -39.36777 48.59680 -11.81372
v -38.89723 35.79766 -11.80112
v -39.84747 37.36111 -41.19797
v -39.97260 50.77805 -41.20296
v -30.93179 20.21019 -41.11148
v -31.78884 17.80810 -22.72839
v -32.48556 18.74778 -12.12778
v -30.64080 22.09781 35.05673
v -35.52074 44.13795 35.07146
v -38.88113 47.41047 0.16534
v -34.29256 24.73929 0.16697
v -39.84747 37.36111 -41.19797
v -39.77667 40.00794 -63.30124
v -40.48995 51.26061 -63.33397
v -39.97260 50.77805 -41.20296
v -14.78863 37.14878 159.87817
v -13.75277 36.97841 173.06831
v -10.59255 29.00108 173.07751
v -11.41505 27.71212 159.88263
v -46.55652 24.83357 -22.39370
v -41.36403 28.63644 -24.64216
v -36.91389 25.78613 -11.73744
v -42.63679 22.38327 -13.58737
v -57.07556 24.01356 -19.87585
v -60.70295 21.83766 -28.61011
v -46.94958 22.16708 -31.09696
v -32.48556 18.74778 -12.12778
v -31.78884 17.80810 -22.72839
v -44.01209 17.90238 -22.01267
v -41.87393 19.90452 -11.89453
v -57.80981 18.06779 -19.51132
v -46.05241 19.95808 -32.41613
v -61.38322 19.95601 -30.32080
v -52.88038 21.77309 -9.81722
v -65.63646 20.81112 -5.54496
v -69.67313 23.04850 -15.80990
v -73.42014 21.46972 -24.36297
v -52.05960 19.93350 -7.31299
v -72.40567 18.26904 -14.87523
v -64.96915 19.92843 -3.78724
v -74.22302 19.95989 -26.26723
v -79.35664 20.98687 -5.24505
v -82.76740 22.04450 -11.07084
v -85.81220 21.37684 -18.34543
v -84.74301 18.50096 -11.49800
v -78.44405 19.91128 -3.29676
v -86.79269 19.94921 -20.47839
v -52.05960 19.93350 -7.31299
v -64.96915 19.92843 -3.78724
v -78.44405 19.91128 -3.29676
v -52.03606 36.52972 234.18184
v -56.77011 33.97352 239.47844
v -54.09244 34.28469 231.82384
v -86.61124 19.94698 -5.92354
v -85.70496 20.97495 -7.40015
v -86.61124 19.94698 -5.92354
v -42.09931 37.52957 230.11180
v -41.09929 34.29759 232.09250
v -50.43137 34.10971 236.49933
v -36.91389 25.78613 -11.73744
v -41.36403 28.63644 -24.64216
v -29.97702 35.86535 196.53615
v -25.45025 31.06910 196.57138
v -9.77004 30.29004 186.15829
v -12.71692 36.45744 186.15530
v -45.72778 31.49721 222.39748
v -48.36874 35.07247 220.77676
v -54.09244 34.28469 231.82384
v -50.85216 31.77862 233.80754
v -56.77011 33.97352 239.47844
v -41.25585 31.70032 230.13318
v -50.43137 34.10971 236.49933
v -41.09929 34.29759 232.09250
v -23.68964 31.47441 222.46625
v -22.67309 34.86716 225.84177
v -7.16730 35.27691 219.35275
v -9.34113 31.49964 216.08585
v -22.13665 78.94156 -41.20160
v -22.70817 76.01323 -63.33035
v -19.38331 37.55154 126.22542
v -15.46875 25.04929 126.22186
v -13.30775 47.07204 144.45343
v -16.55589 37.31917 144.42960
v -6.66797 84.27110 68.32574
v -12.96897 26.42315 144.42078
v -10.80682 43.98247 173.06166
v -11.69158 45.16985 159.87729
v -11.71115 31.91821 -118.20441
v -6.33392 32.78223 -123.68349
v -7.45510 34.86403 -124.56492
v -13.36860 35.06997 -118.19170
v -9.45098 31.73534 205.10541
v -35.60638 63.94315 -83.87971
v -38.95632 50.92338 -83.90427
v -35.29041 50.87864 -102.24185
v -32.19608 62.78627 -102.21844
v -32.89091 38.60142 -83.59111
v -29.22090 38.85254 -102.01929
v -36.23659 65.75920 -63.33724
v -36.07423 68.03973 -41.20213
v -35.09299 69.23987 -11.80744
v -36.07423 68.03973 -41.20213
v -20.62186 81.28989 0.16596
v -34.20182 68.77272 0.16562
v -18.58601 77.59120 35.08814
v -17.14950 76.65031 40.22820
v -30.41300 66.63373 35.08043
v -25.01367 24.56351 -63.25368
v -30.93179 20.21019 -41.11148
v -38.88602 27.19215 -41.11771
v -30.93179 20.21019 -41.11148
v -41.87393 19.90452 -11.89453
v -38.87640 44.70610 -73.38673
v -36.19074 40.71547 -73.22781
v -37.24170 40.62864 -78.19160
v -37.15566 36.64665 -69.63605
v -36.72935 36.76197 -76.21280
v -38.73141 40.77527 -68.23380
v -39.93149 52.11616 -73.45888
v -30.39009 33.73602 -79.26453
v -36.08172 64.99222 -73.52686
v -22.87576 74.62674 -73.74239
v -38.88602 27.19215 -41.11771
v -33.80236 29.03113 -63.25703
v -17.21397 70.06410 -123.15070
v -23.50957 62.83928 -123.40903
v -15.68047 62.92109 -139.38069
v -14.30612 69.31671 -135.86548
v -26.56813 50.87482 -123.24655
v -46.49799 37.91475 222.39505
v -48.36874 35.07247 220.77676
v -13.20784 73.97849 62.65661
v -12.71692 36.45744 186.15530
v -9.92205 43.16766 186.15280
v -28.32962 41.44549 196.53046
v -29.97702 35.86535 196.53615
v -15.54717 50.86527 -138.64331
v -20.46076 38.65834 -121.98753
v -11.38557 37.73883 -131.64595
v -38.88602 27.19215 -41.11771
v -21.25246 35.89654 -101.65112
v -14.18442 35.98850 -119.36636
v -24.60788 35.59239 -83.56187
v -7.80430 35.37056 -127.15688
v -14.18442 35.98850 -119.36636
v -21.25246 35.89654 -101.65112
v -24.16224 34.63549 -83.49332
v -7.45510 34.86403 -124.56492
v -9.20682 42.50901 196.52750
v -7.80430 35.37056 -127.15688
v -24.60788 35.59239 -83.56187
v -24.44699 32.48310 -80.02573
v -23.98478 28.02340 -74.02892
v -30.12310 29.85926 -73.29832
v -24.44699 32.48310 -80.02573
v -23.98478 28.02340 -74.02892
v -22.05937 30.31583 -83.52525
v -24.44699 32.48310 -80.02573
v -23.98478 28.02340 -74.02892
v -25.01367 24.56351 -63.25368
v -32.48556 18.74778 -12.12778
v -24.44699 32.48310 -80.02573
v -24.60788 35.59239 -83.56187
v -24.44699 32.48310 -80.02573
v -22.67309 34.86716 225.84177
v -23.45506 38.89421 222.97040
v -37.54539 43.94429 -73.31827
v -38.45290 40.59096 -73.20833
v -36.41634 40.53143 -76.64236
v -36.35500 37.58590 -70.72687
v -36.06036 37.32080 -75.27811
v -37.44596 40.63284 -69.75139
v -7.37799 40.26232 215.55841
v -7.16730 35.27691 219.35275
v -27.22968 38.21158 -90.35466
v -25.89855 34.97889 -91.12776
v -25.37397 35.14756 -93.01476
v -26.17734 38.55500 -94.12869
v -21.89021 38.72725 -93.22656
v -26.17734 38.55500 -94.12869
v -25.37397 35.14756 -93.01476
v -23.22876 35.23426 -92.56372
v -22.92921 38.38187 -89.45253
v -21.89021 38.72725 -93.22656
v -23.22876 35.23426 -92.56372
v -23.74997 35.06501 -90.67668
v -22.92921 38.38187 -89.45253
v -23.74997 35.06501 -90.67668
v -25.89855 34.97889 -91.12776
v -27.22968 38.21158 -90.35466
v -23.71747 31.76132 -91.95270
v -23.71747 31.76132 -91.95270
v -23.71747 31.76132 -91.95270
v -23.71747 31.76132 -91.95270
v -28.25430 38.24944 -84.91519
v -26.94119 35.07914 -85.92305
v -26.47838 35.36777 -87.80537
v -27.32647 38.83148 -88.67979
v -22.99313 38.95194 -87.87291
v -27.32647 38.83148 -88.67979
v -26.47838 35.36777 -87.80537
v -24.31070 35.42839 -87.40190
v -23.90986 38.36837 -84.10832
v -22.99313 38.95194 -87.87291
v -24.31070 35.42839 -87.40190
v -24.77072 35.13932 -85.51962
v -23.90986 38.36837 -84.10832
v -24.77072 35.13932 -85.51962
v -26.94119 35.07914 -85.92305
v -28.25430 38.24944 -84.91519
v -24.76499 31.91918 -86.95633
v -24.76499 31.91918 -86.95633
v -24.76499 31.91918 -86.95633
v -24.76499 31.91918 -86.95633
v -24.52562 37.99440 -100.42609
v -23.18943 34.75520 -101.26555
v -22.58180 34.97155 -103.12755
v -23.30632 38.43674 -104.15007
v -19.10468 38.56243 -103.10165
v -23.30632 38.43674 -104.15007
v -22.58180 34.97155 -103.12755
v -20.47917 35.03558 -102.60336
v -20.30672 38.11787 -99.37766
v -19.10468 38.56243 -103.10165
v -20.47917 35.03558 -102.60336
v -21.08245 34.81860 -100.74133
v -20.30672 38.11787 -99.37766
v -21.08245 34.81860 -100.74133
v -23.18943 34.75520 -101.26555
v -24.52562 37.99440 -100.42609
v -21.01027 31.52629 -102.12822
v -21.01027 31.52629 -102.12822
v -21.01027 31.52629 -102.12822
v -21.01027 31.52629 -102.12822
v -22.63241 37.91463 -105.83241
v -21.30298 34.65144 -106.64232
v -20.69559 34.84534 -108.50648
v -21.41299 38.31400 -109.56085
v -17.23907 38.45293 -108.51346
v -21.41299 38.31400 -109.56085
v -20.69559 34.84534 -108.50648
v -18.60652 34.91627 -107.98280
v -18.43887 38.05122 -104.78499
v -17.23907 38.45293 -108.51346
v -18.60652 34.91627 -107.98280
v -19.20894 34.72169 -106.11858
v -18.43887 38.05122 -104.78499
v -19.20894 34.72169 -106.11858
v -21.30298 34.65144 -106.64232
v -22.63241 37.91463 -105.83241
v -19.13580 31.39763 -107.47552
v -19.13580 31.39763 -107.47552
v -19.13580 31.39763 -107.47552
v -19.13580 31.39763 -107.47552
v -20.54793 37.96190 -110.70352
v -19.21424 34.64409 -111.28119
v -18.43272 34.75482 -113.10248
v -18.98017 38.19600 -114.34613
v -14.95171 38.34312 -112.97986
v -18.98017 38.19600 -114.34613
v -18.43272 34.75482 -113.10248
v -16.41605 34.83055 -112.41936
v -16.49955 38.10590 -109.33723
v -14.95171 38.34312 -112.97986
v -16.41605 34.83055 -112.41936
v -17.19255 34.71889 -110.59804
v -16.49955 38.10590 -109.33723
v -17.19255 34.71889 -110.59804
v -19.21424 34.64409 -111.28119
v -20.54793 37.96190 -110.70352
v -17.04947 31.32889 -111.81721
v -17.04947 31.32889 -111.81721
v -17.04947 31.32889 -111.81721
v -17.04947 31.32889 -111.81721
v -18.38134 38.37989 -115.86162
v -17.21621 34.96276 -116.03157
v -16.25167 34.87425 -117.78635
v -16.44917 38.21569 -119.37108
v -12.61085 38.32851 -117.66731
v -16.44917 38.21569 -119.37108
v -16.25167 34.87425 -117.78635
v -14.32950 34.93353 -116.93440
v -14.52405 38.48838 -114.15790
v -12.61085 38.32851 -117.66731
v -14.32950 34.93353 -116.93440
v -15.28925 35.02079 -115.17973
v -14.52405 38.48838 -114.15790
v -15.28925 35.02079 -115.17973
v -17.21621 34.96276 -116.03157
v -18.38134 38.37989 -115.86162
v -15.23415 31.52246 -116.08722
v -15.23415 31.52246 -116.08722
v -15.23415 31.52246 -116.08722
v -15.23415 31.52246 -116.08722
v -5.81459 37.24397 -129.06873
v -4.84180 33.87807 -128.16920
v -2.82648 33.83861 -128.68509
v -1.79304 37.16962 -130.10040
v -0.68209 37.63423 -126.31319
v -1.79304 37.16962 -130.10040
v -2.82648 33.83861 -128.68509
v -2.27524 34.08031 -126.79141
v -4.73031 37.70503 -125.28143
v -0.68209 37.63423 -126.31319
v -2.27524 34.08031 -126.79141
v -4.29720 34.11876 -126.27557
v -4.73031 37.70503 -125.28143
v -4.29720 34.11876 -126.27557
v -4.84180 33.87807 -128.16920
v -5.81459 37.24397 -129.06873
v -3.43363 30.57422 -126.62958
v -3.43363 30.57422 -126.62958
v -3.43363 30.57422 -126.62958
v -3.43363 30.57422 -126.62958
v -25.75802 38.16546 -95.54961
v -24.43053 34.91637 -96.29936
v -23.90333 35.06628 -98.18770
v -24.69974 38.47304 -99.32632
v -20.43359 38.65463 -98.42540
v -24.69974 38.47304 -99.32632
v -23.90333 35.06628 -98.18770
v -21.76828 35.15784 -97.73721
v -21.47630 38.34493 -94.64868
v -20.43359 38.65463 -98.42540
v -21.76828 35.15784 -97.73721
v -22.29161 35.00731 -95.84888
v -21.47630 38.34493 -94.64868
v -22.29161 35.00731 -95.84888
v -24.43053 34.91637 -96.29936
v -25.75802 38.16546 -95.54961
v -22.25678 31.68132 -97.10103
v -22.25678 31.68132 -97.10103
v -22.25678 31.68132 -97.10103
v -22.25678 31.68132 -97.10103
v -88.52725 21.00227 -12.44004
v -90.75455 19.94808 -12.95635
v -90.75455 19.94808 -12.95635
v -12.13099 37.78702 -125.18103
v -10.98759 34.33756 -125.03136
v -9.53762 34.24743 -126.46045
v -9.23241 37.61953 -128.03925
v -6.15719 37.77433 -125.36429
v -9.23241 37.61953 -128.03925
v -9.53762 34.24743 -126.46045
v -7.99957 34.33077 -125.12299
v -9.05082 37.93589 -122.50609
v -6.15719 37.77433 -125.36429
v -7.99957 34.33077 -125.12299
v -9.44828 34.41920 -123.69385
v -9.05082 37.93589 -122.50609
v -9.44828 34.41920 -123.69385
v -10.98759 34.33756 -125.03136
v -12.13099 37.78702 -125.18103
v -9.11276 30.87718 -124.55180
v -9.11276 30.87718 -124.55180
v -9.11276 30.87718 -124.55180
v -9.11276 30.87718 -124.55180
v -15.51296 38.26936 -120.20969
v -14.34715 34.83565 -120.29756
v -13.25055 34.74348 -121.98235
v -13.31773 38.09873 -123.57924
v -9.65887 38.22419 -121.60706
v -13.31773 38.09873 -123.57924
v -13.25055 34.74348 -121.98235
v -11.41857 34.80999 -120.99631
v -11.83739 38.38987 -118.23752
v -9.65887 38.22419 -121.60706
v -11.41857 34.80999 -120.99631
v -12.51095 34.90074 -119.31149
v -11.83739 38.38987 -118.23752
v -12.51095 34.90074 -119.31149
v -14.34715 34.83565 -120.29756
v -15.51296 38.26936 -120.20969
v -12.38235 31.38169 -120.21388
v -12.38235 31.38169 -120.21388
v -12.38235 31.38169 -120.21388
v -12.38235 31.38169 -120.21388
v -9.77004 30.29004 186.15829
v -12.71692 36.45744 186.15530
v -9.92205 43.16766 186.15280
v -13.20784 73.97849 62.65661
vt 0.593552 0.922721
vt 0.589898 0.981615
vt 0.556962 0.977635
vt 0.556731 0.938944
vt 0.786801 0.169214
vt 0.783330 0.191439
vt 0.701284 0.178488
vt 0.704962 0.158923
vt 0.604447 0.785049
vt 0.723101 0.776627
vt 0.731768 0.854775
vt 0.618726 0.883595
vt 0.538131 0.908768
vt 0.482173 0.795159
vt 0.608631 0.707698
vt 0.486722 0.702412
vt 0.497041 0.615031
vt 0.617618 0.632763
vt 0.136995 0.894461
vt 0.141012 0.993402
vt 0.014857 0.993735
vt 0.012607 0.889267
vt 0.785807 0.441389
vt 0.762154 0.542032
vt 0.677912 0.520594
vt 0.704193 0.427016
vt 0.136180 0.712879
vt 0.011477 0.721545
vt 0.013486 0.659133
vt 0.138734 0.654540
vt 0.021688 0.547304
vt 0.043246 0.406140
vt 0.121035 0.419416
vt 0.098477 0.564349
vt 0.167697 0.428281
vt 0.141651 0.574935
vt 0.334696 0.705664
vt 0.344533 0.604586
vt 0.194308 0.601286
vt 0.186440 0.708917
vt 0.988533 0.256245
vt 0.986539 0.317181
vt 0.887872 0.313132
vt 0.889375 0.262365
vt 0.870922 0.735587
vt 0.877464 0.689624
vt 0.932542 0.703764
vt 0.927026 0.742771
vt 0.101856 0.213988
vt 0.108154 0.166176
vt 0.081929 0.158571
vt 0.072635 0.207414
vt 0.082790 0.257897
vt 0.147124 0.268384
vt 0.150100 0.224958
vt 0.044492 0.393154
vt 0.084158 0.381582
vt 0.080583 0.332400
vt 0.028560 0.349310
vt 0.143323 0.330081
vt 0.147359 0.278684
vt 0.075198 0.277816
vt 0.157336 0.174868
vt 0.210756 0.234241
vt 0.218169 0.189800
vt 0.208032 0.275507
vt 0.132135 0.390935
vt 0.193246 0.393340
vt 0.213035 0.335931
vt 0.207660 0.284775
vt 0.273756 0.244565
vt 0.273572 0.213668
vt 0.270304 0.280223
vt 0.253907 0.379675
vt 0.271335 0.335557
vt 0.270058 0.292976
vt 0.219945 0.175044
vt 0.161047 0.160898
vt 0.275186 0.202905
vt 0.181072 0.038910
vt 0.170684 0.057463
vt 0.143481 0.020804
vt 0.301763 0.232329
vt 0.293849 0.236582
vt 0.287032 0.358011
vt 0.182754 0.018484
vt 0.240531 0.017591
vt 0.240695 0.039390
vt 0.142440 0.609118
vt 0.084346 0.619365
vt 0.367523 0.205458
vt 0.477477 0.238030
vt 0.500716 0.206779
vt 0.397363 0.183306
vt 0.240298 0.086415
vt 0.224178 0.107752
vt 0.189764 0.038255
vt 0.173509 0.057984
vt 0.145254 0.021285
vt 0.247468 0.035431
vt 0.184986 0.018971
vt 0.243867 0.016880
vt 0.355091 0.041847
vt 0.354255 0.014012
vt 0.442827 0.047109
vt 0.449587 0.017116
vt 0.974219 0.480841
vt 0.956916 0.582470
vt 0.857852 0.562956
vt 0.876613 0.459779
vt 0.726635 0.716656
vt 0.734826 0.656260
vt 0.801865 0.774409
vt 0.806544 0.839758
vt 0.804839 0.726604
vt 0.888511 0.914987
vt 0.875099 0.964411
vt 0.830236 0.943160
vt 0.935758 0.986261
vt 0.812301 0.673824
vt 0.924566 0.777619
vt 0.925209 0.829248
vt 0.870282 0.831896
vt 0.868204 0.775465
vt 0.630219 0.130453
vt 0.625522 0.145589
vt 0.596547 0.116903
vt 0.604134 0.108624
vt 0.642431 0.542305
vt 0.755255 0.586554
vt 0.828946 0.615623
vt 0.891321 0.638398
vt 0.944881 0.656485
vt 0.552566 0.187083
vt 0.506931 0.067026
vt 0.464536 0.105211
vt 0.797968 0.369860
vt 0.718348 0.366570
vt 0.719056 0.311209
vt 0.798603 0.307435
vt 0.706140 0.251882
vt 0.792057 0.242324
vt 0.885009 0.382290
vt 0.982715 0.398970
vt 0.010406 0.805149
vt 0.134180 0.809980
vt 0.183270 0.809673
vt 0.186498 0.894281
vt 0.333980 0.883082
vt 0.330215 0.809953
vt 0.356044 0.884258
vt 0.699493 0.073029
vt 0.777541 0.067675
vt 0.884245 0.162817
vt 0.865106 0.050247
vt 0.962865 0.028792
vt 0.989226 0.166863
vt 0.019781 0.250862
vt 0.012397 0.279236
vt 0.113335 0.153904
vt 0.380361 0.962511
vt 0.343947 0.969787
vt 0.843585 0.280087
vt 0.821092 0.259445
vt 0.843150 0.259758
vt 0.860234 0.243154
vt 0.830741 0.242659
vt 0.867151 0.263573
vt 0.843795 0.314463
vt 0.811739 0.214479
vt 0.841320 0.376117
vt 0.809908 0.553168
vt 0.831126 0.450217
vt 0.991534 0.212564
vt 0.889634 0.206493
vt 0.581212 0.490087
vt 0.611689 0.416775
vt 0.620566 0.375347
vt 0.556749 0.406106
vt 0.545761 0.380141
vt 0.622420 0.320683
vt 0.233774 0.088763
vt 0.221776 0.105589
vt 0.453144 0.878695
vt 0.538097 0.908786
vt 0.470690 0.239079
vt 0.359708 0.209628
vt 0.379688 0.185755
vt 0.494674 0.205575
vt 0.542534 0.331140
vt 0.607613 0.261246
vt 0.547182 0.263245
vt 0.625876 0.077239
vt 0.013749 0.611911
vt 0.599729 0.229410
vt 0.692426 0.215948
vt 0.779144 0.202425
vt 0.496916 0.249165
vt 0.509378 0.225785
vt 0.546966 0.235326
vt 0.193978 0.990565
vt 0.733672 0.930351
vt 0.750274 0.968570
vt 0.700985 0.978715
vt 0.693751 0.917698
vt 0.633884 0.918728
vt 0.631110 0.988120
vt 0.537897 0.974990
vt 0.542185 0.954401
vt 0.479067 0.149488
vt 0.527257 0.132142
vt 0.547940 0.187078
vt 0.472843 0.331624
vt 0.480707 0.403572
vt 0.752141 0.944349
vt 0.759824 0.963905
vt 0.661275 0.987356
vt 0.653549 0.917291
vt 0.511971 0.452143
vt 0.800303 0.187816
vt 0.832193 0.171129
vt 0.841227 0.199551
vt 0.800303 0.187816
vt 0.814853 0.061597
vt 0.832193 0.171129
vt 0.786801 0.169214
vt 0.832193 0.171129
vt 0.800303 0.187816
vt 0.814853 0.061597
vt 0.865106 0.050247
vt 0.884245 0.162817
vt 0.090547 0.143770
vt 0.370059 0.462968
vt 0.522716 0.502165
vt 0.219494 0.438026
vt 0.642030 0.919389
vt 0.653549 0.917291
vt 0.661275 0.987356
vt 0.644313 0.990167
vt 0.644313 0.990167
vt 0.642030 0.919389
vt 0.349206 0.010999
vt 0.351989 0.038700
vt 0.500615 0.034737
vt 0.390034 0.412413
vt 0.318876 0.346493
vt 0.392328 0.349021
vt 0.435460 0.279378
vt 0.344050 0.279919
vt 0.458154 0.344310
vt 0.450390 0.046210
vt 0.443561 0.012157
vt 0.495322 0.024081
vt 0.500269 0.062045
vt 0.019693 0.017447
vt 0.127501 0.012542
vt 0.094313 0.077978
vt 0.044740 0.079439
vt 0.127501 0.012542
vt 0.094313 0.077978
vt 0.044740 0.079439
vt 0.019693 0.017447
vt 0.126553 0.012468
vt 0.094035 0.077960
vt 0.045170 0.079540
vt 0.021204 0.017898
vt 0.019693 0.017447
vt 0.127501 0.012542
vt 0.094313 0.077978
vt 0.044740 0.079439
vt 0.067178 0.143519
vt 0.067178 0.143519
vt 0.066387 0.143789
vt 0.067178 0.143519
vt 0.019693 0.017447
vt 0.127501 0.012542
vt 0.094313 0.077978
vt 0.044740 0.079439
vt 0.126553 0.012468
vt 0.094035 0.077960
vt 0.045170 0.079540
vt 0.021204 0.017898
vt 0.126553 0.012468
vt 0.094035 0.077960
vt 0.045170 0.079540
vt 0.021204 0.017898
vt 0.019693 0.017447
vt 0.127501 0.012542
vt 0.094313 0.077978
vt 0.044740 0.079439
vt 0.067178 0.143519
vt 0.066387 0.143789
vt 0.066387 0.143789
vt 0.067178 0.143519
vt 0.019693 0.017447
vt 0.127501 0.012542
vt 0.094313 0.077978
vt 0.044740 0.079439
vt 0.126553 0.012468
vt 0.094035 0.077960
vt 0.045170 0.079540
vt 0.021204 0.017898
vt 0.126553 0.012468
vt 0.094035 0.077960
vt 0.045170 0.079540
vt 0.021204 0.017898
vt 0.019693 0.017447
vt 0.127501 0.012542
vt 0.094313 0.077978
vt 0.044740 0.079439
vt 0.067178 0.143519
vt 0.066387 0.143789
vt 0.066387 0.143789
vt 0.067178 0.143519
vt 0.019693 0.017447
vt 0.127501 0.012542
vt 0.094313 0.077978
vt 0.044740 0.079439
vt 0.126553 0.012468
vt 0.094035 0.077960
vt 0.045170 0.079540
vt 0.021204 0.017898
vt 0.126553 0.012468
vt 0.094035 0.077960
vt 0.045170 0.079540
vt 0.021204 0.017898
vt 0.019693 0.017447
vt 0.127501 0.012542
vt 0.094313 0.077978
vt 0.044740 0.079439
vt 0.067178 0.143519
vt 0.066387 0.143789
vt 0.066387 0.143789
vt 0.067178 0.143519
vt 0.019693 0.017447
vt 0.127501 0.012542
vt 0.094313 0.077978
vt 0.044740 0.079439
vt 0.127501 0.012542
vt 0.094313 0.077978
vt 0.044740 0.079439
vt 0.019693 0.017447
vt 0.126553 0.012468
vt 0.094035 0.077960
vt 0.045170 0.079540
vt 0.021204 0.017898
vt 0.019693 0.017447
vt 0.127501 0.012542
vt 0.094313 0.077978
vt 0.044740 0.079439
vt 0.067178 0.143519
vt 0.067178 0.143519
vt 0.066387 0.143789
vt 0.067178 0.143519
vt 0.019693 0.017447
vt 0.127501 0.012542
vt 0.094313 0.077978
vt 0.044740 0.079439
vt 0.126553 0.012468
vt 0.094035 0.077960
vt 0.045170 0.079540
vt 0.021204 0.017898
vt 0.126553 0.012468
vt 0.094035 0.077960
vt 0.045170 0.079540
vt 0.021204 0.017898
vt 0.019693 0.017447
vt 0.127501 0.012542
vt 0.094313 0.077978
vt 0.044740 0.079439
vt 0.067178 0.143519
vt 0.066387 0.143789
vt 0.066387 0.143789
vt 0.067178 0.143519
vt 0.019693 0.017447
vt 0.127501 0.012542
vt 0.094313 0.077978
vt 0.044740 0.079439
vt 0.126553 0.012468
vt 0.094035 0.077960
vt 0.045170 0.079540
vt 0.021204 0.017898
vt 0.126553 0.012468
vt 0.094035 0.077960
vt 0.045170 0.079540
vt 0.021204 0.017898
vt 0.019693 0.017447
vt 0.127501 0.012542
vt 0.094313 0.077978
vt 0.044740 0.079439
vt 0.067178 0.143519
vt 0.066387 0.143789
vt 0.066387 0.143789
vt 0.067178 0.143519
vt 0.019693 0.017447
vt 0.127501 0.012542
vt 0.094313 0.077978
vt 0.044740 0.079439
vt 0.127501 0.012542
vt 0.094313 0.077978
vt 0.044740 0.079439
vt 0.019693 0.017447
vt 0.126553 0.012468
vt 0.094035 0.077960
vt 0.045170 0.079540
vt 0.021204 0.017898
vt 0.019693 0.017447
vt 0.127501 0.012542
vt 0.094313 0.077978
vt 0.044740 0.079439
vt 0.067178 0.143519
vt 0.067178 0.143519
vt 0.066387 0.143789
vt 0.067178 0.143519
vt 0.584563 0.084146
vt 0.597574 0.080143
vt 0.294072 0.262881
vt 0.296617 0.321730
vt 0.302875 0.270135
vt 0.019693 0.017447
vt 0.127501 0.012542
vt 0.094313 0.077978
vt 0.044740 0.079439
vt 0.126553 0.012468
vt 0.094035 0.077960
vt 0.045170 0.079540
vt 0.021204 0.017898
vt 0.126553 0.012468
vt 0.094035 0.077960
vt 0.045170 0.079540
vt 0.021204 0.017898
vt 0.019693 0.017447
vt 0.127501 0.012542
vt 0.094313 0.077978
vt 0.044740 0.079439
vt 0.067178 0.143519
vt 0.066387 0.143789
vt 0.066387 0.143789
vt 0.067178 0.143519
vt 0.019693 0.017447
vt 0.127501 0.012542
vt 0.094313 0.077978
vt 0.044740 0.079439
vt 0.126553 0.012468
vt 0.094035 0.077960
vt 0.045170 0.079540
vt 0.021204 0.017898
vt 0.126553 0.012468
vt 0.094035 0.077960
vt 0.045170 0.079540
vt 0.021204 0.017898
vt 0.019693 0.017447
vt 0.127501 0.012542
vt 0.094313 0.077978
vt 0.044740 0.079439
vt 0.067178 0.143519
vt 0.066387 0.143789
vt 0.066387 0.143789
vt 0.067178 0.143519
vt 0.380460 0.962486
vt 0.987044 0.717116
vt 0.982607 0.747806
vt 0.980248 0.780771
vt 0.980769 0.827211
vt 0.994304 0.673353
vt 0.872372 0.847326
vt 0.973342 0.866052
vt 0.952097 0.911512
vt 0.765143 0.895909
vt 0.593552 0.922721
vt 0.556731 0.938944
vt 0.786801 0.169214
vt 0.704962 0.158923
vt 0.701284 0.178488
vt 0.783330 0.191439
vt 0.604447 0.785049
vt 0.723101 0.776627
vt 0.482173 0.795159
vt 0.608631 0.707698
vt 0.617618 0.632763
vt 0.497041 0.615031
vt 0.486722 0.702412
vt 0.136995 0.894461
vt 0.012607 0.889267
vt 0.785807 0.441389
vt 0.704193 0.427016
vt 0.136180 0.712879
vt 0.138734 0.654540
vt 0.013486 0.659133
vt 0.011477 0.721545
vt 0.021688 0.547304
vt 0.098477 0.564349
vt 0.141651 0.574935
vt 0.344533 0.604586
vt 0.334696 0.705664
vt 0.186440 0.708917
vt 0.194308 0.601286
vt 0.988533 0.256245
vt 0.889375 0.262365
vt 0.887872 0.313132
vt 0.986539 0.317181
vt 0.870922 0.735587
vt 0.927026 0.742771
vt 0.932542 0.703764
vt 0.877464 0.689624
vt 0.101856 0.213988
vt 0.072635 0.207414
vt 0.081929 0.158571
vt 0.108154 0.166176
vt 0.150100 0.224958
vt 0.147124 0.268384
vt 0.082790 0.257897
vt 0.044492 0.393154
vt 0.028560 0.349310
vt 0.080583 0.332400
vt 0.084158 0.381582
vt 0.143323 0.330081
vt 0.075198 0.277816
vt 0.147359 0.278684
vt 0.157336 0.174868
vt 0.218169 0.189800
vt 0.210756 0.234241
vt 0.208032 0.275507
vt 0.132135 0.390935
vt 0.213035 0.335931
vt 0.193246 0.393340
vt 0.207660 0.284775
vt 0.273572 0.213668
vt 0.273756 0.244565
vt 0.270304 0.280223
vt 0.271335 0.335557
vt 0.253907 0.379675
vt 0.270058 0.292976
vt 0.161047 0.160898
vt 0.219945 0.175044
vt 0.275186 0.202905
vt 0.181072 0.038910
vt 0.143481 0.020804
vt 0.170684 0.057463
vt 0.301763 0.232329
vt 0.293849 0.236582
vt 0.287032 0.358011
vt 0.240695 0.039390
vt 0.240531 0.017591
vt 0.182754 0.018484
vt 0.142440 0.609118
vt 0.084346 0.619365
vt 0.367523 0.205458
vt 0.397363 0.183306
vt 0.500716 0.206779
vt 0.477477 0.238030
vt 0.240298 0.086415
vt 0.224178 0.107752
vt 0.173509 0.057984
vt 0.189764 0.038255
vt 0.145254 0.021285
vt 0.247468 0.035431
vt 0.184986 0.018971
vt 0.243867 0.016880
vt 0.355091 0.041847
vt 0.354255 0.014012
vt 0.449587 0.017116
vt 0.442827 0.047109
vt 0.974219 0.480841
vt 0.876613 0.459779
vt 0.726635 0.716656
vt 0.734826 0.656260
vt 0.801865 0.774409
vt 0.804839 0.726604
vt 0.888511 0.914987
vt 0.812301 0.673824
vt 0.924566 0.777619
vt 0.868204 0.775465
vt 0.630219 0.130453
vt 0.604134 0.108624
vt 0.596547 0.116903
vt 0.625522 0.145589
vt 0.464536 0.105211
vt 0.797968 0.369860
vt 0.798603 0.307435
vt 0.719056 0.311209
vt 0.718348 0.366570
vt 0.792057 0.242324
vt 0.706140 0.251882
vt 0.885009 0.382290
vt 0.982715 0.398970
vt 0.134180 0.809980
vt 0.010406 0.805149
vt 0.186498 0.894281
vt 0.183270 0.809673
vt 0.333980 0.883082
vt 0.356044 0.884258
vt 0.330215 0.809953
vt 0.884245 0.162817
vt 0.989226 0.166863
vt 0.019781 0.250862
vt 0.012397 0.279236
vt 0.113335 0.153904
vt 0.843585 0.280087
vt 0.843150 0.259758
vt 0.821092 0.259445
vt 0.860234 0.243154
vt 0.830741 0.242659
vt 0.867151 0.263573
vt 0.843795 0.314463
vt 0.811739 0.214479
vt 0.841320 0.376117
vt 0.831126 0.450217
vt 0.991534 0.212564
vt 0.889634 0.206493
vt 0.611689 0.416775
vt 0.620566 0.375347
vt 0.545761 0.380141
vt 0.556749 0.406106
vt 0.622420 0.320683
vt 0.233774 0.088763
vt 0.221776 0.105589
vt 0.453144 0.878695
vt 0.470690 0.239079
vt 0.494674 0.205575
vt 0.379688 0.185755
vt 0.359708 0.209628
vt 0.542534 0.331140
vt 0.607613 0.261246
vt 0.547182 0.263245
vt 0.013749 0.611911
vt 0.692426 0.215948
vt 0.599729 0.229410
vt 0.779144 0.202425
vt 0.546966 0.235326
vt 0.733672 0.930351
vt 0.693751 0.917698
vt 0.633884 0.918728
vt 0.542185 0.954401
vt 0.479067 0.149488
vt 0.752141 0.944349
vt 0.653549 0.917291
vt 0.800303 0.187816
vt 0.832193 0.171129
vt 0.841227 0.199551
vt 0.800303 0.187816
vt 0.832193 0.171129
vt 0.786801 0.169214
vt 0.800303 0.187816
vt 0.832193 0.171129
vt 0.884245 0.162817
vt 0.090547 0.143770
vt 0.642030 0.919389
vt 0.653549 0.917291
vt 0.642030 0.919389
vt 0.349206 0.010999
vt 0.351989 0.038700
vt 0.390034 0.412413
vt 0.392328 0.349021
vt 0.318876 0.346493
vt 0.435460 0.279378
vt 0.344050 0.279919
vt 0.458154 0.344310
vt 0.450390 0.046210
vt 0.443561 0.012157
vt 0.019693 0.017447
vt 0.044740 0.079439
vt 0.094313 0.077978
vt 0.127501 0.012542
vt 0.127501 0.012542
vt 0.019693 0.017447
vt 0.044740 0.079439
vt 0.094313 0.077978
vt 0.126553 0.012468
vt 0.021204 0.017898
vt 0.045170 0.079540
vt 0.094035 0.077960
vt 0.019693 0.017447
vt 0.044740 0.079439
vt 0.094313 0.077978
vt 0.127501 0.012542
vt 0.067178 0.143519
vt 0.067178 0.143519
vt 0.066387 0.143789
vt 0.067178 0.143519
vt 0.019693 0.017447
vt 0.044740 0.079439
vt 0.094313 0.077978
vt 0.127501 0.012542
vt 0.126553 0.012468
vt 0.021204 0.017898
vt 0.045170 0.079540
vt 0.094035 0.077960
vt 0.126553 0.012468
vt 0.021204 0.017898
vt 0.045170 0.079540
vt 0.094035 0.077960
vt 0.019693 0.017447
vt 0.044740 0.079439
vt 0.094313 0.077978
vt 0.127501 0.012542
vt 0.067178 0.143519
vt 0.066387 0.143789
vt 0.066387 0.143789
vt 0.067178 0.143519
vt 0.019693 0.017447
vt 0.044740 0.079439
vt 0.094313 0.077978
vt 0.127501 0.012542
vt 0.126553 0.012468
vt 0.021204 0.017898
vt 0.045170 0.079540
vt 0.094035 0.077960
vt 0.126553 0.012468
vt 0.021204 0.017898
vt 0.045170 0.079540
vt 0.094035 0.077960
vt 0.019693 0.017447
vt 0.044740 0.079439
vt 0.094313 0.077978
vt 0.127501 0.012542
vt 0.067178 0.143519
vt 0.066387 0.143789
vt 0.066387 0.143789
vt 0.067178 0.143519
vt 0.019693 0.017447
vt 0.044740 0.079439
vt 0.094313 0.077978
vt 0.127501 0.012542
vt 0.126553 0.012468
vt 0.021204 0.017898
vt 0.045170 0.079540
vt 0.094035 0.077960
vt 0.126553 0.012468
vt 0.021204 0.017898
vt 0.045170 0.079540
vt 0.094035 0.077960
vt 0.019693 0.017447
vt 0.044740 0.079439
vt 0.094313 0.077978
vt 0.127501 0.012542
vt 0.067178 0.143519
vt 0.066387 0.143789
vt 0.066387 0.143789
vt 0.067178 0.143519
vt 0.019693 0.017447
vt 0.044740 0.079439
vt 0.094313 0.077978
vt 0.127501 0.012542
vt 0.127501 0.012542
vt 0.019693 0.017447
vt 0.044740 0.079439
vt 0.094313 0.077978
vt 0.126553 0.012468
vt 0.021204 0.017898
vt 0.045170 0.079540
vt 0.094035 0.077960
vt 0.019693 0.017447
vt 0.044740 0.079439
vt 0.094313 0.077978
vt 0.127501 0.012542
vt 0.067178 0.143519
vt 0.067178 0.143519
vt 0.066387 0.143789
vt 0.067178 0.143519
vt 0.019693 0.017447
vt 0.044740 0.079439
vt 0.094313 0.077978
vt 0.127501 0.012542
vt 0.126553 0.012468
vt 0.021204 0.017898
vt 0.045170 0.079540
vt 0.094035 0.077960
vt 0.126553 0.012468
vt 0.021204 0.017898
vt 0.045170 0.079540
vt 0.094035 0.077960
vt 0.019693 0.017447
vt 0.044740 0.079439
vt 0.094313 0.077978
vt 0.127501 0.012542
vt 0.067178 0.143519
vt 0.066387 0.143789
vt 0.066387 0.143789
vt 0.067178 0.143519
vt 0.019693 0.017447
vt 0.044740 0.079439
vt 0.094313 0.077978
vt 0.127501 0.012542
vt 0.126553 0.012468
vt 0.021204 0.017898
vt 0.045170 0.079540
vt 0.094035 0.077960
vt 0.126553 0.012468
vt 0.021204 0.017898
vt 0.045170 0.079540
vt 0.094035 0.077960
vt 0.019693 0.017447
vt 0.044740 0.079439
vt 0.094313 0.077978
vt 0.127501 0.012542
vt 0.067178 0.143519
vt 0.066387 0.143789
vt 0.066387 0.143789
vt 0.067178 0.143519
vt 0.019693 0.017447
vt 0.044740 0.079439
vt 0.094313 0.077978
vt 0.127501 0.012542
vt 0.127501 0.012542
vt 0.019693 0.017447
vt 0.044740 0.079439
vt 0.094313 0.077978
vt 0.126553 0.012468
vt 0.021204 0.017898
vt 0.045170 0.079540
vt 0.094035 0.077960
vt 0.019693 0.017447
vt 0.044740 0.079439
vt 0.094313 0.077978
vt 0.127501 0.012542
vt 0.067178 0.143519
vt 0.067178 0.143519
vt 0.066387 0.143789
vt 0.067178 0.143519
vt 0.294072 0.262881
vt 0.296617 0.321730
vt 0.302875 0.270135
vt 0.019693 0.017447
vt 0.044740 0.079439
vt 0.094313 0.077978
vt 0.127501 0.012542
vt 0.126553 0.012468
vt 0.021204 0.017898
vt 0.045170 0.079540
vt 0.094035 0.077960
vt 0.126553 0.012468
vt 0.021204 0.017898
vt 0.045170 0.079540
vt 0.094035 0.077960
vt 0.019693 0.017447
vt 0.044740 0.079439
vt 0.094313 0.077978
vt 0.127501 0.012542
vt 0.067178 0.143519
vt 0.066387 0.143789
vt 0.066387 0.143789
vt 0.067178 0.143519
vt 0.019693 0.017447
vt 0.044740 0.079439
vt 0.094313 0.077978
vt 0.127501 0.012542
vt 0.126553 0.012468
vt 0.021204 0.017898
vt 0.045170 0.079540
vt 0.094035 0.077960
vt 0.126553 0.012468
vt 0.021204 0.017898
vt 0.045170 0.079540
vt 0.094035 0.077960
vt 0.019693 0.017447
vt 0.044740 0.079439
vt 0.094313 0.077978
vt 0.127501 0.012542
vt 0.067178 0.143519
vt 0.066387 0.143789
vt 0.066387 0.143789
vt 0.067178 0.143519
vt 0.987044 0.717116
vt 0.982607 0.747806
vt 0.980248 0.780771
vt 0.872372 0.847326
vn -0.17031 0.98384 0.05526
vn -0.00000 0.99884 0.04820
vn -0.00000 0.99267 0.12086
vn -0.17196 0.98111 0.08862
vn 0.55197 -0.79192 -0.26114
vn 0.86822 -0.42072 -0.26303
vn 0.87535 -0.39516 -0.27859
vn 0.46116 -0.86907 -0.17904
vn 0.65548 0.71264 0.24999
vn 0.78294 0.58641 0.20767
vn -0.00000 0.96985 0.24372
vn -0.00000 0.95722 0.28935
vn 0.00001 0.89590 0.44426
vn 0.83275 0.48434 0.26824
vn 0.98186 0.02889 0.18738
vn 0.98203 -0.06751 0.17623
vn 0.68565 -0.71746 0.12301
vn 0.67761 -0.72053 0.14725
vn 0.43501 0.90027 -0.01686
vn 0.00000 0.99935 -0.03595
vn -0.00000 0.99445 -0.10520
vn 0.43344 0.89738 -0.08267
vn 0.31580 0.93696 -0.14961
vn 0.00000 0.98959 -0.14391
vn 0.00000 0.99799 -0.06338
vn 0.40348 0.90762 -0.11587
vn 0.99497 0.08992 0.04426
vn 0.98819 0.15204 0.01927
vn 0.99995 -0.00783 -0.00679
vn 0.98898 -0.06605 0.13253
vn 0.23884 -0.93296 -0.26934
vn 0.00000 -0.98492 -0.17299
vn 0.00000 -0.99543 -0.09551
vn 0.04608 -0.99862 -0.02500
vn 0.00000 -0.99994 0.01125
vn 0.23127 -0.91793 0.32238
vn 0.99100 0.03669 0.12873
vn 0.70577 -0.70507 0.06904
vn 0.84166 -0.51353 0.16702
vn 0.99527 -0.00062 0.09718
vn 0.99995 -0.00783 -0.00679
vn 0.98819 0.15204 0.01927
vn 0.99725 0.05618 -0.04828
vn 0.95934 -0.24469 -0.14067
vn 0.99520 0.01176 0.09718
vn 0.64435 -0.75485 0.12252
vn 0.62283 -0.77378 0.11548
vn 0.99641 -0.00153 0.08460
vn 0.28489 0.95430 0.09028
vn 0.21435 0.74530 0.63134
vn 0.78543 0.17873 0.59259
vn 0.89739 0.44010 0.03162
vn 0.46396 0.69852 -0.54480
vn 0.14828 0.87941 -0.45238
vn 0.07376 0.99714 -0.01636
vn 0.23127 -0.91793 0.32238
vn 0.00496 -0.31188 0.95011
vn 0.04065 -0.99917 0.00021
vn 0.04608 -0.99862 -0.02500
vn 0.00987 -0.99957 -0.02759
vn 0.20845 -0.04073 -0.97718
vn 0.34721 -0.68005 -0.64574
vn -0.09238 0.90741 0.40998
vn 0.04013 0.99463 0.09543
vn -0.02780 0.94556 0.32427
vn 0.15621 0.93913 -0.30600
vn -0.24781 -0.65242 0.71619
vn -0.11400 0.56961 0.81397
vn 0.00329 -0.99886 0.04762
vn 0.29979 -0.54623 -0.78215
vn 0.10605 0.99303 0.05152
vn 0.05348 0.92702 0.37117
vn 0.27569 0.93905 -0.20538
vn 0.10065 -0.62603 0.77328
vn 0.11029 -0.99360 0.02442
vn 0.62567 0.49112 -0.60608
vn -0.11400 0.56961 0.81397
vn -0.24781 -0.65242 0.71619
vn 0.10065 -0.62603 0.77328
vn 0.10082 0.93370 0.34358
vn 0.92208 -0.03783 -0.38515
vn 0.57783 -0.06137 0.81384
vn 0.54357 0.27617 0.79263
vn 0.28492 0.91604 0.28228
vn 0.54357 0.27617 0.79263
vn -0.40552 -0.16194 0.89963
vn -0.36785 -0.00052 0.92988
vn -0.14505 0.82043 0.55303
vn 0.78543 0.17873 0.59259
vn 0.89739 0.44010 0.03162
vn 0.68387 -0.15213 -0.71356
vn 0.81259 0.01768 -0.58257
vn 0.43446 -0.89217 -0.12363
vn 0.20227 -0.95623 -0.21147
vn 0.37427 -0.89774 -0.23234
vn 0.84534 -0.00374 -0.53422
vn 0.11676 -0.97458 0.19120
vn 0.92208 -0.03783 -0.38515
vn 0.57783 -0.06137 0.81384
vn -0.19924 -0.85870 0.47216
vn -0.40552 -0.16194 0.89963
vn -0.36785 -0.00052 0.92988
vn -0.17630 -0.88887 0.42289
vn -0.34533 0.08059 0.93502
vn -0.24013 -0.92343 0.29935
vn -0.48346 -0.09964 0.86968
vn 0.43344 0.89738 -0.08267
vn -0.00000 0.99445 -0.10520
vn -0.00000 0.98879 -0.14932
vn 0.37502 0.91961 -0.11700
vn 0.98388 -0.06178 0.16784
vn 0.66045 -0.73506 0.15328
vn 0.72984 0.65862 0.18319
vn 0.00000 0.97758 0.21056
vn 0.98948 -0.00010 0.14468
vn 0.89987 0.36501 0.23874
vn 0.00000 0.97554 -0.21983
vn -0.00000 0.92358 -0.38341
vn 0.00000 0.76903 0.63921
vn 0.56525 -0.81364 0.13595
vn 0.67576 0.72862 0.11168
vn -0.00000 0.99108 0.13326
vn -0.00000 0.98542 0.17016
vn 0.70872 0.68968 0.14849
vn 0.51469 -0.76789 -0.38137
vn 0.77059 -0.40325 -0.49355
vn 0.40957 -0.47024 -0.78175
vn 0.25449 -0.81977 -0.51304
vn 0.00000 -0.99446 0.10512
vn 0.00000 -0.99391 0.11016
vn 0.00000 -0.99367 0.11230
vn 0.00000 -0.99284 0.11948
vn 0.00000 -0.99203 0.12598
vn -0.00000 -0.99183 0.12756
vn -0.00000 -0.98179 0.18997
vn -0.02381 -0.99935 0.02711
vn 0.83349 0.53306 -0.14539
vn 0.78357 0.57260 -0.24114
vn 0.95889 -0.05491 -0.27842
vn 0.97049 -0.12590 -0.20565
vn 0.63678 -0.73813 -0.22287
vn 0.65443 -0.66797 -0.35431
vn 0.82990 0.55606 -0.04538
vn 0.84476 0.53473 -0.02124
vn 0.84476 0.53473 -0.02124
vn 0.85525 0.51735 0.03000
vn 0.88317 0.46060 0.08860
vn 0.45218 0.88978 0.06182
vn 0.39992 0.89820 0.18249
vn 0.77724 0.60003 0.18936
vn 0.37944 0.90064 0.21184
vn 0.00000 -0.99806 -0.06233
vn 0.00000 -0.98784 -0.15545
vn 0.26992 -0.92985 -0.25004
vn 0.00000 -0.98230 -0.18734
vn 0.00000 -0.98492 -0.17299
vn 0.23884 -0.93296 -0.26934
vn 0.91258 -0.18732 -0.36347
vn 0.23884 -0.93296 -0.26934
vn 0.00496 -0.31188 0.95011
vn -0.00000 0.98446 0.17561
vn 0.00000 0.98733 0.15866
vn 0.95042 -0.29651 -0.09372
vn 0.92968 -0.33433 -0.15467
vn 0.96475 -0.23999 -0.10803
vn 0.90575 -0.36332 -0.21820
vn 0.86399 -0.43814 -0.24808
vn 0.92974 -0.24186 -0.27766
vn 0.99121 0.10968 -0.07397
vn 0.37324 -0.74661 -0.55069
vn 0.78236 0.61594 -0.09239
vn 0.00000 0.98397 -0.17835
vn 0.36170 0.91753 -0.16524
vn 0.91258 -0.18732 -0.36347
vn 0.68610 -0.68706 -0.23920
vn 0.00000 0.99717 -0.07513
vn 0.44878 0.88256 -0.14030
vn 0.84467 0.40218 -0.35325
vn 0.48692 0.78943 -0.37377
vn 0.55070 0.24045 -0.79932
vn 0.87445 -0.15778 -0.45875
vn 0.46962 0.85998 -0.19973
vn 0.84534 -0.00374 -0.53422
vn 0.67010 0.70369 0.23620
vn 0.00001 0.46292 0.88640
vn 0.81259 0.01768 -0.58257
vn 0.68387 -0.15213 -0.71356
vn 0.37815 0.85947 -0.34397
vn 0.47945 0.87727 -0.02305
vn 0.57816 -0.33317 -0.74480
vn 0.56956 -0.74103 -0.35564
vn 0.33853 -0.72563 -0.59904
vn 0.00000 -0.98972 -0.14298
vn 0.91258 -0.18732 -0.36347
vn 0.33149 -0.93060 -0.15522
vn 0.34087 -0.93478 -0.10002
vn 0.29002 -0.83021 -0.47606
vn -0.00000 -0.84254 -0.53863
vn 0.00000 -0.93964 -0.34217
vn 0.24086 -0.93013 -0.27721
vn 0.00000 0.99746 0.07120
vn -0.24511 -0.95609 0.16064
vn 0.00000 -0.90914 0.41649
vn 0.00000 -0.99938 0.03519
vn -0.19349 -0.98103 0.01188
vn -0.05249 0.99833 0.02399
vn -0.00000 0.98953 -0.14432
vn -0.00000 0.97083 0.23976
vn -0.10944 0.97707 0.18264
vn 0.08255 0.99077 0.10753
vn 0.00000 0.99172 0.12844
vn 0.00000 0.98822 0.15301
vn -0.00000 -0.29905 -0.95424
vn -0.00000 0.26333 -0.96470
vn -0.20952 -0.80273 0.55833
vn 0.00000 -0.65037 0.75962
vn -0.00000 -0.99974 -0.02259
vn -0.15328 -0.98811 0.01182
vn -0.00000 0.74732 -0.66447
vn 0.25860 -0.77859 -0.57178
vn 0.30498 -0.84464 -0.43996
vn 0.48637 -0.79532 -0.36183
vn 0.85108 -0.41191 -0.32557
vn 0.00000 -0.95720 -0.28941
vn 0.09339 -0.96334 -0.25149
vn 0.83797 -0.46685 -0.28260
vn 0.37202 -0.86996 -0.32368
vn 0.83797 -0.46685 -0.28260
vn 0.00000 -0.95772 -0.28769
vn 0.00000 -0.95386 -0.30024
vn 0.08067 -0.94675 -0.31170
vn 0.23127 -0.91793 0.32238
vn 0.00000 -0.99978 0.02082
vn 0.00000 -0.99775 0.06698
vn 0.00000 -0.99669 0.08130
vn -0.16494 -0.78143 -0.60179
vn -0.14778 -0.73939 -0.65686
vn -0.00000 -0.79228 -0.61015
vn -0.00000 -0.83330 -0.55282
vn 0.00000 0.99998 -0.00569
vn 0.17658 0.84271 0.50859
vn -0.34533 0.08059 0.93502
vn -0.13202 0.87364 0.46833
vn -0.00000 -0.19045 0.98170
vn 0.95850 0.25523 -0.12703
vn 0.85960 -0.04446 -0.50902
vn 0.97691 -0.18412 -0.10840
vn 0.85852 -0.49782 0.12295
vn 0.85034 -0.45701 -0.26089
vn 0.95727 -0.07336 0.27972
vn -0.22762 0.85091 0.47343
vn -0.48346 -0.09964 0.86968
vn -0.00000 -0.19045 0.98170
vn 0.00000 0.91899 0.39427
vn 0.90935 -0.30691 -0.28086
vn 0.90934 -0.30640 -0.28144
vn 0.88599 -0.36980 -0.27978
vn 0.87272 -0.40102 -0.27846
vn -0.20880 -0.25900 -0.94304
vn -0.20915 -0.22856 -0.95080
vn -0.20907 -0.23875 -0.94831
vn -0.20884 -0.25904 -0.94302
vn -0.92292 -0.31149 0.22627
vn -0.94848 -0.20235 0.24383
vn -0.94136 -0.23905 0.23810
vn -0.92323 -0.31096 0.22571
vn 0.18448 -0.29980 0.93599
vn 0.18448 -0.29981 0.93599
vn 0.18250 -0.31868 0.93013
vn 0.18148 -0.32807 0.92706
vn 0.82726 -0.49057 -0.27383
vn -0.20934 -0.19794 -0.95760
vn -0.96204 -0.09005 0.25764
vn 0.17831 -0.35605 0.91730
vn 0.91683 -0.29336 -0.27086
vn 0.91684 -0.29297 -0.27126
vn 0.89252 -0.35776 -0.27461
vn 0.87868 -0.38968 -0.27580
vn -0.18473 -0.19778 -0.96268
vn -0.18491 -0.17259 -0.96748
vn -0.18487 -0.18101 -0.96595
vn -0.18475 -0.19779 -0.96268
vn -0.92923 -0.32455 0.17661
vn -0.95621 -0.21271 0.20102
vn -0.94872 -0.25037 0.19298
vn -0.92951 -0.32403 0.17612
vn 0.16093 -0.35893 0.91939
vn 0.16093 -0.35893 0.91939
vn 0.15948 -0.37360 0.91378
vn 0.15875 -0.38090 0.91089
vn 0.83116 -0.48144 -0.27818
vn -0.18497 -0.14732 -0.97164
vn -0.97014 -0.09739 0.22214
vn 0.15647 -0.40266 0.90188
vn 0.90039 -0.28594 -0.32791
vn 0.90034 -0.28523 -0.32867
vn 0.87822 -0.34840 -0.32765
vn 0.86562 -0.37954 -0.32658
vn -0.24211 -0.22764 -0.94317
vn -0.24280 -0.19700 -0.94986
vn -0.24261 -0.20725 -0.94773
vn -0.24215 -0.22768 -0.94315
vn -0.91183 -0.32010 0.25712
vn -0.93638 -0.21362 0.27849
vn -0.92959 -0.24935 0.27145
vn -0.91231 -0.31933 0.25636
vn 0.21874 -0.32836 0.91888
vn 0.21874 -0.32836 0.91888
vn 0.21661 -0.34682 0.91258
vn 0.21552 -0.35600 0.90929
vn 0.82227 -0.46870 -0.32279
vn -0.24329 -0.16621 -0.95561
vn -0.94967 -0.10370 0.29560
vn 0.21212 -0.38332 0.89893
vn 0.90155 -0.28618 -0.32451
vn 0.90149 -0.28536 -0.32541
vn 0.87977 -0.34831 -0.32355
vn 0.86738 -0.37936 -0.32207
vn -0.24387 -0.23548 -0.94078
vn -0.24453 -0.20499 -0.94772
vn -0.24435 -0.21520 -0.94551
vn -0.24391 -0.23552 -0.94076
vn -0.91256 -0.31491 0.26088
vn -0.93667 -0.20924 0.28084
vn -0.93002 -0.24465 0.27423
vn -0.91311 -0.31404 0.26000
vn 0.21994 -0.31845 0.92207
vn 0.21993 -0.31845 0.92207
vn 0.21781 -0.33685 0.91602
vn 0.21671 -0.34601 0.91286
vn 0.82474 -0.46804 -0.31740
vn -0.24499 -0.17435 -0.95372
vn -0.94978 -0.10013 0.29647
vn 0.21330 -0.37326 0.90287
vn 0.87478 -0.28254 -0.39360
vn 0.87462 -0.28173 -0.39454
vn 0.85464 -0.34459 -0.38839
vn 0.84319 -0.37561 -0.38465
vn -0.31763 -0.27714 -0.90681
vn -0.31920 -0.24695 -0.91495
vn -0.31872 -0.25705 -0.91233
vn -0.31766 -0.27718 -0.90679
vn -0.88116 -0.31191 0.35533
vn -0.90439 -0.20749 0.37286
vn -0.89800 -0.24246 0.36717
vn -0.88182 -0.31106 0.35445
vn 0.29817 -0.27881 0.91289
vn 0.29817 -0.27880 0.91289
vn 0.29573 -0.29754 0.90775
vn 0.29447 -0.30687 0.90505
vn 0.80335 -0.46427 -0.37295
vn -0.32050 -0.21655 -0.92216
vn -0.91749 -0.09975 0.38505
vn 0.29053 -0.33466 0.89644
vn 0.84985 -0.26672 -0.45455
vn 0.84962 -0.26616 -0.45531
vn 0.83419 -0.32912 -0.44250
vn 0.82506 -0.36021 -0.43534
vn -0.38503 -0.37680 -0.84248
vn -0.38886 -0.34775 -0.85315
vn -0.38763 -0.35748 -0.84968
vn -0.38504 -0.37680 -0.84248
vn -0.82542 -0.31873 0.46592
vn -0.85194 -0.21657 0.47676
vn -0.84440 -0.25079 0.47339
vn -0.82629 -0.31792 0.46495
vn 0.39329 -0.17896 0.90183
vn 0.39330 -0.17895 0.90183
vn 0.39128 -0.19847 0.89862
vn 0.39021 -0.20820 0.89688
vn 0.79212 -0.44968 -0.41272
vn -0.39231 -0.31838 -0.86298
vn -0.86957 -0.11112 0.48115
vn 0.38679 -0.23725 0.89113
vn 0.24122 -0.31507 -0.91790
vn 0.24129 -0.31513 -0.91786
vn 0.23687 -0.37448 -0.89647
vn 0.23429 -0.40372 -0.88437
vn -0.90174 -0.37404 -0.21669
vn -0.91200 -0.34531 -0.22141
vn -0.90867 -0.35449 -0.22056
vn -0.90177 -0.37274 -0.21880
vn -0.23629 -0.23293 0.94335
vn -0.24250 -0.13550 0.96064
vn -0.24071 -0.16826 0.95590
vn -0.23635 -0.23289 0.94334
vn 0.93636 -0.19365 0.29278
vn 0.93688 -0.19282 0.29170
vn 0.93148 -0.21384 0.29432
vn 0.92861 -0.22431 0.29557
vn 0.22531 -0.48879 -0.84280
vn -0.92132 -0.31492 -0.22800
vn -0.24638 -0.03670 0.96848
vn 0.92049 -0.25393 0.29700
vn 0.90988 -0.30688 -0.27917
vn 0.90987 -0.30625 -0.27990
vn 0.88682 -0.36955 -0.27745
vn 0.87372 -0.40072 -0.27574
vn -0.20997 -0.26537 -0.94101
vn -0.21031 -0.23503 -0.94896
vn -0.21023 -0.24519 -0.94641
vn -0.21001 -0.26541 -0.94099
vn -0.92309 -0.30789 0.23045
vn -0.94831 -0.19935 0.24692
vn -0.94131 -0.23581 0.24152
vn -0.92347 -0.30726 0.22976
vn 0.18518 -0.29217 0.93827
vn 0.18518 -0.29217 0.93827
vn 0.18319 -0.31099 0.93259
vn 0.18217 -0.32036 0.92961
vn 0.82881 -0.48993 -0.27028
vn -0.21047 -0.20451 -0.95597
vn -0.96174 -0.08764 0.25955
vn 0.17899 -0.34828 0.92014
vn 0.00000 -0.43456 -0.90064
vn -0.00000 -0.70078 -0.71338
vn 0.37860 0.92546 -0.01360
vn 0.91998 0.33621 0.20149
vn 0.91998 0.33621 0.20149
vn 0.68626 -0.25684 -0.68050
vn 0.68610 -0.25662 -0.68075
vn 0.67534 -0.31802 -0.66542
vn 0.66889 -0.34836 -0.65669
vn -0.61851 -0.37887 -0.68840
vn -0.62542 -0.34997 -0.69741
vn -0.62309 -0.35951 -0.69463
vn -0.61825 -0.37848 -0.68886
vn -0.65972 -0.30590 0.68644
vn -0.68054 -0.20754 0.70271
vn -0.67461 -0.24052 0.69790
vn -0.66050 -0.30531 0.68595
vn 0.63988 -0.17991 0.74712
vn 0.64005 -0.17975 0.74701
vn 0.63674 -0.19959 0.74480
vn 0.63499 -0.20949 0.74358
vn 0.64519 -0.43646 -0.62708
vn -0.63143 -0.32032 -0.70618
vn -0.69499 -0.10641 0.71110
vn 0.62969 -0.23871 0.73926
vn 0.81476 -0.26302 -0.51671
vn 0.81451 -0.26254 -0.51735
vn 0.80042 -0.32494 -0.50373
vn 0.79205 -0.35577 -0.49607
vn -0.44957 -0.37657 -0.80999
vn -0.45415 -0.34759 -0.82032
vn -0.45266 -0.35728 -0.81698
vn -0.44953 -0.37652 -0.81003
vn -0.78950 -0.31402 0.52734
vn -0.81448 -0.21327 0.53957
vn -0.80740 -0.24701 0.53582
vn -0.79042 -0.31322 0.52643
vn 0.46061 -0.17868 0.86943
vn 0.46064 -0.17865 0.86942
vn 0.45829 -0.19817 0.86643
vn 0.45704 -0.20791 0.86480
vn 0.76161 -0.44467 -0.47140
vn -0.45824 -0.31823 -0.82991
vn -0.83134 -0.10935 0.54490
vn 0.45311 -0.23693 0.85939
vn -0.00000 0.99992 0.01285
vn 0.43446 -0.89217 -0.12363
vn 0.81259 0.01768 -0.58257
vn 0.47945 0.87727 -0.02305
vn 0.00000 0.98822 0.15301
vn -0.00000 -0.99183 0.12756
vn 0.67010 0.70369 0.23620
vn 0.00001 0.46292 0.88640
vn 0.00000 -0.02975 0.99956
vn -0.00000 0.99992 0.01285
vn 0.17031 0.98384 0.05526
vn 0.17196 0.98111 0.08862
vn -0.55197 -0.79192 -0.26114
vn -0.46116 -0.86907 -0.17904
vn -0.87535 -0.39516 -0.27859
vn -0.86822 -0.42072 -0.26303
vn -0.65548 0.71264 0.24999
vn -0.78294 0.58641 0.20767
vn -0.83275 0.48434 0.26824
vn -0.98186 0.02889 0.18738
vn -0.67761 -0.72053 0.14725
vn -0.68565 -0.71746 0.12301
vn -0.98203 -0.06751 0.17623
vn -0.43501 0.90027 -0.01686
vn -0.43344 0.89738 -0.08267
vn -0.31580 0.93696 -0.14961
vn -0.40348 0.90762 -0.11587
vn -0.99497 0.08992 0.04426
vn -0.98898 -0.06605 0.13253
vn -0.99995 -0.00783 -0.00679
vn -0.98819 0.15204 0.01927
vn -0.23884 -0.93296 -0.26934
vn -0.04608 -0.99862 -0.02500
vn -0.23127 -0.91793 0.32238
vn -0.70577 -0.70507 0.06904
vn -0.99100 0.03669 0.12873
vn -0.99527 -0.00062 0.09718
vn -0.84166 -0.51353 0.16702
vn -0.99995 -0.00783 -0.00679
vn -0.95934 -0.24469 -0.14067
vn -0.99725 0.05618 -0.04828
vn -0.98819 0.15204 0.01927
vn -0.99520 0.01176 0.09718
vn -0.99641 -0.00153 0.08460
vn -0.62283 -0.77378 0.11548
vn -0.64435 -0.75485 0.12252
vn -0.28489 0.95430 0.09028
vn -0.89739 0.44010 0.03162
vn -0.78543 0.17873 0.59259
vn -0.21435 0.74530 0.63134
vn -0.07376 0.99714 -0.01636
vn -0.14828 0.87941 -0.45238
vn -0.46396 0.69852 -0.54481
vn -0.23127 -0.91793 0.32238
vn -0.04608 -0.99862 -0.02500
vn -0.04065 -0.99917 0.00021
vn -0.00496 -0.31188 0.95011
vn -0.00987 -0.99957 -0.02759
vn -0.34721 -0.68005 -0.64574
vn -0.20845 -0.04074 -0.97718
vn 0.09238 0.90741 0.40998
vn 0.02780 0.94556 0.32427
vn -0.04013 0.99463 0.09543
vn -0.15621 0.93913 -0.30600
vn 0.24781 -0.65242 0.71619
vn -0.00329 -0.99886 0.04762
vn 0.11400 0.56961 0.81397
vn -0.29979 -0.54623 -0.78215
vn -0.05348 0.92702 0.37117
vn -0.10604 0.99303 0.05152
vn -0.27569 0.93905 -0.20538
vn -0.11029 -0.99360 0.02442
vn -0.10065 -0.62603 0.77328
vn -0.62567 0.49112 -0.60608
vn 0.24781 -0.65242 0.71619
vn 0.11400 0.56961 0.81397
vn -0.10065 -0.62603 0.77328
vn -0.10082 0.93370 0.34358
vn -0.57784 -0.06137 0.81384
vn -0.92208 -0.03783 -0.38515
vn -0.54357 0.27617 0.79263
vn -0.28492 0.91604 0.28228
vn -0.54357 0.27617 0.79263
vn 0.14505 0.82043 0.55304
vn 0.36785 -0.00052 0.92988
vn 0.40552 -0.16194 0.89963
vn -0.78543 0.17873 0.59259
vn -0.89739 0.44010 0.03162
vn -0.68387 -0.15213 -0.71356
vn -0.20227 -0.95623 -0.21147
vn -0.43446 -0.89217 -0.12363
vn -0.81259 0.01768 -0.58257
vn -0.37427 -0.89774 -0.23234
vn -0.84534 -0.00374 -0.53422
vn -0.92208 -0.03783 -0.38515
vn -0.11677 -0.97458 0.19120
vn -0.57784 -0.06137 0.81384
vn 0.19924 -0.85870 0.47216
vn 0.40552 -0.16194 0.89963
vn 0.36785 -0.00052 0.92988
vn 0.17630 -0.88887 0.42289
vn 0.34533 0.08059 0.93502
vn 0.48346 -0.09964 0.86968
vn 0.24013 -0.92343 0.29935
vn -0.43344 0.89738 -0.08267
vn -0.37502 0.91961 -0.11700
vn -0.98388 -0.06178 0.16784
vn -0.66045 -0.73506 0.15328
vn -0.72984 0.65862 0.18319
vn -0.98948 -0.00010 0.14468
vn -0.89987 0.36501 0.23874
vn -0.56525 -0.81364 0.13595
vn -0.67576 0.72862 0.11168
vn -0.70872 0.68968 0.14849
vn -0.51469 -0.76789 -0.38137
vn -0.25449 -0.81977 -0.51304
vn -0.40957 -0.47024 -0.78175
vn -0.77059 -0.40325 -0.49355
vn 0.02381 -0.99935 0.02711
vn -0.83349 0.53306 -0.14539
vn -0.97049 -0.12590 -0.20565
vn -0.95889 -0.05491 -0.27842
vn -0.78357 0.57259 -0.24114
vn -0.65443 -0.66797 -0.35431
vn -0.63678 -0.73813 -0.22287
vn -0.82990 0.55606 -0.04538
vn -0.84476 0.53473 -0.02124
vn -0.85525 0.51735 0.03000
vn -0.84476 0.53473 -0.02124
vn -0.45218 0.88978 0.06182
vn -0.88317 0.46060 0.08860
vn -0.39992 0.89820 0.18249
vn -0.37944 0.90064 0.21184
vn -0.77724 0.60003 0.18936
vn -0.26992 -0.92985 -0.25004
vn -0.23884 -0.93296 -0.26934
vn -0.91258 -0.18732 -0.36347
vn -0.23884 -0.93296 -0.26934
vn -0.00496 -0.31188 0.95011
vn -0.95042 -0.29651 -0.09372
vn -0.96475 -0.23999 -0.10803
vn -0.92968 -0.33433 -0.15467
vn -0.90575 -0.36332 -0.21820
vn -0.86399 -0.43814 -0.24808
vn -0.92974 -0.24186 -0.27766
vn -0.99121 0.10968 -0.07397
vn -0.37324 -0.74661 -0.55069
vn -0.78236 0.61594 -0.09239
vn -0.36170 0.91753 -0.16524
vn -0.91258 -0.18732 -0.36347
vn -0.68610 -0.68706 -0.23920
vn -0.44878 0.88256 -0.14030
vn -0.84467 0.40218 -0.35325
vn -0.55070 0.24045 -0.79932
vn -0.48692 0.78943 -0.37377
vn -0.87445 -0.15778 -0.45875
vn -0.46962 0.85998 -0.19973
vn -0.84534 -0.00374 -0.53422
vn -0.67010 0.70369 0.23619
vn -0.81259 0.01768 -0.58257
vn -0.47945 0.87727 -0.02305
vn -0.37815 0.85947 -0.34397
vn -0.68387 -0.15213 -0.71356
vn -0.57816 -0.33317 -0.74480
vn -0.56956 -0.74103 -0.35564
vn -0.33853 -0.72563 -0.59904
vn -0.91258 -0.18732 -0.36347
vn -0.34087 -0.93478 -0.10002
vn -0.33149 -0.93060 -0.15522
vn -0.29002 -0.83021 -0.47606
vn -0.24086 -0.93013 -0.27721
vn 0.24512 -0.95609 0.16064
vn 0.19349 -0.98103 0.01188
vn 0.05249 0.99833 0.02399
vn 0.10944 0.97707 0.18264
vn -0.08255 0.99077 0.10753
vn 0.20952 -0.80273 0.55833
vn 0.15328 -0.98811 0.01182
vn -0.25860 -0.77859 -0.57178
vn -0.30498 -0.84464 -0.43996
vn -0.48637 -0.79532 -0.36183
vn -0.85108 -0.41191 -0.32557
vn -0.09339 -0.96334 -0.25149
vn -0.83797 -0.46685 -0.28260
vn -0.83797 -0.46685 -0.28260
vn -0.37202 -0.86996 -0.32368
vn -0.08067 -0.94675 -0.31170
vn -0.23127 -0.91793 0.32238
vn 0.16494 -0.78143 -0.60179
vn 0.14778 -0.73939 -0.65686
vn -0.17658 0.84271 0.50858
vn 0.34533 0.08059 0.93502
vn 0.13202 0.87364 0.46833
vn -0.95850 0.25523 -0.12703
vn -0.97691 -0.18412 -0.10840
vn -0.85960 -0.04446 -0.50902
vn -0.85852 -0.49782 0.12295
vn -0.85034 -0.45701 -0.26089
vn -0.95727 -0.07336 0.27972
vn 0.22762 0.85091 0.47343
vn 0.48346 -0.09964 0.86968
vn -0.90935 -0.30691 -0.28086
vn -0.87272 -0.40102 -0.27846
vn -0.88599 -0.36980 -0.27978
vn -0.90934 -0.30640 -0.28144
vn 0.20880 -0.25900 -0.94304
vn 0.20884 -0.25905 -0.94302
vn 0.20907 -0.23875 -0.94831
vn 0.20915 -0.22856 -0.95080
vn 0.92292 -0.31149 0.22627
vn 0.92323 -0.31096 0.22571
vn 0.94136 -0.23905 0.23810
vn 0.94848 -0.20235 0.24382
vn -0.18448 -0.29980 0.93599
vn -0.18148 -0.32807 0.92706
vn -0.18250 -0.31868 0.93013
vn -0.18448 -0.29981 0.93599
vn -0.82726 -0.49057 -0.27383
vn 0.20934 -0.19794 -0.95760
vn 0.96204 -0.09005 0.25764
vn -0.17831 -0.35605 0.91730
vn -0.91683 -0.29336 -0.27086
vn -0.87868 -0.38968 -0.27580
vn -0.89252 -0.35776 -0.27461
vn -0.91684 -0.29297 -0.27126
vn 0.18473 -0.19778 -0.96268
vn 0.18475 -0.19779 -0.96268
vn 0.18487 -0.18101 -0.96595
vn 0.18491 -0.17259 -0.96748
vn 0.92923 -0.32455 0.17661
vn 0.92951 -0.32403 0.17612
vn 0.94872 -0.25037 0.19298
vn 0.95621 -0.21271 0.20102
vn -0.16093 -0.35893 0.91939
vn -0.15875 -0.38090 0.91089
vn -0.15948 -0.37360 0.91378
vn -0.16093 -0.35893 0.91939
vn -0.83116 -0.48144 -0.27818
vn 0.18497 -0.14732 -0.97164
vn 0.97014 -0.09739 0.22214
vn -0.15647 -0.40266 0.90188
vn -0.90039 -0.28594 -0.32791
vn -0.86562 -0.37954 -0.32658
vn -0.87822 -0.34840 -0.32765
vn -0.90034 -0.28523 -0.32867
vn 0.24211 -0.22764 -0.94317
vn 0.24215 -0.22768 -0.94315
vn 0.24261 -0.20725 -0.94773
vn 0.24280 -0.19700 -0.94986
vn 0.91183 -0.32010 0.25712
vn 0.91231 -0.31933 0.25636
vn 0.92959 -0.24935 0.27145
vn 0.93638 -0.21362 0.27849
vn -0.21874 -0.32836 0.91888
vn -0.21552 -0.35600 0.90929
vn -0.21661 -0.34682 0.91258
vn -0.21874 -0.32836 0.91888
vn -0.82227 -0.46870 -0.32279
vn 0.24329 -0.16621 -0.95561
vn 0.94967 -0.10370 0.29560
vn -0.21212 -0.38332 0.89893
vn -0.90155 -0.28618 -0.32451
vn -0.86738 -0.37936 -0.32207
vn -0.87977 -0.34831 -0.32355
vn -0.90149 -0.28536 -0.32541
vn 0.24387 -0.23548 -0.94078
vn 0.24391 -0.23552 -0.94076
vn 0.24435 -0.21520 -0.94551
vn 0.24453 -0.20499 -0.94772
vn 0.91256 -0.31491 0.26088
vn 0.91311 -0.31404 0.26000
vn 0.93002 -0.24465 0.27423
vn 0.93667 -0.20924 0.28084
vn -0.21994 -0.31845 0.92207
vn -0.21671 -0.34601 0.91286
vn -0.21781 -0.33685 0.91602
vn -0.21993 -0.31845 0.92207
vn -0.82474 -0.46804 -0.31740
vn 0.24499 -0.17435 -0.95372
vn 0.94978 -0.10013 0.29647
vn -0.21330 -0.37326 0.90287
vn -0.87478 -0.28254 -0.39361
vn -0.84319 -0.37561 -0.38465
vn -0.85464 -0.34459 -0.38839
vn -0.87462 -0.28173 -0.39454
vn 0.31762 -0.27714 -0.90681
vn 0.31766 -0.27718 -0.90679
vn 0.31872 -0.25705 -0.91233
vn 0.31920 -0.24695 -0.91495
vn 0.88116 -0.31191 0.35533
vn 0.88182 -0.31106 0.35445
vn 0.89800 -0.24247 0.36717
vn 0.90439 -0.20749 0.37286
vn -0.29817 -0.27881 0.91289
vn -0.29447 -0.30687 0.90505
vn -0.29573 -0.29754 0.90775
vn -0.29817 -0.27880 0.91289
vn -0.80335 -0.46427 -0.37295
vn 0.32050 -0.21655 -0.92216
vn 0.91749 -0.09975 0.38505
vn -0.29053 -0.33466 0.89644
vn -0.84985 -0.26672 -0.45455
vn -0.82506 -0.36021 -0.43534
vn -0.83419 -0.32912 -0.44250
vn -0.84962 -0.26616 -0.45531
vn 0.38503 -0.37680 -0.84248
vn 0.38504 -0.37680 -0.84248
vn 0.38762 -0.35748 -0.84968
vn 0.38886 -0.34775 -0.85315
vn 0.82542 -0.31873 0.46592
vn 0.82629 -0.31792 0.46495
vn 0.84440 -0.25079 0.47339
vn 0.85194 -0.21657 0.47676
vn -0.39329 -0.17896 0.90183
vn -0.39021 -0.20820 0.89688
vn -0.39128 -0.19847 0.89862
vn -0.39329 -0.17895 0.90183
vn -0.79212 -0.44968 -0.41272
vn 0.39231 -0.31838 -0.86298
vn 0.86957 -0.11112 0.48115
vn -0.38679 -0.23725 0.89113
vn -0.24122 -0.31507 -0.91790
vn -0.23429 -0.40372 -0.88437
vn -0.23687 -0.37448 -0.89647
vn -0.24129 -0.31513 -0.91786
vn 0.90174 -0.37404 -0.21669
vn 0.90177 -0.37274 -0.21880
vn 0.90867 -0.35449 -0.22056
vn 0.91200 -0.34531 -0.22141
vn 0.23629 -0.23293 0.94335
vn 0.23635 -0.23289 0.94334
vn 0.24071 -0.16826 0.95590
vn 0.24250 -0.13550 0.96064
vn -0.93636 -0.19365 0.29278
vn -0.92861 -0.22431 0.29557
vn -0.93148 -0.21384 0.29432
vn -0.93688 -0.19282 0.29170
vn -0.22531 -0.48879 -0.84280
vn 0.92132 -0.31492 -0.22800
vn 0.24638 -0.03670 0.96848
vn -0.92049 -0.25393 0.29700
vn -0.90988 -0.30688 -0.27917
vn -0.87372 -0.40072 -0.27574
vn -0.88682 -0.36955 -0.27745
vn -0.90987 -0.30625 -0.27990
vn 0.20997 -0.26537 -0.94101
vn 0.21001 -0.26541 -0.94099
vn 0.21023 -0.24519 -0.94641
vn 0.21031 -0.23503 -0.94896
vn 0.92309 -0.30789 0.23045
vn 0.92347 -0.30726 0.22976
vn 0.94131 -0.23581 0.24151
vn 0.94831 -0.19935 0.24692
vn -0.18518 -0.29217 0.93827
vn -0.18217 -0.32036 0.92961
vn -0.18319 -0.31099 0.93259
vn -0.18518 -0.29217 0.93827
vn -0.82881 -0.48993 -0.27029
vn 0.21047 -0.20451 -0.95597
vn 0.96174 -0.08764 0.25955
vn -0.17899 -0.34828 0.92014
vn -0.37860 0.92546 -0.01360
vn -0.91998 0.33621 0.20149
vn -0.91998 0.33621 0.20149
vn -0.68626 -0.25684 -0.68050
vn -0.66889 -0.34836 -0.65669
vn -0.67534 -0.31802 -0.66542
vn -0.68610 -0.25662 -0.68075
vn 0.61851 -0.37887 -0.68840
vn 0.61825 -0.37848 -0.68886
vn 0.62309 -0.35951 -0.69463
vn 0.62542 -0.34997 -0.69741
vn 0.65972 -0.30590 0.68644
vn 0.66050 -0.30531 0.68595
vn 0.67461 -0.24052 0.69790
vn 0.68054 -0.20754 0.70271
vn -0.63988 -0.17991 0.74712
vn -0.63499 -0.20949 0.74358
vn -0.63674 -0.19959 0.74480
vn -0.64005 -0.17975 0.74701
vn -0.64519 -0.43646 -0.62708
vn 0.63143 -0.32032 -0.70618
vn 0.69499 -0.10641 0.71110
vn -0.62969 -0.23871 0.73926
vn -0.81476 -0.26302 -0.51671
vn -0.79205 -0.35577 -0.49607
vn -0.80042 -0.32494 -0.50373
vn -0.81451 -0.26254 -0.51735
vn 0.44957 -0.37657 -0.80999
vn 0.44953 -0.37652 -0.81003
vn 0.45266 -0.35728 -0.81698
vn 0.45415 -0.34759 -0.82032
vn 0.78950 -0.31402 0.52734
vn 0.79042 -0.31322 0.52643
vn 0.80740 -0.24701 0.53582
vn 0.81448 -0.21327 0.53957
vn -0.46061 -0.17868 0.86943
vn -0.45704 -0.20791 0.86480
vn -0.45829 -0.19817 0.86643
vn -0.46064 -0.17865 0.86942
vn -0.76161 -0.44467 -0.47140
vn 0.45824 -0.31823 -0.82991
vn 0.83134 -0.10935 0.54490
vn -0.45311 -0.23693 0.85939
vn -0.43446 -0.89217 -0.12363
vn -0.81259 0.01768 -0.58257
vn -0.47945 0.87727 -0.02305
vn -0.67010 0.70369 0.23619
f 385/385/385 386/386/386 383/383/383
f 383/383/383 384/384/384 385/385/385
f 384/384/384 393/393/393 385/385/385
f 791/791/791 792/792/792 789/789/789
f 789/789/789 790/790/790 791/791/791
f 792/792/792 791/791/791 799/799/799
f 775/775/775 776/776/776 773/773/773
f 773/773/773 774/774/774 775/775/775
f 775/775/775 774/774/774 780/780/780
f 369/369/369 370/370/370 367/367/367
f 367/367/367 368/368/368 369/369/369
f 369/369/369 374/374/374 370/370/370
f 454/454/454 455/455/455 452/452/452
f 452/452/452 453/453/453 454/454/454
f 454/454/454 459/459/459 455/455/455
f 858/858/858 859/859/859 856/856/856
f 856/856/856 857/857/857 858/858/858
f 858/858/858 857/857/857 863/863/863
f 755/755/755 756/756/756 753/753/753
f 753/753/753 754/754/754 755/755/755
f 755/755/755 754/754/754 760/760/760
f 349/349/349 350/350/350 347/347/347
f 347/347/347 348/348/348 349/349/349
f 349/349/349 354/354/354 350/350/350
f 329/329/329 330/330/330 327/327/327
f 327/327/327 328/328/328 329/329/329
f 329/329/329 334/334/334 330/330/330
f 735/735/735 736/736/736 733/733/733
f 733/733/733 734/734/734 735/735/735
f 735/735/735 734/734/734 740/740/740
f 430/430/430 431/431/431 428/428/428
f 428/428/428 429/429/429 430/430/430
f 429/429/429 438/438/438 430/430/430
f 834/834/834 835/835/835 832/832/832
f 832/832/832 833/833/833 834/834/834
f 835/835/835 834/834/834 842/842/842
f 309/309/309 310/310/310 307/307/307
f 307/307/307 308/308/308 309/309/309
f 309/309/309 314/314/314 310/310/310
f 715/715/715 716/716/716 713/713/713
f 713/713/713 714/714/714 715/715/715
f 715/715/715 714/714/714 720/720/720
f 409/409/409 410/410/410 407/407/407
f 407/407/407 408/408/408 409/409/409
f 409/409/409 414/414/414 410/410/410
f 815/815/815 816/816/816 813/813/813
f 813/813/813 814/814/814 815/815/815
f 815/815/815 814/814/814 820/820/820
f 434/434/434 435/435/435 432/432/432
f 432/432/432 433/433/433 434/434/434
f 434/434/434 439/439/439 435/435/435
f 838/838/838 839/839/839 836/836/836
f 836/836/836 837/837/837 838/838/838
f 838/838/838 837/837/837 843/843/843
f 675/675/675 676/676/676 673/673/673
f 673/673/673 674/674/674 675/675/675
f 675/675/675 674/674/674 680/680/680
f 269/269/269 270/270/270 267/267/267
f 267/267/267 268/268/268 269/269/269
f 269/269/269 274/274/274 270/270/270
f 289/289/289 290/290/290 287/287/287
f 287/287/287 288/288/288 289/289/289
f 289/289/289 294/294/294 290/290/290
f 695/695/695 696/696/696 693/693/693
f 693/693/693 694/694/694 695/695/695
f 695/695/695 694/694/694 700/700/700
f 854/854/854 855/855/855 852/852/852
f 852/852/852 853/853/853 854/854/854
f 855/855/855 854/854/854 862/862/862
f 450/450/450 451/451/451 448/448/448
f 448/448/448 449/449/449 450/450/450
f 449/449/449 458/458/458 450/450/450
f 771/771/771 772/772/772 769/769/769
f 769/769/769 770/770/770 771/771/771
f 772/772/772 771/771/771 779/779/779
f 365/365/365 366/366/366 363/363/363
f 363/363/363 364/364/364 365/365/365
f 364/364/364 373/373/373 365/365/365
f 751/751/751 752/752/752 749/749/749
f 749/749/749 750/750/750 751/751/751
f 752/752/752 751/751/751 759/759/759
f 345/345/345 346/346/346 343/343/343
f 343/343/343 344/344/344 345/345/345
f 344/344/344 353/353/353 345/345/345
f 91/91/91 94/94/94 95/95/95
f 95/95/95 96/96/96 91/91/91
f 93/93/93 94/94/94 91/91/91
f 91/91/91 92/92/92 93/93/93
f 136/136/136 94/94/94 93/93/93
f 105/105/105 103/103/103 94/94/94
f 94/94/94 136/136/136 105/105/105
f 95/95/95 94/94/94 103/103/103
f 731/731/731 732/732/732 729/729/729
f 729/729/729 730/730/730 731/731/731
f 732/732/732 731/731/731 739/739/739
f 325/325/325 326/326/326 323/323/323
f 323/323/323 324/324/324 325/325/325
f 324/324/324 333/333/333 325/325/325
f 305/305/305 306/306/306 303/303/303
f 303/303/303 304/304/304 305/305/305
f 304/304/304 313/313/313 305/305/305
f 711/711/711 712/712/712 709/709/709
f 709/709/709 710/710/710 711/711/711
f 712/712/712 711/711/711 719/719/719
f 405/405/405 406/406/406 403/403/403
f 403/403/403 404/404/404 405/405/405
f 404/404/404 413/413/413 405/405/405
f 811/811/811 812/812/812 809/809/809
f 809/809/809 810/810/810 811/811/811
f 812/812/812 811/811/811 819/819/819
f 265/265/265 266/266/266 263/263/263
f 263/263/263 264/264/264 265/265/265
f 264/264/264 273/273/273 265/265/265
f 671/671/671 672/672/672 669/669/669
f 669/669/669 670/670/670 671/671/671
f 672/672/672 671/671/671 679/679/679
f 691/691/691 692/692/692 689/689/689
f 689/689/689 690/690/690 691/691/691
f 692/692/692 691/691/691 699/699/699
f 285/285/285 286/286/286 283/283/283
f 283/283/283 284/284/284 285/285/285
f 284/284/284 293/293/293 285/285/285
f 3/3/3 2/2/2 470/470/470
f 470/470/470 471/471/471 3/3/3
f 3/3/3 471/471/471 634/634/634
f 634/634/634 208/208/208 3/3/3
f 209/209/209 4/4/4 3/3/3
f 3/3/3 208/208/208 209/209/209
f 240/240/240 650/650/650 633/633/633
f 206/206/206 241/241/241 240/240/240
f 64/64/64 71/71/71 72/72/72
f 83/83/83 79/79/79 72/72/72
f 72/72/72 79/79/79 77/77/77
f 77/77/77 65/65/65 72/72/72
f 72/72/72 65/65/65 64/64/64
f 64/64/64 65/65/65 63/63/63
f 63/63/63 65/65/65 77/77/77
f 77/77/77 78/78/78 63/63/63
f 160/160/160 50/50/50 63/63/63
f 63/63/63 78/78/78 160/160/160
f 51/51/51 50/50/50 160/160/160
f 160/160/160 232/232/232 51/51/51
f 158/158/158 159/159/159 62/62/62
f 58/58/58 62/62/62 159/159/159
f 159/159/159 59/59/59 58/58/58
f 58/58/58 59/59/59 56/56/56
f 56/56/56 57/57/57 58/58/58
f 528/528/528 529/529/529 522/522/522
f 528/528/528 536/536/536 540/540/540
f 528/528/528 521/521/521 535/535/535
f 535/535/535 536/536/536 528/528/528
f 522/522/522 521/521/521 528/528/528
f 520/520/520 521/521/521 522/522/522
f 535/535/535 521/521/521 520/520/520
f 520/520/520 534/534/534 535/535/535
f 598/598/598 534/534/534 520/520/520
f 520/520/520 509/509/509 598/598/598
f 508/508/508 647/647/647 598/598/598
f 598/598/598 509/509/509 508/508/508
f 596/596/596 518/518/518 597/597/597
f 597/597/597 518/518/518 515/515/515
f 515/515/515 514/514/514 597/597/597
f 515/515/515 516/516/516 513/513/513
f 513/513/513 514/514/514 515/515/515
f 389/389/389 390/390/390 387/387/387
f 387/387/387 388/388/388 389/389/389
f 389/389/389 394/394/394 390/390/390
f 795/795/795 796/796/796 793/793/793
f 793/793/793 794/794/794 795/795/795
f 795/795/795 794/794/794 800/800/800
f 203/203/203 202/202/202 215/215/215
f 204/204/204 205/205/205 202/202/202
f 202/202/202 203/203/203 204/204/204
f 636/636/636 631/631/631 203/203/203
f 203/203/203 216/216/216 636/636/636
f 204/204/204 203/203/203 631/631/631
f 215/215/215 216/216/216 203/203/203
f 217/217/217 204/204/204 632/632/632
f 507/507/507 506/506/506 512/512/512
f 520/520/520 510/510/510 506/506/506
f 506/506/506 509/509/509 520/520/520
f 511/511/511 512/512/512 506/506/506
f 506/506/506 510/510/510 511/511/511
f 508/508/508 509/509/509 506/506/506
f 506/506/506 507/507/507 508/508/508
f 512/512/512 596/596/596 507/507/507
f 207/207/207 2/2/2 1/1/1
f 1/1/1 206/206/206 207/207/207
f 3/3/3 4/4/4 1/1/1
f 1/1/1 2/2/2 3/3/3
f 633/633/633 207/207/207 240/240/240
f 207/207/207 633/633/633 470/470/470
f 470/470/470 2/2/2 207/207/207
f 240/240/240 207/207/207 206/206/206
f 53/53/53 49/49/49 52/52/52
f 63/63/63 50/50/50 49/49/49
f 49/49/49 55/55/55 63/63/63
f 54/54/54 55/55/55 49/49/49
f 49/49/49 53/53/53 54/54/54
f 51/51/51 52/52/52 49/49/49
f 49/49/49 50/50/50 51/51/51
f 53/53/53 158/158/158 62/62/62
f 631/631/631 632/632/632 204/204/204
f 205/205/205 204/204/204 217/217/217
f 217/217/217 218/218/218 205/205/205
f 632/632/632 637/637/637 217/217/217
f 35/35/35 33/33/33 492/492/492
f 35/35/35 36/36/36 34/34/34
f 34/34/34 33/33/33 35/35/35
f 491/491/491 492/492/492 33/33/33
f 33/33/33 32/32/32 491/491/491
f 33/33/33 34/34/34 31/31/31
f 31/31/31 32/32/32 33/33/33
f 489/489/489 547/547/547 626/626/626
f 490/490/490 588/588/588 587/587/587
f 587/587/587 588/588/588 484/484/484
f 242/242/242 243/243/243 88/88/88
f 243/243/243 188/188/188 182/182/182
f 182/182/182 188/188/188 187/187/187
f 187/187/187 183/183/183 182/182/182
f 182/182/182 183/183/183 81/81/81
f 188/188/188 243/243/243 251/251/251
f 252/252/252 251/251/251 243/243/243
f 243/243/243 242/242/242 252/252/252
f 251/251/251 210/210/210 188/188/188
f 189/189/189 188/188/188 210/210/210
f 188/188/188 189/189/189 186/186/186
f 186/186/186 187/187/187 188/188/188
f 210/210/210 251/251/251 254/254/254
f 253/253/253 254/254/254 251/251/251
f 251/251/251 252/252/252 253/253/253
f 254/254/254 211/211/211 210/210/210
f 189/189/189 210/210/210 211/211/211
f 211/211/211 212/212/212 189/189/189
f 635/635/635 211/211/211 254/254/254
f 211/211/211 635/635/635 620/620/620
f 620/620/620 212/212/212 211/211/211
f 254/254/254 659/659/659 635/635/635
f 659/659/659 254/254/254 253/253/253
f 253/253/253 660/660/660 659/659/659
f 659/659/659 652/652/652 621/621/621
f 621/621/621 635/635/635 659/659/659
f 652/652/652 659/659/659 660/660/660
f 620/620/620 635/635/635 621/621/621
f 619/619/619 620/620/620 621/621/621
f 616/616/616 621/621/621 652/652/652
f 622/622/622 621/621/621 616/616/616
f 621/621/621 622/622/622 619/619/619
f 652/652/652 543/543/543 616/616/616
f 660/660/660 651/651/651 652/652/652
f 543/543/543 652/652/652 651/651/651
f 497/497/497 496/496/496 495/495/495
f 590/590/590 496/496/496 487/487/487
f 496/496/496 497/497/497 488/488/488
f 488/488/488 487/487/487 496/496/496
f 487/487/487 587/587/587 590/590/590
f 587/587/587 487/487/487 490/490/490
f 489/489/489 490/490/490 487/487/487
f 487/487/487 488/488/488 489/489/489
f 497/497/497 546/546/546 488/488/488
f 489/489/489 488/488/488 547/547/547
f 546/546/546 547/547/547 488/488/488
f 493/493/493 497/497/497 235/235/235
f 546/546/546 497/497/497 493/493/493
f 235/235/235 35/35/35 493/493/493
f 492/492/492 493/493/493 35/35/35
f 36/36/36 35/35/35 235/235/235
f 235/235/235 233/233/233 38/38/38
f 17/17/17 38/38/38 233/233/233
f 233/233/233 234/234/234 17/17/17
f 18/18/18 17/17/17 234/234/234
f 234/234/234 129/129/129 18/18/18
f 38/38/38 17/17/17 16/16/16
f 38/38/38 39/39/39 235/235/235
f 39/39/39 38/38/38 37/37/37
f 16/16/16 37/37/37 38/38/38
f 37/37/37 16/16/16 14/14/14
f 147/147/147 40/40/40 37/37/37
f 37/37/37 150/150/150 147/147/147
f 37/37/37 40/40/40 39/39/39
f 14/14/14 150/150/150 37/37/37
f 235/235/235 39/39/39 36/36/36
f 89/89/89 36/36/36 39/39/39
f 39/39/39 30/30/30 89/89/89
f 30/30/30 39/39/39 40/40/40
f 27/27/27 40/40/40 147/147/147
f 40/40/40 27/27/27 30/30/30
f 29/29/29 90/90/90 30/30/30
f 89/89/89 30/30/30 90/90/90
f 29/29/29 30/30/30 27/27/27
f 147/147/147 146/146/146 27/27/27
f 28/28/28 27/27/27 146/146/146
f 27/27/27 28/28/28 29/29/29
f 29/29/29 194/194/194 90/90/90
f 146/146/146 145/145/145 28/28/28
f 19/19/19 146/146/146 147/147/147
f 146/146/146 19/19/19 22/22/22
f 22/22/22 145/145/145 146/146/146
f 20/20/20 19/19/19 148/148/148
f 572/572/572 573/573/573 123/123/123
f 122/122/122 121/121/121 463/463/463
f 463/463/463 464/464/464 122/122/122
f 121/121/121 122/122/122 123/123/123
f 114/114/114 123/123/123 573/573/573
f 124/124/124 123/123/123 114/114/114
f 123/123/123 124/124/124 121/121/121
f 569/569/569 568/568/568 573/573/573
f 573/573/573 502/502/502 569/569/569
f 573/573/573 568/568/568 114/114/114
f 114/114/114 113/113/113 124/124/124
f 121/121/121 124/124/124 45/45/45
f 463/463/463 121/121/121 48/48/48
f 45/45/45 48/48/48 121/121/121
f 48/48/48 462/462/462 463/463/463
f 461/461/461 462/462/462 48/48/48
f 867/867/867 469/469/469 118/118/118
f 570/570/570 118/118/118 117/117/117
f 570/570/570 117/117/117 119/119/119
f 119/119/119 468/468/468 570/570/570
f 570/570/570 468/468/468 467/467/467
f 467/467/467 867/867/867 570/570/570
f 466/466/466 116/116/116 118/118/118
f 119/119/119 116/116/116 468/468/468
f 467/467/467 468/468/468 116/116/116
f 116/116/116 466/466/466 467/467/467
f 116/116/116 119/119/119 117/117/117
f 116/116/116 117/117/117 118/118/118
f 118/118/118 469/469/469 466/466/466
f 118/118/118 570/570/570 867/867/867
f 201/201/201 162/162/162 591/591/591
f 149/149/149 162/162/162 201/201/201
f 162/162/162 149/149/149 151/151/151
f 149/149/149 150/150/150 151/151/151
f 162/162/162 161/161/161 592/592/592
f 592/592/592 591/591/591 162/162/162
f 151/151/151 161/161/161 162/162/162
f 591/591/591 592/592/592 593/593/593
f 592/592/592 161/161/161 460/460/460
f 460/460/460 618/618/618 592/592/592
f 593/593/593 592/592/592 618/618/618
f 618/618/618 478/478/478 593/593/593
f 590/590/590 593/593/593 495/495/495
f 495/495/495 593/593/593 478/478/478
f 13/13/13 478/478/478 618/618/618
f 618/618/618 185/185/185 13/13/13
f 13/13/13 185/185/185 184/184/184
f 184/184/184 14/14/14 13/13/13
f 151/151/151 184/184/184 460/460/460
f 184/184/184 151/151/151 150/150/150
f 150/150/150 14/14/14 184/184/184
f 460/460/460 161/161/161 151/151/151
f 495/495/495 496/496/496 590/590/590
f 787/787/787 788/788/788 785/785/785
f 785/785/785 786/786/786 787/787/787
f 788/788/788 787/787/787 798/798/798
f 381/381/381 382/382/382 379/379/379
f 379/379/379 380/380/380 381/381/381
f 380/380/380 392/392/392 381/381/381
f 147/147/147 148/148/148 19/19/19
f 21/21/21 22/22/22 19/19/19
f 19/19/19 20/20/20 21/21/21
f 148/148/148 147/147/147 150/150/150
f 148/148/148 201/201/201 20/20/20
f 150/150/150 149/149/149 148/148/148
f 201/201/201 148/148/148 149/149/149
f 589/589/589 483/483/483 20/20/20
f 20/20/20 201/201/201 589/589/589
f 21/21/21 20/20/20 483/483/483
f 483/483/483 484/484/484 21/21/21
f 590/590/590 587/587/587 483/483/483
f 483/483/483 589/589/589 590/590/590
f 484/484/484 483/483/483 587/587/587
f 589/589/589 591/591/591 593/593/593
f 593/593/593 590/590/590 589/589/589
f 591/591/591 589/589/589 201/201/201
f 156/156/156 157/157/157 154/154/154
f 156/156/156 155/155/155 594/594/594
f 594/594/594 595/595/595 156/156/156
f 154/154/154 155/155/155 156/156/156
f 112/112/112 18/18/18 129/129/129
f 18/18/18 112/112/112 111/111/111
f 120/120/120 112/112/112 130/130/130
f 129/129/129 130/130/130 112/112/112
f 112/112/112 120/120/120 115/115/115
f 115/115/115 111/111/111 112/112/112
f 567/567/567 130/130/130 129/129/129
f 571/571/571 131/131/131 130/130/130
f 111/111/111 15/15/15 18/18/18
f 17/17/17 18/18/18 15/15/15
f 15/15/15 16/16/16 17/17/17
f 10/10/10 111/111/111 115/115/115
f 115/115/115 113/113/113 10/10/10
f 114/114/114 11/11/11 10/10/10
f 10/10/10 113/113/113 114/114/114
f 477/477/477 11/11/11 114/114/114
f 11/11/11 477/477/477 476/476/476
f 476/476/476 12/12/12 11/11/11
f 13/13/13 12/12/12 476/476/476
f 478/478/478 476/476/476 479/479/479
f 479/479/479 476/476/476 477/477/477
f 476/476/476 478/478/478 13/13/13
f 477/477/477 566/566/566 479/479/479
f 477/477/477 568/568/568 569/569/569
f 569/569/569 566/566/566 477/477/477
f 114/114/114 568/568/568 477/477/477
f 479/479/479 482/482/482 478/478/478
f 480/480/480 479/479/479 566/566/566
f 481/481/481 482/482/482 479/479/479
f 479/479/479 480/480/480 481/481/481
f 567/567/567 566/566/566 569/569/569
f 566/566/566 567/567/567 480/480/480
f 480/480/480 129/129/129 234/234/234
f 234/234/234 481/481/481 480/480/480
f 129/129/129 480/480/480 567/567/567
f 481/481/481 234/234/234 233/233/233
f 233/233/233 494/494/494 481/481/481
f 482/482/482 481/481/481 494/494/494
f 478/478/478 482/482/482 495/495/495
f 494/494/494 495/495/495 482/482/482
f 494/494/494 233/233/233 235/235/235
f 235/235/235 497/497/497 494/494/494
f 495/495/495 494/494/494 497/497/497
f 15/15/15 9/9/9 14/14/14
f 10/10/10 9/9/9 15/15/15
f 13/13/13 14/14/14 9/9/9
f 9/9/9 12/12/12 13/13/13
f 11/11/11 12/12/12 9/9/9
f 9/9/9 10/10/10 11/11/11
f 14/14/14 16/16/16 15/15/15
f 15/15/15 111/111/111 10/10/10
f 224/224/224 225/225/225 5/5/5
f 5/5/5 153/153/153 224/224/224
f 6/6/6 5/5/5 223/223/223
f 153/153/153 5/5/5 8/8/8
f 7/7/7 8/8/8 5/5/5
f 5/5/5 6/6/6 7/7/7
f 224/224/224 153/153/153 472/472/472
f 472/472/472 642/642/642 224/224/224
f 107/107/107 110/110/110 143/143/143
f 143/143/143 144/144/144 107/107/107
f 169/169/169 171/171/171 137/137/137
f 110/110/110 173/173/173 171/171/171
f 137/137/137 140/140/140 169/169/169
f 169/169/169 140/140/140 163/163/163
f 26/26/26 138/138/138 137/137/137
f 139/139/139 140/140/140 137/137/137
f 137/137/137 138/138/138 139/139/139
f 138/138/138 26/26/26 177/177/177
f 109/109/109 110/110/110 107/107/107
f 107/107/107 108/108/108 109/109/109
f 109/109/109 108/108/108 564/564/564
f 564/564/564 565/565/565 109/109/109
f 485/485/485 24/24/24 172/172/172
f 172/172/172 109/109/109 565/565/565
f 565/565/565 608/608/608 172/172/172
f 172/172/172 173/173/173 110/110/110
f 110/110/110 109/109/109 172/172/172
f 25/25/25 24/24/24 485/485/485
f 611/611/611 176/176/176 25/25/25
f 25/25/25 486/486/486 611/611/611
f 485/485/485 486/486/486 25/25/25
f 177/177/177 26/26/26 25/25/25
f 25/25/25 176/176/176 177/177/177
f 486/486/486 485/485/485 579/579/579
f 607/607/607 579/579/579 485/485/485
f 485/485/485 608/608/608 607/607/607
f 611/611/611 486/486/486 582/582/582
f 579/579/579 582/582/582 486/486/486
f 605/605/605 580/580/580 579/579/579
f 579/579/579 607/607/607 605/605/605
f 581/581/581 582/582/582 579/579/579
f 579/579/579 580/580/580 581/581/581
f 607/607/607 608/608/608 565/565/565
f 565/565/565 585/585/585 607/607/607
f 607/607/607 585/585/585 500/500/500
f 500/500/500 605/605/605 607/607/607
f 599/599/599 605/605/605 500/500/500
f 605/605/605 599/599/599 580/580/580
f 580/580/580 599/599/599 601/601/601
f 601/601/601 583/583/583 580/580/580
f 581/581/581 580/580/580 583/583/583
f 604/604/604 599/599/599 500/500/500
f 604/604/604 600/600/600 599/599/599
f 599/599/599 600/600/600 601/601/601
f 501/501/501 500/500/500 585/585/585
f 500/500/500 499/499/499 604/604/604
f 500/500/500 501/501/501 498/498/498
f 564/564/564 586/586/586 585/585/585
f 585/585/585 565/565/565 564/564/564
f 585/585/585 586/586/586 501/501/501
f 172/172/172 24/24/24 23/23/23
f 23/23/23 173/173/173 172/172/172
f 137/137/137 23/23/23 26/26/26
f 171/171/171 173/173/173 23/23/23
f 23/23/23 137/137/137 171/171/171
f 25/25/25 26/26/26 23/23/23
f 23/23/23 24/24/24 25/25/25
f 172/172/172 608/608/608 485/485/485
f 658/658/658 654/654/654 653/653/653
f 653/653/653 654/654/654 655/655/655
f 658/658/658 656/656/656 654/654/654
f 654/654/654 657/657/657 655/655/655
f 656/656/656 657/657/657 654/654/654
f 250/250/250 245/245/245 247/247/247
f 245/245/245 246/246/246 247/247/247
f 250/250/250 247/247/247 248/248/248
f 247/247/247 246/246/246 249/249/249
f 248/248/248 247/247/247 249/249/249
f 226/226/226 227/227/227 228/228/228
f 230/230/230 231/231/231 227/227/227
f 227/227/227 229/229/229 230/230/230
f 230/230/230 229/229/229 645/645/645
f 645/645/645 646/646/646 230/230/230
f 643/643/643 644/644/644 645/645/645
f 103/103/103 100/100/100 95/95/95
f 97/97/97 95/95/95 100/100/100
f 98/98/98 96/96/96 95/95/95
f 95/95/95 97/97/97 98/98/98
f 106/106/106 104/104/104 103/103/103
f 103/103/103 105/105/105 106/106/106
f 102/102/102 100/100/100 103/103/103
f 103/103/103 104/104/104 102/102/102
f 135/135/135 105/105/105 136/136/136
f 244/244/244 106/106/106 105/105/105
f 105/105/105 135/135/135 244/244/244
f 135/135/135 136/136/136 93/93/93
f 135/135/135 578/578/578 563/563/563
f 244/244/244 135/135/135 563/563/563
f 135/135/135 134/134/134 550/550/550
f 550/550/550 578/578/578 135/135/135
f 93/93/93 134/134/134 135/135/135
f 563/563/563 562/562/562 244/244/244
f 563/563/563 578/578/578 549/549/549
f 549/549/549 560/560/560 563/563/563
f 562/562/562 563/563/563 560/560/560
f 578/578/578 550/550/550 549/549/549
f 550/550/550 551/551/551 548/548/548
f 548/548/548 549/549/549 550/550/550
f 560/560/560 549/549/549 552/552/552
f 552/552/552 549/549/549 548/548/548
f 552/552/552 557/557/557 560/560/560
f 560/560/560 561/561/561 562/562/562
f 559/559/559 561/561/561 560/560/560
f 560/560/560 557/557/557 559/559/559
f 555/555/555 557/557/557 552/552/552
f 554/554/554 555/555/555 552/552/552
f 552/552/552 553/553/553 554/554/554
f 548/548/548 553/553/553 552/552/552
f 558/558/558 559/559/559 557/557/557
f 166/166/166 44/44/44 168/168/168
f 220/220/220 221/221/221 222/222/222
f 222/222/222 154/154/154 175/175/175
f 221/221/221 154/154/154 222/222/222
f 175/175/175 154/154/154 157/157/157
f 157/157/157 174/174/174 175/175/175
f 44/44/44 175/175/175 174/174/174
f 174/174/174 41/41/41 44/44/44
f 168/168/168 44/44/44 43/43/43
f 43/43/43 44/44/44 41/41/41
f 43/43/43 163/163/163 168/168/168
f 143/143/143 43/43/43 42/42/42
f 171/171/171 169/169/169 43/43/43
f 43/43/43 143/143/143 171/171/171
f 163/163/163 43/43/43 169/169/169
f 41/41/41 42/42/42 43/43/43
f 171/171/171 143/143/143 110/110/110
f 42/42/42 144/144/144 143/143/143
f 130/130/130 567/567/567 571/571/571
f 130/130/130 131/131/131 120/120/120
f 46/46/46 120/120/120 131/131/131
f 115/115/115 120/120/120 46/46/46
f 115/115/115 45/45/45 124/124/124
f 124/124/124 113/113/113 115/115/115
f 46/46/46 45/45/45 115/115/115
f 131/131/131 132/132/132 46/46/46
f 47/47/47 46/46/46 132/132/132
f 45/45/45 46/46/46 47/47/47
f 131/131/131 571/571/571 505/505/505
f 505/505/505 132/132/132 131/131/131
f 505/505/505 571/571/571 569/569/569
f 569/569/569 571/571/571 567/567/567
f 569/569/569 502/502/502 505/505/505
f 132/132/132 505/505/505 504/504/504
f 504/504/504 505/505/505 502/502/502
f 504/504/504 133/133/133 132/132/132
f 132/132/132 133/133/133 47/47/47
f 461/461/461 47/47/47 133/133/133
f 48/48/48 47/47/47 461/461/461
f 47/47/47 48/48/48 45/45/45
f 864/864/864 465/465/465 133/133/133
f 133/133/133 504/504/504 864/864/864
f 133/133/133 465/465/465 461/461/461
f 864/864/864 504/504/504 503/503/503
f 502/502/502 503/503/503 504/504/504
f 503/503/503 865/865/865 864/864/864
f 866/866/866 865/865/865 503/503/503
f 503/503/503 572/572/572 866/866/866
f 572/572/572 503/503/503 502/502/502
f 122/122/122 464/464/464 866/866/866
f 866/866/866 572/572/572 122/122/122
f 502/502/502 573/573/573 572/572/572
f 123/123/123 122/122/122 572/572/572
f 683/683/683 684/684/684 681/681/681
f 681/681/681 682/682/682 683/683/683
f 683/683/683 682/682/682 697/697/697
f 277/277/277 278/278/278 275/275/275
f 275/275/275 276/276/276 277/277/277
f 277/277/277 291/291/291 278/278/278
f 616/616/616 617/617/617 622/622/622
f 543/543/543 537/537/537 616/616/616
f 539/539/539 617/617/617 616/616/616
f 616/616/616 537/537/537 539/539/539
f 651/651/651 544/544/544 543/543/543
f 537/537/537 543/543/543 544/544/544
f 538/538/538 537/537/537 545/545/545
f 544/544/544 545/545/545 537/537/537
f 537/537/537 538/538/538 539/539/539
f 397/397/397 398/398/398 395/395/395
f 395/395/395 396/396/396 397/397/397
f 397/397/397 411/411/411 398/398/398
f 803/803/803 804/804/804 801/801/801
f 801/801/801 802/802/802 803/803/803
f 803/803/803 802/802/802 817/817/817
f 663/663/663 664/664/664 661/661/661
f 661/661/661 662/662/662 663/663/663
f 663/663/663 662/662/662 677/677/677
f 257/257/257 258/258/258 255/255/255
f 255/255/255 256/256/256 257/257/257
f 257/257/257 271/271/271 258/258/258
f 140/140/140 142/142/142 164/164/164
f 142/142/142 170/170/170 167/167/167
f 167/167/167 164/164/164 142/142/142
f 142/142/142 140/140/140 139/139/139
f 167/167/167 170/170/170 222/222/222
f 222/222/222 170/170/170 220/220/220
f 197/197/197 220/220/220 170/170/170
f 222/222/222 166/166/166 167/167/167
f 165/165/165 164/164/164 167/167/167
f 166/166/166 165/165/165 167/167/167
f 164/164/164 163/163/163 140/140/140
f 163/163/163 164/164/164 165/165/165
f 168/168/168 163/163/163 165/165/165
f 168/168/168 165/165/165 166/166/166
f 222/222/222 175/175/175 166/166/166
f 175/175/175 44/44/44 166/166/166
f 498/498/498 499/499/499 500/500/500
f 602/602/602 604/604/604 499/499/499
f 604/604/604 602/602/602 600/600/600
f 600/600/600 603/603/603 601/601/601
f 602/602/602 603/603/603 600/600/600
f 583/583/583 601/601/601 603/603/603
f 603/603/603 602/602/602 640/640/640
f 640/640/640 606/606/606 603/603/603
f 603/603/603 606/606/606 583/583/583
f 640/640/640 602/602/602 610/610/610
f 610/610/610 602/602/602 499/499/499
f 499/499/499 498/498/498 609/609/609
f 609/609/609 610/610/610 499/499/499
f 640/640/640 610/610/610 594/594/594
f 610/610/610 609/609/609 595/595/595
f 595/595/595 594/594/594 610/610/610
f 640/640/640 639/639/639 638/638/638
f 638/638/638 606/606/606 640/640/640
f 639/639/639 640/640/640 594/594/594
f 629/629/629 583/583/583 606/606/606
f 606/606/606 638/638/638 629/629/629
f 583/583/583 629/629/629 627/627/627
f 627/627/627 584/584/584 583/583/583
f 583/583/583 584/584/584 581/581/581
f 584/584/584 627/627/627 628/628/628
f 628/628/628 624/624/624 584/584/584
f 584/584/584 624/624/624 615/615/615
f 615/615/615 581/581/581 584/584/584
f 612/612/612 582/582/582 581/581/581
f 581/581/581 615/615/615 612/612/612
f 623/623/623 615/615/615 624/624/624
f 615/615/615 623/623/623 613/613/613
f 52/52/52 158/158/158 53/53/53
f 53/53/53 62/62/62 61/61/61
f 61/61/61 54/54/54 53/53/53
f 70/70/70 66/66/66 54/54/54
f 54/54/54 61/61/61 70/70/70
f 55/55/55 54/54/54 66/66/66
f 66/66/66 64/64/64 55/55/55
f 63/63/63 55/55/55 64/64/64
f 76/76/76 73/73/73 66/66/66
f 66/66/66 70/70/70 76/76/76
f 71/71/71 64/64/64 66/66/66
f 66/66/66 73/73/73 71/71/71
f 75/75/75 76/76/76 70/70/70
f 70/70/70 69/69/69 75/75/75
f 70/70/70 61/61/61 60/60/60
f 60/60/60 69/69/69 70/70/70
f 60/60/60 61/61/61 62/62/62
f 60/60/60 58/58/58 57/57/57
f 57/57/57 67/67/67 60/60/60
f 69/69/69 60/60/60 67/67/67
f 62/62/62 58/58/58 60/60/60
f 74/74/74 75/75/75 69/69/69
f 69/69/69 68/68/68 74/74/74
f 67/67/67 68/68/68 69/69/69
f 85/85/85 75/75/75 74/74/74
f 75/75/75 85/85/85 418/418/418
f 75/75/75 418/418/418 76/76/76
f 417/417/417 73/73/73 76/76/76
f 76/76/76 419/419/419 417/417/417
f 84/84/84 417/417/417 419/419/419
f 417/417/417 71/71/71 73/73/73
f 84/84/84 71/71/71 417/417/417
f 419/419/419 83/83/83 84/84/84
f 71/71/71 84/84/84 72/72/72
f 72/72/72 84/84/84 83/83/83
f 723/723/723 724/724/724 721/721/721
f 721/721/721 722/722/722 723/723/723
f 723/723/723 722/722/722 737/737/737
f 317/317/317 318/318/318 315/315/315
f 315/315/315 316/316/316 317/317/317
f 317/317/317 331/331/331 318/318/318
f 703/703/703 704/704/704 701/701/701
f 701/701/701 702/702/702 703/703/703
f 703/703/703 702/702/702 717/717/717
f 297/297/297 298/298/298 295/295/295
f 295/295/295 296/296/296 297/297/297
f 297/297/297 311/311/311 298/298/298
f 238/238/238 239/239/239 236/236/236
f 236/236/236 237/237/237 238/238/238
f 238/238/238 649/649/649 648/648/648
f 648/648/648 239/239/239 238/238/238
f 512/512/512 518/518/518 596/596/596
f 512/512/512 511/511/511 519/519/519
f 519/519/519 518/518/518 512/512/512
f 527/527/527 519/519/519 511/511/511
f 511/511/511 523/523/523 527/527/527
f 523/523/523 511/511/511 510/510/510
f 510/510/510 522/522/522 523/523/523
f 522/522/522 510/510/510 520/520/520
f 533/533/533 527/527/527 523/523/523
f 523/523/523 530/530/530 533/533/533
f 529/529/529 530/530/530 523/523/523
f 523/523/523 522/522/522 529/529/529
f 531/531/531 525/525/525 527/527/527
f 527/527/527 533/533/533 531/531/531
f 527/527/527 525/525/525 517/517/517
f 517/517/517 519/519/519 527/527/527
f 518/518/518 519/519/519 517/517/517
f 517/517/517 524/524/524 516/516/516
f 516/516/516 515/515/515 517/517/517
f 524/524/524 517/517/517 525/525/525
f 517/517/517 515/515/515 518/518/518
f 532/532/532 526/526/526 525/525/525
f 525/525/525 531/531/531 532/532/532
f 525/525/525 526/526/526 524/524/524
f 542/542/542 532/532/532 531/531/531
f 531/531/531 822/822/822 542/542/542
f 531/531/531 533/533/533 822/822/822
f 821/821/821 823/823/823 533/533/533
f 533/533/533 530/530/530 821/821/821
f 823/823/823 821/821/821 541/541/541
f 821/821/821 530/530/530 529/529/529
f 541/541/541 821/821/821 529/529/529
f 541/541/541 540/540/540 823/823/823
f 529/529/529 528/528/528 541/541/541
f 540/540/540 541/541/541 528/528/528
f 153/153/153 152/152/152 473/473/473
f 473/473/473 472/472/472 153/153/153
f 8/8/8 152/152/152 153/153/153
f 125/125/125 8/8/8 7/7/7
f 152/152/152 8/8/8 125/125/125
f 7/7/7 126/126/126 125/125/125
f 193/193/193 125/125/125 128/128/128
f 125/125/125 193/193/193 152/152/152
f 127/127/127 128/128/128 125/125/125
f 125/125/125 126/126/126 127/127/127
f 152/152/152 193/193/193 574/574/574
f 574/574/574 473/473/473 152/152/152
f 474/474/474 473/473/473 574/574/574
f 472/472/472 473/473/473 474/474/474
f 575/575/575 574/574/574 193/193/193
f 574/574/574 577/577/577 474/474/474
f 576/576/576 577/577/577 574/574/574
f 574/574/574 575/575/575 576/576/576
f 193/193/193 416/416/416 575/575/575
f 128/128/128 416/416/416 193/193/193
f 416/416/416 128/128/128 127/127/127
f 127/127/127 415/415/415 416/416/416
f 416/416/416 415/415/415 576/576/576
f 576/576/576 575/575/575 416/416/416
f 474/474/474 475/475/475 472/472/472
f 475/475/475 641/641/641 472/472/472
f 337/337/337 338/338/338 335/335/335
f 335/335/335 336/336/336 337/337/337
f 337/337/337 351/351/351 338/338/338
f 743/743/743 744/744/744 741/741/741
f 741/741/741 742/742/742 743/743/743
f 743/743/743 742/742/742 757/757/757
f 357/357/357 358/358/358 355/355/355
f 355/355/355 356/356/356 357/357/357
f 357/357/357 371/371/371 358/358/358
f 763/763/763 764/764/764 761/761/761
f 761/761/761 762/762/762 763/763/763
f 763/763/763 762/762/762 777/777/777
f 88/88/88 182/182/182 80/80/80
f 81/81/81 80/80/80 182/182/182
f 82/82/82 86/86/86 80/80/80
f 87/87/87 88/88/88 80/80/80
f 80/80/80 86/86/86 87/87/87
f 80/80/80 81/81/81 82/82/82
f 182/182/182 88/88/88 243/243/243
f 88/88/88 87/87/87 242/242/242
f 442/442/442 443/443/443 440/440/440
f 440/440/440 441/441/441 442/442/442
f 442/442/442 456/456/456 443/443/443
f 846/846/846 847/847/847 844/844/844
f 844/844/844 845/845/845 846/846/846
f 846/846/846 845/845/845 860/860/860
f 200/200/200 192/192/192 198/198/198
f 198/198/198 199/199/199 200/200/200
f 213/213/213 198/198/198 192/192/192
f 625/625/625 198/198/198 213/213/213
f 630/630/630 199/199/199 198/198/198
f 198/198/198 625/625/625 630/630/630
f 180/180/180 214/214/214 213/213/213
f 213/213/213 190/190/190 180/180/180
f 181/181/181 178/178/178 180/180/180
f 180/180/180 190/190/190 181/181/181
f 179/179/179 180/180/180 178/178/178
f 179/179/179 177/177/177 176/176/176
f 178/178/178 177/177/177 179/179/179
f 177/177/177 178/178/178 138/138/138
f 178/178/178 181/181/181 139/139/139
f 139/139/139 138/138/138 178/178/178
f 141/141/141 139/139/139 181/181/181
f 181/181/181 191/191/191 141/141/141
f 191/191/191 181/181/181 190/190/190
f 192/192/192 190/190/190 213/213/213
f 190/190/190 192/192/192 191/191/191
f 191/191/191 192/192/192 200/200/200
f 200/200/200 195/195/195 191/191/191
f 141/141/141 191/191/191 195/195/195
f 142/142/142 141/141/141 196/196/196
f 195/195/195 196/196/196 141/141/141
f 139/139/139 141/141/141 142/142/142
f 170/170/170 142/142/142 197/197/197
f 196/196/196 197/197/197 142/142/142
f 830/830/830 831/831/831 828/828/828
f 828/828/828 829/829/829 830/830/830
f 831/831/831 830/830/830 841/841/841
f 426/426/426 427/427/427 424/424/424
f 424/424/424 425/425/425 426/426/426
f 425/425/425 437/437/437 426/426/426
f 687/687/687 688/688/688 685/685/685
f 685/685/685 686/686/686 687/687/687
f 688/688/688 687/687/687 698/698/698
f 281/281/281 282/282/282 279/279/279
f 279/279/279 280/280/280 281/281/281
f 280/280/280 292/292/292 281/281/281
f 261/261/261 262/262/262 259/259/259
f 259/259/259 260/260/260 261/261/261
f 260/260/260 272/272/272 261/261/261
f 667/667/667 668/668/668 665/665/665
f 665/665/665 666/666/666 667/667/667
f 668/668/668 667/667/667 678/678/678
f 422/422/422 423/423/423 420/420/420
f 420/420/420 421/421/421 422/422/422
f 422/422/422 436/436/436 423/423/423
f 826/826/826 827/827/827 824/824/824
f 824/824/824 825/825/825 826/826/826
f 826/826/826 825/825/825 840/840/840
f 807/807/807 808/808/808 805/805/805
f 805/805/805 806/806/806 807/807/807
f 808/808/808 807/807/807 818/818/818
f 401/401/401 402/402/402 399/399/399
f 399/399/399 400/400/400 401/401/401
f 400/400/400 412/412/412 401/401/401
f 301/301/301 302/302/302 299/299/299
f 299/299/299 300/300/300 301/301/301
f 300/300/300 312/312/312 301/301/301
f 707/707/707 708/708/708 705/705/705
f 705/705/705 706/706/706 707/707/707
f 708/708/708 707/707/707 718/718/718
f 446/446/446 447/447/447 444/444/444
f 444/444/444 445/445/445 446/446/446
f 445/445/445 457/457/457 446/446/446
f 850/850/850 851/851/851 848/848/848
f 848/848/848 849/849/849 850/850/850
f 851/851/851 850/850/850 861/861/861
f 361/361/361 362/362/362 359/359/359
f 359/359/359 360/360/360 361/361/361
f 360/360/360 372/372/372 361/361/361
f 767/767/767 768/768/768 765/765/765
f 765/765/765 766/766/766 767/767/767
f 768/768/768 767/767/767 778/778/778
f 557/557/557 555/555/555 558/558/558
f 556/556/556 558/558/558 555/555/555
f 555/555/555 554/554/554 556/556/556
f 100/100/100 102/102/102 101/101/101
f 101/101/101 97/97/97 100/100/100
f 99/99/99 97/97/97 101/101/101
f 97/97/97 99/99/99 98/98/98
f 747/747/747 748/748/748 745/745/745
f 745/745/745 746/746/746 747/747/747
f 748/748/748 747/747/747 758/758/758
f 341/341/341 342/342/342 339/339/339
f 339/339/339 340/340/340 341/341/341
f 340/340/340 352/352/352 341/341/341
f 321/321/321 322/322/322 319/319/319
f 319/319/319 320/320/320 321/321/321
f 320/320/320 332/332/332 321/321/321
f 727/727/727 728/728/728 725/725/725
f 725/725/725 726/726/726 727/727/727
f 728/728/728 727/727/727 738/738/738
f 613/613/613 612/612/612 615/615/615
f 624/624/624 628/628/628 630/630/630
f 630/630/630 625/625/625 624/624/624
f 624/624/624 625/625/625 623/623/623
f 213/213/213 623/623/623 625/625/625
f 613/613/613 623/623/623 213/213/213
f 613/613/613 214/214/214 219/219/219
f 219/219/219 614/614/614 613/613/613
f 213/213/213 214/214/214 613/613/613
f 612/612/612 613/613/613 614/614/614
f 582/582/582 612/612/612 611/611/611
f 614/614/614 611/611/611 612/612/612
f 614/614/614 219/219/219 176/176/176
f 176/176/176 611/611/611 614/614/614
f 176/176/176 219/219/219 179/179/179
f 180/180/180 179/179/179 219/219/219
f 219/219/219 214/214/214 180/180/180
f 377/377/377 378/378/378 375/375/375
f 375/375/375 376/376/376 377/377/377
f 377/377/377 391/391/391 378/378/378
f 783/783/783 784/784/784 781/781/781
f 781/781/781 782/782/782 783/783/783
f 783/783/783 782/782/782 797/797/797
