# deinosuchus_ad reconstructed from live game memory
v 26.84431 27.69015 56.27713
v 27.07055 32.90691 48.50223
v 39.75594 25.32402 46.92201
v 38.60679 23.36824 55.96663
v 35.46023 21.30459 61.98869
v 17.97462 23.44200 61.22526
v 25.48271 29.17456 7.74451
v 20.58614 29.13711 30.81436
v 25.90552 25.39683 29.36547
v 30.87701 26.43094 8.82611
v 21.03537 15.98770 33.39016
v 24.23468 21.32597 33.37893
v 16.70421 22.96488 38.10952
v 16.70421 22.96488 38.10952
v 19.48461 25.09328 36.34047
v 17.31335 30.30495 39.95494
v 14.59041 28.49510 45.78897
v 20.58614 29.13711 30.81436
v 18.25257 32.98919 31.79585
v 24.23468 21.32597 33.37893
v 19.48461 25.09328 36.34047
v 37.16116 29.07090 39.75388
v 26.91887 36.62728 40.30051
v 25.88525 39.01880 31.89182
v 35.11817 30.07561 31.99242
v 25.48271 29.17456 7.74451
v 24.17311 34.27225 7.34051
v 31.05721 40.75145 9.25991
v 37.17521 33.80145 10.18701
v -0.44395 17.73692 27.48651
v -0.81504 25.47615 37.17702
v 14.59041 28.49510 45.78897
v -0.78709 29.53842 54.42064
v -44.48757 26.69422 60.27344
v -41.15282 30.32699 53.21238
v -22.60586 30.83330 54.02545
v -41.97329 31.01837 42.96167
v 18.07781 18.00138 69.07735
v 35.25677 16.39174 69.13495
v 35.23626 8.74122 76.16629
v 18.08509 10.18255 77.17657
v 35.24796 -0.00001 77.54367
v 18.10983 -0.00001 78.27966
v 14.78530 26.92237 54.20708
v -44.72528 0.00000 76.60650
v -44.62444 10.90690 72.73344
v -22.44286 11.64850 75.45702
v -22.43800 0.00000 79.42787
v -44.55953 20.33394 66.37442
v -22.44056 21.85580 68.84209
v -0.19414 -0.00000 23.00430
v 21.75811 -0.00000 29.11753
v 17.97462 23.44200 61.22526
v 14.78530 26.92237 54.20708
v -62.86474 18.56933 62.70157
v -62.37817 11.01247 67.49412
v -62.24482 0.00001 73.02514
v -0.77878 20.60958 69.96167
v -0.76672 11.07673 76.95307
v -0.73353 -0.00000 79.42097
v 39.75594 25.32402 46.92201
v 38.56174 24.46778 40.95555
v 40.76971 20.83128 42.62913
v 35.99387 22.77872 35.41091
v 37.96646 15.34278 37.31604
v 38.56174 24.46778 40.95555
v 35.99387 22.77872 35.41091
v 30.12946 -0.00001 31.38590
v 36.99354 -0.00001 33.47058
v 30.32492 14.40023 33.99669
v 43.75177 -0.00001 35.52024
v 46.18162 15.44014 39.96857
v 45.76352 20.84962 49.92089
v 44.60084 20.12888 57.36197
v 38.60679 23.36824 55.96663
v 35.46023 21.30459 61.98869
v 31.18245 21.04545 32.80904
v 31.18245 21.04545 32.80904
v 37.09531 43.29494 0.26471
v 45.19041 46.00324 0.26531
v 35.78161 43.38424 4.13591
v 41.19161 39.42004 4.79811
v 44.01621 40.53244 0.25451
v 46.12941 22.19204 0.26521
v 33.81610 24.37164 0.26381
v 38.66700 23.75145 3.45481
v 41.80241 27.84024 4.68291
v 44.86931 26.85214 0.25511
v 46.12941 22.19204 0.26521
v 41.80241 27.84024 4.68291
v 27.60601 34.35305 0.26181
v 28.93011 28.89975 0.26231
v 28.93011 28.89975 0.26231
v 43.29720 33.83315 4.52921
v 50.82061 38.72635 0.24841
v 41.19161 39.42004 4.79811
v 44.01621 40.53244 0.25451
v 50.82061 38.72635 0.24841
v 43.29720 33.83315 4.52921
v 50.82061 38.72635 0.24841
v 45.82611 33.98624 0.24521
v 45.82611 33.98624 0.24521
v 50.80141 29.23564 0.24851
v 43.29720 33.83315 4.52921
v 50.80141 29.23564 0.24851
v 44.86931 26.85214 0.25511
v -22.32738 26.05529 36.92292
v -22.37374 18.28452 26.50013
v -22.30203 0.00000 22.70774
v -68.94010 26.96072 48.26500
v -63.90034 25.21672 56.61871
v -77.84039 21.71636 49.48730
v -54.83830 32.67677 53.85463
v -68.94010 26.96072 48.26500
v -66.47293 30.77559 42.46665
v -54.86172 38.12054 46.40586
v -77.37589 15.13546 60.44978
v -47.26846 25.26539 36.22797
v -52.04464 18.06363 30.23910
v -52.47783 0.00001 26.23013
v -41.15282 30.32699 53.21238
v -41.97329 31.01837 42.96167
v -44.48757 26.69422 60.27344
v -63.90034 25.21672 56.61871
v -62.25075 37.73307 24.47818
v -55.00909 29.22017 24.22051
v -55.69419 30.23017 10.88786
v -62.33129 38.32097 8.42063
v -47.29307 37.13210 25.28724
v -55.26041 44.72435 25.38539
v -55.83040 44.19913 10.45063
v -48.08369 37.79737 10.26313
v -55.00909 29.22017 24.22051
v -55.69419 30.23017 10.88786
v -55.08308 43.38156 31.63244
v -46.01067 36.32579 31.11234
v -63.77451 37.10706 31.32413
v -55.95667 27.61127 30.36793
v -55.95667 27.61127 30.36793
v -50.59379 47.21417 0.51053
v -39.15170 51.02706 0.51103
v -52.08308 47.27137 4.33073
v -43.27309 43.90598 4.96463
v -39.93990 45.19396 0.50043
v -37.82090 25.25176 0.51093
v -52.42640 28.47497 0.50963
v -52.89829 28.46678 3.91663
v -42.75420 31.32167 4.86763
v -37.82090 25.25176 0.51093
v -42.75420 31.32167 4.86763
v -39.00020 30.19266 0.50103
v -54.59579 45.72817 6.51723
v -55.99559 43.15488 0.50882
v -60.23839 38.30988 3.82583
v -58.72868 38.34089 0.50772
v -52.42640 28.47497 0.50963
v -57.39089 33.06148 0.50822
v -52.89829 28.46678 3.91663
v -46.16049 41.00718 7.77693
v -44.49579 37.81038 7.38052
v -40.76589 37.84767 4.69093
v -45.91099 34.39248 7.71693
v -53.93280 29.43051 6.68197
v -39.93990 45.19396 0.50043
v -32.44520 43.21346 0.49443
v -43.27309 43.90598 4.96463
v -32.44520 43.21346 0.49443
v -32.44520 43.21346 0.49443
v -37.94650 38.01556 0.49143
v -40.76589 37.84767 4.69093
v -37.94650 38.01556 0.49143
v -32.46640 32.80626 0.49453
v -40.76589 37.84767 4.69093
v -32.46640 32.80626 0.49453
v -39.00020 30.19266 0.50103
v -67.40428 25.40980 40.87749
v -60.39692 23.80737 34.01406
v -53.56236 23.78706 32.45373
v -60.39692 23.80737 34.01406
v -62.20268 17.18403 33.77581
v -61.29733 0.00001 29.65744
v -78.13680 15.59074 39.98550
v -70.12670 20.41693 39.28215
v -77.83167 0.00001 32.24276
v -77.70084 0.00001 69.36118
v -53.93280 29.43051 6.68197
v -47.26846 25.26539 36.22797
v -53.56236 23.78706 32.45373
v -67.40428 25.40980 40.87749
v -53.56236 23.78706 32.45373
v 51.64122 14.17304 70.30160
v 51.17561 7.49563 75.27671
v 55.81936 13.97781 40.92452
v 54.40048 19.13002 50.51562
v 53.74081 19.68034 58.29751
v 51.58218 -0.00001 78.20992
v 56.82137 -0.00001 36.34643
v 16.70421 22.96488 38.10952
v -178.30505 5.93213 45.80527
v -178.42715 5.74514 52.65388
v -201.60950 4.23555 49.02596
v -77.70084 0.00001 69.36118
v -110.61615 0.00002 66.94051
v -110.66240 11.12245 57.99152
v -77.37589 15.13546 60.44978
v -110.50347 13.00731 46.76343
v -77.84039 21.71636 49.48730
v -110.61943 7.33556 39.87948
v -78.13680 15.59074 39.98550
v -149.08554 8.60819 45.31584
v -149.12088 8.44490 55.68377
v -179.02335 0.00003 59.37352
v -202.24646 0.00003 56.88440
v -241.23129 0.00004 47.07717
v -239.50789 1.12765 47.16101
v -240.48376 0.00004 50.26694
v -149.26199 0.00002 62.84161
v -149.25229 0.00002 37.42543
v -178.72794 0.00003 38.92385
v -239.85837 0.00004 44.59361
v -201.39886 0.00003 39.78933
v -110.56128 0.00002 35.61696
v -77.83167 0.00001 32.24276
v 63.68768 6.97805 74.63732
v 51.17561 7.49563 75.27671
v 51.64122 14.17304 70.30160
v 64.62708 14.68931 70.88191
v 70.10786 11.62864 41.62981
v 65.00814 17.15929 51.13308
v 54.40048 19.13002 50.51562
v 55.81936 13.97781 40.92452
v 83.21460 8.93609 45.19008
v 81.75236 17.31970 52.53472
v 96.18359 6.04757 49.48322
v 95.26694 14.10425 54.35180
v 120.01790 3.64470 54.78148
v 119.95152 5.78884 56.89960
v 63.58522 18.68646 58.86869
v 75.02738 18.17295 59.82076
v 77.39445 17.05318 67.99249
v 71.53929 7.30258 74.53915
v 80.26338 13.24765 72.37579
v 79.11028 5.97983 76.67083
v 90.91451 15.58601 59.18023
v 95.38620 14.84550 58.74092
v 87.31027 15.84101 60.56176
v 119.66295 6.01500 59.76071
v 137.75746 4.48139 57.33202
v 137.73997 5.01041 59.62008
v 144.63680 2.51687 59.62008
v 144.58826 2.42508 57.97343
v 138.10323 2.76762 55.66089
v 143.83467 2.21001 56.73201
v 96.25928 -0.00002 46.72227
v 119.73396 -0.00002 54.47871
v 138.13850 -0.00002 55.42017
v 144.12857 -0.00003 56.67199
v 88.09606 15.90441 63.75356
v 91.44254 10.97744 70.96341
v 87.19424 10.81314 71.62731
v 85.33991 8.01037 75.21931
v 84.99332 6.10920 77.01456
v 88.01060 7.49680 74.82167
v 90.06696 8.50544 73.34756
v 92.72749 6.36337 76.29285
v 92.50505 7.78475 72.65955
v 102.50307 6.08432 72.93423
v 102.72108 9.84923 70.50903
v 126.26199 3.33421 70.16465
v 126.29433 6.23783 68.81884
v 102.78175 13.71079 65.52360
v 126.33672 6.90691 64.86001
v 145.63220 -0.00003 58.09734
v 146.03912 -0.00003 59.62007
v 103.03204 12.76440 63.31989
v 126.39588 5.51675 62.81446
v 136.56665 7.28825 65.66225
v 137.04010 6.48418 63.18468
v 136.23123 6.12977 69.50154
v 144.29593 6.52361 63.18661
v 144.09953 8.72937 66.32242
v 144.04852 8.53331 71.85418
v 148.04247 6.38640 63.13168
v 148.80276 7.79281 65.94551
v 148.93092 7.79869 71.22328
v 144.36748 5.86772 74.80038
v 136.06743 4.10772 71.23173
v 148.64192 5.77347 74.13253
v 126.22172 -0.00002 70.69582
v 102.64638 -0.00002 74.20537
v 147.19440 -0.00003 75.64443
v 144.23985 -0.00003 75.64163
v 153.26021 -0.00003 69.88892
v 150.60184 -0.00003 73.12814
v 152.73123 -0.00003 65.35940
v 149.98338 3.47000 63.18476
v 150.40640 -0.00003 63.18453
v 53.74081 19.68034 58.29751
v 78.48478 -0.00002 76.58610
v 71.18214 -0.00001 76.16124
v 135.90775 -0.00003 71.99014
v 84.65529 -0.00002 77.62135
v 93.22356 -0.00002 76.59719
v 63.23898 -0.00001 77.80087
v 51.58218 -0.00001 78.20992
v 71.74671 -0.00001 38.68165
v 56.82137 -0.00001 36.34643
v 84.02873 -0.00002 41.92325
v 148.04247 6.38640 63.13168
v 146.39191 -0.00003 63.18621
v 149.98338 3.47000 63.18476
v 119.66295 6.01500 59.76071
v 119.66295 -0.00002 59.76071
v 95.38620 -0.00002 58.74092
v 95.38620 14.84550 58.74092
v 144.63680 2.51687 59.62008
v 146.03912 -0.00003 59.62007
v 137.73997 -0.00003 59.62008
v 137.73997 5.01041 59.62008
v 103.03204 -0.00002 63.31989
v 103.03204 12.76440 63.31989
v 87.31027 15.84101 60.56176
v 87.31028 -0.00002 60.56176
v 126.39588 -0.00002 62.81446
v 126.39588 5.51675 62.81446
v 137.04010 -0.00003 63.18468
v 137.04010 6.48418 63.18468
v 144.29593 -0.00003 63.18661
v 144.29593 6.52361 63.18661
v 150.40640 -0.00003 63.18453
v 90.91451 -0.00002 59.18023
v 90.91451 15.58601 59.18023
v 87.31028 -0.00002 60.56176
v 87.31027 15.84101 60.56176
v 33.81610 24.37164 0.26381
v 46.12941 22.19204 0.26521
v 44.86931 26.85214 0.25511
v -55.99559 43.15488 0.50882
v -58.72868 38.34089 0.50772
v -57.39089 33.06148 0.50822
v 92.01812 14.24002 61.04628
v 91.81837 14.03161 64.90894
v 85.57526 15.37791 64.57423
v 85.52120 15.30852 60.67689
v 86.70388 14.93323 57.95271
v 92.54997 13.83142 56.91676
v 92.01812 14.24002 61.04628
v 92.54997 13.83142 56.91676
v 99.30707 11.17054 56.52873
v 98.70287 11.98774 60.96900
v 98.41168 12.80064 64.97849
v 91.81837 14.03161 64.90894
v 126.28043 5.30702 63.28645
v 123.24606 6.12112 63.66270
v 124.16310 5.81715 60.48511
v 122.46335 6.07924 63.12703
v 119.40575 6.89333 63.12491
v 120.70894 6.58936 60.08521
v 119.13048 6.64772 63.12703
v 116.07288 7.46181 63.12491
v 117.37607 7.15785 60.08521
v 115.94697 7.30434 63.12703
v 112.88937 8.11843 63.12491
v 114.19256 7.81446 60.08522
v 112.11500 7.06325 63.28358
v 108.58565 7.87734 63.28113
v 110.08990 7.57337 59.77245
v 108.28922 7.95891 63.28358
v 104.99562 9.46600 63.28113
v 106.40804 8.86579 59.77245
v 145.18416 5.30702 63.49274
v 142.12656 6.12111 63.49062
v 143.42975 5.81714 60.45092
v 140.14386 5.11396 64.32831
v 137.39264 5.47898 64.32560
v 138.55815 5.36583 60.91605
v 135.18399 4.99109 63.62167
v 132.03085 4.92415 63.36718
v 133.60382 5.06391 60.44542
v 130.85123 4.31153 63.12801
v 127.69492 4.24459 63.33920
v 128.82185 4.38435 60.21817
v 149.40759 3.24737 63.76028
v 146.99779 5.29786 63.74590
v 148.05438 4.45749 60.71146
v 102.88139 10.36027 58.66861
v 105.70512 8.92514 58.81360
v 104.22350 9.16229 61.70593
v 106.93182 9.09498 58.86929
v 109.65676 8.55231 59.13149
v 108.29673 8.81189 61.60411
v 110.48709 8.32594 59.39201
v 113.08854 7.35056 59.12821
v 112.30942 7.82625 61.81105
v 114.60605 6.82632 59.37178
v 117.03453 6.40798 59.58734
v 115.83868 6.60927 61.78009
v 117.75465 6.06264 59.62476
v 120.19209 5.64431 59.67841
v 119.14464 5.84559 61.94581
v 121.20216 5.47942 59.62476
v 123.64048 5.06617 59.67841
v 122.59261 5.26527 61.94581
v 125.73323 5.25092 59.40014
v 128.44150 4.75438 59.46005
v 127.27827 4.98926 61.99145
v 129.29129 4.87299 59.68884
v 132.03545 5.09885 59.74875
v 130.85115 5.02271 62.28014
v 135.04628 4.84483 59.52386
v 137.20258 4.54248 59.58377
v 136.27521 4.69390 62.11517
v 138.55325 4.31663 59.27803
v 140.65170 3.73564 59.33794
v 139.75200 4.00672 61.86934
v 149.76073 0.90019 63.73001
v 149.63115 3.33062 63.61490
v 149.15559 2.34933 60.68064
v 141.11607 3.66692 59.37611
v 143.02969 2.63329 59.25621
v 142.45367 3.09789 61.85299
v 143.39700 2.73316 59.15883
v 144.53726 0.88110 59.03893
v 144.27078 1.57149 61.63571
v 92.01453 9.28802 71.97798
v 90.06258 8.76869 74.42160
v 88.20345 9.92073 72.40603
v 87.82417 7.93708 74.46204
v 90.16121 6.74316 75.45377
v 92.45229 7.60912 73.64644
v 27.60601 34.35305 0.26181
v 28.93011 28.89975 0.26231
v 37.09531 43.29494 0.26471
v 44.01621 40.53244 0.25451
v 45.19041 46.00324 0.26531
v 50.80141 29.23564 0.24851
v 45.82611 33.98624 0.24521
v 50.82061 38.72635 0.24841
v -52.42640 28.47497 0.50963
v -37.82090 25.25176 0.51093
v -39.00020 30.19266 0.50103
v -39.93990 45.19396 0.50043
v -39.15170 51.02706 0.51103
v -50.59379 47.21417 0.51053
v -32.46640 32.80626 0.49453
v -37.94650 38.01556 0.49143
v -32.44520 43.21346 0.49443
v 26.84431 -27.69016 56.27713
v 38.60678 -23.36825 55.96663
v 39.75594 -25.32403 46.92200
v 27.07054 -32.90693 48.50223
v 35.46022 -21.30461 61.98869
v 17.97461 -23.44201 61.22525
v 25.48270 -29.17458 7.74451
v 30.87700 -26.43096 8.82611
v 25.90551 -25.39685 29.36547
v 20.58613 -29.13713 30.81436
v 21.03536 -15.98771 33.39015
v 16.70420 -22.96488 38.10952
v 24.23468 -21.32598 33.37893
v 16.70420 -22.96488 38.10952
v 14.59040 -28.49511 45.78897
v 17.31334 -30.30496 39.95494
v 19.48460 -25.09330 36.34047
v 18.25256 -32.98920 31.79585
v 20.58613 -29.13713 30.81436
v 24.23468 -21.32598 33.37893
v 19.48460 -25.09330 36.34047
v 37.16116 -29.07092 39.75388
v 26.91886 -36.62729 40.30051
v 35.11816 -30.07563 31.99242
v 25.88525 -39.01881 31.89182
v 24.17310 -34.27226 7.34051
v 25.48270 -29.17458 7.74451
v 37.17520 -33.80146 10.18701
v 31.05720 -40.75145 9.25991
v -0.44396 -17.73693 27.48651
v -0.81504 -25.47615 37.17702
v -0.78710 -29.53842 54.42064
v 14.59040 -28.49511 45.78897
v -44.48758 -26.69421 60.27344
v -22.60588 -30.83330 54.02545
v -41.15282 -30.32698 53.21238
v -41.97329 -31.01836 42.96167
v 18.07780 -18.00139 69.07735
v 18.08509 -10.18256 77.17657
v 35.23626 -8.74124 76.16629
v 35.25677 -16.39176 69.13494
v 14.78529 -26.92238 54.20708
v -22.44286 -11.64850 75.45702
v -44.62444 -10.90689 72.73344
v -22.44057 -21.85580 68.84209
v -44.55954 -20.33393 66.37441
v 17.97461 -23.44201 61.22525
v 14.78529 -26.92238 54.20708
v -62.86475 -18.56931 62.70157
v -62.37817 -11.01246 67.49412
v -0.77879 -20.60959 69.96167
v -0.76673 -11.07674 76.95307
v 39.75594 -25.32403 46.92200
v 40.76970 -20.83130 42.62913
v 38.56173 -24.46779 40.95555
v 35.99387 -22.77874 35.41091
v 37.96645 -15.34280 37.31604
v 38.56173 -24.46779 40.95555
v 35.99387 -22.77874 35.41091
v 30.32491 -14.40024 33.99669
v 46.18161 -15.44016 39.96857
v 45.76351 -20.84964 49.92088
v 44.60083 -20.12889 57.36197
v 38.60678 -23.36825 55.96663
v 35.46022 -21.30461 61.98869
v 31.18244 -21.04547 32.80904
v 31.18244 -21.04547 32.80904
v 37.09529 -43.29496 0.26471
v 35.78159 -43.38426 4.13591
v 45.19039 -46.00326 0.26531
v 41.19159 -39.42006 4.79811
v 44.01619 -40.53246 0.25451
v 46.12939 -22.19206 0.26521
v 38.66700 -23.75146 3.45481
v 33.81609 -24.37166 0.26381
v 41.80239 -27.84026 4.68291
v 44.86930 -26.85216 0.25511
v 41.80239 -27.84026 4.68291
v 46.12939 -22.19206 0.26521
v 27.60600 -34.35306 0.26181
v 28.93010 -28.89976 0.26231
v 28.93010 -28.89976 0.26231
v 43.29718 -33.83316 4.52921
v 50.82059 -38.72636 0.24841
v 44.01619 -40.53246 0.25451
v 41.19159 -39.42006 4.79811
v 50.82059 -38.72636 0.24841
v 43.29718 -33.83316 4.52921
v 45.82610 -33.98626 0.24521
v 50.82059 -38.72636 0.24841
v 45.82610 -33.98626 0.24521
v 43.29718 -33.83316 4.52921
v 50.80140 -29.23566 0.24851
v 50.80140 -29.23566 0.24851
v 44.86930 -26.85216 0.25511
v -22.32739 -26.05528 36.92291
v -22.37375 -18.28452 26.50013
v -68.94012 -26.96070 48.26500
v -77.84039 -21.71633 49.48730
v -63.90035 -25.21671 56.61871
v -54.83831 -32.67677 53.85463
v -54.86174 -38.12053 46.40586
v -66.47295 -30.77557 42.46665
v -68.94012 -26.96070 48.26500
v -77.37589 -15.13544 60.44978
v -47.26847 -25.26538 36.22796
v -52.04465 -18.06362 30.23910
v -41.15282 -30.32698 53.21238
v -41.97329 -31.01836 42.96167
v -44.48758 -26.69421 60.27344
v -63.90035 -25.21671 56.61871
v -62.25077 -37.73306 24.47818
v -62.33131 -38.32095 8.42063
v -55.69419 -30.23015 10.88786
v -55.00909 -29.22016 24.22050
v -47.29308 -37.13210 25.28723
v -48.08370 -37.79736 10.26313
v -55.83041 -44.19911 10.45063
v -55.26043 -44.72434 25.38538
v -55.00909 -29.22016 24.22050
v -55.69419 -30.23015 10.88786
v -46.01068 -36.32578 31.11234
v -55.08310 -43.38155 31.63243
v -63.77452 -37.10704 31.32412
v -55.95668 -27.61126 30.36792
v -55.95668 -27.61126 30.36792
v -50.59380 -47.21415 0.51053
v -52.08310 -47.27135 4.33072
v -39.15171 -51.02705 0.51102
v -43.27310 -43.90595 4.96462
v -39.93991 -45.19395 0.50042
v -37.82090 -25.25175 0.51093
v -52.89830 -28.46675 3.91663
v -52.42640 -28.47495 0.50963
v -42.75420 -31.32165 4.86763
v -37.82090 -25.25175 0.51093
v -39.00020 -30.19265 0.50103
v -42.75420 -31.32165 4.86763
v -55.99560 -43.15486 0.50883
v -54.59580 -45.72815 6.51723
v -58.72869 -38.34085 0.50773
v -60.23840 -38.30985 3.82583
v -52.42640 -28.47495 0.50963
v -52.89830 -28.46675 3.91663
v -57.39089 -33.06146 0.50823
v -46.16050 -41.00716 7.77693
v -44.49580 -37.81036 7.38052
v -40.76591 -37.84765 4.69092
v -53.93280 -29.43049 6.68198
v -45.91100 -34.39246 7.71693
v -39.93991 -45.19395 0.50042
v -43.27310 -43.90595 4.96462
v -32.44521 -43.21345 0.49442
v -32.44521 -43.21345 0.49442
v -32.44521 -43.21345 0.49442
v -40.76591 -37.84765 4.69092
v -37.94651 -38.01555 0.49142
v -37.94651 -38.01555 0.49142
v -40.76591 -37.84765 4.69092
v -32.46640 -32.80625 0.49452
v -32.46640 -32.80625 0.49452
v -39.00020 -30.19265 0.50103
v -67.40430 -25.40978 40.87749
v -60.39693 -23.80736 34.01406
v -53.56236 -23.78705 32.45372
v -62.20269 -17.18402 33.77580
v -60.39693 -23.80736 34.01406
v -70.12670 -20.41691 39.28215
v -78.13680 -15.59072 39.98550
v -53.93280 -29.43049 6.68198
v -47.26847 -25.26538 36.22796
v -53.56236 -23.78705 32.45372
v -67.40430 -25.40978 40.87749
v -53.56236 -23.78705 32.45372
v 51.17561 -7.49565 75.27671
v 51.64121 -14.17307 70.30160
v 54.40047 -19.13004 50.51562
v 55.81935 -13.97783 40.92452
v 53.74080 -19.68036 58.29751
v 16.70420 -22.96488 38.10952
v -178.30505 -5.93208 45.80527
v -201.60950 -4.23549 49.02596
v -178.42715 -5.74508 52.65388
v -77.37589 -15.13544 60.44978
v -110.66240 -11.12242 57.99152
v -77.84039 -21.71633 49.48730
v -110.50347 -13.00728 46.76343
v -78.13680 -15.59072 39.98550
v -110.61943 -7.33553 39.87947
v -149.12088 -8.44486 55.68377
v -149.08554 -8.60815 45.31584
v -239.50789 -1.12757 47.16101
v 63.68768 -6.97808 74.63732
v 64.62708 -14.68933 70.88191
v 51.64121 -14.17307 70.30160
v 51.17561 -7.49565 75.27671
v 70.10786 -11.62867 41.62981
v 55.81935 -13.97783 40.92452
v 54.40047 -19.13004 50.51562
v 65.00814 -17.15932 51.13308
v 81.75236 -17.31973 52.53471
v 83.21460 -8.93612 45.19008
v 95.26694 -14.10428 54.35180
v 96.18359 -6.04761 49.48322
v 119.95152 -5.78888 56.89960
v 120.01790 -3.64474 54.78148
v 63.58521 -18.68649 58.86869
v 77.39445 -17.05321 67.99249
v 75.02738 -18.17297 59.82075
v 71.53929 -7.30261 74.53915
v 80.26338 -13.24768 72.37579
v 79.11028 -5.97987 76.67083
v 90.91451 -15.58605 59.18023
v 95.38620 -14.84554 58.74092
v 87.31027 -15.84104 60.56176
v 119.66295 -6.01504 59.76071
v 137.73997 -5.01046 59.62008
v 137.75746 -4.48144 57.33202
v 144.63680 -2.51692 59.62007
v 144.58826 -2.42513 57.97342
v 143.83467 -2.21006 56.73200
v 138.10323 -2.76767 55.66089
v 88.09606 -15.90445 63.75356
v 87.19424 -10.81317 71.62731
v 91.44254 -10.97748 70.96341
v 85.33991 -8.01040 75.21931
v 84.99332 -6.10924 77.01456
v 88.01060 -7.49683 74.82167
v 90.06696 -8.50548 73.34756
v 92.72749 -6.36341 76.29285
v 92.50505 -7.78478 72.65955
v 102.50307 -6.08436 72.93423
v 102.72108 -9.84927 70.50903
v 126.26199 -3.33426 70.16465
v 126.29433 -6.23788 68.81884
v 126.33672 -6.90695 64.86001
v 102.78175 -13.71083 65.52360
v 103.03204 -12.76444 63.31989
v 126.39588 -5.51680 62.81446
v 136.56665 -7.28830 65.66225
v 137.04010 -6.48423 63.18468
v 136.23123 -6.12982 69.50154
v 144.09953 -8.72942 66.32242
v 144.29593 -6.52366 63.18661
v 144.04852 -8.53336 71.85418
v 148.80276 -7.79287 65.94551
v 148.04247 -6.38646 63.13168
v 148.93092 -7.79874 71.22328
v 136.06743 -4.10777 71.23173
v 144.36748 -5.86777 74.80038
v 148.64192 -5.77353 74.13253
v 149.98338 -3.47005 63.18476
v 53.74080 -19.68036 58.29751
v 148.04247 -6.38646 63.13168
v 149.98338 -3.47005 63.18476
v 119.66295 -6.01504 59.76071
v 95.38620 -14.84554 58.74092
v 144.63680 -2.51692 59.62007
v 137.73997 -5.01046 59.62008
v 87.31027 -15.84104 60.56176
v 103.03204 -12.76444 63.31989
v 126.39588 -5.51680 62.81446
v 137.04010 -6.48423 63.18468
v 144.29593 -6.52366 63.18661
v 90.91451 -15.58605 59.18023
v 87.31027 -15.84104 60.56176
v 33.81609 -24.37166 0.26381
v 44.86930 -26.85216 0.25511
v 46.12939 -22.19206 0.26521
v -55.99560 -43.15486 0.50883
v -57.39089 -33.06146 0.50823
v -58.72869 -38.34085 0.50773
v 92.01812 -14.24005 61.04628
v 85.52120 -15.30855 60.67689
v 85.57526 -15.37795 64.57423
v 91.81837 -14.03165 64.90893
v 92.54997 -13.83145 56.91676
v 86.70388 -14.93326 57.95271
v 92.01812 -14.24005 61.04628
v 98.70287 -11.98778 60.96900
v 99.30707 -11.17058 56.52873
v 92.54997 -13.83145 56.91676
v 91.81837 -14.03165 64.90893
v 98.41168 -12.80068 64.97849
v 126.28043 -5.30707 63.28645
v 124.16310 -5.81719 60.48511
v 123.24606 -6.12116 63.66270
v 122.46335 -6.07929 63.12703
v 120.70894 -6.58941 60.08521
v 119.40575 -6.89338 63.12491
v 119.13048 -6.64777 63.12703
v 117.37607 -7.15789 60.08521
v 116.07288 -7.46186 63.12491
v 115.94697 -7.30438 63.12703
v 114.19256 -7.81450 60.08521
v 112.88937 -8.11847 63.12491
v 112.11500 -7.06329 63.28358
v 110.08990 -7.57341 59.77245
v 108.58565 -7.87738 63.28113
v 108.28922 -7.95895 63.28358
v 106.40804 -8.86583 59.77245
v 104.99562 -9.46604 63.28113
v 145.18416 -5.30707 63.49273
v 143.42975 -5.81719 60.45092
v 142.12656 -6.12116 63.49062
v 140.14386 -5.11401 64.32831
v 138.55815 -5.36588 60.91605
v 137.39264 -5.47903 64.32560
v 135.18399 -4.99114 63.62167
v 133.60382 -5.06396 60.44542
v 132.03085 -4.92420 63.36718
v 130.85123 -4.31158 63.12801
v 128.82185 -4.38439 60.21817
v 127.69492 -4.24463 63.33920
v 149.40759 -3.24743 63.76028
v 148.05438 -4.45754 60.71146
v 146.99779 -5.29791 63.74590
v 102.88139 -10.36031 58.66861
v 104.22350 -9.16233 61.70593
v 105.70512 -8.92518 58.81360
v 106.93182 -9.09502 58.86929
v 108.29673 -8.81193 61.60411
v 109.65676 -8.55235 59.13149
v 110.48709 -8.32598 59.39201
v 112.30942 -7.82629 61.81105
v 113.08854 -7.35060 59.12821
v 114.60605 -6.82636 59.37178
v 115.83868 -6.60931 61.78009
v 117.03453 -6.40803 59.58734
v 117.75465 -6.06269 59.62476
v 119.14464 -5.84564 61.94581
v 120.19209 -5.64435 59.67841
v 121.20216 -5.47946 59.62476
v 122.59261 -5.26531 61.94581
v 123.64048 -5.06621 59.67841
v 125.73323 -5.25097 59.40014
v 127.27827 -4.98931 61.99145
v 128.44150 -4.75443 59.46005
v 129.29129 -4.87304 59.68884
v 130.85115 -5.02276 62.28014
v 132.03545 -5.09890 59.74875
v 135.04628 -4.84488 59.52386
v 136.27521 -4.69395 62.11517
v 137.20258 -4.54253 59.58377
v 138.55325 -4.31668 59.27803
v 139.75200 -4.00677 61.86934
v 140.65170 -3.73570 59.33794
v 149.76073 -0.90024 63.73001
v 149.15559 -2.34938 60.68064
v 149.63115 -3.33068 63.61490
v 141.11607 -3.66697 59.37611
v 142.45367 -3.09794 61.85299
v 143.02969 -2.63335 59.25621
v 143.39700 -2.73321 59.15882
v 144.27078 -1.57154 61.63570
v 144.53726 -0.88116 59.03893
v 92.01453 -9.28805 71.97798
v 88.20345 -9.92076 72.40603
v 90.06258 -8.76872 74.42160
v 87.82417 -7.93711 74.46204
v 90.16121 -6.74320 75.45377
v 92.45229 -7.60915 73.64644
v 27.60600 -34.35306 0.26181
v 37.09529 -43.29496 0.26471
v 28.93010 -28.89976 0.26231
v 44.01619 -40.53246 0.25451
v 45.19039 -46.00326 0.26531
v 45.82610 -33.98626 0.24521
v 50.80140 -29.23566 0.24851
v 50.82059 -38.72636 0.24841
v -52.42640 -28.47495 0.50963
v -39.00020 -30.19265 0.50103
v -37.82090 -25.25175 0.51093
v -39.93991 -45.19395 0.50042
v -50.59380 -47.21415 0.51053
v -39.15171 -51.02705 0.51102
v -37.94651 -38.01555 0.49142
v -32.46640 -32.80625 0.49452
v -32.44521 -43.21345 0.49442
vt 0.817424 0.191443
vt 0.836814 0.232710
vt 0.769765 0.251545
vt 0.760742 0.209460
vt 0.761571 0.175027
vt 0.835794 0.141423
vt 0.796584 0.417892
vt 0.754106 0.374910
vt 0.770205 0.357705
vt 0.821958 0.432496
vt 0.528979 0.731072
vt 0.545755 0.751641
vt 0.501257 0.770378
vt 0.936114 0.207782
vt 0.939188 0.227751
vt 0.905175 0.226202
vt 0.894920 0.196873
vt 0.948488 0.261515
vt 0.917604 0.265245
vt 0.754226 0.341022
vt 0.724524 0.360673
vt 0.799202 0.283790
vt 0.848680 0.262088
vt 0.870620 0.300964
vt 0.798620 0.341841
vt 0.982312 0.353843
vt 0.956108 0.374107
vt 0.914654 0.394356
vt 0.860886 0.420760
vt 0.415040 0.717747
vt 0.413990 0.763558
vt 0.487554 0.798363
vt 0.412317 0.822026
vt 0.193050 0.861084
vt 0.212835 0.826333
vt 0.306225 0.812616
vt 0.211419 0.790196
vt 0.513015 0.909931
vt 0.604284 0.914421
vt 0.606562 0.954872
vt 0.511963 0.950619
vt 0.611756 0.990397
vt 0.514442 0.994005
vt 0.870574 0.166572
vt 0.176832 0.985733
vt 0.183642 0.934887
vt 0.299645 0.945416
vt 0.299297 0.993615
vt 0.187559 0.893437
vt 0.302218 0.905079
vt 0.419968 0.660356
vt 0.540314 0.681603
vt 0.511796 0.870789
vt 0.489532 0.833597
vt 0.090800 0.875150
vt 0.091452 0.923130
vt 0.082978 0.965533
vt 0.415081 0.909244
vt 0.413568 0.950751
vt 0.413914 0.996778
vt 0.626485 0.807669
vt 0.615639 0.783868
vt 0.634126 0.779178
vt 0.595279 0.772199
vt 0.621223 0.744970
vt 0.776295 0.283836
vt 0.779129 0.309747
vt 0.583263 0.690584
vt 0.621322 0.700947
vt 0.576395 0.736322
vt 0.656740 0.709522
vt 0.661791 0.755605
vt 0.660190 0.797930
vt 0.659522 0.847838
vt 0.624457 0.844723
vt 0.602620 0.871932
vt 0.572170 0.760597
vt 0.771500 0.327821
vt 0.974820 0.445801
vt 0.942402 0.453893
vt 0.927725 0.425705
vt 0.914893 0.456653
vt 0.934761 0.493705
vt 0.829752 0.501660
vt 0.810423 0.472600
vt 0.827212 0.469379
vt 0.847386 0.471778
vt 0.851740 0.518910
vt 0.829752 0.501660
vt 0.847386 0.471778
vt 0.962703 0.424029
vt 0.785954 0.456512
vt 0.999938 0.399554
vt 0.885852 0.469580
vt 0.908021 0.493750
vt 0.914893 0.456653
vt 0.934761 0.493705
vt 0.908021 0.493750
vt 0.885852 0.469580
vt 0.908021 0.493750
vt 0.893092 0.506157
vt 0.893092 0.506157
vt 0.869756 0.491568
vt 0.885852 0.469580
vt 0.869756 0.491568
vt 0.851740 0.518910
vt 0.302997 0.757542
vt 0.298854 0.719539
vt 0.301815 0.684748
vt 0.062173 0.799639
vt 0.091301 0.840519
vt 0.021820 0.800538
vt 0.670268 0.316343
vt 0.585455 0.330212
vt 0.588553 0.300987
vt 0.653170 0.285733
vt 0.023782 0.857864
vt 0.199446 0.754947
vt 0.145503 0.722237
vt 0.143825 0.696767
vt 0.731973 0.296676
vt 0.723777 0.255756
vt 0.724743 0.342603
vt 0.631881 0.359598
vt 0.572673 0.204538
vt 0.516832 0.219491
vt 0.508528 0.161240
vt 0.549809 0.134517
vt 0.672097 0.172986
vt 0.616897 0.185317
vt 0.574069 0.127848
vt 0.646599 0.097061
vt 0.718685 0.143222
vt 0.696005 0.110142
vt 0.633621 0.223561
vt 0.689657 0.209139
vt 0.581985 0.236479
vt 0.516886 0.245081
vt 0.723290 0.200458
vt 0.583436 0.084671
vt 0.582681 0.025736
vt 0.599538 0.076733
vt 0.616193 0.060766
vt 0.606697 0.034386
vt 0.703892 0.020373
vt 0.714861 0.047563
vt 0.713032 0.064000
vt 0.695699 0.071322
vt 0.703892 0.020373
vt 0.695699 0.071322
vt 0.680916 0.036725
vt 0.565687 0.113787
vt 0.564431 0.103772
vt 0.543378 0.120310
vt 0.536994 0.106483
vt 0.482708 0.117318
vt 0.512997 0.111888
vt 0.487150 0.133009
vt 0.629826 0.080958
vt 0.645725 0.073110
vt 0.644422 0.037012
vt 0.686038 0.083751
vt 0.705627 0.100029
vt 0.606697 0.034386
vt 0.616029 0.020427
vt 0.616193 0.060766
vt 0.616029 0.020427
vt 0.616029 0.020427
vt 0.643665 0.026409
vt 0.644422 0.037012
vt 0.643665 0.026409
vt 0.655398 0.016468
vt 0.644422 0.037012
vt 0.655398 0.016468
vt 0.680916 0.036725
vt 0.562909 0.306819
vt 0.529477 0.278126
vt 0.138800 0.743730
vt 0.107670 0.754747
vt 0.097823 0.729994
vt 0.093913 0.705475
vt 0.010890 0.759905
vt 0.054033 0.760102
vt 0.012272 0.693461
vt 0.013043 0.943458
vt 0.500097 0.141129
vt 0.743951 0.206713
vt 0.752456 0.169639
vt 0.072197 0.775916
vt 0.504349 0.258183
vt 0.686114 0.910101
vt 0.682986 0.948038
vt 0.699424 0.764886
vt 0.698658 0.803153
vt 0.696396 0.853119
vt 0.679211 0.991961
vt 0.697749 0.714888
vt 0.703888 0.354914
vt 0.295349 0.541289
vt 0.294777 0.588038
vt 0.185449 0.569378
vt 0.779842 0.716087
vt 0.607097 0.680416
vt 0.614277 0.609671
vt 0.791647 0.619058
vt 0.613858 0.547648
vt 0.794114 0.559627
vt 0.608774 0.490131
vt 0.792317 0.499935
vt 0.433060 0.541868
vt 0.433482 0.593486
vt 0.290321 0.632026
vt 0.179738 0.621329
vt 0.003788 0.571625
vt 0.034764 0.568336
vt 0.035144 0.592637
vt 0.430566 0.652500
vt 0.440707 0.482604
vt 0.294567 0.499724
vt 0.030326 0.544405
vt 0.187389 0.515100
vt 0.596353 0.468790
vt 0.772413 0.443275
vt 0.083880 0.466119
vt 0.011162 0.471358
vt 0.016223 0.417574
vt 0.086310 0.423369
vt 0.102196 0.259165
vt 0.086556 0.299272
vt 0.023207 0.303343
vt 0.026247 0.258809
vt 0.171683 0.261645
vt 0.163031 0.292797
vt 0.242797 0.264776
vt 0.235289 0.313920
vt 0.367497 0.276010
vt 0.367492 0.291658
vt 0.074489 0.358529
vt 0.133940 0.358933
vt 0.149164 0.397938
vt 0.124207 0.462641
vt 0.165572 0.426103
vt 0.163876 0.469361
vt 0.217273 0.345478
vt 0.240236 0.336536
vt 0.200155 0.358551
vt 0.368381 0.306572
vt 0.458390 0.284161
vt 0.460380 0.295646
vt 0.497226 0.284945
vt 0.493837 0.277811
vt 0.459693 0.272242
vt 0.486231 0.266540
vt 0.251072 0.223391
vt 0.370412 0.244315
vt 0.461987 0.248106
vt 0.494730 0.253003
vt 0.204982 0.377112
vt 0.223703 0.424537
vt 0.202637 0.429391
vt 0.194109 0.453107
vt 0.193484 0.465930
vt 0.207552 0.452305
vt 0.217924 0.442888
vt 0.231199 0.460761
vt 0.231052 0.442025
vt 0.282354 0.446766
vt 0.281532 0.423979
vt 0.405777 0.441418
vt 0.405558 0.425928
vt 0.280521 0.391916
vt 0.406082 0.403778
vt 0.503360 0.267241
vt 0.509631 0.274660
vt 0.284596 0.380653
vt 0.407212 0.391111
vt 0.458675 0.405173
vt 0.459815 0.391314
vt 0.457164 0.428752
vt 0.501150 0.385881
vt 0.498359 0.404770
vt 0.497857 0.430641
vt 0.525126 0.389164
vt 0.523058 0.404502
vt 0.520354 0.424166
vt 0.503379 0.449574
vt 0.456439 0.443662
vt 0.522342 0.443720
vt 0.405461 0.463242
vt 0.284561 0.475073
vt 0.531723 0.458097
vt 0.502733 0.459760
vt 0.545912 0.432269
vt 0.547715 0.458347
vt 0.567978 0.408423
vt 0.547054 0.392387
vt 0.566305 0.392995
vt 0.024100 0.356041
vt 0.164180 0.491561
vt 0.127699 0.492232
vt 0.453621 0.465944
vt 0.196162 0.486484
vt 0.237185 0.481186
vt 0.085146 0.511291
vt 0.021097 0.511164
vt 0.117172 0.195724
vt 0.041040 0.183210
vt 0.183757 0.206089
vt 0.692822 0.952003
vt 0.700950 0.983455
vt 0.683263 0.966365
vt 0.825985 0.864514
vt 0.825985 0.895958
vt 0.952896 0.895958
vt 0.952896 0.818351
vt 0.695431 0.882801
vt 0.688100 0.895958
vt 0.730628 0.897779
vt 0.731485 0.869765
vt 0.914486 0.983455
vt 0.914486 0.920593
vt 0.991911 0.905442
vt 0.991911 0.983455
vt 0.799425 0.983455
vt 0.799425 0.956286
vt 0.747005 0.983455
vt 0.747005 0.951522
vt 0.711272 0.983455
vt 0.711272 0.951327
vt 0.681180 0.983455
vt 0.976272 0.895958
vt 0.976272 0.814480
vt 0.995114 0.895958
vt 0.995114 0.813147
vt 0.457593 0.069682
vt 0.486351 0.167917
vt 0.426131 0.128841
vt 0.364052 0.052866
vt 0.392394 0.026662
vt 0.427760 0.046879
vt 0.827386 0.774103
vt 0.828934 0.817696
vt 0.756565 0.819329
vt 0.752827 0.775386
vt 0.764450 0.743546
vt 0.830774 0.726928
vt 0.827386 0.774103
vt 0.830774 0.726928
vt 0.909814 0.716909
vt 0.906762 0.767132
vt 0.904554 0.813204
vt 0.828934 0.817696
vt 0.861398 0.533427
vt 0.985144 0.533427
vt 0.923344 0.709114
vt 0.861398 0.533427
vt 0.985144 0.533427
vt 0.923344 0.709114
vt 0.861398 0.533427
vt 0.985144 0.533427
vt 0.923344 0.709114
vt 0.861398 0.533427
vt 0.985144 0.533427
vt 0.923344 0.709114
vt 0.861398 0.533427
vt 0.985144 0.533427
vt 0.923344 0.709114
vt 0.861398 0.533427
vt 0.985144 0.533427
vt 0.923344 0.709114
vt 0.861398 0.533427
vt 0.985144 0.533427
vt 0.923344 0.709114
vt 0.861398 0.533427
vt 0.985144 0.533427
vt 0.923344 0.709114
vt 0.861398 0.533427
vt 0.985144 0.533427
vt 0.923344 0.709114
vt 0.861398 0.533427
vt 0.985144 0.533427
vt 0.923344 0.709114
vt 0.861398 0.533427
vt 0.985144 0.533427
vt 0.923344 0.709114
vt 0.861398 0.533427
vt 0.985144 0.533427
vt 0.923344 0.709114
vt 0.861398 0.533427
vt 0.985144 0.533427
vt 0.923344 0.709114
vt 0.861398 0.533427
vt 0.985144 0.533427
vt 0.923344 0.709114
vt 0.861398 0.533427
vt 0.985144 0.533427
vt 0.923344 0.709114
vt 0.861398 0.533427
vt 0.985144 0.533427
vt 0.923344 0.709114
vt 0.861398 0.533427
vt 0.985144 0.533427
vt 0.923344 0.709114
vt 0.861398 0.533427
vt 0.985144 0.533427
vt 0.923344 0.709114
vt 0.861398 0.533427
vt 0.985144 0.533427
vt 0.923344 0.709114
vt 0.861398 0.533427
vt 0.985144 0.533427
vt 0.923344 0.709114
vt 0.861398 0.533427
vt 0.985144 0.533427
vt 0.923344 0.709114
vt 0.861398 0.533427
vt 0.985144 0.533427
vt 0.923344 0.709114
vt 0.861398 0.533427
vt 0.985144 0.533427
vt 0.923344 0.709114
vt 0.861398 0.533427
vt 0.985144 0.533427
vt 0.923344 0.709114
vt 0.113271 0.074265
vt 0.158127 0.122387
vt 0.201681 0.074265
vt 0.228370 0.127526
vt 0.158127 0.167153
vt 0.088074 0.128229
vt 0.365726 0.054593
vt 0.429465 0.048614
vt 0.337818 0.080484
vt 0.358835 0.140306
vt 0.307501 0.159416
vt 0.432168 0.197373
vt 0.397318 0.137044
vt 0.360325 0.200284
vt 0.473893 0.117389
vt 0.486496 0.170714
vt 0.438852 0.134997
vt 0.354674 0.143559
vt 0.305827 0.157688
vt 0.336143 0.078757
vt 0.431927 0.201483
vt 0.395644 0.135316
vt 0.358669 0.199678
vt 0.817424 0.191443
vt 0.760742 0.209460
vt 0.769765 0.251545
vt 0.836814 0.232710
vt 0.761571 0.175027
vt 0.835794 0.141423
vt 0.796584 0.417892
vt 0.821958 0.432496
vt 0.770205 0.357705
vt 0.754106 0.374910
vt 0.528979 0.731072
vt 0.501257 0.770378
vt 0.545755 0.751641
vt 0.936114 0.207782
vt 0.894920 0.196873
vt 0.905175 0.226202
vt 0.939188 0.227751
vt 0.917604 0.265245
vt 0.948488 0.261515
vt 0.754226 0.341022
vt 0.724524 0.360673
vt 0.799202 0.283790
vt 0.848680 0.262088
vt 0.798620 0.341841
vt 0.870620 0.300964
vt 0.956108 0.374107
vt 0.982312 0.353843
vt 0.860886 0.420760
vt 0.914654 0.394356
vt 0.415040 0.717747
vt 0.413990 0.763558
vt 0.412317 0.822026
vt 0.487554 0.798363
vt 0.193050 0.861084
vt 0.306225 0.812616
vt 0.212835 0.826333
vt 0.211419 0.790196
vt 0.513015 0.909931
vt 0.511963 0.950619
vt 0.606562 0.954872
vt 0.604284 0.914421
vt 0.870574 0.166572
vt 0.299645 0.945416
vt 0.183642 0.934887
vt 0.302218 0.905079
vt 0.187559 0.893437
vt 0.511796 0.870789
vt 0.489532 0.833597
vt 0.090800 0.875150
vt 0.091452 0.923130
vt 0.415081 0.909244
vt 0.413568 0.950751
vt 0.626485 0.807669
vt 0.634126 0.779178
vt 0.615639 0.783868
vt 0.595279 0.772199
vt 0.621223 0.744970
vt 0.776295 0.283836
vt 0.779129 0.309747
vt 0.576395 0.736322
vt 0.661791 0.755605
vt 0.660190 0.797930
vt 0.659522 0.847838
vt 0.624457 0.844723
vt 0.602620 0.871932
vt 0.572170 0.760597
vt 0.771500 0.327821
vt 0.974820 0.445801
vt 0.927725 0.425705
vt 0.942402 0.453893
vt 0.914893 0.456653
vt 0.934761 0.493705
vt 0.829752 0.501660
vt 0.827212 0.469379
vt 0.810423 0.472600
vt 0.847386 0.471778
vt 0.851740 0.518910
vt 0.847386 0.471778
vt 0.829752 0.501660
vt 0.962703 0.424029
vt 0.785954 0.456512
vt 0.999938 0.399554
vt 0.885852 0.469580
vt 0.908021 0.493750
vt 0.934761 0.493705
vt 0.914893 0.456653
vt 0.908021 0.493750
vt 0.885852 0.469580
vt 0.893092 0.506157
vt 0.908021 0.493750
vt 0.893092 0.506157
vt 0.885852 0.469580
vt 0.869756 0.491568
vt 0.869756 0.491568
vt 0.851740 0.518910
vt 0.302997 0.757542
vt 0.298854 0.719539
vt 0.062173 0.799639
vt 0.021820 0.800538
vt 0.091301 0.840519
vt 0.670268 0.316343
vt 0.653170 0.285733
vt 0.588553 0.300987
vt 0.585455 0.330212
vt 0.023782 0.857864
vt 0.199446 0.754947
vt 0.145503 0.722237
vt 0.731973 0.296676
vt 0.723777 0.255756
vt 0.724743 0.342603
vt 0.631881 0.359598
vt 0.572673 0.204538
vt 0.549809 0.134517
vt 0.508528 0.161240
vt 0.516832 0.219491
vt 0.672097 0.172986
vt 0.646599 0.097061
vt 0.574069 0.127848
vt 0.616897 0.185317
vt 0.718685 0.143222
vt 0.696005 0.110142
vt 0.689657 0.209139
vt 0.633621 0.223561
vt 0.581985 0.236479
vt 0.516886 0.245081
vt 0.723290 0.200458
vt 0.583436 0.084671
vt 0.599538 0.076733
vt 0.582681 0.025736
vt 0.616193 0.060766
vt 0.606697 0.034386
vt 0.703892 0.020373
vt 0.713032 0.064000
vt 0.714861 0.047563
vt 0.695699 0.071322
vt 0.703892 0.020373
vt 0.680916 0.036725
vt 0.695699 0.071322
vt 0.564431 0.103772
vt 0.565687 0.113787
vt 0.536994 0.106483
vt 0.543378 0.120310
vt 0.482708 0.117318
vt 0.487150 0.133009
vt 0.512997 0.111888
vt 0.629826 0.080958
vt 0.645725 0.073110
vt 0.644422 0.037012
vt 0.705627 0.100029
vt 0.686038 0.083751
vt 0.606697 0.034386
vt 0.616193 0.060766
vt 0.616029 0.020427
vt 0.616029 0.020427
vt 0.616029 0.020427
vt 0.644422 0.037012
vt 0.643665 0.026409
vt 0.643665 0.026409
vt 0.644422 0.037012
vt 0.655398 0.016468
vt 0.655398 0.016468
vt 0.680916 0.036725
vt 0.562909 0.306819
vt 0.529477 0.278126
vt 0.138800 0.743730
vt 0.097823 0.729994
vt 0.107670 0.754747
vt 0.054033 0.760102
vt 0.010890 0.759905
vt 0.500097 0.141129
vt 0.743951 0.206713
vt 0.752456 0.169639
vt 0.072197 0.775916
vt 0.504349 0.258183
vt 0.682986 0.948038
vt 0.686114 0.910101
vt 0.698658 0.803153
vt 0.699424 0.764886
vt 0.696396 0.853119
vt 0.703888 0.354914
vt 0.295349 0.541289
vt 0.185449 0.569378
vt 0.294777 0.588038
vt 0.791647 0.619058
vt 0.614277 0.609671
vt 0.794114 0.559627
vt 0.613858 0.547648
vt 0.792317 0.499935
vt 0.608774 0.490131
vt 0.433482 0.593486
vt 0.433060 0.541868
vt 0.034764 0.568336
vt 0.083880 0.466119
vt 0.086310 0.423369
vt 0.016223 0.417574
vt 0.011162 0.471358
vt 0.102196 0.259165
vt 0.026247 0.258809
vt 0.023207 0.303343
vt 0.086556 0.299272
vt 0.163031 0.292797
vt 0.171683 0.261645
vt 0.235289 0.313920
vt 0.242797 0.264776
vt 0.367492 0.291658
vt 0.367497 0.276010
vt 0.074489 0.358529
vt 0.149164 0.397938
vt 0.133940 0.358933
vt 0.124207 0.462641
vt 0.165572 0.426103
vt 0.163876 0.469361
vt 0.217273 0.345478
vt 0.240236 0.336536
vt 0.200155 0.358551
vt 0.368381 0.306572
vt 0.460380 0.295646
vt 0.458390 0.284161
vt 0.497226 0.284945
vt 0.493837 0.277811
vt 0.486231 0.266540
vt 0.459693 0.272242
vt 0.204982 0.377112
vt 0.202637 0.429391
vt 0.223703 0.424537
vt 0.194109 0.453107
vt 0.193484 0.465930
vt 0.207552 0.452305
vt 0.217924 0.442888
vt 0.231199 0.460761
vt 0.231052 0.442025
vt 0.282354 0.446766
vt 0.281532 0.423979
vt 0.405777 0.441418
vt 0.405558 0.425928
vt 0.406082 0.403778
vt 0.280521 0.391916
vt 0.284596 0.380653
vt 0.407212 0.391111
vt 0.458675 0.405173
vt 0.459815 0.391314
vt 0.457164 0.428752
vt 0.498359 0.404770
vt 0.501150 0.385881
vt 0.497857 0.430641
vt 0.523058 0.404502
vt 0.525126 0.389164
vt 0.520579 0.427599
vt 0.456439 0.443662
vt 0.501634 0.448643
vt 0.521226 0.443491
vt 0.547054 0.392387
vt 0.024100 0.356041
vt 0.692822 0.952003
vt 0.683263 0.966365
vt 0.825985 0.864514
vt 0.952896 0.818351
vt 0.695431 0.882801
vt 0.731485 0.869765
vt 0.991911 0.905442
vt 0.914486 0.920593
vt 0.799425 0.956286
vt 0.747005 0.951522
vt 0.711272 0.951327
vt 0.976272 0.814480
vt 0.995114 0.813147
vt 0.457593 0.069682
vt 0.426131 0.128841
vt 0.486351 0.167917
vt 0.364052 0.052866
vt 0.427760 0.046879
vt 0.392394 0.026662
vt 0.827386 0.774103
vt 0.752827 0.775386
vt 0.756565 0.819329
vt 0.828934 0.817696
vt 0.830774 0.726928
vt 0.764450 0.743546
vt 0.827386 0.774103
vt 0.906762 0.767132
vt 0.909814 0.716909
vt 0.830774 0.726928
vt 0.828934 0.817696
vt 0.904554 0.813204
vt 0.861398 0.533427
vt 0.923344 0.709114
vt 0.985144 0.533427
vt 0.861398 0.533427
vt 0.923344 0.709114
vt 0.985144 0.533427
vt 0.861398 0.533427
vt 0.923344 0.709114
vt 0.985144 0.533427
vt 0.861398 0.533427
vt 0.923344 0.709114
vt 0.985144 0.533427
vt 0.861398 0.533427
vt 0.923344 0.709114
vt 0.985144 0.533427
vt 0.861398 0.533427
vt 0.923344 0.709114
vt 0.985144 0.533427
vt 0.861398 0.533427
vt 0.923344 0.709114
vt 0.985144 0.533427
vt 0.861398 0.533427
vt 0.923344 0.709114
vt 0.985144 0.533427
vt 0.861398 0.533427
vt 0.923344 0.709114
vt 0.985144 0.533427
vt 0.861398 0.533427
vt 0.923344 0.709114
vt 0.985144 0.533427
vt 0.861398 0.533427
vt 0.923344 0.709114
vt 0.985144 0.533427
vt 0.861398 0.533427
vt 0.923344 0.709114
vt 0.985144 0.533427
vt 0.861398 0.533427
vt 0.923344 0.709114
vt 0.985144 0.533427
vt 0.861398 0.533427
vt 0.923344 0.709114
vt 0.985144 0.533427
vt 0.861398 0.533427
vt 0.923344 0.709114
vt 0.985144 0.533427
vt 0.861398 0.533427
vt 0.923344 0.709114
vt 0.985144 0.533427
vt 0.861398 0.533427
vt 0.923344 0.709114
vt 0.985144 0.533427
vt 0.861398 0.533427
vt 0.923344 0.709114
vt 0.985144 0.533427
vt 0.861398 0.533427
vt 0.923344 0.709114
vt 0.985144 0.533427
vt 0.861398 0.533427
vt 0.923344 0.709114
vt 0.985144 0.533427
vt 0.861398 0.533427
vt 0.923344 0.709114
vt 0.985144 0.533427
vt 0.861398 0.533427
vt 0.923344 0.709114
vt 0.985144 0.533427
vt 0.861398 0.533427
vt 0.923344 0.709114
vt 0.985144 0.533427
vt 0.861398 0.533427
vt 0.923344 0.709114
vt 0.985144 0.533427
vt 0.113271 0.074265
vt 0.201681 0.074265
vt 0.158127 0.122387
vt 0.228370 0.127526
vt 0.158127 0.167153
vt 0.088074 0.128229
vt 0.365726 0.054593
vt 0.337818 0.080484
vt 0.429465 0.048614
vt 0.358835 0.140306
vt 0.307501 0.159416
vt 0.397318 0.137044
vt 0.432168 0.197373
vt 0.360325 0.200284
vt 0.473893 0.117389
vt 0.438852 0.134997
vt 0.486496 0.170714
vt 0.354674 0.143559
vt 0.336143 0.078757
vt 0.305827 0.157688
vt 0.395644 0.135316
vt 0.431927 0.201483
vt 0.358669 0.199678
vn 0.08954 0.87921 0.46795
vn 0.06211 0.91631 0.39563
vn 0.66295 0.74589 0.06438
vn 0.35582 0.86632 0.35055
vn 0.20794 0.80539 0.55507
vn 0.04278 0.83456 0.54925
vn -0.76334 -0.60203 -0.23424
vn -0.73055 -0.54716 -0.40854
vn -0.16989 -0.83158 -0.52879
vn 0.14675 -0.94267 0.29974
vn 0.08582 0.29145 -0.95273
vn -0.37440 -0.25246 -0.89224
vn -0.34327 0.49749 -0.79666
vn -0.34327 0.49749 -0.79666
vn -0.78665 -0.19565 -0.58558
vn -0.82078 0.55692 -0.12708
vn -0.25719 0.96596 -0.02779
vn -0.73055 -0.54716 -0.40854
vn -0.97610 0.17848 -0.12397
vn -0.37440 -0.25246 -0.89224
vn -0.78665 -0.19565 -0.58558
vn 0.78347 0.62121 0.01681
vn 0.04016 0.96437 0.26148
vn -0.13621 0.98462 0.10944
vn 0.95580 0.13578 -0.26078
vn -0.76334 -0.60203 -0.23424
vn -0.87082 0.40929 -0.27231
vn 0.05197 0.96584 0.25386
vn 0.74880 0.01791 0.66255
vn 0.16113 0.56395 -0.80994
vn 0.05777 0.88891 -0.45443
vn -0.25719 0.96596 -0.02779
vn 0.08597 0.96416 0.25102
vn -0.06777 0.76972 0.63478
vn 0.15675 0.92664 0.34172
vn 0.03043 0.98466 0.17180
vn 0.45561 0.81163 -0.36562
vn 0.09280 0.77963 0.61932
vn 0.13114 0.78819 0.60130
vn 0.07001 0.45956 0.88538
vn 0.06592 0.42938 0.90071
vn 0.02463 -0.00000 0.99970
vn 0.05711 -0.00000 0.99837
vn 0.02316 0.94903 0.31434
vn -0.15318 0.00000 0.98820
vn -0.19191 0.45426 0.86995
vn -0.09993 0.43926 0.89278
vn -0.06119 -0.00000 0.99813
vn -0.16513 0.61137 0.77393
vn -0.05096 0.69275 0.71937
vn 0.15492 0.00000 -0.98793
vn 0.21457 0.00000 -0.97671
vn 0.04278 0.83456 0.54925
vn 0.02316 0.94903 0.31434
vn -0.28356 0.60589 0.74329
vn -0.24098 0.47639 0.84557
vn -0.23670 -0.00000 0.97158
vn 0.05918 0.76016 0.64704
vn -0.01532 0.42106 0.90690
vn 0.02009 -0.00000 0.99980
vn 0.66295 0.74589 0.06438
vn 0.92191 0.22336 -0.31655
vn 0.82922 0.31039 -0.46481
vn 0.76409 -0.02039 -0.64479
vn 0.48107 0.19443 -0.85485
vn 0.92191 0.22336 -0.31655
vn 0.76409 -0.02039 -0.64479
vn 0.31177 -0.00000 -0.95016
vn 0.29042 -0.00000 -0.95690
vn 0.19377 0.03056 -0.98057
vn 0.22144 0.00000 -0.97517
vn 0.17723 0.55168 -0.81501
vn 0.39304 0.86648 -0.30778
vn 0.26537 0.90294 0.33807
vn 0.35582 0.86632 0.35055
vn 0.20794 0.80539 0.55507
vn 0.29170 -0.29986 -0.90829
vn 0.29170 -0.29986 -0.90829
vn -0.50212 0.84370 -0.18986
vn 0.40787 0.64352 0.64770
vn -0.27912 0.92780 0.24756
vn 0.53032 0.30428 0.79131
vn 0.85432 -0.18432 0.48597
vn 0.05405 -0.84135 0.53779
vn -0.39352 -0.91931 0.00187
vn 0.06632 -0.84177 0.53574
vn 0.43185 -0.44181 0.78633
vn 0.82387 0.22390 0.52068
vn 0.82387 0.22390 0.52068
vn 0.82387 0.22390 0.52068
vn -0.84710 0.38382 -0.36756
vn -0.80349 -0.47967 -0.35259
vn -0.80349 -0.47967 -0.35259
vn 0.56613 0.02447 0.82395
vn 0.23881 0.89846 0.36843
vn 0.23881 0.89846 0.36843
vn 0.23881 0.89846 0.36843
vn 0.43117 0.11946 0.89433
vn 0.64330 -0.67807 0.35552
vn 0.64330 -0.67807 0.35552
vn 0.64330 -0.67807 0.35552
vn 0.63349 0.66373 0.39768
vn 0.63349 0.66373 0.39768
vn 0.63349 0.66373 0.39768
vn 0.44110 -0.51988 0.73155
vn 0.33840 -0.84104 0.42207
vn 0.02249 0.84250 -0.53823
vn -0.01174 0.53922 -0.84209
vn -0.07647 0.00000 -0.99707
vn -0.62875 0.76247 0.15269
vn -0.33788 0.67876 0.65202
vn -0.44285 0.89467 0.05873
vn -0.24782 0.78532 0.56733
vn -0.62875 0.76247 0.15269
vn -0.83016 0.55752 0.00312
vn 0.12000 0.92507 0.36034
vn -0.21381 0.65334 0.72624
vn 0.32943 0.44271 -0.83396
vn -0.09123 0.41800 -0.90385
vn -0.27655 0.00000 -0.96100
vn 0.15675 0.92664 0.34172
vn 0.45561 0.81163 -0.36562
vn -0.06777 0.76972 0.63478
vn -0.33788 0.67876 0.65202
vn -0.97893 0.20306 -0.02143
vn 0.10886 -0.97188 -0.20878
vn -0.29967 -0.94685 0.11694
vn -0.97620 0.07003 -0.20525
vn 0.96309 0.24237 -0.11709
vn 0.15659 0.98591 0.05889
vn -0.12208 0.97787 0.16988
vn 0.79774 -0.10211 0.59429
vn 0.10886 -0.97188 -0.20878
vn -0.29967 -0.94685 0.11694
vn -0.25188 0.94069 0.22728
vn 0.97084 0.23200 -0.06038
vn -0.97621 -0.05101 -0.21072
vn -0.11037 -0.42941 -0.89634
vn -0.11037 -0.42941 -0.89634
vn -0.45455 0.87017 -0.19023
vn 0.31676 0.66970 0.67169
vn -0.30246 0.91708 0.25978
vn 0.43970 0.32630 0.83677
vn 0.81141 -0.11068 0.57390
vn -0.08215 -0.88027 0.46731
vn -0.46162 -0.88461 -0.06607
vn -0.33341 -0.86582 0.37308
vn 0.31691 -0.47686 0.81986
vn 0.76835 0.18462 0.61282
vn 0.76835 0.18462 0.61282
vn 0.76835 0.18462 0.61282
vn -0.41649 0.86750 0.27199
vn -0.70740 0.69160 -0.14585
vn -0.96963 -0.10641 -0.22023
vn -0.90313 0.33614 -0.26713
vn -0.46162 -0.88461 -0.06607
vn -0.83290 -0.54598 -0.09048
vn -0.33341 -0.86582 0.37308
vn 0.45015 0.46825 0.76033
vn 0.60058 0.05770 0.79748
vn 0.51103 -0.01895 0.85936
vn 0.48959 -0.47250 0.73283
vn -0.22907 -0.95901 0.16681
vn 0.23154 0.87493 0.42531
vn 0.23154 0.87493 0.42531
vn 0.23154 0.87493 0.42531
vn 0.38537 0.11814 0.91517
vn 0.63037 -0.66739 0.39652
vn 0.63037 -0.66739 0.39652
vn 0.63037 -0.66739 0.39652
vn 0.61821 0.65061 0.44105
vn 0.61821 0.65061 0.44105
vn 0.61821 0.65061 0.44105
vn 0.39901 -0.49901 0.76927
vn 0.32451 -0.81003 0.48842
vn -0.68311 0.40487 -0.60782
vn -0.47694 -0.04117 -0.87797
vn 0.04106 0.02172 -0.99892
vn -0.47694 -0.04117 -0.87797
vn -0.36033 0.26594 -0.89411
vn -0.26012 0.00000 -0.96558
vn -0.26839 0.66334 -0.69853
vn -0.45583 0.52859 -0.71611
vn -0.23619 0.00000 -0.97171
vn -0.18915 -0.00000 0.98195
vn -0.22907 -0.95901 0.16681
vn 0.32943 0.44271 -0.83396
vn 0.04106 0.02172 -0.99892
vn -0.68311 0.40487 -0.60782
vn 0.04106 0.02172 -0.99892
vn 0.03305 0.78165 0.62284
vn 0.04764 0.41884 0.90681
vn 0.16705 0.63354 -0.75546
vn 0.17842 0.94708 -0.26686
vn 0.08403 0.98170 0.17087
vn -0.00287 0.00000 1.00000
vn 0.12196 0.00000 -0.99253
vn -0.34327 0.49749 -0.79666
vn -0.07776 0.92802 -0.36432
vn -0.10435 0.92053 0.37647
vn -0.09894 0.99198 0.07866
vn -0.18915 -0.00000 0.98195
vn -0.08943 -0.00000 0.99599
vn -0.12775 0.83146 0.54070
vn -0.21381 0.65334 0.72624
vn -0.17722 0.93124 -0.31840
vn -0.44285 0.89467 0.05873
vn -0.09734 0.61767 -0.78039
vn -0.26839 0.66334 -0.69853
vn -0.09132 0.93248 -0.34950
vn -0.10311 0.91077 0.39983
vn -0.14227 0.00000 0.98983
vn -0.17477 -0.00000 0.98461
vn -0.98933 0.00000 -0.14571
vn -0.27201 0.95180 -0.14172
vn -0.62117 0.00000 0.78367
vn -0.11313 -0.00000 0.99358
vn -0.07652 0.00000 -0.99707
vn -0.04446 0.00000 -0.99901
vn -0.63838 0.00000 -0.76972
vn -0.13242 0.00000 -0.99119
vn -0.07467 0.00000 -0.99721
vn -0.23619 0.00000 -0.97171
vn 0.04267 0.42031 0.90638
vn 0.04764 0.41884 0.90681
vn 0.03305 0.78165 0.62284
vn -0.04633 0.70020 0.71245
vn 0.22589 0.69785 -0.67969
vn 0.13398 0.92992 -0.34248
vn 0.17842 0.94708 -0.26686
vn 0.16705 0.63354 -0.75546
vn 0.28208 0.55639 -0.78157
vn 0.18872 0.91374 -0.35980
vn 0.29325 0.45917 -0.83855
vn 0.26413 0.85465 -0.44700
vn 0.13156 0.34517 -0.92928
vn 0.19145 0.86705 -0.45997
vn 0.04417 0.99216 0.11687
vn 0.09248 0.99569 -0.00749
vn 0.08730 0.95365 0.28797
vn -0.08660 0.36506 0.92695
vn 0.12075 0.65986 0.74162
vn -0.11409 0.25664 0.95975
vn 0.16674 0.98483 -0.04796
vn 0.27437 0.95340 -0.12546
vn 0.16207 0.98609 -0.03686
vn 0.20111 0.97791 -0.05701
vn 0.21949 0.89339 -0.39201
vn 0.15635 0.97280 -0.17094
vn 0.53234 0.83863 -0.11539
vn 0.65514 0.63359 -0.41153
vn 0.15793 0.52223 -0.83805
vn 0.48626 0.47323 -0.73457
vn 0.33967 0.00000 -0.94055
vn 0.19391 0.00000 -0.98102
vn 0.10308 -0.00000 -0.99467
vn 0.51109 0.00000 -0.85953
vn 0.17123 0.91790 0.35796
vn 0.08506 0.70593 0.70315
vn 0.23197 0.73326 0.63915
vn 0.24252 0.66108 0.71004
vn 0.05869 0.38710 0.92017
vn 0.19969 0.72013 0.66448
vn 0.29355 0.66491 0.68682
vn 0.16243 0.65002 0.74235
vn 0.19028 0.69967 0.68867
vn 0.19309 0.44251 0.87573
vn 0.14143 0.67554 0.72363
vn 0.01633 0.34925 0.93689
vn 0.06545 0.79249 0.60636
vn 0.19448 0.96395 0.18158
vn 0.13412 0.99018 -0.03948
vn 0.85634 0.00000 -0.51641
vn 0.98662 0.00000 -0.16306
vn 0.24376 0.87336 -0.42170
vn 0.06000 0.87380 -0.48256
vn -0.10103 0.98471 -0.14189
vn -0.07687 0.90733 -0.41333
vn -0.17875 0.85915 0.47949
vn 0.00863 0.81814 -0.57495
vn -0.02059 0.97592 -0.21714
vn -0.16892 0.87636 0.45107
vn 0.49222 0.74048 -0.45762
vn 0.64786 0.72547 -0.23232
vn 0.44997 0.83978 0.30379
vn -0.12175 0.45302 0.88315
vn -0.30964 0.47789 0.82204
vn 0.55198 0.36805 0.74824
vn 0.00751 -0.00000 0.99997
vn 0.17780 -0.00000 0.98407
vn 0.26162 0.00000 0.96517
vn -0.20556 0.00000 0.97864
vn 0.96834 -0.00000 0.24962
vn 0.68837 0.00000 0.72536
vn 0.91184 -0.00000 -0.41054
vn 0.80805 0.33709 -0.48315
vn 0.68316 0.00000 -0.73027
vn 0.08403 0.98170 0.17087
vn -0.09388 -0.00000 0.99558
vn -0.02547 -0.00000 0.99968
vn -0.27426 0.00000 0.96166
vn -0.02352 -0.00000 0.99972
vn 0.19636 0.00000 0.98053
vn 0.10228 0.00000 0.99476
vn -0.00287 0.00000 1.00000
vn 0.20521 -0.00000 -0.97872
vn 0.12196 0.00000 -0.99253
vn 0.33664 0.00000 -0.94163
vn -0.00147 -0.00658 -0.99998
vn 0.00328 -0.00000 -0.99999
vn 0.00502 -0.00561 -0.99997
vn -0.02539 0.00000 0.99968
vn -0.00881 0.00000 0.99996
vn 0.00462 0.00000 0.99999
vn 0.05130 0.00000 0.99868
vn 0.00000 -0.00000 1.00000
vn 0.00000 -0.00000 1.00000
vn 0.00259 -0.00000 1.00000
vn 0.00519 0.00000 0.99999
vn 0.10845 -0.00000 -0.99410
vn 0.04336 0.00000 -0.99906
vn 0.17280 0.00000 -0.98496
vn 0.17280 -0.00000 -0.98496
vn -0.00283 0.00000 -1.00000
vn 0.01597 0.00000 -0.99987
vn 0.02327 0.00000 -0.99973
vn 0.01177 0.00000 -0.99993
vn -0.00358 0.00000 -0.99999
vn -0.00720 0.00000 -0.99997
vn -0.00042 0.00000 -1.00000
vn 0.22990 -0.00000 0.97321
vn 0.22990 0.00000 0.97321
vn 0.35792 -0.00000 0.93375
vn 0.35791 0.00000 0.93375
vn -0.00013 -0.00052 -1.00000
vn -0.00028 -0.00224 -1.00000
vn -0.00201 -0.00079 -1.00000
vn 0.00033 0.00001 -1.00000
vn 0.00039 0.00001 -1.00000
vn 0.00035 0.00001 -1.00000
vn 0.17724 0.98388 -0.02385
vn 0.20713 0.97626 0.06338
vn 0.18545 0.98241 0.02180
vn 0.16445 0.98550 -0.04179
vn 0.16866 0.98323 -0.06940
vn 0.17183 0.98226 -0.07506
vn 0.29554 0.95273 -0.07039
vn 0.36378 0.93039 -0.04521
vn 0.33991 0.93635 -0.08777
vn 0.31421 0.93767 -0.14849
vn 0.25006 0.96679 -0.05269
vn 0.18254 0.98122 0.06238
vn 0.25697 0.96625 -0.01827
vn 0.25697 0.96625 -0.01827
vn 0.25697 0.96625 -0.01827
vn 0.25726 0.96625 0.01367
vn 0.25726 0.96625 0.01367
vn 0.25726 0.96625 0.01367
vn 0.25726 0.96625 0.01367
vn 0.25726 0.96625 0.01367
vn 0.25726 0.96625 0.01367
vn 0.25726 0.96625 0.01367
vn 0.25726 0.96625 0.01367
vn 0.25726 0.96625 0.01367
vn 0.22474 0.97435 0.01194
vn 0.22474 0.97435 0.01194
vn 0.22474 0.97435 0.01194
vn 0.41605 0.90926 0.01194
vn 0.41605 0.90926 0.01194
vn 0.41605 0.90926 0.01194
vn 0.25726 0.96625 0.01367
vn 0.25726 0.96625 0.01367
vn 0.25726 0.96625 0.01367
vn 0.13150 0.99124 0.01206
vn 0.13150 0.99124 0.01206
vn 0.13150 0.99124 0.01206
vn -0.02403 0.99910 0.03486
vn -0.02403 0.99910 0.03486
vn -0.02403 0.99910 0.03486
vn -0.01865 0.99910 0.03801
vn -0.01865 0.99910 0.03801
vn -0.01865 0.99910 0.03801
vn 0.64792 0.76156 0.01470
vn 0.64792 0.76156 0.01470
vn 0.64792 0.76156 0.01470
vn 0.44142 0.88405 0.15363
vn 0.44142 0.88405 0.15363
vn 0.44142 0.88405 0.15363
vn 0.19492 0.98081 0.00425
vn 0.19492 0.98081 0.00425
vn 0.19492 0.98081 0.00425
vn 0.34443 0.93649 -0.06602
vn 0.34443 0.93649 -0.06602
vn 0.34443 0.93649 -0.06602
vn 0.16959 0.98551 0.00202
vn 0.16959 0.98551 0.00202
vn 0.16959 0.98551 0.00202
vn 0.16935 0.98551 -0.00926
vn 0.16935 0.98551 -0.00926
vn 0.16935 0.98551 -0.00926
vn 0.16729 0.98586 -0.00926
vn 0.16729 0.98586 -0.00926
vn 0.16729 0.98586 -0.00926
vn 0.18051 0.98354 -0.00831
vn 0.18051 0.98354 -0.00831
vn 0.18051 0.98354 -0.00831
vn -0.08185 0.99661 -0.00831
vn -0.08185 0.99661 -0.00831
vn -0.08185 0.99661 -0.00831
vn 0.13908 0.99025 -0.00828
vn 0.13908 0.99025 -0.00828
vn 0.13908 0.99025 -0.00828
vn 0.26704 0.96365 -0.00828
vn 0.26704 0.96365 -0.00828
vn 0.26704 0.96365 -0.00828
vn 0.98372 0.04420 -0.17421
vn 0.98372 0.04420 -0.17421
vn 0.98372 0.04420 -0.17421
vn 0.47202 0.88001 -0.05274
vn 0.47202 0.88001 -0.05274
vn 0.47202 0.88001 -0.05274
vn 0.84884 0.52602 -0.05274
vn 0.84884 0.52602 -0.05274
vn 0.84884 0.52602 -0.05274
vn 0.35579 0.81498 0.45741
vn 0.16364 0.69402 0.70112
vn -0.03338 0.85413 0.51898
vn -0.20578 0.59180 0.77938
vn 0.16268 0.45426 0.87589
vn 0.48786 0.55500 0.67377
vn 0.00030 -0.00001 -1.00000
vn 0.00029 -0.00002 -1.00000
vn -0.00067 0.00054 -1.00000
vn -0.00239 0.00069 -1.00000
vn -0.00063 0.00211 -1.00000
vn -0.00059 -0.00131 -1.00000
vn -0.00266 -0.00017 -1.00000
vn -0.00056 0.00127 -1.00000
vn -0.00011 -0.00049 -1.00000
vn -0.00037 -0.00209 -1.00000
vn -0.00171 -0.00073 -1.00000
vn -0.00202 0.00062 -1.00000
vn -0.00059 0.00190 -1.00000
vn -0.00048 0.00048 -1.00000
vn -0.00053 -0.00116 -1.00000
vn -0.00235 -0.00015 -1.00000
vn -0.00051 0.00111 -1.00000
vn 0.08954 -0.87921 0.46795
vn 0.35582 -0.86632 0.35055
vn 0.66295 -0.74589 0.06438
vn 0.06211 -0.91631 0.39563
vn 0.20794 -0.80539 0.55507
vn 0.04278 -0.83456 0.54925
vn -0.76334 0.60203 -0.23424
vn 0.14675 0.94267 0.29974
vn -0.16989 0.83158 -0.52879
vn -0.73055 0.54716 -0.40854
vn 0.08582 -0.29145 -0.95273
vn -0.34327 -0.49749 -0.79666
vn -0.37440 0.25246 -0.89224
vn -0.34327 -0.49749 -0.79666
vn -0.25719 -0.96596 -0.02779
vn -0.82078 -0.55692 -0.12708
vn -0.78665 0.19565 -0.58558
vn -0.97610 -0.17848 -0.12397
vn -0.73055 0.54716 -0.40854
vn -0.37440 0.25246 -0.89224
vn -0.78665 0.19565 -0.58558
vn 0.78347 -0.62121 0.01681
vn 0.04016 -0.96437 0.26148
vn 0.95580 -0.13578 -0.26079
vn -0.13621 -0.98462 0.10944
vn -0.87082 -0.40929 -0.27231
vn -0.76334 0.60203 -0.23424
vn 0.74880 -0.01791 0.66255
vn 0.05197 -0.96584 0.25386
vn 0.16113 -0.56395 -0.80994
vn 0.05777 -0.88891 -0.45443
vn 0.08597 -0.96416 0.25102
vn -0.25719 -0.96596 -0.02779
vn -0.06777 -0.76972 0.63478
vn 0.03043 -0.98466 0.17180
vn 0.15675 -0.92664 0.34172
vn 0.45561 -0.81163 -0.36562
vn 0.09280 -0.77963 0.61932
vn 0.06592 -0.42938 0.90071
vn 0.07001 -0.45956 0.88538
vn 0.13114 -0.78819 0.60130
vn 0.02316 -0.94903 0.31434
vn -0.09993 -0.43926 0.89278
vn -0.19191 -0.45426 0.86995
vn -0.05096 -0.69275 0.71937
vn -0.16513 -0.61137 0.77393
vn 0.04278 -0.83456 0.54925
vn 0.02316 -0.94903 0.31434
vn -0.28356 -0.60589 0.74329
vn -0.24098 -0.47639 0.84557
vn 0.05918 -0.76016 0.64704
vn -0.01532 -0.42106 0.90690
vn 0.66295 -0.74589 0.06438
vn 0.82922 -0.31039 -0.46481
vn 0.92191 -0.22336 -0.31655
vn 0.76409 0.02039 -0.64479
vn 0.48107 -0.19443 -0.85485
vn 0.92191 -0.22336 -0.31655
vn 0.76409 0.02039 -0.64479
vn 0.19377 -0.03056 -0.98057
vn 0.17723 -0.55168 -0.81501
vn 0.39304 -0.86648 -0.30778
vn 0.26537 -0.90294 0.33807
vn 0.35582 -0.86632 0.35055
vn 0.20794 -0.80539 0.55507
vn 0.29170 0.29986 -0.90829
vn 0.29170 0.29986 -0.90829
vn -0.50212 -0.84370 -0.18986
vn -0.27912 -0.92780 0.24756
vn 0.40787 -0.64352 0.64770
vn 0.53032 -0.30429 0.79131
vn 0.85432 0.18432 0.48597
vn 0.05405 0.84135 0.53779
vn 0.06632 0.84177 0.53574
vn -0.39352 0.91931 0.00187
vn 0.43185 0.44181 0.78633
vn 0.82387 -0.22390 0.52068
vn 0.82387 -0.22390 0.52068
vn 0.82387 -0.22390 0.52068
vn -0.84710 -0.38382 -0.36756
vn -0.80349 0.47967 -0.35259
vn -0.80349 0.47967 -0.35259
vn 0.56613 -0.02447 0.82395
vn 0.23881 -0.89846 0.36843
vn 0.23881 -0.89846 0.36843
vn 0.23881 -0.89846 0.36843
vn 0.43117 -0.11946 0.89433
vn 0.64330 0.67807 0.35552
vn 0.64330 0.67807 0.35552
vn 0.64330 0.67807 0.35552
vn 0.63349 -0.66373 0.39768
vn 0.63349 -0.66373 0.39768
vn 0.63349 -0.66373 0.39768
vn 0.44110 0.51988 0.73155
vn 0.33840 0.84104 0.42207
vn 0.02249 -0.84250 -0.53823
vn -0.01174 -0.53922 -0.84209
vn -0.62875 -0.76247 0.15269
vn -0.44285 -0.89467 0.05873
vn -0.33788 -0.67876 0.65202
vn -0.24782 -0.78532 0.56733
vn 0.12000 -0.92507 0.36034
vn -0.83016 -0.55752 0.00312
vn -0.62875 -0.76247 0.15269
vn -0.21381 -0.65334 0.72624
vn 0.32943 -0.44271 -0.83396
vn -0.09123 -0.41800 -0.90385
vn 0.15675 -0.92664 0.34172
vn 0.45561 -0.81163 -0.36562
vn -0.06777 -0.76972 0.63478
vn -0.33788 -0.67876 0.65202
vn -0.97893 -0.20306 -0.02143
vn -0.97620 -0.07003 -0.20525
vn -0.29967 0.94685 0.11694
vn 0.10887 0.97188 -0.20878
vn 0.96309 -0.24237 -0.11709
vn 0.79774 0.10211 0.59429
vn -0.12208 -0.97787 0.16988
vn 0.15659 -0.98591 0.05889
vn 0.10887 0.97188 -0.20878
vn -0.29967 0.94685 0.11694
vn 0.97084 -0.23200 -0.06039
vn -0.25188 -0.94069 0.22728
vn -0.97621 0.05101 -0.21072
vn -0.11037 0.42941 -0.89634
vn -0.11037 0.42941 -0.89634
vn -0.45455 -0.87017 -0.19024
vn -0.30246 -0.91708 0.25978
vn 0.31676 -0.66970 0.67169
vn 0.43970 -0.32630 0.83677
vn 0.81141 0.11068 0.57390
vn -0.08215 0.88027 0.46731
vn -0.33341 0.86582 0.37308
vn -0.46162 0.88461 -0.06607
vn 0.31691 0.47686 0.81986
vn 0.76835 -0.18462 0.61282
vn 0.76835 -0.18462 0.61282
vn 0.76835 -0.18462 0.61282
vn -0.70740 -0.69160 -0.14585
vn -0.41649 -0.86750 0.27199
vn -0.90314 -0.33614 -0.26713
vn -0.96963 0.10641 -0.22023
vn -0.46162 0.88461 -0.06607
vn -0.33341 0.86582 0.37308
vn -0.83290 0.54598 -0.09048
vn 0.45015 -0.46825 0.76033
vn 0.60058 -0.05771 0.79748
vn 0.51103 0.01895 0.85936
vn -0.22907 0.95901 0.16681
vn 0.48959 0.47250 0.73283
vn 0.23154 -0.87493 0.42531
vn 0.23154 -0.87493 0.42531
vn 0.23154 -0.87493 0.42531
vn 0.38537 -0.11814 0.91517
vn 0.63037 0.66739 0.39652
vn 0.63037 0.66739 0.39652
vn 0.63037 0.66739 0.39652
vn 0.61821 -0.65061 0.44106
vn 0.61821 -0.65061 0.44106
vn 0.61821 -0.65061 0.44106
vn 0.39901 0.49901 0.76927
vn 0.32451 0.81003 0.48842
vn -0.68311 -0.40487 -0.60782
vn -0.47694 0.04117 -0.87797
vn 0.04106 -0.02172 -0.99892
vn -0.36033 -0.26594 -0.89411
vn -0.47694 0.04117 -0.87797
vn -0.45583 -0.52859 -0.71611
vn -0.26839 -0.66334 -0.69853
vn -0.22907 0.95901 0.16681
vn 0.32943 -0.44271 -0.83396
vn 0.04106 -0.02172 -0.99892
vn -0.68311 -0.40487 -0.60782
vn 0.04106 -0.02172 -0.99892
vn 0.04764 -0.41884 0.90681
vn 0.03305 -0.78165 0.62284
vn 0.17842 -0.94708 -0.26686
vn 0.16705 -0.63354 -0.75546
vn 0.08403 -0.98170 0.17087
vn -0.34327 -0.49749 -0.79666
vn -0.07776 -0.92802 -0.36432
vn -0.09894 -0.99198 0.07866
vn -0.10436 -0.92053 0.37647
vn -0.21381 -0.65334 0.72624
vn -0.12775 -0.83146 0.54070
vn -0.44285 -0.89467 0.05873
vn -0.17722 -0.93124 -0.31840
vn -0.26839 -0.66334 -0.69853
vn -0.09734 -0.61767 -0.78039
vn -0.10312 -0.91077 0.39983
vn -0.09132 -0.93248 -0.34950
vn -0.27201 -0.95180 -0.14172
vn 0.04267 -0.42031 0.90638
vn -0.04633 -0.70020 0.71245
vn 0.03305 -0.78165 0.62284
vn 0.04764 -0.41884 0.90681
vn 0.22589 -0.69785 -0.67969
vn 0.16705 -0.63354 -0.75546
vn 0.17842 -0.94708 -0.26686
vn 0.13398 -0.92992 -0.34248
vn 0.18872 -0.91374 -0.35980
vn 0.28208 -0.55639 -0.78158
vn 0.26413 -0.85465 -0.44700
vn 0.29325 -0.45917 -0.83855
vn 0.19145 -0.86705 -0.45997
vn 0.13156 -0.34517 -0.92928
vn 0.04417 -0.99216 0.11687
vn 0.08730 -0.95365 0.28797
vn 0.09248 -0.99569 -0.00749
vn -0.08660 -0.36506 0.92695
vn 0.12075 -0.65986 0.74162
vn -0.11409 -0.25664 0.95975
vn 0.16674 -0.98483 -0.04796
vn 0.27437 -0.95340 -0.12546
vn 0.16207 -0.98609 -0.03686
vn 0.20111 -0.97791 -0.05701
vn 0.15635 -0.97280 -0.17094
vn 0.21949 -0.89339 -0.39201
vn 0.53234 -0.83863 -0.11539
vn 0.65514 -0.63359 -0.41153
vn 0.48626 -0.47323 -0.73458
vn 0.15793 -0.52223 -0.83805
vn 0.17123 -0.91790 0.35796
vn 0.23197 -0.73326 0.63915
vn 0.08506 -0.70593 0.70315
vn 0.24252 -0.66108 0.71004
vn 0.05869 -0.38710 0.92017
vn 0.19969 -0.72013 0.66448
vn 0.29355 -0.66491 0.68682
vn 0.16243 -0.65002 0.74235
vn 0.19028 -0.69967 0.68867
vn 0.19309 -0.44251 0.87573
vn 0.14142 -0.67554 0.72363
vn 0.01633 -0.34925 0.93689
vn 0.06545 -0.79249 0.60636
vn 0.13412 -0.99018 -0.03948
vn 0.19448 -0.96395 0.18158
vn 0.24376 -0.87336 -0.42170
vn 0.06000 -0.87380 -0.48256
vn -0.10103 -0.98471 -0.14189
vn -0.07687 -0.90733 -0.41333
vn -0.17875 -0.85915 0.47949
vn -0.02059 -0.97592 -0.21714
vn 0.00863 -0.81814 -0.57495
vn -0.16892 -0.87636 0.45107
vn 0.64786 -0.72547 -0.23232
vn 0.49222 -0.74048 -0.45762
vn 0.44997 -0.83978 0.30379
vn -0.30964 -0.47789 0.82204
vn -0.12175 -0.45302 0.88315
vn 0.55198 -0.36805 0.74824
vn 0.80805 -0.33709 -0.48315
vn 0.08403 -0.98170 0.17087
vn -0.00147 0.00658 -0.99998
vn 0.00502 0.00561 -0.99997
vn -0.02539 0.00000 0.99968
vn 0.05130 0.00000 0.99868
vn 0.00000 -0.00000 1.00000
vn 0.00519 0.00000 0.99999
vn 0.17280 -0.00000 -0.98496
vn 0.04336 0.00000 -0.99906
vn 0.01597 0.00000 -0.99987
vn 0.01177 0.00000 -0.99993
vn -0.00720 0.00000 -0.99997
vn 0.22990 0.00000 0.97321
vn 0.35791 -0.00000 0.93375
vn -0.00013 0.00052 -1.00000
vn -0.00201 0.00079 -1.00000
vn -0.00028 0.00224 -1.00000
vn 0.00033 -0.00001 -1.00000
vn 0.00035 -0.00001 -1.00000
vn 0.00039 -0.00000 -1.00000
vn 0.17724 -0.98388 -0.02385
vn 0.16445 -0.98550 -0.04179
vn 0.18545 -0.98241 0.02180
vn 0.20713 -0.97626 0.06338
vn 0.17182 -0.98226 -0.07506
vn 0.16866 -0.98323 -0.06940
vn 0.29554 -0.95273 -0.07039
vn 0.31421 -0.93767 -0.14849
vn 0.33991 -0.93635 -0.08777
vn 0.36378 -0.93039 -0.04521
vn 0.18254 -0.98122 0.06238
vn 0.25006 -0.96680 -0.05269
vn 0.25697 -0.96625 -0.01827
vn 0.25697 -0.96625 -0.01827
vn 0.25697 -0.96625 -0.01827
vn 0.25726 -0.96625 0.01367
vn 0.25726 -0.96625 0.01367
vn 0.25726 -0.96625 0.01367
vn 0.25726 -0.96625 0.01367
vn 0.25726 -0.96625 0.01367
vn 0.25726 -0.96625 0.01367
vn 0.25726 -0.96625 0.01367
vn 0.25726 -0.96625 0.01367
vn 0.25726 -0.96625 0.01367
vn 0.22474 -0.97435 0.01194
vn 0.22474 -0.97435 0.01194
vn 0.22474 -0.97435 0.01194
vn 0.41605 -0.90926 0.01194
vn 0.41605 -0.90926 0.01194
vn 0.41605 -0.90926 0.01194
vn 0.25726 -0.96625 0.01367
vn 0.25726 -0.96625 0.01367
vn 0.25726 -0.96625 0.01367
vn 0.13150 -0.99124 0.01206
vn 0.13150 -0.99124 0.01206
vn 0.13150 -0.99124 0.01206
vn -0.02403 -0.99910 0.03486
vn -0.02403 -0.99910 0.03486
vn -0.02403 -0.99910 0.03486
vn -0.01865 -0.99910 0.03801
vn -0.01865 -0.99910 0.03801
vn -0.01865 -0.99910 0.03801
vn 0.64792 -0.76156 0.01470
vn 0.64792 -0.76156 0.01470
vn 0.64792 -0.76156 0.01470
vn 0.44142 -0.88405 0.15363
vn 0.44142 -0.88405 0.15363
vn 0.44142 -0.88405 0.15363
vn 0.19492 -0.98081 0.00425
vn 0.19492 -0.98081 0.00425
vn 0.19492 -0.98081 0.00425
vn 0.34443 -0.93649 -0.06602
vn 0.34443 -0.93649 -0.06602
vn 0.34443 -0.93649 -0.06602
vn 0.16959 -0.98551 0.00202
vn 0.16959 -0.98551 0.00202
vn 0.16959 -0.98551 0.00202
vn 0.16935 -0.98551 -0.00926
vn 0.16935 -0.98551 -0.00926
vn 0.16935 -0.98551 -0.00926
vn 0.16729 -0.98586 -0.00926
vn 0.16729 -0.98586 -0.00926
vn 0.16729 -0.98586 -0.00926
vn 0.18051 -0.98354 -0.00831
vn 0.18051 -0.98354 -0.00831
vn 0.18051 -0.98354 -0.00831
vn -0.08185 -0.99661 -0.00831
vn -0.08185 -0.99661 -0.00831
vn -0.08185 -0.99661 -0.00831
vn 0.13908 -0.99025 -0.00828
vn 0.13908 -0.99025 -0.00828
vn 0.13908 -0.99025 -0.00828
vn 0.26704 -0.96365 -0.00828
vn 0.26704 -0.96365 -0.00828
vn 0.26704 -0.96365 -0.00828
vn 0.98372 -0.04420 -0.17421
vn 0.98372 -0.04420 -0.17421
vn 0.98372 -0.04420 -0.17421
vn 0.47202 -0.88001 -0.05274
vn 0.47202 -0.88001 -0.05274
vn 0.47202 -0.88001 -0.05274
vn 0.84884 -0.52602 -0.05274
vn 0.84884 -0.52602 -0.05274
vn 0.84884 -0.52602 -0.05274
vn 0.35579 -0.81498 0.45741
vn -0.03338 -0.85413 0.51898
vn 0.16364 -0.69402 0.70112
vn -0.20578 -0.59180 0.77938
vn 0.16268 -0.45426 0.87589
vn 0.48786 -0.55500 0.67377
vn 0.00030 0.00001 -1.00000
vn -0.00067 -0.00054 -1.00000
vn 0.00029 0.00002 -1.00000
vn -0.00239 -0.00069 -1.00000
vn -0.00063 -0.00211 -1.00000
vn -0.00266 0.00017 -1.00000
vn -0.00059 0.00131 -1.00000
vn -0.00056 -0.00127 -1.00000
vn -0.00011 0.00049 -1.00000
vn -0.00171 0.00073 -1.00000
vn -0.00037 0.00209 -1.00000
vn -0.00202 -0.00062 -1.00000
vn -0.00048 -0.00048 -1.00000
vn -0.00059 -0.00190 -1.00000
vn -0.00235 0.00015 -1.00000
vn -0.00053 0.00116 -1.00000
vn -0.00051 -0.00111 -1.00000
f 168/168/168 169/169/169 170/170/170
f 602/602/602 603/603/603 604/604/604
f 587/587/587 586/586/586 588/588/588
f 586/586/586 587/587/587 575/575/575
f 577/577/577 593/593/593 594/594/594
f 564/564/564 594/594/594 593/593/593
f 577/577/577 595/595/595 601/601/601
f 594/594/594 595/595/595 577/577/577
f 577/577/577 578/578/578 576/576/576
f 575/575/575 577/577/577 576/576/576
f 575/575/575 574/574/574 586/586/586
f 574/574/574 575/575/575 576/576/576
f 595/595/595 594/594/594 597/597/597
f 597/597/597 582/582/582 595/595/595
f 595/595/595 582/582/582 608/608/608
f 564/564/564 597/597/597 594/594/594
f 580/580/580 582/582/582 597/597/597
f 597/597/597 596/596/596 580/580/580
f 597/597/597 564/564/564 568/568/568
f 568/568/568 596/596/596 597/597/597
f 582/582/582 609/609/609 608/608/608
f 579/579/579 582/582/582 580/580/580
f 579/579/579 580/580/580 581/581/581
f 567/567/567 568/568/568 564/564/564
f 564/564/564 563/563/563 567/567/567
f 569/569/569 573/573/573 567/567/567
f 567/567/567 563/563/563 569/569/569
f 569/569/569 556/556/556 573/573/573
f 573/573/573 556/556/556 618/618/618
f 618/618/618 619/619/619 573/573/573
f 153/153/153 140/140/140 142/142/142
f 142/142/142 152/152/152 153/153/153
f 140/140/140 141/141/141 142/142/142
f 152/152/152 142/142/142 143/143/143
f 142/142/142 141/141/141 143/143/143
f 143/143/143 141/141/141 144/144/144
f 143/143/143 167/167/167 161/161/161
f 143/143/143 161/161/161 160/160/160
f 160/160/160 159/159/159 143/143/143
f 143/143/143 159/159/159 152/152/152
f 161/161/161 148/148/148 162/162/162
f 162/162/162 160/160/160 161/161/161
f 161/161/161 174/174/174 148/148/148
f 132/132/132 160/160/160 162/162/162
f 132/132/132 159/159/159 160/160/160
f 147/147/147 163/163/163 162/162/162
f 162/162/162 148/148/148 147/147/147
f 162/162/162 163/163/163 134/134/134
f 134/134/134 132/132/132 162/162/162
f 148/148/148 174/174/174 175/175/175
f 145/145/145 147/147/147 148/148/148
f 145/145/145 146/146/146 147/147/147
f 132/132/132 134/134/134 133/133/133
f 133/133/133 129/129/129 132/132/132
f 136/136/136 129/129/129 133/133/133
f 133/133/133 139/139/139 136/136/136
f 136/136/136 139/139/139 122/122/122
f 139/139/139 188/188/188 187/187/187
f 187/187/187 122/122/122 139/139/139
f 515/515/515 516/516/516 517/517/517
f 474/474/474 473/473/473 527/527/527
f 527/527/527 529/529/529 474/474/474
f 465/465/465 473/473/473 474/474/474
f 474/474/474 466/466/466 465/465/465
f 465/465/465 466/466/466 464/464/464
f 530/530/530 523/523/523 541/541/541
f 523/523/523 542/542/542 541/541/541
f 455/455/455 521/521/521 523/523/523
f 520/520/520 523/523/523 521/521/521
f 521/521/521 455/455/455 522/522/522
f 522/522/522 455/455/455 454/454/454
f 454/454/454 455/455/455 456/456/456
f 520/520/520 521/521/521 522/522/522
f 454/454/454 528/528/528 522/522/522
f 456/456/456 457/457/457 454/454/454
f 514/514/514 467/467/467 456/456/456
f 457/457/457 456/456/456 467/467/467
f 467/467/467 468/468/468 457/457/457
f 467/467/467 627/627/627 468/468/468
f 79/79/79 80/80/80 81/81/81
f 26/26/26 93/93/93 91/91/91
f 91/91/91 27/27/27 26/26/26
f 26/26/26 27/27/27 19/19/19
f 19/19/19 18/18/18 26/26/26
f 15/15/15 18/18/18 19/19/19
f 87/87/87 105/105/105 106/106/106
f 94/94/94 105/105/105 87/87/87
f 87/87/87 86/86/86 10/10/10
f 84/84/84 86/86/86 87/87/87
f 84/84/84 85/85/85 86/86/86
f 86/86/86 85/85/85 10/10/10
f 7/7/7 10/10/10 85/85/85
f 9/9/9 10/10/10 7/7/7
f 85/85/85 92/92/92 7/7/7
f 7/7/7 8/8/8 9/9/9
f 9/9/9 20/20/20 78/78/78
f 20/20/20 9/9/9 8/8/8
f 8/8/8 21/21/21 20/20/20
f 20/20/20 21/21/21 198/198/198
f 149/149/149 150/150/150 151/151/151
f 583/583/583 584/584/584 585/585/585
f 309/309/309 329/329/329 328/328/328
f 328/328/328 310/310/310 309/309/309
f 309/309/309 310/310/310 311/311/311
f 328/328/328 329/329/329 327/327/327
f 701/701/701 310/310/310 328/328/328
f 328/328/328 711/711/711 701/701/701
f 328/328/328 326/326/326 710/710/710
f 710/710/710 711/711/711 328/328/328
f 327/327/327 326/326/326 328/328/328
f 702/702/702 330/330/330 310/310/310
f 701/701/701 702/702/702 310/310/310
f 311/311/311 310/310/310 330/330/330
f 709/709/709 710/710/710 326/326/326
f 326/326/326 324/324/324 709/709/709
f 326/326/326 327/327/327 325/325/325
f 605/605/605 606/606/606 607/607/607
f 171/171/171 172/172/172 173/173/173
f 325/325/325 324/324/324 326/326/326
f 708/708/708 709/709/709 324/324/324
f 324/324/324 320/320/320 708/708/708
f 321/321/321 320/320/320 324/324/324
f 324/324/324 325/325/325 321/321/321
f 707/707/707 708/708/708 320/320/320
f 320/320/320 323/323/323 707/707/707
f 322/322/322 323/323/323 320/320/320
f 320/320/320 321/321/321 322/322/322
f 786/786/786 787/787/787 788/788/788
f 407/407/407 408/408/408 409/409/409
f 535/535/535 536/536/536 537/537/537
f 99/99/99 100/100/100 101/101/101
f 756/756/756 757/757/757 758/758/758
f 377/377/377 378/378/378 379/379/379
f 759/759/759 760/760/760 761/761/761
f 380/380/380 381/381/381 382/382/382
f 590/590/590 591/591/591 592/592/592
f 598/598/598 599/599/599 600/600/600
f 164/164/164 165/165/165 166/166/166
f 313/313/313 312/312/312 319/319/319
f 314/314/314 315/315/315 312/312/312
f 312/312/312 313/313/313 314/314/314
f 313/313/313 318/318/318 706/706/706
f 706/706/706 703/703/703 313/313/313
f 314/314/314 313/313/313 703/703/703
f 319/319/319 318/318/318 313/313/313
f 318/318/318 319/319/319 316/316/316
f 318/318/318 317/317/317 705/705/705
f 705/705/705 706/706/706 318/318/318
f 316/316/316 317/317/317 318/318/318
f 703/703/703 704/704/704 314/314/314
f 331/331/331 314/314/314 704/704/704
f 315/315/315 314/314/314 331/331/331
f 331/331/331 332/332/332 315/315/315
f 612/612/612 554/554/554 613/613/613
f 109/109/109 120/120/120 554/554/554
f 613/613/613 614/614/614 612/612/612
f 613/613/613 615/615/615 620/620/620
f 620/620/620 614/614/614 613/613/613
f 613/613/613 181/181/181 184/184/184
f 615/615/615 613/613/613 184/184/184
f 120/120/120 181/181/181 613/613/613
f 180/180/180 181/181/181 120/120/120
f 120/120/120 119/119/119 180/180/180
f 119/119/119 120/120/120 109/109/109
f 109/109/109 108/108/108 119/119/119
f 119/119/119 118/118/118 178/178/178
f 180/180/180 119/119/119 178/178/178
f 119/119/119 108/108/108 107/107/107
f 107/107/107 118/118/118 119/119/119
f 108/108/108 30/30/30 31/31/31
f 31/31/31 107/107/107 108/108/108
f 107/107/107 36/36/36 37/37/37
f 37/37/37 118/118/118 107/107/107
f 36/36/36 107/107/107 31/31/31
f 31/31/31 33/33/33 36/36/36
f 32/32/32 33/33/33 31/31/31
f 31/31/31 13/13/13 32/32/32
f 13/13/13 31/31/31 30/30/30
f 58/58/58 50/50/50 36/36/36
f 36/36/36 33/33/33 58/58/58
f 34/34/34 36/36/36 50/50/50
f 35/35/35 37/37/37 36/36/36
f 34/34/34 35/35/35 36/36/36
f 33/33/33 53/53/53 38/38/38
f 38/38/38 58/58/58 33/33/33
f 54/54/54 33/33/33 32/32/32
f 53/53/53 33/33/33 54/54/54
f 50/50/50 58/58/58 59/59/59
f 41/41/41 59/59/59 58/58/58
f 58/58/58 38/38/38 41/41/41
f 50/50/50 49/49/49 34/34/34
f 59/59/59 47/47/47 50/50/50
f 49/49/49 50/50/50 47/47/47
f 111/111/111 34/34/34 49/49/49
f 49/49/49 55/55/55 111/111/111
f 55/55/55 49/49/49 46/46/46
f 47/47/47 46/46/46 49/49/49
f 48/48/48 47/47/47 59/59/59
f 47/47/47 48/48/48 45/45/45
f 45/45/45 46/46/46 47/47/47
f 59/59/59 60/60/60 48/48/48
f 60/60/60 59/59/59 41/41/41
f 499/499/499 490/490/490 48/48/48
f 48/48/48 60/60/60 499/499/499
f 45/45/45 48/48/48 490/490/490
f 57/57/57 45/45/45 491/491/491
f 490/490/490 491/491/491 45/45/45
f 46/46/46 45/45/45 57/57/57
f 57/57/57 56/56/56 46/46/46
f 46/46/46 56/56/56 55/55/55
f 68/68/68 69/69/69 65/65/65
f 507/507/507 458/458/458 460/460/460
f 460/460/460 513/513/513 507/507/507
f 504/504/504 507/507/507 513/513/513
f 51/51/51 477/477/477 458/458/458
f 459/459/459 458/458/458 477/477/477
f 458/458/458 459/459/459 460/460/460
f 51/51/51 109/109/109 544/544/544
f 544/544/544 477/477/477 51/51/51
f 51/51/51 30/30/30 108/108/108
f 108/108/108 109/109/109 51/51/51
f 478/478/478 477/477/477 544/544/544
f 477/477/477 478/478/478 459/459/459
f 480/480/480 459/459/459 478/478/478
f 544/544/544 543/543/543 478/478/478
f 478/478/478 543/543/543 482/482/482
f 482/482/482 479/479/479 478/478/478
f 478/478/478 479/479/479 480/480/480
f 554/554/554 544/544/544 109/109/109
f 543/543/543 544/544/544 554/554/554
f 554/554/554 553/553/553 543/543/543
f 543/543/543 553/553/553 484/484/484
f 484/484/484 482/482/482 543/543/543
f 554/554/554 612/612/612 553/553/553
f 613/613/613 554/554/554 120/120/120
f 199/199/199 201/201/201 221/221/221
f 221/221/221 219/219/219 199/199/199
f 218/218/218 210/210/210 199/199/199
f 199/199/199 219/219/219 218/218/218
f 211/211/211 200/200/200 199/199/199
f 199/199/199 210/210/210 211/211/211
f 199/199/199 200/200/200 201/201/201
f 201/201/201 213/213/213 216/216/216
f 216/216/216 215/215/215 201/201/201
f 221/221/221 201/201/201 215/215/215
f 213/213/213 201/201/201 200/200/200
f 212/212/212 200/200/200 211/211/211
f 200/200/200 212/212/212 213/213/213
f 204/204/204 211/211/211 210/210/210
f 211/211/211 217/217/217 212/212/212
f 12/12/12 11/11/11 70/70/70
f 70/70/70 11/11/11 52/52/52
f 11/11/11 30/30/30 51/51/51
f 51/51/51 52/52/52 11/11/11
f 30/30/30 11/11/11 13/13/13
f 11/11/11 12/12/12 13/13/13
f 70/70/70 77/77/77 12/12/12
f 77/77/77 70/70/70 65/65/65
f 52/52/52 68/68/68 70/70/70
f 65/65/65 70/70/70 68/68/68
f 52/52/52 458/458/458 507/507/507
f 507/507/507 68/68/68 52/52/52
f 458/458/458 52/52/52 51/51/51
f 504/504/504 69/69/69 68/68/68
f 68/68/68 507/507/507 504/504/504
f 180/180/180 184/184/184 181/181/181
f 178/178/178 179/179/179 180/180/180
f 184/184/184 616/616/616 615/615/615
f 546/546/546 615/615/615 616/616/616
f 620/620/620 615/615/615 546/546/546
f 546/546/546 545/545/545 620/620/620
f 545/545/545 546/546/546 547/547/547
f 492/492/492 482/482/482 481/481/481
f 481/481/481 482/482/482 483/483/483
f 482/482/482 492/492/492 498/498/498
f 499/499/499 498/498/498 492/492/492
f 498/498/498 479/479/479 482/482/482
f 483/483/483 482/482/482 484/484/484
f 479/479/479 498/498/498 485/485/485
f 486/486/486 485/485/485 498/498/498
f 498/498/498 499/499/499 486/486/486
f 486/486/486 499/499/499 60/60/60
f 60/60/60 43/43/43 486/486/486
f 487/487/487 486/486/486 43/43/43
f 485/485/485 486/486/486 487/487/487
f 485/485/485 494/494/494 479/479/479
f 512/512/512 494/494/494 485/485/485
f 485/485/485 488/488/488 512/512/512
f 487/487/487 488/488/488 485/485/485
f 495/495/495 480/480/480 479/479/479
f 494/494/494 495/495/495 479/479/479
f 510/510/510 512/512/512 488/488/488
f 488/488/488 623/623/623 510/510/510
f 623/623/623 488/488/488 487/487/487
f 622/622/622 487/487/487 42/42/42
f 487/487/487 622/622/622 623/623/623
f 43/43/43 42/42/42 487/487/487
f 510/510/510 623/623/623 626/626/626
f 509/509/509 510/510/510 626/626/626
f 511/511/511 512/512/512 510/510/510
f 500/500/500 511/511/511 510/510/510
f 510/510/510 509/509/509 500/500/500
f 626/626/626 624/624/624 509/509/509
f 217/217/217 211/211/211 204/204/204
f 637/637/637 630/630/630 212/212/212
f 212/212/212 217/217/217 637/637/637
f 213/213/213 212/212/212 630/630/630
f 216/216/216 213/213/213 629/629/629
f 630/630/630 629/629/629 213/213/213
f 628/628/628 630/630/630 637/637/637
f 628/628/628 629/629/629 630/630/630
f 638/638/638 637/637/637 632/632/632
f 632/632/632 637/637/637 217/217/217
f 637/637/637 638/638/638 628/628/628
f 217/217/217 203/203/203 632/632/632
f 204/204/204 203/203/203 217/217/217
f 632/632/632 634/634/634 638/638/638
f 633/633/633 634/634/634 632/632/632
f 632/632/632 631/631/631 633/633/633
f 632/632/632 203/203/203 202/202/202
f 202/202/202 631/631/631 632/632/632
f 628/628/628 638/638/638 218/218/218
f 636/636/636 218/218/218 638/638/638
f 638/638/638 634/634/634 636/636/636
f 635/635/635 636/636/636 634/634/634
f 634/634/634 633/633/633 635/635/635
f 218/218/218 636/636/636 222/222/222
f 223/223/223 222/222/222 636/636/636
f 224/224/224 241/241/241 300/300/300
f 300/300/300 304/304/304 224/224/224
f 225/225/225 224/224/224 304/304/304
f 227/227/227 241/241/241 224/224/224
f 226/226/226 227/227/227 224/224/224
f 224/224/224 225/225/225 226/226/226
f 300/300/300 241/241/241 243/243/243
f 243/243/243 241/241/241 242/242/242
f 242/242/242 241/241/241 227/227/227
f 238/238/238 227/227/227 226/226/226
f 227/227/227 240/240/240 242/242/242
f 240/240/240 227/227/227 238/238/238
f 226/226/226 298/298/298 238/238/238
f 230/230/230 229/229/229 238/238/238
f 238/238/238 298/298/298 230/230/230
f 6/6/6 44/44/44 1/1/1
f 17/17/17 2/2/2 1/1/1
f 1/1/1 44/44/44 17/17/17
f 6/6/6 1/1/1 5/5/5
f 5/5/5 1/1/1 4/4/4
f 3/3/3 4/4/4 1/1/1
f 1/1/1 2/2/2 3/3/3
f 3/3/3 22/22/22 66/66/66
f 22/22/22 3/3/3 2/2/2
f 2/2/2 17/17/17 16/16/16
f 16/16/16 23/23/23 2/2/2
f 2/2/2 23/23/23 22/22/22
f 16/16/16 17/17/17 14/14/14
f 23/23/23 16/16/16 19/19/19
f 19/19/19 16/16/16 15/15/15
f 453/453/453 448/448/448 489/489/489
f 462/462/462 489/489/489 448/448/448
f 448/448/448 451/451/451 462/462/462
f 453/453/453 452/452/452 448/448/448
f 452/452/452 449/449/449 448/448/448
f 450/450/450 451/451/451 448/448/448
f 448/448/448 449/449/449 450/450/450
f 450/450/450 505/505/505 469/469/469
f 451/451/451 450/450/450 469/469/469
f 451/451/451 470/470/470 463/463/463
f 463/463/463 462/462/462 451/451/451
f 469/469/469 470/470/470 451/451/451
f 461/461/461 462/462/462 463/463/463
f 465/465/465 463/463/463 470/470/470
f 464/464/464 463/463/463 465/465/465
f 789/789/789 790/790/790 791/791/791
f 410/410/410 411/411/411 412/412/412
f 753/753/753 754/754/754 755/755/755
f 374/374/374 375/375/375 376/376/376
f 687/687/687 688/688/688 686/686/686
f 686/686/686 683/683/683 687/687/687
f 683/683/683 686/686/686 685/685/685
f 685/685/685 684/684/684 683/683/683
f 684/684/684 685/685/685 662/662/662
f 662/662/662 670/670/670 684/684/684
f 655/655/655 670/670/670 662/662/662
f 662/662/662 656/656/656 655/655/655
f 648/648/648 656/656/656 662/662/662
f 662/662/662 660/660/660 648/648/648
f 670/670/670 655/655/655 658/658/658
f 658/658/658 655/655/655 641/641/641
f 655/655/655 656/656/656 654/654/654
f 654/654/654 641/641/641 655/655/655
f 647/647/647 654/654/654 656/656/656
f 656/656/656 648/648/648 647/647/647
f 646/646/646 700/700/700 654/654/654
f 654/654/654 647/647/647 646/646/646
f 642/642/642 641/641/641 654/654/654
f 654/654/654 700/700/700 642/642/642
f 641/641/641 657/657/657 658/658/658
f 641/641/641 640/640/640 657/657/657
f 640/640/640 641/641/641 642/642/642
f 659/659/659 658/658/658 657/657/657
f 300/300/300 657/657/657 640/640/640
f 659/659/659 657/657/657 300/300/300
f 640/640/640 304/304/304 300/300/300
f 304/304/304 640/640/640 643/643/643
f 642/642/642 643/643/643 640/640/640
f 643/643/643 305/305/305 304/304/304
f 304/304/304 305/305/305 225/225/225
f 646/646/646 647/647/647 644/644/644
f 644/644/644 645/645/645 646/646/646
f 649/649/649 644/644/644 647/647/647
f 647/647/647 648/648/648 649/649/649
f 306/306/306 644/644/644 649/649/649
f 645/645/645 644/644/644 306/306/306
f 306/306/306 307/307/307 645/645/645
f 649/649/649 308/308/308 306/306/306
f 231/231/231 307/307/307 306/306/306
f 308/308/308 649/649/649 651/651/651
f 651/651/651 649/649/649 648/648/648
f 650/650/650 648/648/648 660/660/660
f 648/648/648 650/650/650 651/651/651
f 651/651/651 254/254/254 308/308/308
f 255/255/255 254/254/254 651/651/651
f 651/651/651 653/653/653 255/255/255
f 652/652/652 653/653/653 651/651/651
f 651/651/651 650/650/650 652/652/652
f 308/308/308 254/254/254 234/234/234
f 234/234/234 254/254/254 255/255/255
f 256/256/256 255/255/255 653/653/653
f 236/236/236 255/255/255 256/256/256
f 255/255/255 236/236/236 234/234/234
f 653/653/653 669/669/669 256/256/256
f 669/669/669 653/653/653 652/652/652
f 257/257/257 256/256/256 669/669/669
f 252/252/252 256/256/256 257/257/257
f 780/780/780 781/781/781 782/782/782
f 401/401/401 402/402/402 403/403/403
f 777/777/777 778/778/778 779/779/779
f 398/398/398 399/399/399 400/400/400
f 774/774/774 775/775/775 776/776/776
f 395/395/395 396/396/396 397/397/397
f 239/239/239 238/238/238 229/229/229
f 238/238/238 239/239/239 240/240/240
f 258/258/258 242/242/242 240/240/240
f 240/240/240 239/239/239 246/246/246
f 246/246/246 258/258/258 240/240/240
f 229/229/229 233/233/233 239/239/239
f 246/246/246 239/239/239 233/233/233
f 232/232/232 233/233/233 229/229/229
f 229/229/229 228/228/228 232/232/232
f 228/228/228 229/229/229 230/230/230
f 230/230/230 231/231/231 228/228/228
f 232/232/232 228/228/228 306/306/306
f 306/306/306 228/228/228 231/231/231
f 234/234/234 232/232/232 308/308/308
f 306/306/306 308/308/308 232/232/232
f 233/233/233 232/232/232 234/234/234
f 233/233/233 244/244/244 246/246/246
f 244/244/244 233/233/233 235/235/235
f 234/234/234 235/235/235 233/233/233
f 246/246/246 275/275/275 271/271/271
f 271/271/271 258/258/258 246/246/246
f 272/272/272 271/271/271 275/275/275
f 275/275/275 276/276/276 272/272/272
f 271/271/271 268/268/268 259/259/259
f 259/259/259 258/258/258 271/271/271
f 783/783/783 784/784/784 785/785/785
f 404/404/404 405/405/405 406/406/406
f 524/524/524 525/525/525 526/526/526
f 88/88/88 89/89/89 90/90/90
f 725/725/725 721/721/721 720/720/720
f 720/720/720 724/724/724 725/725/725
f 722/722/722 723/723/723 720/720/720
f 720/720/720 721/721/721 722/722/722
f 345/345/345 346/346/346 341/341/341
f 341/341/341 344/344/344 345/345/345
f 343/343/343 344/344/344 341/341/341
f 341/341/341 342/342/342 343/343/343
f 768/768/768 769/769/769 770/770/770
f 389/389/389 390/390/390 391/391/391
f 95/95/95 96/96/96 97/97/97
f 531/531/531 532/532/532 533/533/533
f 365/365/365 366/366/366 367/367/367
f 744/744/744 745/745/745 746/746/746
f 681/681/681 679/679/679 290/290/290
f 301/301/301 696/696/696 681/681/681
f 681/681/681 289/289/289 301/301/301
f 290/290/290 289/289/289 681/681/681
f 689/689/689 682/682/682 681/681/681
f 681/681/681 696/696/696 689/689/689
f 683/683/683 682/682/682 689/689/689
f 692/692/692 689/689/689 696/696/696
f 689/689/689 692/692/692 690/690/690
f 690/690/690 687/687/687 689/689/689
f 689/689/689 687/687/687 683/683/683
f 697/697/697 696/696/696 301/301/301
f 696/696/696 697/697/697 692/692/692
f 695/695/695 692/692/692 697/697/697
f 690/690/690 692/692/692 695/695/695
f 301/301/301 292/292/292 697/697/697
f 697/697/697 292/292/292 291/291/291
f 291/291/291 698/698/698 697/697/697
f 697/697/697 698/698/698 695/695/695
f 693/693/693 695/695/695 293/293/293
f 293/293/293 695/695/695 698/698/698
f 695/695/695 693/693/693 690/690/690
f 698/698/698 291/291/291 294/294/294
f 698/698/698 294/294/294 293/293/293
f 288/288/288 294/294/294 291/291/291
f 286/286/286 288/288/288 291/291/291
f 291/291/291 292/292/292 286/286/286
f 185/185/185 57/57/57 497/497/497
f 491/491/491 497/497/497 57/57/57
f 56/56/56 57/57/57 185/185/185
f 491/491/491 493/493/493 496/496/496
f 496/496/496 497/497/497 491/491/491
f 493/493/493 491/491/491 490/490/490
f 492/492/492 490/490/490 499/499/499
f 490/490/490 492/492/492 493/493/493
f 481/481/481 493/493/493 492/492/492
f 547/547/547 496/496/496 493/493/493
f 493/493/493 481/481/481 547/547/547
f 497/497/497 496/496/496 552/552/552
f 546/546/546 552/552/552 496/496/496
f 496/496/496 547/547/547 546/546/546
f 497/497/497 552/552/552 185/185/185
f 185/185/185 117/117/117 56/56/56
f 56/56/56 117/117/117 55/55/55
f 55/55/55 117/117/117 112/112/112
f 112/112/112 111/111/111 55/55/55
f 189/189/189 110/110/110 112/112/112
f 112/112/112 183/183/183 189/189/189
f 112/112/112 182/182/182 183/183/183
f 110/110/110 111/111/111 112/112/112
f 180/180/180 179/179/179 189/189/189
f 189/189/189 183/183/183 180/180/180
f 184/184/184 180/180/180 183/183/183
f 183/183/183 182/182/182 184/184/184
f 741/741/741 742/742/742 743/743/743
f 362/362/362 363/363/363 364/364/364
f 353/353/353 354/354/354 355/355/355
f 732/732/732 733/733/733 734/734/734
f 738/738/738 739/739/739 740/740/740
f 359/359/359 360/360/360 361/361/361
f 735/735/735 736/736/736 737/737/737
f 356/356/356 357/357/357 358/358/358
f 509/509/509 624/624/624 625/625/625
f 625/625/625 508/508/508 509/509/509
f 501/501/501 500/500/500 509/509/509
f 504/504/504 501/501/501 509/509/509
f 509/509/509 508/508/508 504/504/504
f 500/500/500 501/501/501 502/502/502
f 501/501/501 504/504/504 503/503/503
f 503/503/503 502/502/502 501/501/501
f 513/513/513 503/503/503 504/504/504
f 504/504/504 508/508/508 71/71/71
f 71/71/71 69/69/69 504/504/504
f 197/197/197 71/71/71 508/508/508
f 508/508/508 625/625/625 197/197/197
f 72/72/72 71/71/71 197/197/197
f 65/65/65 69/69/69 71/71/71
f 71/71/71 72/72/72 65/65/65
f 197/197/197 193/193/193 72/72/72
f 73/73/73 72/72/72 193/193/193
f 65/65/65 72/72/72 73/73/73
f 65/65/65 64/64/64 77/77/77
f 73/73/73 63/63/63 65/65/65
f 64/64/64 65/65/65 63/63/63
f 73/73/73 194/194/194 195/195/195
f 195/195/195 74/74/74 73/73/73
f 193/193/193 194/194/194 73/73/73
f 61/61/61 73/73/73 74/74/74
f 63/63/63 73/73/73 61/61/61
f 63/63/63 62/62/62 64/64/64
f 61/61/61 62/62/62 63/63/63
f 74/74/74 75/75/75 61/61/61
f 74/74/74 195/195/195 191/191/191
f 74/74/74 191/191/191 39/39/39
f 39/39/39 76/76/76 74/74/74
f 75/75/75 74/74/74 76/76/76
f 191/191/191 192/192/192 40/40/40
f 40/40/40 39/39/39 191/191/191
f 76/76/76 39/39/39 38/38/38
f 38/38/38 39/39/39 40/40/40
f 38/38/38 53/53/53 76/76/76
f 40/40/40 41/41/41 38/38/38
f 42/42/42 40/40/40 192/192/192
f 43/43/43 41/41/41 40/40/40
f 40/40/40 42/42/42 43/43/43
f 192/192/192 196/196/196 42/42/42
f 42/42/42 196/196/196 622/622/622
f 41/41/41 43/43/43 60/60/60
f 809/809/809 804/804/804 806/806/806
f 804/804/804 805/805/805 806/806/806
f 808/808/808 809/809/809 806/806/806
f 805/805/805 807/807/807 806/806/806
f 807/807/807 808/808/808 806/806/806
f 430/430/430 426/426/426 425/425/425
f 425/425/425 426/426/426 427/427/427
f 429/429/429 426/426/426 430/430/430
f 427/427/427 426/426/426 428/428/428
f 428/428/428 426/426/426 429/429/429
f 538/538/538 539/539/539 540/540/540
f 102/102/102 103/103/103 104/104/104
f 731/731/731 727/727/727 726/726/726
f 726/726/726 730/730/730 731/731/731
f 728/728/728 729/729/729 726/726/726
f 726/726/726 727/727/727 728/728/728
f 351/351/351 352/352/352 347/347/347
f 347/347/347 350/350/350 351/351/351
f 349/349/349 350/350/350 347/347/347
f 347/347/347 348/348/348 349/349/349
f 114/114/114 113/113/113 124/124/124
f 113/113/113 123/123/123 124/124/124
f 123/123/123 113/113/113 121/121/121
f 121/121/121 113/113/113 116/116/116
f 115/115/115 116/116/116 113/113/113
f 113/113/113 114/114/114 115/115/115
f 114/114/114 176/176/176 115/115/115
f 138/138/138 115/115/115 176/176/176
f 115/115/115 138/138/138 137/137/137
f 135/135/135 116/116/116 115/115/115
f 115/115/115 137/137/137 135/135/135
f 136/136/136 122/122/122 116/116/116
f 116/116/116 135/135/135 136/136/136
f 116/116/116 122/122/122 121/121/121
f 135/135/135 137/137/137 125/125/125
f 551/551/551 558/558/558 548/548/548
f 548/548/548 558/558/558 557/557/557
f 557/557/557 555/555/555 548/548/548
f 549/549/549 548/548/548 555/555/555
f 550/550/550 551/551/551 548/548/548
f 548/548/548 549/549/549 550/550/550
f 551/551/551 550/550/550 610/610/610
f 610/610/610 550/550/550 572/572/572
f 550/550/550 571/571/571 572/572/572
f 570/570/570 571/571/571 550/550/550
f 550/550/550 549/549/549 570/570/570
f 569/569/569 570/570/570 549/549/549
f 549/549/549 556/556/556 569/569/569
f 555/555/555 556/556/556 549/549/549
f 570/570/570 566/566/566 559/559/559
f 713/713/713 333/333/333 331/331/331
f 331/331/331 712/712/712 713/713/713
f 704/704/704 712/712/712 331/331/331
f 334/334/334 332/332/332 331/331/331
f 331/331/331 333/333/333 334/334/334
f 792/792/792 793/793/793 794/794/794
f 413/413/413 414/414/414 415/415/415
f 338/338/338 340/340/340 439/439/439
f 439/439/439 444/444/444 338/338/338
f 338/338/338 339/339/339 340/340/340
f 444/444/444 439/439/439 441/441/441
f 441/441/441 442/442/442 444/444/444
f 442/442/442 443/443/443 444/444/444
f 439/439/439 440/440/440 441/441/441
f 446/446/446 442/442/442 441/441/441
f 441/441/441 445/445/445 446/446/446
f 446/446/446 447/447/447 442/442/442
f 717/717/717 822/822/822 818/818/818
f 818/818/818 718/718/718 717/717/717
f 717/717/717 718/718/718 719/719/719
f 822/822/822 821/821/821 819/819/819
f 819/819/819 818/818/818 822/822/822
f 821/821/821 822/822/822 823/823/823
f 818/818/818 819/819/819 820/820/820
f 824/824/824 819/819/819 821/821/821
f 819/819/819 824/824/824 825/825/825
f 824/824/824 821/821/821 826/826/826
f 715/715/715 714/714/714 811/811/811
f 714/714/714 812/812/812 810/810/810
f 810/810/810 811/811/811 714/714/714
f 714/714/714 715/715/715 716/716/716
f 815/815/815 715/715/715 813/813/813
f 715/715/715 815/815/815 816/816/816
f 811/811/811 813/813/813 715/715/715
f 813/813/813 811/811/811 814/814/814
f 815/815/815 813/813/813 817/817/817
f 433/433/433 335/335/335 337/337/337
f 335/335/335 433/433/433 431/431/431
f 431/431/431 432/432/432 335/335/335
f 335/335/335 336/336/336 337/337/337
f 434/434/434 435/435/435 433/433/433
f 337/337/337 434/434/434 433/433/433
f 437/437/437 434/434/434 337/337/337
f 337/337/337 436/436/436 437/437/437
f 437/437/437 438/438/438 434/434/434
f 256/256/256 252/252/252 236/236/236
f 237/237/237 236/236/236 252/252/252
f 234/234/234 236/236/236 237/237/237
f 237/237/237 235/235/235 234/234/234
f 252/252/252 248/248/248 237/237/237
f 249/249/249 247/247/247 237/237/237
f 237/237/237 248/248/248 249/249/249
f 237/237/237 247/247/247 245/245/245
f 245/245/245 235/235/235 237/237/237
f 257/257/257 253/253/253 252/252/252
f 252/252/252 253/253/253 251/251/251
f 251/251/251 248/248/248 252/252/252
f 248/248/248 251/251/251 250/250/250
f 250/250/250 249/249/249 248/248/248
f 251/251/251 253/253/253 257/257/257
f 257/257/257 273/273/273 251/251/251
f 274/274/274 250/250/250 251/251/251
f 14/14/14 15/15/15 16/16/16
f 19/19/19 24/24/24 23/23/23
f 25/25/25 22/22/22 23/23/23
f 23/23/23 24/24/24 25/25/25
f 66/66/66 22/22/22 25/25/25
f 25/25/25 67/67/67 66/66/66
f 25/25/25 78/78/78 67/67/67
f 78/78/78 25/25/25 9/9/9
f 25/25/25 29/29/29 10/10/10
f 10/10/10 9/9/9 25/25/25
f 28/28/28 29/29/29 25/25/25
f 25/25/25 24/24/24 28/28/28
f 24/24/24 19/19/19 27/27/27
f 27/27/27 28/28/28 24/24/24
f 82/82/82 29/29/29 28/28/28
f 28/28/28 81/81/81 82/82/82
f 28/28/28 27/27/27 91/91/91
f 91/91/91 81/81/81 28/28/28
f 29/29/29 94/94/94 87/87/87
f 10/10/10 29/29/29 87/87/87
f 29/29/29 82/82/82 94/94/94
f 98/98/98 94/94/94 82/82/82
f 82/82/82 80/80/80 83/83/83
f 81/81/81 80/80/80 82/82/82
f 79/79/79 81/81/81 91/91/91
f 463/463/463 464/464/464 461/461/461
f 470/470/470 472/472/472 465/465/465
f 471/471/471 472/472/472 470/470/470
f 470/470/470 469/469/469 471/471/471
f 471/471/471 469/469/469 505/505/505
f 505/505/505 506/506/506 471/471/471
f 471/471/471 506/506/506 514/514/514
f 456/456/456 471/471/471 514/514/514
f 471/471/471 456/456/456 455/455/455
f 455/455/455 475/475/475 471/471/471
f 476/476/476 472/472/472 471/471/471
f 471/471/471 475/475/475 476/476/476
f 472/472/472 476/476/476 473/473/473
f 473/473/473 465/465/465 472/472/472
f 518/518/518 516/516/516 476/476/476
f 476/476/476 475/475/475 518/518/518
f 476/476/476 516/516/516 527/527/527
f 527/527/527 473/473/473 476/476/476
f 475/475/475 523/523/523 530/530/530
f 523/523/523 475/475/475 455/455/455
f 475/475/475 530/530/530 518/518/518
f 534/534/534 518/518/518 530/530/530
f 518/518/518 519/519/519 517/517/517
f 516/516/516 518/518/518 517/517/517
f 515/515/515 527/527/527 516/516/516
f 371/371/371 372/372/372 373/373/373
f 750/750/750 751/751/751 752/752/752
f 268/268/268 271/271/271 272/272/272
f 258/258/258 260/260/260 242/242/242
f 258/258/258 259/259/259 260/260/260
f 260/260/260 259/259/259 266/266/266
f 266/266/266 259/259/259 268/268/268
f 272/272/272 270/270/270 268/268/268
f 268/268/268 270/270/270 269/269/269
f 269/269/269 267/267/267 268/268/268
f 268/268/268 267/267/267 266/266/266
f 266/266/266 264/264/264 260/260/260
f 266/266/266 267/267/267 265/265/265
f 266/266/266 265/265/265 263/263/263
f 263/263/263 264/264/264 266/266/266
f 261/261/261 260/260/260 264/264/264
f 261/261/261 242/242/242 260/260/260
f 262/262/262 243/243/243 242/242/242
f 242/242/242 261/261/261 262/262/262
f 264/264/264 263/263/263 261/261/261
f 263/263/263 262/262/262 261/261/261
f 262/262/262 263/263/263 265/265/265
f 303/303/303 265/265/265 267/267/267
f 262/262/262 265/265/265 303/303/303
f 267/267/267 290/290/290 303/303/303
f 290/290/290 267/267/267 269/269/269
f 679/679/679 677/677/677 303/303/303
f 303/303/303 290/290/290 679/679/679
f 303/303/303 677/677/677 674/674/674
f 674/674/674 302/302/302 303/303/303
f 303/303/303 302/302/302 262/262/262
f 262/262/262 302/302/302 299/299/299
f 299/299/299 243/243/243 262/262/262
f 243/243/243 299/299/299 300/300/300
f 674/674/674 659/659/659 299/299/299
f 299/299/299 302/302/302 674/674/674
f 300/300/300 299/299/299 659/659/659
f 674/674/674 677/677/677 675/675/675
f 675/675/675 673/673/673 674/674/674
f 674/674/674 673/673/673 658/658/658
f 658/658/658 659/659/659 674/674/674
f 678/678/678 677/677/677 679/679/679
f 675/675/675 677/677/677 678/678/678
f 678/678/678 676/676/676 675/675/675
f 673/673/673 675/675/675 676/676/676
f 676/676/676 671/671/671 673/673/673
f 673/673/673 671/671/671 658/658/658
f 671/671/671 676/676/676 678/678/678
f 678/678/678 672/672/672 671/671/671
f 678/678/678 679/679/679 680/680/680
f 680/680/680 672/672/672 678/678/678
f 670/670/670 671/671/671 672/672/672
f 670/670/670 658/658/658 671/671/671
f 684/684/684 670/670/670 672/672/672
f 672/672/672 680/680/680 684/684/684
f 683/683/683 684/684/684 680/680/680
f 680/680/680 682/682/682 683/683/683
f 680/680/680 679/679/679 681/681/681
f 681/681/681 682/682/682 680/680/680
f 392/392/392 393/393/393 394/394/394
f 771/771/771 772/772/772 773/773/773
f 125/125/125 130/130/130 135/135/135
f 136/136/136 135/135/135 130/130/130
f 126/126/126 125/125/125 137/137/137
f 137/137/137 138/138/138 126/126/126
f 177/177/177 190/190/190 138/138/138
f 176/176/176 177/177/177 138/138/138
f 125/125/125 126/126/126 127/127/127
f 125/125/125 128/128/128 131/131/131
f 131/131/131 130/130/130 125/125/125
f 127/127/127 128/128/128 125/125/125
f 130/130/130 129/129/129 136/136/136
f 129/129/129 130/130/130 131/131/131
f 131/131/131 152/152/152 159/159/159
f 159/159/159 132/132/132 131/131/131
f 131/131/131 128/128/128 154/154/154
f 154/154/154 152/152/152 131/131/131
f 131/131/131 132/132/132 129/129/129
f 154/154/154 128/128/128 127/127/127
f 127/127/127 186/186/186 154/154/154
f 157/157/157 155/155/155 154/154/154
f 154/154/154 186/186/186 158/158/158
f 158/158/158 157/157/157 154/154/154
f 152/152/152 154/154/154 155/155/155
f 156/156/156 157/157/157 158/158/158
f 155/155/155 153/153/153 152/152/152
f 636/636/636 635/635/635 223/223/223
f 218/218/218 219/219/219 628/628/628
f 218/218/218 222/222/222 208/208/208
f 210/210/210 218/218/218 208/208/208
f 208/208/208 222/222/222 223/223/223
f 223/223/223 209/209/209 208/208/208
f 208/208/208 206/206/206 210/210/210
f 206/206/206 208/208/208 209/209/209
f 210/210/210 206/206/206 204/204/204
f 209/209/209 207/207/207 206/206/206
f 204/204/204 206/206/206 207/207/207
f 207/207/207 205/205/205 204/204/204
f 204/204/204 205/205/205 202/202/202
f 202/202/202 203/203/203 204/204/204
f 628/628/628 219/219/219 221/221/221
f 221/221/221 629/629/629 628/628/628
f 221/221/221 220/220/220 639/639/639
f 639/639/639 629/629/629 221/221/221
f 215/215/215 220/220/220 221/221/221
f 629/629/629 639/639/639 216/216/216
f 639/639/639 220/220/220 214/214/214
f 214/214/214 216/216/216 639/639/639
f 215/215/215 214/214/214 220/220/220
f 214/214/214 215/215/215 216/216/216
f 559/559/559 571/571/571 570/570/570
f 566/566/566 570/570/570 569/569/569
f 562/562/562 572/572/572 571/571/571
f 571/571/571 559/559/559 562/562/562
f 611/611/611 572/572/572 621/621/621
f 572/572/572 611/611/611 610/610/610
f 561/561/561 562/562/562 559/559/559
f 559/559/559 566/566/566 565/565/565
f 565/565/565 560/560/560 559/559/559
f 559/559/559 560/560/560 561/561/561
f 569/569/569 563/563/563 566/566/566
f 565/565/565 566/566/566 563/563/563
f 565/565/565 564/564/564 593/593/593
f 593/593/593 587/587/587 565/565/565
f 565/565/565 587/587/587 589/589/589
f 589/589/589 560/560/560 565/565/565
f 563/563/563 564/564/564 565/565/565
f 561/561/561 560/560/560 589/589/589
f 589/589/589 617/617/617 561/561/561
f 592/592/592 589/589/589 588/588/588
f 589/589/589 592/592/592 591/591/591
f 591/591/591 617/617/617 589/589/589
f 588/588/588 589/589/589 587/587/587
f 587/587/587 593/593/593 577/577/577
f 577/577/577 575/575/575 587/587/587
f 747/747/747 748/748/748 749/749/749
f 368/368/368 369/369/369 370/370/370
f 386/386/386 387/387/387 388/388/388
f 765/765/765 766/766/766 767/767/767
f 251/251/251 273/273/273 274/274/274
f 667/667/667 273/273/273 257/257/257
f 257/257/257 668/668/668 667/667/667
f 669/669/669 668/668/668 257/257/257
f 274/274/274 273/273/273 667/667/667
f 667/667/667 666/666/666 274/274/274
f 669/669/669 665/665/665 667/667/667
f 667/667/667 668/668/668 669/669/669
f 666/666/666 667/667/667 665/665/665
f 652/652/652 665/665/665 669/669/669
f 665/665/665 664/664/664 666/666/666
f 664/664/664 665/665/665 652/652/652
f 652/652/652 663/663/663 664/664/664
f 652/652/652 650/650/650 661/661/661
f 661/661/661 663/663/663 652/652/652
f 660/660/660 661/661/661 650/650/650
f 235/235/235 245/245/245 244/244/244
f 419/419/419 420/420/420 421/421/421
f 798/798/798 799/799/799 800/800/800
f 286/286/286 292/292/292 301/301/301
f 301/301/301 287/287/287 286/286/286
f 286/286/286 282/282/282 285/285/285
f 285/285/285 288/288/288 286/286/286
f 282/282/282 286/286/286 287/287/287
f 288/288/288 285/285/285 293/293/293
f 293/293/293 294/294/294 288/288/288
f 293/293/293 285/285/285 284/284/284
f 281/281/281 284/284/284 285/285/285
f 285/285/285 282/282/282 281/281/281
f 293/293/293 295/295/295 693/693/693
f 284/284/284 295/295/295 293/293/293
f 295/295/295 284/284/284 283/283/283
f 283/283/283 284/284/284 281/281/281
f 281/281/281 280/280/280 283/283/283
f 279/279/279 277/277/277 281/281/281
f 281/281/281 282/282/282 279/279/279
f 281/281/281 277/277/277 278/278/278
f 278/278/278 280/280/280 281/281/281
f 287/287/287 279/279/279 282/282/282
f 279/279/279 287/287/287 269/269/269
f 269/269/269 270/270/270 279/279/279
f 279/279/279 270/270/270 272/272/272
f 272/272/272 277/277/277 279/279/279
f 276/276/276 278/278/278 277/277/277
f 277/277/277 272/272/272 276/276/276
f 301/301/301 289/289/289 269/269/269
f 269/269/269 287/287/287 301/301/301
f 269/269/269 289/289/289 290/290/290
f 283/283/283 296/296/296 295/295/295
f 296/296/296 297/297/297 295/295/295
f 694/694/694 693/693/693 295/295/295
f 295/295/295 699/699/699 694/694/694
f 699/699/699 295/295/295 297/297/297
f 694/694/694 691/691/691 690/690/690
f 690/690/690 693/693/693 694/694/694
f 690/690/690 691/691/691 688/688/688
f 688/688/688 687/687/687 690/690/690
f 383/383/383 384/384/384 385/385/385
f 762/762/762 763/763/763 764/764/764
f 422/422/422 423/423/423 424/424/424
f 801/801/801 802/802/802 803/803/803
f 416/416/416 417/417/417 418/418/418
f 795/795/795 796/796/796 797/797/797
